step,equity,peak,drawdown,uncertainty_score,odds,regime_label,drawdown_pct
0,-1.0,-1.0,0.0,0.304019,21.3,DEEP_LONGSHOT,-0.0
1,-2.0,-1.0,-1.0,0.529126,5.3,BALANCED,1.0
2,-3.0,-1.0,-2.0,0.321297,17.7,LONGSHOT,2.0
3,0.5,0.5,0.0,0.564354,4.5,BALANCED,0.0
4,-0.5,0.5,-1.0,0.320401,19.6,LONGSHOT,-2.0
5,-1.5,0.5,-2.0,0.338358,15.8,LONGSHOT,-4.0
6,-2.5,0.5,-3.0,0.217386,47.4,DEEP_LONGSHOT,-6.0
7,2.2,2.2,0.0,0.537389,5.7,BALANCED,0.0
8,1.2000000000000002,2.2,-1.0,0.330811,22.0,DEEP_LONGSHOT,-0.45454545454545453
9,0.20000000000000018,2.2,-2.0,0.241756,41.0,DEEP_LONGSHOT,-0.9090909090909091
10,-0.7999999999999998,2.2,-3.0,0.421408,12.6,LONGSHOT,-1.3636363636363635
11,-1.7999999999999998,2.2,-4.0,0.567464,5.4,BALANCED,-1.8181818181818181
12,-2.8,2.2,-5.0,0.324323,16.5,LONGSHOT,-2.2727272727272725
13,-3.8,2.2,-6.0,0.445837,8.4,LONGSHOT,-2.727272727272727
14,-4.8,2.2,-7.0,0.259797,44.9,DEEP_LONGSHOT,-3.1818181818181817
15,-5.8,2.2,-8.0,0.479471,7.7,BALANCED,-3.6363636363636362
16,-6.8,2.2,-9.0,0.409826,10.2,LONGSHOT,-4.090909090909091
17,-3.8,2.2,-6.0,0.582002,4.0,LOW_ODDS,-2.727272727272727
18,-4.8,2.2,-7.0,0.262624,29.5,DEEP_LONGSHOT,-3.1818181818181817
19,-5.8,2.2,-8.0,0.551699,4.8,BALANCED,-3.6363636363636362
20,-1.2999999999999998,2.2,-3.5,0.531035,5.5,BALANCED,-1.5909090909090908
21,-2.3,2.2,-4.5,0.228634,48.4,DEEP_LONGSHOT,-2.0454545454545454
22,-3.3,2.2,-5.5,0.254058,32.0,DEEP_LONGSHOT,-2.5
23,-4.3,2.2,-6.5,0.277195,27.5,DEEP_LONGSHOT,-2.954545454545454
24,-5.3,2.2,-7.5,0.225187,44.0,DEEP_LONGSHOT,-3.4090909090909087
25,-6.3,2.2,-8.5,0.513395,5.9,BALANCED,-3.8636363636363633
26,-7.3,2.2,-9.5,0.326618,21.3,DEEP_LONGSHOT,-4.3181818181818175
27,-2.0999999999999996,2.2,-4.3,0.505995,6.2,BALANCED,-1.9545454545454544
28,-3.0999999999999996,2.2,-5.3,0.587361,3.9,LOW_ODDS,-2.4090909090909087
29,6.6,6.6,0.0,0.442991,10.7,LONGSHOT,0.0
30,5.6,6.6,-1.0,0.378854,18.3,LONGSHOT,-0.15151515151515152
31,4.6,6.6,-2.0,0.368404,20.4,DEEP_LONGSHOT,-0.30303030303030304
32,3.5999999999999996,6.6,-3.0,0.196561,68.6,DEEP_LONGSHOT,-0.4545454545454546
33,7.199999999999999,7.199999999999999,0.0,0.570426,4.6,BALANCED,0.0
34,6.199999999999999,7.199999999999999,-1.0,0.576536,4.7,BALANCED,-0.1388888888888889
35,5.199999999999999,7.199999999999999,-2.0,0.40317,10.2,LONGSHOT,-0.2777777777777778
36,12.5,12.5,0.0,0.43951,8.3,LONGSHOT,0.0
37,11.5,12.5,-1.0,0.22961,51.6,DEEP_LONGSHOT,-0.08
38,10.5,12.5,-2.0,0.448069,8.2,LONGSHOT,-0.16
39,16.0,16.0,0.0,0.509864,6.5,BALANCED,0.0
40,15.0,16.0,-1.0,0.441436,9.1,LONGSHOT,-0.0625
41,14.0,16.0,-2.0,0.515135,6.2,BALANCED,-0.125
42,13.0,16.0,-3.0,0.245687,36.7,DEEP_LONGSHOT,-0.1875
43,12.0,16.0,-4.0,0.509329,7.1,BALANCED,-0.25
44,11.0,16.0,-5.0,0.289911,22.6,DEEP_LONGSHOT,-0.3125
45,10.0,16.0,-6.0,0.263704,56.9,DEEP_LONGSHOT,-0.375
46,9.0,16.0,-7.0,0.243844,44.9,DEEP_LONGSHOT,-0.4375
47,8.0,16.0,-8.0,0.383437,11.9,LONGSHOT,-0.5
48,7.0,16.0,-9.0,0.377661,13.1,LONGSHOT,-0.5625
49,6.0,16.0,-10.0,0.36948,12.6,LONGSHOT,-0.625
50,5.0,16.0,-11.0,0.21559,56.3,DEEP_LONGSHOT,-0.6875
51,4.0,16.0,-12.0,0.332887,16.2,LONGSHOT,-0.75
52,3.0,16.0,-13.0,0.462731,7.5,BALANCED,-0.8125
53,2.0,16.0,-14.0,0.20933,57.2,DEEP_LONGSHOT,-0.875
54,1.0,16.0,-15.0,0.44501,8.7,LONGSHOT,-0.9375
55,0.0,16.0,-16.0,0.215075,53.1,DEEP_LONGSHOT,-1.0
56,-1.0,16.0,-17.0,0.345894,17.9,LONGSHOT,-1.0625
57,-2.0,16.0,-18.0,0.24129,41.0,DEEP_LONGSHOT,-1.125
58,-3.0,16.0,-19.0,0.21559,84.6,DEEP_LONGSHOT,-1.1875
59,-4.0,16.0,-20.0,0.348038,15.0,LONGSHOT,-1.25
60,-5.0,16.0,-21.0,0.377062,13.4,LONGSHOT,-1.3125
61,-6.0,16.0,-22.0,0.378109,22.1,DEEP_LONGSHOT,-1.375
62,-7.0,16.0,-23.0,0.204255,78.4,DEEP_LONGSHOT,-1.4375
63,-8.0,16.0,-24.0,0.201264,67.5,DEEP_LONGSHOT,-1.5
64,-9.0,16.0,-25.0,0.34672,21.4,DEEP_LONGSHOT,-1.5625
65,-10.0,16.0,-26.0,0.258043,29.2,DEEP_LONGSHOT,-1.625
66,-11.0,16.0,-27.0,0.263488,37.7,DEEP_LONGSHOT,-1.6875
67,-12.0,16.0,-28.0,0.353416,20.1,DEEP_LONGSHOT,-1.75
68,-13.0,16.0,-29.0,0.396361,10.9,LONGSHOT,-1.8125
69,-14.0,16.0,-30.0,0.456243,8.4,LONGSHOT,-1.875
70,-15.0,16.0,-31.0,0.335121,23.6,DEEP_LONGSHOT,-1.9375
71,-16.0,16.0,-32.0,0.25914,40.0,DEEP_LONGSHOT,-2.0
72,-17.0,16.0,-33.0,0.316793,32.1,DEEP_LONGSHOT,-2.0625
73,-18.0,16.0,-34.0,0.313327,18.4,LONGSHOT,-2.125
74,-19.0,16.0,-35.0,0.452361,8.8,LONGSHOT,-2.1875
75,-20.0,16.0,-36.0,0.515827,6.1,BALANCED,-2.25
76,-21.0,16.0,-37.0,0.467758,7.2,BALANCED,-2.3125
77,-22.0,16.0,-38.0,0.388095,16.7,LONGSHOT,-2.375
78,-23.0,16.0,-39.0,0.565645,4.6,BALANCED,-2.4375
79,-15.7,16.0,-31.7,0.489633,8.3,LONGSHOT,-1.98125
80,-16.7,16.0,-32.7,0.441316,9.6,LONGSHOT,-2.04375
81,-17.7,16.0,-33.7,0.300599,23.1,DEEP_LONGSHOT,-2.10625
82,-18.7,16.0,-34.7,0.286931,27.8,DEEP_LONGSHOT,-2.16875
83,-19.7,16.0,-35.7,0.405496,14.6,LONGSHOT,-2.23125
84,-20.7,16.0,-36.7,0.488252,6.7,BALANCED,-2.29375
85,-21.7,16.0,-37.7,0.421279,10.8,LONGSHOT,-2.35625
86,-22.7,16.0,-38.7,0.429419,11.5,LONGSHOT,-2.41875
87,-23.7,16.0,-39.7,0.42854,10.4,LONGSHOT,-2.48125
88,-24.7,16.0,-40.7,0.297335,20.4,DEEP_LONGSHOT,-2.54375
89,-25.7,16.0,-41.7,0.393678,11.3,LONGSHOT,-2.60625
90,-26.7,16.0,-42.7,0.427533,9.9,LONGSHOT,-2.66875
91,-27.7,16.0,-43.7,0.249564,33.3,DEEP_LONGSHOT,-2.73125
92,-28.7,16.0,-44.7,0.555822,4.7,BALANCED,-2.79375
93,-29.7,16.0,-45.7,0.241989,36.7,DEEP_LONGSHOT,-2.85625
94,-30.7,16.0,-46.7,0.457486,7.8,BALANCED,-2.91875
95,-31.7,16.0,-47.7,0.322368,19.5,LONGSHOT,-2.98125
96,-32.7,16.0,-48.7,0.241756,42.1,DEEP_LONGSHOT,-3.04375
97,-33.7,16.0,-49.7,0.381523,12.1,LONGSHOT,-3.10625
98,-34.7,16.0,-50.7,0.209858,58.6,DEEP_LONGSHOT,-3.16875
99,-35.7,16.0,-51.7,0.256721,36.7,DEEP_LONGSHOT,-3.23125
100,-36.7,16.0,-52.7,0.311672,19.4,LONGSHOT,-3.29375
101,-37.7,16.0,-53.7,0.385775,12.9,LONGSHOT,-3.35625
102,-38.7,16.0,-54.7,0.258482,31.2,DEEP_LONGSHOT,-3.41875
103,-39.7,16.0,-55.7,0.228634,63.6,DEEP_LONGSHOT,-3.48125
104,-40.7,16.0,-56.7,0.165728,160.5,DEEP_LONGSHOT,-3.54375
105,-41.7,16.0,-57.7,0.333748,27.0,DEEP_LONGSHOT,-3.60625
106,-42.7,16.0,-58.7,0.255614,30.8,DEEP_LONGSHOT,-3.66875
107,-43.7,16.0,-59.7,0.388528,15.3,LONGSHOT,-3.73125
108,-44.7,16.0,-60.7,0.334778,22.6,DEEP_LONGSHOT,-3.79375
109,-45.7,16.0,-61.7,0.28533,41.0,DEEP_LONGSHOT,-3.85625
110,-46.7,16.0,-62.7,0.468729,8.3,LONGSHOT,-3.91875
111,-47.7,16.0,-63.7,0.43017,10.7,LONGSHOT,-3.98125
112,-48.7,16.0,-64.7,0.324854,17.9,LONGSHOT,-4.04375
113,-49.7,16.0,-65.7,0.577625,4.7,BALANCED,-4.10625
114,-50.7,16.0,-66.7,0.408884,12.7,LONGSHOT,-4.16875
115,-51.7,16.0,-67.7,0.312776,41.9,DEEP_LONGSHOT,-4.23125
116,-52.7,16.0,-68.7,0.246833,33.3,DEEP_LONGSHOT,-4.29375
117,-53.7,16.0,-69.7,0.252269,41.5,DEEP_LONGSHOT,-4.35625
118,-54.7,16.0,-70.7,0.364997,12.7,LONGSHOT,-4.41875
119,-55.7,16.0,-71.7,0.472258,9.0,LONGSHOT,-4.48125
120,-56.7,16.0,-72.7,0.268835,41.8,DEEP_LONGSHOT,-4.54375
121,-57.7,16.0,-73.7,0.502511,6.6,BALANCED,-4.60625
122,-58.7,16.0,-74.7,0.285129,40.3,DEEP_LONGSHOT,-4.66875
123,-59.7,16.0,-75.7,0.279658,30.5,DEEP_LONGSHOT,-4.73125
124,-60.7,16.0,-76.7,0.523928,5.7,BALANCED,-4.79375
125,-61.7,16.0,-77.7,0.259578,32.8,DEEP_LONGSHOT,-4.85625
126,-62.7,16.0,-78.7,0.399854,13.8,LONGSHOT,-4.91875
127,-63.7,16.0,-79.7,0.31643,20.9,DEEP_LONGSHOT,-4.98125
128,-56.0,16.0,-72.0,0.453509,8.7,LONGSHOT,-4.5
129,-57.0,16.0,-73.0,0.355831,18.0,LONGSHOT,-4.5625
130,-58.0,16.0,-74.0,0.261322,35.9,DEEP_LONGSHOT,-4.625
131,-59.0,16.0,-75.0,0.369327,23.7,DEEP_LONGSHOT,-4.6875
132,-60.0,16.0,-76.0,0.259359,34.3,DEEP_LONGSHOT,-4.75
133,-61.0,16.0,-77.0,0.574878,4.2,BALANCED,-4.8125
134,-62.0,16.0,-78.0,0.328547,16.5,LONGSHOT,-4.875
135,-63.0,16.0,-79.0,0.376312,15.5,LONGSHOT,-4.9375
136,-64.0,16.0,-80.0,0.350983,21.2,DEEP_LONGSHOT,-5.0
137,-65.0,16.0,-81.0,0.227408,42.9,DEEP_LONGSHOT,-5.0625
138,-66.0,16.0,-82.0,0.317156,18.3,LONGSHOT,-5.125
139,-67.0,16.0,-83.0,0.277813,29.1,DEEP_LONGSHOT,-5.1875
140,-68.0,16.0,-84.0,0.440475,10.6,LONGSHOT,-5.25
141,-69.0,16.0,-85.0,0.363905,13.2,LONGSHOT,-5.3125
142,-70.0,16.0,-86.0,0.434388,8.5,LONGSHOT,-5.375
143,-71.0,16.0,-87.0,0.265639,28.7,DEEP_LONGSHOT,-5.4375
144,-72.0,16.0,-88.0,0.524751,6.2,BALANCED,-5.5
145,-73.0,16.0,-89.0,0.583478,4.4,BALANCED,-5.5625
146,-74.0,16.0,-90.0,0.22961,40.5,DEEP_LONGSHOT,-5.625
147,-75.0,16.0,-91.0,0.385484,12.9,LONGSHOT,-5.6875
148,-76.0,16.0,-92.0,0.329071,17.6,LONGSHOT,-5.75
149,-77.0,16.0,-93.0,0.315885,18.3,LONGSHOT,-5.8125
150,-78.0,16.0,-94.0,0.439752,8.8,LONGSHOT,-5.875
151,-79.0,16.0,-95.0,0.5787,4.5,BALANCED,-5.9375
152,-24.299999999999997,16.0,-40.3,0.214558,55.7,DEEP_LONGSHOT,-2.51875
153,-25.299999999999997,16.0,-41.3,0.493532,10.3,LONGSHOT,-2.58125
154,-19.4,16.0,-35.4,0.52768,6.9,BALANCED,-2.2125
155,-20.4,16.0,-36.4,0.39902,14.0,LONGSHOT,-2.275
156,-21.4,16.0,-37.4,0.506901,7.3,BALANCED,-2.3375
157,-22.4,16.0,-38.4,0.319863,18.3,LONGSHOT,-2.4
158,-23.4,16.0,-39.4,0.448887,11.4,LONGSHOT,-2.4625
159,-24.4,16.0,-40.4,0.436229,12.3,LONGSHOT,-2.525
160,-25.4,16.0,-41.4,0.24979,35.4,DEEP_LONGSHOT,-2.5875
161,-26.4,16.0,-42.4,0.471301,7.6,BALANCED,-2.65
162,-27.4,16.0,-43.4,0.519923,6.7,BALANCED,-2.7125
163,-28.4,16.0,-44.4,0.461735,10.2,LONGSHOT,-2.775
164,-29.4,16.0,-45.4,0.268835,27.9,DEEP_LONGSHOT,-2.8375
165,-30.4,16.0,-46.4,0.487459,7.3,BALANCED,-2.9
166,-31.4,16.0,-47.4,0.385629,17.5,LONGSHOT,-2.9625
167,-32.4,16.0,-48.4,0.335805,24.6,DEEP_LONGSHOT,-3.025
168,-33.4,16.0,-49.4,0.26154,28.9,DEEP_LONGSHOT,-3.0875
169,-34.4,16.0,-50.4,0.373749,20.5,DEEP_LONGSHOT,-3.15
170,-28.7,16.0,-44.7,0.504169,6.7,BALANCED,-2.79375
171,-29.7,16.0,-45.7,0.511461,7.8,BALANCED,-2.85625
172,-30.7,16.0,-46.7,0.337849,19.9,LONGSHOT,-2.91875
173,-31.7,16.0,-47.7,0.377212,14.6,LONGSHOT,-2.98125
174,-12.7,16.0,-28.7,0.38108,20.0,LONGSHOT,-1.79375
175,-13.7,16.0,-29.7,0.444536,9.5,LONGSHOT,-1.85625
176,-14.7,16.0,-30.7,0.337339,18.1,LONGSHOT,-1.91875
177,-15.7,16.0,-31.7,0.525243,7.7,BALANCED,-1.98125
178,-16.7,16.0,-32.7,0.38108,17.1,LONGSHOT,-2.04375
179,-17.7,16.0,-33.7,0.268198,29.3,DEEP_LONGSHOT,-2.10625
180,-18.7,16.0,-34.7,0.444536,11.5,LONGSHOT,-2.16875
181,-19.7,16.0,-35.7,0.251595,43.2,DEEP_LONGSHOT,-2.23125
182,-20.7,16.0,-36.7,0.434265,9.4,LONGSHOT,-2.29375
183,-7.6,16.0,-23.6,0.389824,14.1,LONGSHOT,-1.475
184,-8.6,16.0,-24.6,0.529366,6.2,BALANCED,-1.5375
185,-4.8999999999999995,16.0,-20.9,0.553946,4.7,BALANCED,-1.30625
186,-5.8999999999999995,16.0,-21.9,0.279249,23.8,DEEP_LONGSHOT,-1.36875
187,-6.8999999999999995,16.0,-22.9,0.531508,6.6,BALANCED,-1.43125
188,-7.8999999999999995,16.0,-23.9,0.319863,17.0,LONGSHOT,-1.49375
189,0.9000000000000012,16.0,-15.099999999999998,0.410764,9.8,LONGSHOT,-0.9437499999999999
190,-0.09999999999999876,16.0,-16.099999999999998,0.22593,42.2,DEEP_LONGSHOT,-1.0062499999999999
191,-1.0999999999999988,16.0,-17.099999999999998,0.45167,13.0,LONGSHOT,-1.0687499999999999
192,-2.0999999999999988,16.0,-18.099999999999998,0.217642,46.7,DEEP_LONGSHOT,-1.1312499999999999
193,-3.0999999999999988,16.0,-19.099999999999998,0.297335,31.6,DEEP_LONGSHOT,-1.1937499999999999
194,-4.099999999999999,16.0,-20.099999999999998,0.190029,75.0,DEEP_LONGSHOT,-1.2562499999999999
195,-5.099999999999999,16.0,-21.099999999999998,0.445955,8.0,BALANCED,-1.3187499999999999
196,-6.099999999999999,16.0,-22.099999999999998,0.375862,14.4,LONGSHOT,-1.3812499999999999
197,-7.099999999999999,16.0,-23.099999999999998,0.211959,55.3,DEEP_LONGSHOT,-1.4437499999999999
198,-8.099999999999998,16.0,-24.099999999999998,0.213522,50.4,DEEP_LONGSHOT,-1.5062499999999999
199,-9.099999999999998,16.0,-25.099999999999998,0.394811,12.2,LONGSHOT,-1.5687499999999999
200,-3.4999999999999982,16.0,-19.5,0.524504,6.6,BALANCED,-1.21875
201,-4.499999999999998,16.0,-20.5,0.242454,35.3,DEEP_LONGSHOT,-1.28125
202,-5.499999999999998,16.0,-21.5,0.575766,5.1,BALANCED,-1.34375
203,-6.499999999999998,16.0,-22.5,0.312592,33.2,DEEP_LONGSHOT,-1.40625
204,-7.499999999999998,16.0,-23.5,0.560837,5.2,BALANCED,-1.46875
205,-8.499999999999998,16.0,-24.5,0.374807,12.7,LONGSHOT,-1.53125
206,-9.499999999999998,16.0,-25.5,0.244537,38.8,DEEP_LONGSHOT,-1.59375
207,-10.499999999999998,16.0,-26.5,0.268835,27.5,DEEP_LONGSHOT,-1.65625
208,-11.499999999999998,16.0,-27.5,0.307588,31.2,DEEP_LONGSHOT,-1.71875
209,-12.499999999999998,16.0,-28.5,0.354546,20.6,DEEP_LONGSHOT,-1.78125
210,-13.499999999999998,16.0,-29.5,0.378854,13.4,LONGSHOT,-1.84375
211,-14.499999999999998,16.0,-30.5,0.317156,17.5,LONGSHOT,-1.90625
212,-15.499999999999998,16.0,-31.5,0.417119,11.8,LONGSHOT,-1.96875
213,-16.5,16.0,-32.5,0.501398,6.7,BALANCED,-2.03125
214,-17.5,16.0,-33.5,0.34738,21.7,DEEP_LONGSHOT,-2.09375
215,-18.5,16.0,-34.5,0.522021,5.6,BALANCED,-2.15625
216,-19.5,16.0,-35.5,0.505995,6.0,BALANCED,-2.21875
217,-20.5,16.0,-36.5,0.416595,14.1,LONGSHOT,-2.28125
218,-21.5,16.0,-37.5,0.317156,33.8,DEEP_LONGSHOT,-2.34375
219,-22.5,16.0,-38.5,0.332024,16.2,LONGSHOT,-2.40625
220,-13.5,16.0,-29.5,0.435003,10.0,LONGSHOT,-1.84375
221,-14.5,16.0,-30.5,0.405087,13.7,LONGSHOT,-1.90625
222,-15.5,16.0,-31.5,0.319143,24.2,DEEP_LONGSHOT,-1.96875
223,-16.5,16.0,-32.5,0.257823,40.2,DEEP_LONGSHOT,-2.03125
224,-17.5,16.0,-33.5,0.46262,8.1,LONGSHOT,-2.09375
225,-18.5,16.0,-34.5,0.384608,15.2,LONGSHOT,-2.15625
226,-19.5,16.0,-35.5,0.534089,6.2,BALANCED,-2.21875
227,-20.5,16.0,-36.5,0.322902,19.3,LONGSHOT,-2.28125
228,-21.5,16.0,-37.5,0.29772,22.0,DEEP_LONGSHOT,-2.34375
229,-22.5,16.0,-38.5,0.369787,13.8,LONGSHOT,-2.40625
230,-23.5,16.0,-39.5,0.393394,12.8,LONGSHOT,-2.46875
231,-24.5,16.0,-40.5,0.225435,45.1,DEEP_LONGSHOT,-2.53125
232,-3.5,16.0,-19.5,0.291685,22.0,DEEP_LONGSHOT,-1.21875
233,-4.5,16.0,-20.5,0.292275,25.5,DEEP_LONGSHOT,-1.28125
234,-5.5,16.0,-21.5,0.385775,16.7,LONGSHOT,-1.34375
235,-6.5,16.0,-22.5,0.344567,15.4,LONGSHOT,-1.40625
236,0.5999999999999996,16.0,-15.4,0.486463,8.1,LONGSHOT,-0.9625
237,5.0,16.0,-11.0,0.547727,5.4,BALANCED,-0.6875
238,8.8,16.0,-7.199999999999999,0.570133,4.8,BALANCED,-0.44999999999999996
239,7.800000000000001,16.0,-8.2,0.259359,32.3,DEEP_LONGSHOT,-0.5125
240,6.800000000000001,16.0,-9.2,0.449818,8.5,LONGSHOT,-0.575
241,5.800000000000001,16.0,-10.2,0.555888,4.7,BALANCED,-0.6375
242,4.800000000000001,16.0,-11.2,0.259359,73.9,DEEP_LONGSHOT,-0.7
243,3.8000000000000007,16.0,-12.2,0.38592,14.9,LONGSHOT,-0.7625
244,2.8000000000000007,16.0,-13.2,0.552589,4.8,BALANCED,-0.825
245,1.8000000000000007,16.0,-14.2,0.46765,7.4,BALANCED,-0.8875
246,0.8000000000000007,16.0,-15.2,0.391686,16.5,LONGSHOT,-0.95
247,-0.1999999999999993,16.0,-16.2,0.492855,6.7,BALANCED,-1.0125
248,-1.1999999999999993,16.0,-17.2,0.355028,15.5,LONGSHOT,-1.075
249,-2.1999999999999993,16.0,-18.2,0.557669,5.4,BALANCED,-1.1375
250,-3.1999999999999993,16.0,-19.2,0.520933,6.2,BALANCED,-1.2
251,0.9000000000000004,16.0,-15.1,0.548362,5.1,BALANCED,-0.94375
252,-0.09999999999999964,16.0,-16.1,0.275334,27.3,DEEP_LONGSHOT,-1.00625
253,-1.0999999999999996,16.0,-17.1,0.236346,45.8,DEEP_LONGSHOT,-1.06875
254,-2.0999999999999996,16.0,-18.1,0.442872,9.5,LONGSHOT,-1.13125
255,-3.0999999999999996,16.0,-19.1,0.355028,26.6,DEEP_LONGSHOT,-1.19375
256,-4.1,16.0,-20.1,0.565278,5.4,BALANCED,-1.25625
257,-5.1,16.0,-21.1,0.521854,7.5,BALANCED,-1.31875
258,-6.1,16.0,-22.1,0.56491,4.4,BALANCED,-1.38125
259,-7.1,16.0,-23.1,0.561916,5.9,BALANCED,-1.44375
260,-8.1,16.0,-24.1,0.516,6.0,BALANCED,-1.50625
261,-9.1,16.0,-25.1,0.368866,13.2,LONGSHOT,-1.56875
262,-10.1,16.0,-26.1,0.528485,7.1,BALANCED,-1.63125
263,-11.1,16.0,-27.1,0.398741,13.5,LONGSHOT,-1.69375
264,-12.1,16.0,-28.1,0.453738,9.5,LONGSHOT,-1.75625
265,-9.0,16.0,-25.0,0.578325,4.1,BALANCED,-1.5625
266,-3.4000000000000004,16.0,-19.4,0.490223,6.6,BALANCED,-1.2125
267,-4.4,16.0,-20.4,0.567102,5.2,BALANCED,-1.275
268,-5.4,16.0,-21.4,0.362809,13.2,LONGSHOT,-1.3375
269,-6.4,16.0,-22.4,0.285931,22.4,DEEP_LONGSHOT,-1.4
270,-7.4,16.0,-23.4,0.319683,24.8,DEEP_LONGSHOT,-1.4625
271,-8.4,16.0,-24.4,0.377062,13.4,LONGSHOT,-1.525
272,-9.4,16.0,-25.4,0.267773,41.8,DEEP_LONGSHOT,-1.5875
273,-10.4,16.0,-26.4,0.424742,12.0,LONGSHOT,-1.65
274,-11.4,16.0,-27.4,0.289911,21.8,DEEP_LONGSHOT,-1.7125
275,-12.4,16.0,-28.4,0.421795,9.9,LONGSHOT,-1.775
276,4.999999999999998,16.0,-11.000000000000002,0.35759,18.4,LONGSHOT,-0.6875000000000001
277,10.2,16.0,-5.800000000000001,0.508164,6.2,BALANCED,-0.36250000000000004
278,14.299999999999999,16.0,-1.700000000000001,0.540843,5.1,BALANCED,-0.10625000000000007
279,13.299999999999999,16.0,-2.700000000000001,0.346885,15.3,LONGSHOT,-0.16875000000000007
280,12.299999999999999,16.0,-3.700000000000001,0.502603,9.1,LONGSHOT,-0.23125000000000007
281,11.299999999999999,16.0,-4.700000000000001,0.445955,15.5,LONGSHOT,-0.29375000000000007
282,10.299999999999999,16.0,-5.700000000000001,0.279863,41.8,DEEP_LONGSHOT,-0.35625000000000007
283,9.299999999999999,16.0,-6.700000000000001,0.304962,24.8,DEEP_LONGSHOT,-0.41875000000000007
284,8.299999999999999,16.0,-7.700000000000001,0.576152,4.2,BALANCED,-0.48125000000000007
285,7.299999999999999,16.0,-8.700000000000001,0.346225,14.2,LONGSHOT,-0.5437500000000001
286,6.299999999999999,16.0,-9.700000000000001,0.553608,5.7,BALANCED,-0.6062500000000001
287,5.299999999999999,16.0,-10.700000000000001,0.45328,13.6,LONGSHOT,-0.6687500000000001
288,4.299999999999999,16.0,-11.700000000000001,0.316612,36.5,DEEP_LONGSHOT,-0.7312500000000001
289,3.299999999999999,16.0,-12.700000000000001,0.334264,30.4,DEEP_LONGSHOT,-0.7937500000000001
290,2.299999999999999,16.0,-13.700000000000001,0.511549,6.5,BALANCED,-0.8562500000000001
291,1.299999999999999,16.0,-14.700000000000001,0.377661,19.9,LONGSHOT,-0.9187500000000001
292,0.29999999999999893,16.0,-15.700000000000001,0.528083,5.4,BALANCED,-0.9812500000000001
293,-0.7000000000000011,16.0,-16.700000000000003,0.391257,17.3,LONGSHOT,-1.0437500000000002
294,-1.700000000000001,16.0,-17.700000000000003,0.411967,16.7,LONGSHOT,-1.1062500000000002
295,-2.700000000000001,16.0,-18.700000000000003,0.279044,23.6,DEEP_LONGSHOT,-1.1687500000000002
296,-3.700000000000001,16.0,-19.700000000000003,0.268623,31.8,DEEP_LONGSHOT,-1.2312500000000002
297,-4.700000000000001,16.0,-20.700000000000003,0.518568,5.9,BALANCED,-1.2937500000000002
298,-5.700000000000001,16.0,-21.700000000000003,0.446779,8.1,LONGSHOT,-1.3562500000000002
299,-6.700000000000001,16.0,-22.700000000000003,0.420245,9.7,LONGSHOT,-1.4187500000000002
300,-7.700000000000001,16.0,-23.700000000000003,0.247062,35.8,DEEP_LONGSHOT,-1.4812500000000002
301,-8.700000000000001,16.0,-24.700000000000003,0.341394,15.2,LONGSHOT,-1.5437500000000002
302,-9.700000000000001,16.0,-25.700000000000003,0.334092,22.4,DEEP_LONGSHOT,-1.6062500000000002
303,-10.700000000000001,16.0,-26.700000000000003,0.238476,41.2,DEEP_LONGSHOT,-1.6687500000000002
304,-11.700000000000001,16.0,-27.700000000000003,0.496885,6.4,BALANCED,-1.7312500000000002
305,-12.700000000000001,16.0,-28.700000000000003,0.482741,7.0,BALANCED,-1.7937500000000002
306,-13.700000000000001,16.0,-29.700000000000003,0.495837,7.3,BALANCED,-1.8562500000000002
307,-14.700000000000001,16.0,-30.700000000000003,0.384023,11.5,LONGSHOT,-1.9187500000000002
308,-15.700000000000001,16.0,-31.700000000000003,0.429545,11.1,LONGSHOT,-1.9812500000000002
309,-16.700000000000003,16.0,-32.7,0.575489,4.5,BALANCED,-2.04375
310,-17.700000000000003,16.0,-33.7,0.397623,11.9,LONGSHOT,-2.10625
311,-18.700000000000003,16.0,-34.7,0.219676,46.1,DEEP_LONGSHOT,-2.16875
312,-19.700000000000003,16.0,-35.7,0.55293,6.5,BALANCED,-2.23125
313,-15.300000000000002,16.0,-31.300000000000004,0.547656,5.4,BALANCED,-1.9562500000000003
314,-16.300000000000004,16.0,-32.300000000000004,0.283922,25.3,DEEP_LONGSHOT,-2.0187500000000003
315,-17.300000000000004,16.0,-33.300000000000004,0.429043,11.2,LONGSHOT,-2.0812500000000003
316,-18.300000000000004,16.0,-34.300000000000004,0.39382,12.5,LONGSHOT,-2.1437500000000003
317,-19.300000000000004,16.0,-35.300000000000004,0.503065,15.2,LONGSHOT,-2.2062500000000003
318,-20.300000000000004,16.0,-36.300000000000004,0.566316,4.5,BALANCED,-2.2687500000000003
319,-21.300000000000004,16.0,-37.300000000000004,0.443586,15.0,LONGSHOT,-2.3312500000000003
320,-22.300000000000004,16.0,-38.300000000000004,0.275541,24.5,DEEP_LONGSHOT,-2.3937500000000003
321,-23.300000000000004,16.0,-39.300000000000004,0.368404,13.4,LONGSHOT,-2.4562500000000003
322,-24.300000000000004,16.0,-40.300000000000004,0.394245,12.3,LONGSHOT,-2.5187500000000003
323,-25.300000000000004,16.0,-41.300000000000004,0.331331,20.3,DEEP_LONGSHOT,-2.5812500000000003
324,-20.300000000000004,16.0,-36.300000000000004,0.535094,6.0,BALANCED,-2.2687500000000003
325,-13.700000000000005,16.0,-29.700000000000003,0.466348,7.6,BALANCED,-1.8562500000000002
326,-14.700000000000005,16.0,-30.700000000000003,0.318241,17.8,LONGSHOT,-1.9187500000000002
327,-15.700000000000005,16.0,-31.700000000000003,0.322902,25.9,DEEP_LONGSHOT,-1.9812500000000002
328,-16.700000000000003,16.0,-32.7,0.374203,26.4,DEEP_LONGSHOT,-2.04375
329,-17.700000000000003,16.0,-33.7,0.446779,21.3,DEEP_LONGSHOT,-2.10625
330,-18.700000000000003,16.0,-34.7,0.279658,23.5,DEEP_LONGSHOT,-2.16875
331,-19.700000000000003,16.0,-35.7,0.203443,65.3,DEEP_LONGSHOT,-2.23125
332,-20.700000000000003,16.0,-36.7,0.521854,5.5,BALANCED,-2.29375
333,-21.700000000000003,16.0,-37.7,0.435862,9.8,LONGSHOT,-2.35625
334,-22.700000000000003,16.0,-38.7,0.207473,55.4,DEEP_LONGSHOT,-2.41875
335,-23.700000000000003,16.0,-39.7,0.278224,28.2,DEEP_LONGSHOT,-2.48125
336,-24.700000000000003,16.0,-40.7,0.513831,5.8,BALANCED,-2.54375
337,-25.700000000000003,16.0,-41.7,0.401793,15.7,LONGSHOT,-2.60625
338,-26.700000000000003,16.0,-42.7,0.257383,53.7,DEEP_LONGSHOT,-2.66875
339,-27.700000000000003,16.0,-43.7,0.507984,8.0,BALANCED,-2.73125
340,-28.700000000000003,16.0,-44.7,0.543782,4.9,BALANCED,-2.79375
341,-29.700000000000003,16.0,-45.7,0.461735,7.5,BALANCED,-2.85625
342,-30.700000000000003,16.0,-46.7,0.295398,23.2,DEEP_LONGSHOT,-2.91875
343,-31.700000000000003,16.0,-47.7,0.17875,116.3,DEEP_LONGSHOT,-2.98125
344,-32.7,16.0,-48.7,0.228144,104.9,DEEP_LONGSHOT,-3.04375
345,-33.7,16.0,-49.7,0.353739,20.2,DEEP_LONGSHOT,-3.10625
346,-34.7,16.0,-50.7,0.365152,24.8,DEEP_LONGSHOT,-3.16875
347,-35.7,16.0,-51.7,0.332369,16.5,LONGSHOT,-3.23125
348,-36.7,16.0,-52.7,0.413297,15.4,LONGSHOT,-3.29375
349,-37.7,16.0,-53.7,0.312224,20.8,DEEP_LONGSHOT,-3.35625
350,-38.7,16.0,-54.7,0.311118,31.4,DEEP_LONGSHOT,-3.41875
351,-39.7,16.0,-55.7,0.407398,10.5,LONGSHOT,-3.48125
352,-40.7,16.0,-56.7,0.57971,4.1,BALANCED,-3.54375
353,-41.7,16.0,-57.7,0.225682,53.1,DEEP_LONGSHOT,-3.60625
354,-42.7,16.0,-58.7,0.288921,33.9,DEEP_LONGSHOT,-3.66875
355,-43.7,16.0,-59.7,0.389105,15.0,LONGSHOT,-3.73125
356,-44.7,16.0,-60.7,0.448536,11.5,LONGSHOT,-3.79375
357,-45.7,16.0,-61.7,0.266921,33.2,DEEP_LONGSHOT,-3.85625
358,-41.800000000000004,16.0,-57.800000000000004,0.555822,4.9,BALANCED,-3.6125000000000003
359,-42.800000000000004,16.0,-58.800000000000004,0.32219,17.1,LONGSHOT,-3.6750000000000003
360,-43.800000000000004,16.0,-59.800000000000004,0.294425,26.1,DEEP_LONGSHOT,-3.7375000000000003
361,-44.800000000000004,16.0,-60.800000000000004,0.377362,12.9,LONGSHOT,-3.8000000000000003
362,-45.800000000000004,16.0,-61.800000000000004,0.376462,22.7,DEEP_LONGSHOT,-3.8625000000000003
363,-46.800000000000004,16.0,-62.800000000000004,0.376762,26.0,DEEP_LONGSHOT,-3.9250000000000003
364,-47.800000000000004,16.0,-63.800000000000004,0.423848,13.7,LONGSHOT,-3.9875000000000003
365,-48.800000000000004,16.0,-64.80000000000001,0.318422,24.4,DEEP_LONGSHOT,-4.050000000000001
366,-49.800000000000004,16.0,-65.80000000000001,0.453394,8.6,LONGSHOT,-4.112500000000001
367,-50.800000000000004,16.0,-66.80000000000001,0.249564,51.4,DEEP_LONGSHOT,-4.175000000000001
368,-51.800000000000004,16.0,-67.80000000000001,0.282507,39.2,DEEP_LONGSHOT,-4.237500000000001
369,-52.800000000000004,16.0,-68.80000000000001,0.382555,11.6,LONGSHOT,-4.300000000000001
370,-53.800000000000004,16.0,-69.80000000000001,0.501862,8.4,LONGSHOT,-4.362500000000001
371,-54.800000000000004,16.0,-70.80000000000001,0.446191,19.0,LONGSHOT,-4.425000000000001
372,-55.800000000000004,16.0,-71.80000000000001,0.450861,8.3,LONGSHOT,-4.487500000000001
373,-56.800000000000004,16.0,-72.80000000000001,0.359498,19.6,LONGSHOT,-4.550000000000001
374,-57.800000000000004,16.0,-73.80000000000001,0.296174,28.6,DEEP_LONGSHOT,-4.612500000000001
375,-58.800000000000004,16.0,-74.80000000000001,0.300408,24.2,DEEP_LONGSHOT,-4.675000000000001
376,-59.800000000000004,16.0,-75.80000000000001,0.45906,7.7,BALANCED,-4.737500000000001
377,-54.50000000000001,16.0,-70.5,0.524504,6.3,BALANCED,-4.40625
378,-55.50000000000001,16.0,-71.5,0.268835,29.6,DEEP_LONGSHOT,-4.46875
379,-56.50000000000001,16.0,-72.5,0.555355,4.6,BALANCED,-4.53125
380,-57.50000000000001,16.0,-73.5,0.242454,62.8,DEEP_LONGSHOT,-4.59375
381,-58.50000000000001,16.0,-74.5,0.488944,7.2,BALANCED,-4.65625
382,-59.50000000000001,16.0,-75.5,0.246146,35.1,DEEP_LONGSHOT,-4.71875
383,-60.50000000000001,16.0,-76.5,0.212741,65.2,DEEP_LONGSHOT,-4.78125
384,-61.50000000000001,16.0,-77.5,0.384023,14.7,LONGSHOT,-4.84375
385,-62.50000000000001,16.0,-78.5,0.41063,11.5,LONGSHOT,-4.90625
386,-63.50000000000001,16.0,-79.5,0.463172,7.6,BALANCED,-4.96875
387,-49.30000000000001,16.0,-65.30000000000001,0.364217,15.2,LONGSHOT,-4.081250000000001
388,-50.30000000000001,16.0,-66.30000000000001,0.289515,30.3,DEEP_LONGSHOT,-4.143750000000001
389,-51.30000000000001,16.0,-67.30000000000001,0.261757,35.7,DEEP_LONGSHOT,-4.206250000000001
390,-52.30000000000001,16.0,-68.30000000000001,0.203443,104.6,DEEP_LONGSHOT,-4.268750000000001
391,-53.30000000000001,16.0,-69.30000000000001,0.224443,54.6,DEEP_LONGSHOT,-4.331250000000001
392,-54.30000000000001,16.0,-70.30000000000001,0.371317,12.1,LONGSHOT,-4.393750000000001
393,-55.30000000000001,16.0,-71.30000000000001,0.267135,36.1,DEEP_LONGSHOT,-4.456250000000001
394,-56.30000000000001,16.0,-72.30000000000001,0.501491,7.4,BALANCED,-4.518750000000001
395,-57.30000000000001,16.0,-73.30000000000001,0.190893,74.8,DEEP_LONGSHOT,-4.581250000000001
396,-58.30000000000001,16.0,-74.30000000000001,0.371622,17.3,LONGSHOT,-4.643750000000001
397,-59.30000000000001,16.0,-75.30000000000001,0.223197,62.1,DEEP_LONGSHOT,-4.706250000000001
398,-60.30000000000001,16.0,-76.30000000000001,0.209858,58.9,DEEP_LONGSHOT,-4.768750000000001
399,-61.30000000000001,16.0,-77.30000000000001,0.447249,12.2,LONGSHOT,-4.831250000000001
400,-62.30000000000001,16.0,-78.30000000000001,0.365308,18.1,LONGSHOT,-4.893750000000001
401,-63.30000000000001,16.0,-79.30000000000001,0.262624,28.6,DEEP_LONGSHOT,-4.956250000000001
402,-64.30000000000001,16.0,-80.30000000000001,0.355671,17.3,LONGSHOT,-5.018750000000001
403,-65.30000000000001,16.0,-81.30000000000001,0.378407,13.5,LONGSHOT,-5.081250000000001
404,-66.30000000000001,16.0,-82.30000000000001,0.227408,43.6,DEEP_LONGSHOT,-5.143750000000001
405,-67.30000000000001,16.0,-83.30000000000001,0.496885,7.0,BALANCED,-5.206250000000001
406,-68.30000000000001,16.0,-84.30000000000001,0.334092,18.5,LONGSHOT,-5.268750000000001
407,-69.30000000000001,16.0,-85.30000000000001,0.518483,5.6,BALANCED,-5.331250000000001
408,-70.30000000000001,16.0,-86.30000000000001,0.359815,14.2,LONGSHOT,-5.393750000000001
409,-71.30000000000001,16.0,-87.30000000000001,0.296561,31.7,DEEP_LONGSHOT,-5.456250000000001
410,-72.30000000000001,16.0,-88.30000000000001,0.444536,8.5,LONGSHOT,-5.518750000000001
411,-73.30000000000001,16.0,-89.30000000000001,0.498778,6.7,BALANCED,-5.581250000000001
412,-74.30000000000001,16.0,-90.30000000000001,0.525243,6.2,BALANCED,-5.643750000000001
413,-75.30000000000001,16.0,-91.30000000000001,0.443943,10.6,LONGSHOT,-5.706250000000001
414,-76.30000000000001,16.0,-92.30000000000001,0.191467,96.4,DEEP_LONGSHOT,-5.768750000000001
415,-77.30000000000001,16.0,-93.30000000000001,0.395234,15.7,LONGSHOT,-5.831250000000001
416,-78.30000000000001,16.0,-94.30000000000001,0.281289,37.9,DEEP_LONGSHOT,-5.893750000000001
417,-75.70000000000002,16.0,-91.70000000000002,0.604373,3.6,LOW_ODDS,-5.731250000000001
418,-76.70000000000002,16.0,-92.70000000000002,0.393394,15.2,LONGSHOT,-5.793750000000001
419,-77.70000000000002,16.0,-93.70000000000002,0.472258,7.0,BALANCED,-5.856250000000001
420,-78.70000000000002,16.0,-94.70000000000002,0.525079,5.5,BALANCED,-5.918750000000001
421,-79.70000000000002,16.0,-95.70000000000002,0.315885,21.6,DEEP_LONGSHOT,-5.981250000000001
422,-80.70000000000002,16.0,-96.70000000000002,0.565523,5.4,BALANCED,-6.043750000000001
423,-81.70000000000002,16.0,-97.70000000000002,0.400687,14.6,LONGSHOT,-6.106250000000001
424,-82.70000000000002,16.0,-98.70000000000002,0.4121,11.8,LONGSHOT,-6.168750000000001
425,-75.20000000000002,16.0,-91.20000000000002,0.461735,8.5,LONGSHOT,-5.700000000000001
426,-76.20000000000002,16.0,-92.20000000000002,0.374807,14.9,LONGSHOT,-5.762500000000001
427,-77.20000000000002,16.0,-93.20000000000002,0.315521,20.6,DEEP_LONGSHOT,-5.825000000000001
428,-78.20000000000002,16.0,-94.20000000000002,0.556154,6.4,BALANCED,-5.887500000000001
429,-74.60000000000002,16.0,-90.60000000000002,0.558258,4.6,BALANCED,-5.662500000000001
430,-75.60000000000002,16.0,-91.60000000000002,0.243613,47.6,DEEP_LONGSHOT,-5.725000000000001
431,-76.60000000000002,16.0,-92.60000000000002,0.225187,59.7,DEEP_LONGSHOT,-5.787500000000001
432,-77.60000000000002,16.0,-93.60000000000002,0.285731,31.1,DEEP_LONGSHOT,-5.850000000000001
433,-78.60000000000002,16.0,-94.60000000000002,0.30515,21.3,DEEP_LONGSHOT,-5.912500000000001
434,-79.60000000000002,16.0,-95.60000000000002,0.526791,5.9,BALANCED,-5.975000000000001
435,-80.60000000000002,16.0,-96.60000000000002,0.461846,7.5,BALANCED,-6.037500000000001
436,-81.60000000000002,16.0,-97.60000000000002,0.555021,5.4,BALANCED,-6.100000000000001
437,-82.60000000000002,16.0,-98.60000000000002,0.373598,14.9,LONGSHOT,-6.162500000000001
438,-83.60000000000002,16.0,-99.60000000000002,0.419986,18.4,LONGSHOT,-6.225000000000001
439,-84.60000000000002,16.0,-100.60000000000002,0.314608,28.6,DEEP_LONGSHOT,-6.287500000000001
440,-85.60000000000002,16.0,-101.60000000000002,0.39902,11.1,LONGSHOT,-6.350000000000001
441,-86.60000000000002,16.0,-102.60000000000002,0.503434,6.4,BALANCED,-6.412500000000001
442,-87.60000000000002,16.0,-103.60000000000002,0.408075,11.3,LONGSHOT,-6.475000000000001
443,-88.60000000000002,16.0,-104.60000000000002,0.291292,25.6,DEEP_LONGSHOT,-6.537500000000001
444,-89.60000000000002,16.0,-105.60000000000002,0.572449,6.3,BALANCED,-6.600000000000001
445,-90.60000000000002,16.0,-106.60000000000002,0.255836,48.7,DEEP_LONGSHOT,-6.662500000000001
446,-91.60000000000002,16.0,-107.60000000000002,0.384169,16.1,LONGSHOT,-6.725000000000001
447,-92.60000000000002,16.0,-108.60000000000002,0.322546,17.9,LONGSHOT,-6.787500000000001
448,-93.60000000000002,16.0,-109.60000000000002,0.302693,30.1,DEEP_LONGSHOT,-6.850000000000001
449,-94.60000000000002,16.0,-110.60000000000002,0.401102,10.4,LONGSHOT,-6.912500000000001
450,-95.60000000000002,16.0,-111.60000000000002,0.424232,14.7,LONGSHOT,-6.975000000000001
451,-96.60000000000002,16.0,-112.60000000000002,0.499623,6.3,BALANCED,-7.037500000000001
452,-97.60000000000002,16.0,-113.60000000000002,0.352445,15.7,LONGSHOT,-7.100000000000001
453,-98.60000000000002,16.0,-114.60000000000002,0.271367,26.1,DEEP_LONGSHOT,-7.162500000000001
454,-99.60000000000002,16.0,-115.60000000000002,0.464272,7.9,BALANCED,-7.225000000000001
455,-76.70000000000002,16.0,-92.70000000000002,0.296755,23.9,DEEP_LONGSHOT,-5.793750000000001
456,-77.70000000000002,16.0,-93.70000000000002,0.214817,50.2,DEEP_LONGSHOT,-5.856250000000001
457,-78.70000000000002,16.0,-94.70000000000002,0.31351,32.7,DEEP_LONGSHOT,-5.918750000000001
458,-79.70000000000002,16.0,-95.70000000000002,0.315338,22.7,DEEP_LONGSHOT,-5.981250000000001
459,-80.70000000000002,16.0,-96.70000000000002,0.396361,11.0,LONGSHOT,-6.043750000000001
460,-81.70000000000002,16.0,-97.70000000000002,0.217642,85.7,DEEP_LONGSHOT,-6.106250000000001
461,-82.70000000000002,16.0,-98.70000000000002,0.216618,67.6,DEEP_LONGSHOT,-6.168750000000001
462,-83.70000000000002,16.0,-99.70000000000002,0.35082,20.6,DEEP_LONGSHOT,-6.231250000000001
463,-84.70000000000002,16.0,-100.70000000000002,0.416201,9.7,LONGSHOT,-6.293750000000001
464,-85.70000000000002,16.0,-101.70000000000002,0.504352,6.2,BALANCED,-6.356250000000001
465,-86.70000000000002,16.0,-102.70000000000002,0.457374,15.4,LONGSHOT,-6.418750000000001
466,-87.70000000000002,16.0,-103.70000000000002,0.265424,30.3,DEEP_LONGSHOT,-6.481250000000001
467,-88.70000000000002,16.0,-104.70000000000002,0.389105,15.0,LONGSHOT,-6.543750000000001
468,-89.70000000000002,16.0,-105.70000000000002,0.396361,20.4,DEEP_LONGSHOT,-6.606250000000001
469,-90.70000000000002,16.0,-106.70000000000002,0.245917,45.5,DEEP_LONGSHOT,-6.668750000000001
470,-91.70000000000002,16.0,-107.70000000000002,0.224939,48.8,DEEP_LONGSHOT,-6.731250000000001
471,-92.70000000000002,16.0,-108.70000000000002,0.497455,7.1,BALANCED,-6.793750000000001
472,-93.70000000000002,16.0,-109.70000000000002,0.243613,38.8,DEEP_LONGSHOT,-6.856250000000001
473,-94.70000000000002,16.0,-110.70000000000002,0.306278,28.2,DEEP_LONGSHOT,-6.918750000000001
474,-95.70000000000002,16.0,-111.70000000000002,0.346059,34.0,DEEP_LONGSHOT,-6.981250000000001
475,-96.70000000000002,16.0,-112.70000000000002,0.323258,17.6,LONGSHOT,-7.043750000000001
476,-97.70000000000002,16.0,-113.70000000000002,0.284526,22.9,DEEP_LONGSHOT,-7.106250000000001
477,-98.70000000000002,16.0,-114.70000000000002,0.381228,16.5,LONGSHOT,-7.168750000000001
478,-99.70000000000002,16.0,-115.70000000000002,0.375862,14.6,LONGSHOT,-7.231250000000001
479,-100.70000000000002,16.0,-116.70000000000002,0.271997,30.0,DEEP_LONGSHOT,-7.293750000000001
480,-101.70000000000002,16.0,-117.70000000000002,0.333576,20.0,LONGSHOT,-7.356250000000001
481,-102.70000000000002,16.0,-118.70000000000002,0.415675,11.2,LONGSHOT,-7.418750000000001
482,-103.70000000000002,16.0,-119.70000000000002,0.267561,31.4,DEEP_LONGSHOT,-7.481250000000001
483,-104.70000000000002,16.0,-120.70000000000002,0.365152,18.8,LONGSHOT,-7.543750000000001
484,-105.70000000000002,16.0,-121.70000000000002,0.360763,13.7,LONGSHOT,-7.606250000000001
485,-106.70000000000002,16.0,-122.70000000000002,0.276162,28.8,DEEP_LONGSHOT,-7.668750000000001
486,-107.70000000000002,16.0,-123.70000000000002,0.390255,13.2,LONGSHOT,-7.731250000000001
487,-108.70000000000002,16.0,-124.70000000000002,0.426774,20.6,DEEP_LONGSHOT,-7.793750000000001
488,-109.70000000000002,16.0,-125.70000000000002,0.365152,16.7,LONGSHOT,-7.856250000000001
489,-110.70000000000002,16.0,-126.70000000000002,0.370553,21.6,DEEP_LONGSHOT,-7.918750000000001
490,-111.70000000000002,16.0,-127.70000000000002,0.443705,8.3,LONGSHOT,-7.981250000000001
491,-112.70000000000002,16.0,-128.70000000000002,0.368712,13.8,LONGSHOT,-8.043750000000001
492,-113.70000000000002,16.0,-129.70000000000002,0.266067,30.1,DEEP_LONGSHOT,-8.106250000000001
493,-114.70000000000002,16.0,-130.70000000000002,0.447366,10.3,LONGSHOT,-8.168750000000001
494,-115.70000000000002,16.0,-131.70000000000002,0.386937,12.1,LONGSHOT,-8.231250000000001
495,-116.70000000000002,16.0,-132.70000000000002,0.443348,11.7,LONGSHOT,-8.293750000000001
496,-117.70000000000002,16.0,-133.70000000000002,0.244075,41.9,DEEP_LONGSHOT,-8.356250000000001
497,-118.70000000000002,16.0,-134.70000000000002,0.521185,5.6,BALANCED,-8.418750000000001
498,-119.70000000000002,16.0,-135.70000000000002,0.235156,40.0,DEEP_LONGSHOT,-8.481250000000001
499,-120.70000000000002,16.0,-136.70000000000002,0.302314,21.3,DEEP_LONGSHOT,-8.543750000000001
500,-121.70000000000002,16.0,-137.70000000000002,0.42231,12.6,LONGSHOT,-8.606250000000001
501,-122.70000000000002,16.0,-138.70000000000002,0.346885,22.6,DEEP_LONGSHOT,-8.668750000000001
502,-123.70000000000002,16.0,-139.70000000000002,0.381671,14.6,LONGSHOT,-8.731250000000001
503,-124.70000000000002,16.0,-140.70000000000002,0.464491,7.4,BALANCED,-8.793750000000001
504,-125.70000000000002,16.0,-141.70000000000002,0.277401,28.1,DEEP_LONGSHOT,-8.856250000000001
505,-126.70000000000002,16.0,-142.70000000000002,0.340553,17.2,LONGSHOT,-8.918750000000001
506,-127.70000000000002,16.0,-143.70000000000002,0.484056,6.7,BALANCED,-8.981250000000001
507,-128.70000000000002,16.0,-144.70000000000002,0.232036,46.2,DEEP_LONGSHOT,-9.043750000000001
508,-129.70000000000002,16.0,-145.70000000000002,0.39622,11.4,LONGSHOT,-9.106250000000001
509,-130.70000000000002,16.0,-146.70000000000002,0.219929,58.6,DEEP_LONGSHOT,-9.168750000000001
510,-131.70000000000002,16.0,-147.70000000000002,0.459843,7.5,BALANCED,-9.231250000000001
511,-132.70000000000002,16.0,-148.70000000000002,0.273879,25.7,DEEP_LONGSHOT,-9.293750000000001
512,-133.70000000000002,16.0,-149.70000000000002,0.51643,7.1,BALANCED,-9.356250000000001
513,-134.70000000000002,16.0,-150.70000000000002,0.312224,20.4,DEEP_LONGSHOT,-9.418750000000001
514,-135.70000000000002,16.0,-151.70000000000002,0.567644,4.9,BALANCED,-9.481250000000001
515,-136.70000000000002,16.0,-152.70000000000002,0.460067,8.8,LONGSHOT,-9.543750000000001
516,-137.70000000000002,16.0,-153.70000000000002,0.478646,7.7,BALANCED,-9.606250000000001
517,-112.00000000000001,16.0,-128.0,0.330637,26.7,DEEP_LONGSHOT,-8.0
518,-113.00000000000001,16.0,-129.0,0.203714,75.2,DEEP_LONGSHOT,-8.0625
519,-114.00000000000001,16.0,-130.0,0.254948,63.7,DEEP_LONGSHOT,-8.125
520,-115.00000000000001,16.0,-131.0,0.394245,21.2,DEEP_LONGSHOT,-8.1875
521,-116.00000000000001,16.0,-132.0,0.31406,21.4,DEEP_LONGSHOT,-8.25
522,-117.00000000000001,16.0,-133.0,0.30383,25.9,DEEP_LONGSHOT,-8.3125
523,-118.00000000000001,16.0,-134.0,0.344567,25.5,DEEP_LONGSHOT,-8.375
524,-119.00000000000001,16.0,-135.0,0.334264,16.5,LONGSHOT,-8.4375
525,-114.50000000000001,16.0,-130.5,0.526141,5.5,BALANCED,-8.15625
526,-115.50000000000001,16.0,-131.5,0.325561,18.8,LONGSHOT,-8.21875
527,-116.50000000000001,16.0,-132.5,0.325561,16.5,LONGSHOT,-8.28125
528,-117.50000000000001,16.0,-133.5,0.346059,20.9,DEEP_LONGSHOT,-8.34375
529,-118.50000000000001,16.0,-134.5,0.535017,5.1,BALANCED,-8.40625
530,-119.50000000000001,16.0,-135.5,0.282304,28.9,DEEP_LONGSHOT,-8.46875
531,-120.50000000000001,16.0,-136.5,0.196281,80.0,DEEP_LONGSHOT,-8.53125
532,-121.50000000000001,16.0,-137.5,0.548151,4.8,BALANCED,-8.59375
533,-122.50000000000001,16.0,-138.5,0.556154,4.6,BALANCED,-8.65625
534,-123.50000000000001,16.0,-139.5,0.3849,13.8,LONGSHOT,-8.71875
535,-117.10000000000001,16.0,-133.10000000000002,0.488746,7.4,BALANCED,-8.318750000000001
536,-118.10000000000001,16.0,-134.10000000000002,0.329245,26.7,DEEP_LONGSHOT,-8.381250000000001
537,-119.10000000000001,16.0,-135.10000000000002,0.297335,22.1,DEEP_LONGSHOT,-8.443750000000001
538,-120.10000000000001,16.0,-136.10000000000002,0.225435,53.4,DEEP_LONGSHOT,-8.506250000000001
539,-121.10000000000001,16.0,-137.10000000000002,0.323613,21.0,DEEP_LONGSHOT,-8.568750000000001
540,-122.10000000000001,16.0,-138.10000000000002,0.199615,61.8,DEEP_LONGSHOT,-8.631250000000001
541,-123.10000000000001,16.0,-139.10000000000002,0.281899,23.4,DEEP_LONGSHOT,-8.693750000000001
542,-124.10000000000001,16.0,-140.10000000000002,0.284526,27.7,DEEP_LONGSHOT,-8.756250000000001
543,-125.10000000000001,16.0,-141.10000000000002,0.271578,28.6,DEEP_LONGSHOT,-8.818750000000001
544,-126.10000000000001,16.0,-142.10000000000002,0.49698,7.3,BALANCED,-8.881250000000001
545,-116.4,16.0,-132.4,0.405633,10.7,LONGSHOT,-8.275
546,-117.4,16.0,-133.4,0.440354,9.2,LONGSHOT,-8.3375
547,-118.4,16.0,-134.4,0.488845,6.7,BALANCED,-8.4
548,-119.4,16.0,-135.4,0.509418,7.4,BALANCED,-8.4625
549,-120.4,16.0,-136.4,0.416201,11.2,LONGSHOT,-8.525
550,-121.4,16.0,-137.4,0.252717,33.4,DEEP_LONGSHOT,-8.5875
551,-122.4,16.0,-138.4,0.466456,8.5,LONGSHOT,-8.65
552,-123.4,16.0,-139.4,0.270104,30.9,DEEP_LONGSHOT,-8.7125
553,-124.4,16.0,-140.4,0.382113,13.9,LONGSHOT,-8.775
554,-125.4,16.0,-141.4,0.254058,41.7,DEEP_LONGSHOT,-8.8375
555,-126.4,16.0,-142.4,0.244767,43.1,DEEP_LONGSHOT,-8.9
556,-127.4,16.0,-143.4,0.250243,35.2,DEEP_LONGSHOT,-8.9625
557,-128.4,16.0,-144.4,0.395939,14.6,LONGSHOT,-9.025
558,-129.4,16.0,-145.4,0.366395,32.3,DEEP_LONGSHOT,-9.0875
559,-130.4,16.0,-146.4,0.325207,18.8,LONGSHOT,-9.15
560,-131.4,16.0,-147.4,0.521854,5.7,BALANCED,-9.2125
561,-132.4,16.0,-148.4,0.20099,82.7,DEEP_LONGSHOT,-9.275
562,-133.4,16.0,-149.4,0.277607,27.9,DEEP_LONGSHOT,-9.3375
563,-134.4,16.0,-150.4,0.410228,10.0,LONGSHOT,-9.4
564,-135.4,16.0,-151.4,0.242221,47.0,DEEP_LONGSHOT,-9.4625
565,-136.4,16.0,-152.4,0.302124,26.1,DEEP_LONGSHOT,-9.525
566,-137.4,16.0,-153.4,0.238004,64.7,DEEP_LONGSHOT,-9.5875
567,-138.4,16.0,-154.4,0.256721,40.7,DEEP_LONGSHOT,-9.65
568,-139.4,16.0,-155.4,0.466999,8.1,LONGSHOT,-9.7125
569,-140.4,16.0,-156.4,0.473529,7.7,BALANCED,-9.775
570,-141.4,16.0,-157.4,0.438421,10.7,LONGSHOT,-9.8375
571,-142.4,16.0,-158.4,0.374505,12.6,LONGSHOT,-9.9
572,-143.4,16.0,-159.4,0.304962,32.6,DEEP_LONGSHOT,-9.9625
573,-144.4,16.0,-160.4,0.420504,11.6,LONGSHOT,-10.025
574,-145.4,16.0,-161.4,0.305339,33.2,DEEP_LONGSHOT,-10.0875
575,-146.4,16.0,-162.4,0.395234,13.8,LONGSHOT,-10.15
576,-147.4,16.0,-163.4,0.410228,15.6,LONGSHOT,-10.2125
577,-148.4,16.0,-164.4,0.335121,18.5,LONGSHOT,-10.275
578,-149.4,16.0,-165.4,0.468514,7.9,BALANCED,-10.3375
579,-150.4,16.0,-166.4,0.307402,25.5,DEEP_LONGSHOT,-10.4
580,-151.4,16.0,-167.4,0.277607,53.8,DEEP_LONGSHOT,-10.4625
581,-152.4,16.0,-168.4,0.204794,79.1,DEEP_LONGSHOT,-10.525
582,-153.4,16.0,-169.4,0.393252,19.3,LONGSHOT,-10.5875
583,-154.4,16.0,-170.4,0.457825,8.3,LONGSHOT,-10.65
584,-155.4,16.0,-171.4,0.315338,20.0,LONGSHOT,-10.7125
585,-156.4,16.0,-172.4,0.435862,12.4,LONGSHOT,-10.775
586,-157.4,16.0,-173.4,0.419077,11.8,LONGSHOT,-10.8375
587,-158.4,16.0,-174.4,0.371317,15.3,LONGSHOT,-10.9
588,-159.4,16.0,-175.4,0.439993,10.6,LONGSHOT,-10.9625
589,-160.4,16.0,-176.4,0.258702,45.4,DEEP_LONGSHOT,-11.025
590,-161.4,16.0,-177.4,0.218152,55.1,DEEP_LONGSHOT,-11.0875
591,-162.4,16.0,-178.4,0.345397,19.6,LONGSHOT,-11.15
592,-163.4,16.0,-179.4,0.467433,8.3,LONGSHOT,-11.2125
593,-164.4,16.0,-180.4,0.168351,121.9,DEEP_LONGSHOT,-11.275
594,-165.4,16.0,-181.4,0.577841,5.3,BALANCED,-11.3375
595,-166.4,16.0,-182.4,0.513918,5.7,BALANCED,-11.4
596,-167.4,16.0,-183.4,0.441316,12.0,LONGSHOT,-11.4625
597,-168.4,16.0,-184.4,0.495741,9.3,LONGSHOT,-11.525
598,-169.4,16.0,-185.4,0.390398,11.5,LONGSHOT,-11.5875
599,-170.4,16.0,-186.4,0.290701,28.8,DEEP_LONGSHOT,-11.65
600,-171.4,16.0,-187.4,0.44501,16.0,LONGSHOT,-11.7125
601,-172.4,16.0,-188.4,0.48101,7.3,BALANCED,-11.775
602,-173.4,16.0,-189.4,0.364529,12.6,LONGSHOT,-11.8375
603,-174.4,16.0,-190.4,0.379152,17.5,LONGSHOT,-11.9
604,-175.4,16.0,-191.4,0.479368,8.3,LONGSHOT,-11.9625
605,-176.4,16.0,-192.4,0.355831,21.3,DEEP_LONGSHOT,-12.025
606,-177.4,16.0,-193.4,0.215848,81.1,DEEP_LONGSHOT,-12.0875
607,-178.4,16.0,-194.4,0.520261,6.1,BALANCED,-12.15
608,-175.8,16.0,-191.8,0.602912,3.6,LOW_ODDS,-11.9875
609,-176.8,16.0,-192.8,0.270526,28.5,DEEP_LONGSHOT,-12.05
610,-177.8,16.0,-193.8,0.338358,19.0,LONGSHOT,-12.1125
611,-178.8,16.0,-194.8,0.387227,17.6,LONGSHOT,-12.175
612,-179.8,16.0,-195.8,0.399715,15.7,LONGSHOT,-12.2375
613,-180.8,16.0,-196.8,0.264995,46.8,DEEP_LONGSHOT,-12.3
614,-181.8,16.0,-197.8,0.319863,22.0,DEEP_LONGSHOT,-12.3625
615,-182.8,16.0,-198.8,0.278018,28.3,DEEP_LONGSHOT,-12.425
616,-183.8,16.0,-199.8,0.402758,11.8,LONGSHOT,-12.4875
617,-184.8,16.0,-200.8,0.416857,14.2,LONGSHOT,-12.55
618,-185.8,16.0,-201.8,0.459172,8.0,BALANCED,-12.6125
619,-175.5,16.0,-191.5,0.43757,11.3,LONGSHOT,-11.96875
620,-176.5,16.0,-192.5,0.425379,16.2,LONGSHOT,-12.03125
621,-177.5,16.0,-193.5,0.273462,30.4,DEEP_LONGSHOT,-12.09375
622,-178.5,16.0,-194.5,0.371927,18.3,LONGSHOT,-12.15625
623,-179.5,16.0,-195.5,0.386357,17.3,LONGSHOT,-12.21875
624,-180.5,16.0,-196.5,0.288325,28.1,DEEP_LONGSHOT,-12.28125
625,-181.5,16.0,-197.5,0.291685,50.4,DEEP_LONGSHOT,-12.34375
626,-182.5,16.0,-198.5,0.335463,19.1,LONGSHOT,-12.40625
627,-183.5,16.0,-199.5,0.357111,21.7,DEEP_LONGSHOT,-12.46875
628,-184.5,16.0,-200.5,0.472471,8.4,LONGSHOT,-12.53125
629,-185.5,16.0,-201.5,0.186538,80.5,DEEP_LONGSHOT,-12.59375
630,-186.5,16.0,-202.5,0.357271,13.8,LONGSHOT,-12.65625
631,-187.5,16.0,-203.5,0.404677,12.9,LONGSHOT,-12.71875
632,-188.5,16.0,-204.5,0.272626,32.1,DEEP_LONGSHOT,-12.78125
633,-189.5,16.0,-205.5,0.335121,22.8,DEEP_LONGSHOT,-12.84375
634,-190.5,16.0,-206.5,0.336999,40.6,DEEP_LONGSHOT,-12.90625
635,-191.5,16.0,-207.5,0.392826,22.1,DEEP_LONGSHOT,-12.96875
636,-192.5,16.0,-208.5,0.226177,63.9,DEEP_LONGSHOT,-13.03125
637,-193.5,16.0,-209.5,0.374203,18.3,LONGSHOT,-13.09375
638,-194.5,16.0,-210.5,0.386066,15.3,LONGSHOT,-13.15625
639,-195.5,16.0,-211.5,0.386066,24.8,DEEP_LONGSHOT,-13.21875
640,-196.5,16.0,-212.5,0.379152,15.5,LONGSHOT,-13.28125
641,-197.5,16.0,-213.5,0.384023,18.3,LONGSHOT,-13.34375
642,-198.5,16.0,-214.5,0.492855,7.4,BALANCED,-13.40625
643,-199.5,16.0,-215.5,0.475317,14.2,LONGSHOT,-13.46875
644,-200.5,16.0,-216.5,0.393394,13.5,LONGSHOT,-13.53125
645,-201.5,16.0,-217.5,0.435862,8.9,LONGSHOT,-13.59375
646,-202.5,16.0,-218.5,0.380636,20.0,LONGSHOT,-13.65625
647,-203.5,16.0,-219.5,0.289119,24.6,DEEP_LONGSHOT,-13.71875
648,-204.5,16.0,-220.5,0.370706,15.9,LONGSHOT,-13.78125
649,-205.5,16.0,-221.5,0.334092,15.5,LONGSHOT,-13.84375
650,-206.5,16.0,-222.5,0.451324,14.8,LONGSHOT,-13.90625
651,-207.5,16.0,-223.5,0.345728,23.0,DEEP_LONGSHOT,-13.96875
652,-208.5,16.0,-224.5,0.254058,30.1,DEEP_LONGSHOT,-14.03125
653,-209.5,16.0,-225.5,0.372079,12.9,LONGSHOT,-14.09375
654,-210.5,16.0,-226.5,0.367633,21.2,DEEP_LONGSHOT,-14.15625
655,-204.8,16.0,-220.8,0.539875,6.7,BALANCED,-13.8
656,-205.8,16.0,-221.8,0.526466,5.8,BALANCED,-13.8625
657,-206.8,16.0,-222.8,0.251145,50.0,DEEP_LONGSHOT,-13.925
658,-207.8,16.0,-223.8,0.328547,26.1,DEEP_LONGSHOT,-13.9875
659,-208.8,16.0,-224.8,0.271997,30.8,DEEP_LONGSHOT,-14.05
660,-209.8,16.0,-225.8,0.39311,17.0,LONGSHOT,-14.1125
661,-210.8,16.0,-226.8,0.252493,30.4,DEEP_LONGSHOT,-14.175
662,-192.60000000000002,16.0,-208.60000000000002,0.338018,19.2,LONGSHOT,-13.037500000000001
663,-193.60000000000002,16.0,-209.60000000000002,0.257162,41.9,DEEP_LONGSHOT,-13.100000000000001
664,-194.60000000000002,16.0,-210.60000000000002,0.225187,60.5,DEEP_LONGSHOT,-13.162500000000001
665,-195.60000000000002,16.0,-211.60000000000002,0.387662,11.0,LONGSHOT,-13.225000000000001
666,-196.60000000000002,16.0,-212.60000000000002,0.30079,25.9,DEEP_LONGSHOT,-13.287500000000001
667,-197.60000000000002,16.0,-213.60000000000002,0.372687,16.4,LONGSHOT,-13.350000000000001
668,-198.60000000000002,16.0,-214.60000000000002,0.375711,28.8,DEEP_LONGSHOT,-13.412500000000001
669,-199.60000000000002,16.0,-215.60000000000002,0.400132,14.3,LONGSHOT,-13.475000000000001
670,-200.60000000000002,16.0,-216.60000000000002,0.260669,34.1,DEEP_LONGSHOT,-13.537500000000001
671,-201.60000000000002,16.0,-217.60000000000002,0.372991,14.2,LONGSHOT,-13.600000000000001
672,-202.60000000000002,16.0,-218.60000000000002,0.312592,24.8,DEEP_LONGSHOT,-13.662500000000001
673,-203.60000000000002,16.0,-219.60000000000002,0.218661,66.6,DEEP_LONGSHOT,-13.725000000000001
674,-204.60000000000002,16.0,-220.60000000000002,0.29384,23.3,DEEP_LONGSHOT,-13.787500000000001
675,-205.60000000000002,16.0,-221.60000000000002,0.310378,20.3,DEEP_LONGSHOT,-13.850000000000001
676,-200.70000000000002,16.0,-216.70000000000002,0.544507,5.9,BALANCED,-13.543750000000001
677,-201.70000000000002,16.0,-217.70000000000002,0.395657,10.6,LONGSHOT,-13.606250000000001
678,-202.70000000000002,16.0,-218.70000000000002,0.538449,6.5,BALANCED,-13.668750000000001
679,-203.70000000000002,16.0,-219.70000000000002,0.269047,29.0,DEEP_LONGSHOT,-13.731250000000001
680,-195.70000000000002,16.0,-211.70000000000002,0.468729,9.0,LONGSHOT,-13.231250000000001
681,-196.70000000000002,16.0,-212.70000000000002,0.465694,13.0,LONGSHOT,-13.293750000000001
682,-197.70000000000002,16.0,-213.70000000000002,0.393962,11.4,LONGSHOT,-13.356250000000001
683,-198.70000000000002,16.0,-214.70000000000002,0.263273,28.7,DEEP_LONGSHOT,-13.418750000000001
684,-199.70000000000002,16.0,-215.70000000000002,0.393252,14.4,LONGSHOT,-13.481250000000001
685,-200.70000000000002,16.0,-216.70000000000002,0.337339,22.9,DEEP_LONGSHOT,-13.543750000000001
686,-201.70000000000002,16.0,-217.70000000000002,0.468514,8.6,LONGSHOT,-13.606250000000001
687,-202.70000000000002,16.0,-218.70000000000002,0.335805,24.0,DEEP_LONGSHOT,-13.668750000000001
688,-203.70000000000002,16.0,-219.70000000000002,0.229366,66.7,DEEP_LONGSHOT,-13.731250000000001
689,-204.70000000000002,16.0,-220.70000000000002,0.331505,30.8,DEEP_LONGSHOT,-13.793750000000001
690,-205.70000000000002,16.0,-221.70000000000002,0.373446,14.2,LONGSHOT,-13.856250000000001
691,-206.70000000000002,16.0,-222.70000000000002,0.367324,22.5,DEEP_LONGSHOT,-13.918750000000001
692,-207.70000000000002,16.0,-223.70000000000002,0.316974,29.2,DEEP_LONGSHOT,-13.981250000000001
693,-202.60000000000002,16.0,-218.60000000000002,0.50663,6.1,BALANCED,-13.662500000000001
694,-203.60000000000002,16.0,-219.60000000000002,0.426901,9.0,LONGSHOT,-13.725000000000001
695,-204.60000000000002,16.0,-220.60000000000002,0.375711,12.2,LONGSHOT,-13.787500000000001
696,-205.60000000000002,16.0,-221.60000000000002,0.529765,6.2,BALANCED,-13.850000000000001
697,-206.60000000000002,16.0,-222.60000000000002,0.276989,36.2,DEEP_LONGSHOT,-13.912500000000001
698,-202.00000000000003,16.0,-218.00000000000003,0.527357,5.6,BALANCED,-13.625000000000002
699,-203.00000000000003,16.0,-219.00000000000003,0.521687,7.4,BALANCED,-13.687500000000002
700,-204.00000000000003,16.0,-220.00000000000003,0.50915,5.9,BALANCED,-13.750000000000002
701,-205.00000000000003,16.0,-221.00000000000003,0.239886,60.2,DEEP_LONGSHOT,-13.812500000000002
702,-206.00000000000003,16.0,-222.00000000000003,0.222196,57.8,DEEP_LONGSHOT,-13.875000000000002
703,-207.00000000000003,16.0,-223.00000000000003,0.249564,44.1,DEEP_LONGSHOT,-13.937500000000002
704,-208.00000000000003,16.0,-224.00000000000003,0.381671,15.1,LONGSHOT,-14.000000000000002
705,-197.40000000000003,16.0,-213.40000000000003,0.43067,11.6,LONGSHOT,-13.337500000000002
706,-198.40000000000003,16.0,-214.40000000000003,0.267986,44.6,DEEP_LONGSHOT,-13.400000000000002
707,-199.40000000000003,16.0,-215.40000000000003,0.216105,52.6,DEEP_LONGSHOT,-13.462500000000002
708,-200.40000000000003,16.0,-216.40000000000003,0.23348,41.6,DEEP_LONGSHOT,-13.525000000000002
709,-201.40000000000003,16.0,-217.40000000000003,0.321297,20.0,LONGSHOT,-13.587500000000002
710,-202.40000000000003,16.0,-218.40000000000003,0.169324,166.8,DEEP_LONGSHOT,-13.650000000000002
711,-203.40000000000003,16.0,-219.40000000000003,0.297141,23.1,DEEP_LONGSHOT,-13.712500000000002
712,-204.40000000000003,16.0,-220.40000000000003,0.249111,32.9,DEEP_LONGSHOT,-13.775000000000002
713,-205.40000000000003,16.0,-221.40000000000003,0.414885,11.0,LONGSHOT,-13.837500000000002
714,-206.40000000000003,16.0,-222.40000000000003,0.57854,4.2,BALANCED,-13.900000000000002
715,-207.40000000000003,16.0,-223.40000000000003,0.381376,14.4,LONGSHOT,-13.962500000000002
716,-208.40000000000003,16.0,-224.40000000000003,0.308335,36.6,DEEP_LONGSHOT,-14.025000000000002
717,-209.40000000000003,16.0,-225.40000000000003,0.267773,28.9,DEEP_LONGSHOT,-14.087500000000002
718,-210.40000000000003,16.0,-226.40000000000003,0.383437,13.3,LONGSHOT,-14.150000000000002
719,-211.40000000000003,16.0,-227.40000000000003,0.239182,35.7,DEEP_LONGSHOT,-14.212500000000002
720,-212.40000000000003,16.0,-228.40000000000003,0.261105,28.0,DEEP_LONGSHOT,-14.275000000000002
721,-213.40000000000003,16.0,-229.40000000000003,0.23324,37.7,DEEP_LONGSHOT,-14.337500000000002
722,-214.40000000000003,16.0,-230.40000000000003,0.342567,23.3,DEEP_LONGSHOT,-14.400000000000002
723,-215.40000000000003,16.0,-231.40000000000003,0.302883,19.6,LONGSHOT,-14.462500000000002
724,-216.40000000000003,16.0,-232.40000000000003,0.190606,83.9,DEEP_LONGSHOT,-14.525000000000002
725,-217.40000000000003,16.0,-233.40000000000003,0.481316,7.1,BALANCED,-14.587500000000002
726,-218.40000000000003,16.0,-234.40000000000003,0.256057,48.3,DEEP_LONGSHOT,-14.650000000000002
727,-219.40000000000003,16.0,-235.40000000000003,0.259578,41.0,DEEP_LONGSHOT,-14.712500000000002
728,-220.40000000000003,16.0,-236.40000000000003,0.268411,30.0,DEEP_LONGSHOT,-14.775000000000002
729,-221.40000000000003,16.0,-237.40000000000003,0.382555,15.6,LONGSHOT,-14.837500000000002
730,-222.40000000000003,16.0,-238.40000000000003,0.25914,42.2,DEEP_LONGSHOT,-14.900000000000002
731,-223.40000000000003,16.0,-239.40000000000003,0.396501,10.9,LONGSHOT,-14.962500000000002
732,-224.40000000000003,16.0,-240.40000000000003,0.442274,10.8,LONGSHOT,-15.025000000000002
733,-225.40000000000003,16.0,-241.40000000000003,0.241523,45.1,DEEP_LONGSHOT,-15.087500000000002
734,-226.40000000000003,16.0,-242.40000000000003,0.218406,55.8,DEEP_LONGSHOT,-15.150000000000002
735,-227.40000000000003,16.0,-243.40000000000003,0.319143,19.2,LONGSHOT,-15.212500000000002
736,-228.40000000000003,16.0,-244.40000000000003,0.271788,38.9,DEEP_LONGSHOT,-15.275000000000002
737,-229.40000000000003,16.0,-245.40000000000003,0.208536,59.4,DEEP_LONGSHOT,-15.337500000000002
738,-230.40000000000003,16.0,-246.40000000000003,0.397063,11.3,LONGSHOT,-15.400000000000002
739,-231.40000000000003,16.0,-247.40000000000003,0.277195,24.1,DEEP_LONGSHOT,-15.462500000000002
740,-232.40000000000003,16.0,-248.40000000000003,0.36825,12.4,LONGSHOT,-15.525000000000002
741,-233.40000000000003,16.0,-249.40000000000003,0.392256,13.3,LONGSHOT,-15.587500000000002
742,-234.40000000000003,16.0,-250.40000000000003,0.234678,54.1,DEEP_LONGSHOT,-15.650000000000002
743,-235.40000000000003,16.0,-251.40000000000003,0.375109,12.9,LONGSHOT,-15.712500000000002
744,-236.40000000000003,16.0,-252.40000000000003,0.23348,41.7,DEEP_LONGSHOT,-15.775000000000002
745,-237.40000000000003,16.0,-253.40000000000003,0.371164,12.8,LONGSHOT,-15.837500000000002
746,-238.40000000000003,16.0,-254.40000000000003,0.390255,15.4,LONGSHOT,-15.900000000000002
747,-239.40000000000003,16.0,-255.40000000000003,0.570426,5.2,BALANCED,-15.962500000000002
748,-240.40000000000003,16.0,-256.40000000000003,0.215848,58.6,DEEP_LONGSHOT,-16.025000000000002
749,-241.40000000000003,16.0,-257.40000000000003,0.471088,10.1,LONGSHOT,-16.087500000000002
750,-242.40000000000003,16.0,-258.40000000000003,0.221945,75.0,DEEP_LONGSHOT,-16.150000000000002
751,-243.40000000000003,16.0,-259.40000000000003,0.322724,19.6,LONGSHOT,-16.212500000000002
752,-244.40000000000003,16.0,-260.40000000000003,0.282102,27.0,DEEP_LONGSHOT,-16.275000000000002
753,-245.40000000000003,16.0,-261.40000000000003,0.437327,9.6,LONGSHOT,-16.337500000000002
754,-246.40000000000003,16.0,-262.40000000000003,0.275749,31.7,DEEP_LONGSHOT,-16.400000000000002
755,-247.40000000000003,16.0,-263.40000000000003,0.335634,19.4,LONGSHOT,-16.462500000000002
756,-248.40000000000003,16.0,-264.40000000000003,0.439268,20.3,DEEP_LONGSHOT,-16.525000000000002
757,-249.40000000000003,16.0,-265.40000000000003,0.485964,7.0,BALANCED,-16.587500000000002
758,-250.40000000000003,16.0,-266.40000000000003,0.442155,8.2,LONGSHOT,-16.650000000000002
759,-251.40000000000003,16.0,-267.40000000000003,0.340385,18.0,LONGSHOT,-16.712500000000002
760,-252.40000000000003,16.0,-268.40000000000003,0.38373,14.7,LONGSHOT,-16.775000000000002
761,-253.40000000000003,16.0,-269.40000000000003,0.498212,8.0,BALANCED,-16.837500000000002
762,-254.40000000000003,16.0,-270.40000000000003,0.338866,17.1,LONGSHOT,-16.900000000000002
763,-255.40000000000003,16.0,-271.40000000000003,0.42854,10.3,LONGSHOT,-16.962500000000002
764,-251.00000000000003,16.0,-267.0,0.548151,5.4,BALANCED,-16.6875
765,-252.00000000000003,16.0,-268.0,0.243381,48.6,DEEP_LONGSHOT,-16.75
766,-253.00000000000003,16.0,-269.0,0.340553,24.7,DEEP_LONGSHOT,-16.8125
767,-254.00000000000003,16.0,-270.0,0.343735,15.8,LONGSHOT,-16.875
768,-247.70000000000002,16.0,-263.70000000000005,0.474477,7.3,BALANCED,-16.481250000000003
769,-248.70000000000002,16.0,-264.70000000000005,0.254281,34.3,DEEP_LONGSHOT,-16.543750000000003
770,-249.70000000000002,16.0,-265.70000000000005,0.404541,11.8,LONGSHOT,-16.606250000000003
771,-250.70000000000002,16.0,-266.70000000000005,0.585959,4.1,BALANCED,-16.668750000000003
772,-251.70000000000002,16.0,-267.70000000000005,0.272207,40.5,DEEP_LONGSHOT,-16.731250000000003
773,-252.70000000000002,16.0,-268.70000000000005,0.482436,8.0,BALANCED,-16.793750000000003
774,-253.70000000000002,16.0,-269.70000000000005,0.40794,13.3,LONGSHOT,-16.856250000000003
775,-254.70000000000002,16.0,-270.70000000000005,0.42115,9.2,LONGSHOT,-16.918750000000003
776,-255.70000000000002,16.0,-271.70000000000005,0.320401,19.2,LONGSHOT,-16.981250000000003
777,-256.70000000000005,16.0,-272.70000000000005,0.536093,6.6,BALANCED,-17.043750000000003
778,-257.70000000000005,16.0,-273.70000000000005,0.449003,12.7,LONGSHOT,-17.106250000000003
779,-258.70000000000005,16.0,-274.70000000000005,0.476675,8.7,LONGSHOT,-17.168750000000003
780,-259.70000000000005,16.0,-275.70000000000005,0.501584,10.8,LONGSHOT,-17.231250000000003
781,-260.70000000000005,16.0,-276.70000000000005,0.22667,43.2,DEEP_LONGSHOT,-17.293750000000003
782,-261.70000000000005,16.0,-277.70000000000005,0.471408,7.2,BALANCED,-17.356250000000003
783,-262.70000000000005,16.0,-278.70000000000005,0.435617,12.1,LONGSHOT,-17.418750000000003
784,-263.70000000000005,16.0,-279.70000000000005,0.569723,4.3,BALANCED,-17.481250000000003
785,-264.70000000000005,16.0,-280.70000000000005,0.571008,5.3,BALANCED,-17.543750000000003
786,-265.70000000000005,16.0,-281.70000000000005,0.23372,38.2,DEEP_LONGSHOT,-17.606250000000003
787,-266.70000000000005,16.0,-282.70000000000005,0.300599,22.9,DEEP_LONGSHOT,-17.668750000000003
788,-267.70000000000005,16.0,-283.70000000000005,0.229122,42.2,DEEP_LONGSHOT,-17.731250000000003
789,-268.70000000000005,16.0,-284.70000000000005,0.256279,40.2,DEEP_LONGSHOT,-17.793750000000003
790,-269.70000000000005,16.0,-285.70000000000005,0.323258,26.3,DEEP_LONGSHOT,-17.856250000000003
791,-270.70000000000005,16.0,-286.70000000000005,0.336488,26.1,DEEP_LONGSHOT,-17.918750000000003
792,-271.70000000000005,16.0,-287.70000000000005,0.491786,7.0,BALANCED,-17.981250000000003
793,-272.70000000000005,16.0,-288.70000000000005,0.524587,8.0,BALANCED,-18.043750000000003
794,-273.70000000000005,16.0,-289.70000000000005,0.278429,29.3,DEEP_LONGSHOT,-18.106250000000003
795,-274.70000000000005,16.0,-290.70000000000005,0.316067,23.4,DEEP_LONGSHOT,-18.168750000000003
796,-275.70000000000005,16.0,-291.70000000000005,0.364217,17.6,LONGSHOT,-18.231250000000003
797,-276.70000000000005,16.0,-292.70000000000005,0.338527,16.2,LONGSHOT,-18.293750000000003
798,-273.20000000000005,16.0,-289.20000000000005,0.57854,4.5,BALANCED,-18.075000000000003
799,-274.20000000000005,16.0,-290.20000000000005,0.357909,17.5,LONGSHOT,-18.137500000000003
800,-275.20000000000005,16.0,-291.20000000000005,0.418686,9.3,LONGSHOT,-18.200000000000003
801,-267.6,16.0,-283.6,0.456922,8.6,LONGSHOT,-17.725
802,-253.90000000000003,16.0,-269.90000000000003,0.389968,14.7,LONGSHOT,-16.868750000000002
803,-254.90000000000003,16.0,-270.90000000000003,0.299067,23.0,DEEP_LONGSHOT,-16.931250000000002
804,-255.90000000000003,16.0,-271.90000000000003,0.280067,29.7,DEEP_LONGSHOT,-16.993750000000002
805,-256.90000000000003,16.0,-272.90000000000003,0.408884,13.8,LONGSHOT,-17.056250000000002
806,-257.90000000000003,16.0,-273.90000000000003,0.494591,11.7,LONGSHOT,-17.118750000000002
807,-258.90000000000003,16.0,-274.90000000000003,0.200716,67.6,DEEP_LONGSHOT,-17.181250000000002
808,-259.90000000000003,16.0,-275.90000000000003,0.411566,13.1,LONGSHOT,-17.243750000000002
809,-260.90000000000003,16.0,-276.90000000000003,0.249564,63.8,DEEP_LONGSHOT,-17.306250000000002
810,-261.90000000000003,16.0,-277.90000000000003,0.253165,40.9,DEEP_LONGSHOT,-17.368750000000002
811,-262.90000000000003,16.0,-278.90000000000003,0.598537,3.7,LOW_ODDS,-17.431250000000002
812,-263.90000000000003,16.0,-279.90000000000003,0.343402,18.6,LONGSHOT,-17.493750000000002
813,-264.90000000000003,16.0,-280.90000000000003,0.348367,21.3,DEEP_LONGSHOT,-17.556250000000002
814,-265.90000000000003,16.0,-281.90000000000003,0.283518,23.6,DEEP_LONGSHOT,-17.618750000000002
815,-266.90000000000003,16.0,-282.90000000000003,0.574431,4.9,BALANCED,-17.681250000000002
816,-267.90000000000003,16.0,-283.90000000000003,0.404404,10.0,LONGSHOT,-17.743750000000002
817,-268.90000000000003,16.0,-284.90000000000003,0.546448,6.1,BALANCED,-17.806250000000002
818,-269.90000000000003,16.0,-285.90000000000003,0.334264,25.2,DEEP_LONGSHOT,-17.868750000000002
819,-270.90000000000003,16.0,-286.90000000000003,0.38329,16.7,LONGSHOT,-17.931250000000002
820,-271.90000000000003,16.0,-287.90000000000003,0.343402,22.4,DEEP_LONGSHOT,-17.993750000000002
821,-272.90000000000003,16.0,-288.90000000000003,0.37945,14.0,LONGSHOT,-18.056250000000002
822,-273.90000000000003,16.0,-289.90000000000003,0.358068,15.2,LONGSHOT,-18.118750000000002
823,-274.90000000000003,16.0,-290.90000000000003,0.400687,16.8,LONGSHOT,-18.181250000000002
824,-275.90000000000003,16.0,-291.90000000000003,0.460624,8.7,LONGSHOT,-18.243750000000002
825,-276.90000000000003,16.0,-292.90000000000003,0.518908,6.1,BALANCED,-18.306250000000002
826,-277.90000000000003,16.0,-293.90000000000003,0.280679,32.3,DEEP_LONGSHOT,-18.368750000000002
827,-278.90000000000003,16.0,-294.90000000000003,0.396923,15.2,LONGSHOT,-18.431250000000002
828,-261.90000000000003,16.0,-277.90000000000003,0.363592,18.0,LONGSHOT,-17.368750000000002
829,-262.90000000000003,16.0,-278.90000000000003,0.326618,19.7,LONGSHOT,-17.431250000000002
830,-263.90000000000003,16.0,-279.90000000000003,0.279658,35.8,DEEP_LONGSHOT,-17.493750000000002
831,-264.90000000000003,16.0,-280.90000000000003,0.447835,9.9,LONGSHOT,-17.556250000000002
832,-231.00000000000003,16.0,-247.00000000000003,0.268411,34.9,DEEP_LONGSHOT,-15.437500000000002
833,-232.00000000000003,16.0,-248.00000000000003,0.448653,8.4,LONGSHOT,-15.500000000000002
834,-233.00000000000003,16.0,-249.00000000000003,0.344899,16.4,LONGSHOT,-15.562500000000002
835,-234.00000000000003,16.0,-250.00000000000003,0.359339,21.9,DEEP_LONGSHOT,-15.625000000000002
836,-235.00000000000003,16.0,-251.00000000000003,0.497644,6.4,BALANCED,-15.687500000000002
837,-236.00000000000003,16.0,-252.00000000000003,0.45328,7.8,BALANCED,-15.750000000000002
838,-237.00000000000003,16.0,-253.00000000000003,0.514354,7.9,BALANCED,-15.812500000000002
839,-238.00000000000003,16.0,-254.00000000000003,0.46251,8.1,LONGSHOT,-15.875000000000002
840,-239.00000000000003,16.0,-255.00000000000003,0.523845,6.0,BALANCED,-15.937500000000002
841,-240.00000000000003,16.0,-256.0,0.537995,6.5,BALANCED,-16.0
842,-241.00000000000003,16.0,-257.0,0.498589,6.7,BALANCED,-16.0625
843,-242.00000000000003,16.0,-258.0,0.230583,42.2,DEEP_LONGSHOT,-16.125
844,-243.00000000000003,16.0,-259.0,0.445601,8.6,LONGSHOT,-16.1875
845,-244.00000000000003,16.0,-260.0,0.460958,7.9,BALANCED,-16.25
846,-245.00000000000003,16.0,-261.0,0.527034,7.2,BALANCED,-16.3125
847,-246.00000000000003,16.0,-262.0,0.449818,9.6,LONGSHOT,-16.375
848,-247.00000000000003,16.0,-263.0,0.441915,12.3,LONGSHOT,-16.4375
849,-248.00000000000003,16.0,-264.0,0.280067,27.8,DEEP_LONGSHOT,-16.5
850,-249.00000000000003,16.0,-265.0,0.21559,63.9,DEEP_LONGSHOT,-16.5625
851,-250.00000000000003,16.0,-266.0,0.408884,14.6,LONGSHOT,-16.625
852,-251.00000000000003,16.0,-267.0,0.498495,7.2,BALANCED,-16.6875
853,-252.00000000000003,16.0,-268.0,0.305715,28.2,DEEP_LONGSHOT,-16.75
854,-253.00000000000003,16.0,-269.0,0.577571,5.1,BALANCED,-16.8125
855,-254.00000000000003,16.0,-270.0,0.367478,31.2,DEEP_LONGSHOT,-16.875
856,-255.00000000000003,16.0,-271.0,0.451208,14.6,LONGSHOT,-16.9375
857,-256.0,16.0,-272.0,0.302504,21.7,DEEP_LONGSHOT,-17.0
858,-257.0,16.0,-273.0,0.32609,36.3,DEEP_LONGSHOT,-17.0625
859,-258.0,16.0,-274.0,0.461735,8.6,LONGSHOT,-17.125
860,-259.0,16.0,-275.0,0.379895,13.6,LONGSHOT,-17.1875
861,-260.0,16.0,-276.0,0.399576,13.3,LONGSHOT,-17.25
862,-261.0,16.0,-277.0,0.291685,25.2,DEEP_LONGSHOT,-17.3125
863,-257.8,16.0,-273.8,0.590085,4.2,BALANCED,-17.1125
864,-258.8,16.0,-274.8,0.458612,7.8,BALANCED,-17.175
865,-259.8,16.0,-275.8,0.355189,20.1,DEEP_LONGSHOT,-17.2375
866,-260.8,16.0,-276.8,0.524587,5.7,BALANCED,-17.3
867,-261.8,16.0,-277.8,0.361552,20.1,DEEP_LONGSHOT,-17.3625
868,-262.8,16.0,-278.8,0.298875,20.9,DEEP_LONGSHOT,-17.425
869,-263.8,16.0,-279.8,0.354707,14.1,LONGSHOT,-17.4875
870,-264.8,16.0,-280.8,0.357749,15.3,LONGSHOT,-17.55
871,-265.8,16.0,-281.8,0.193462,69.5,DEEP_LONGSHOT,-17.6125
872,-266.8,16.0,-282.8,0.242221,47.3,DEEP_LONGSHOT,-17.675
873,-267.8,16.0,-283.8,0.340385,27.1,DEEP_LONGSHOT,-17.7375
874,-268.8,16.0,-284.8,0.321654,19.5,LONGSHOT,-17.8
875,-269.8,16.0,-285.8,0.291882,29.9,DEEP_LONGSHOT,-17.8625
876,-270.8,16.0,-286.8,0.496505,6.7,BALANCED,-17.925
877,-271.8,16.0,-287.8,0.443229,9.5,LONGSHOT,-17.9875
878,-272.8,16.0,-288.8,0.324146,33.8,DEEP_LONGSHOT,-18.05
879,-273.8,16.0,-289.8,0.478026,10.4,LONGSHOT,-18.1125
880,-274.8,16.0,-290.8,0.280271,30.7,DEEP_LONGSHOT,-18.175
881,-275.8,16.0,-291.8,0.333576,15.9,LONGSHOT,-18.2375
882,-276.8,16.0,-292.8,0.377511,11.8,LONGSHOT,-18.3
883,-277.8,16.0,-293.8,0.455789,9.0,LONGSHOT,-18.3625
884,-278.8,16.0,-294.8,0.493048,11.9,LONGSHOT,-18.425
885,-279.8,16.0,-295.8,0.454081,9.0,LONGSHOT,-18.4875
886,-280.8,16.0,-296.8,0.343402,14.9,LONGSHOT,-18.55
887,-281.8,16.0,-297.8,0.318963,27.4,DEEP_LONGSHOT,-18.6125
888,-282.8,16.0,-298.8,0.518313,8.1,LONGSHOT,-18.675
889,-283.8,16.0,-299.8,0.533233,6.2,BALANCED,-18.7375
890,-284.8,16.0,-300.8,0.470447,10.0,LONGSHOT,-18.8
891,-285.8,16.0,-301.8,0.212481,56.2,DEEP_LONGSHOT,-18.8625
892,-286.8,16.0,-302.8,0.268623,31.8,DEEP_LONGSHOT,-18.925
893,-287.8,16.0,-303.8,0.384023,11.8,LONGSHOT,-18.9875
894,-284.2,16.0,-300.2,0.589344,4.6,BALANCED,-18.7625
895,-285.2,16.0,-301.2,0.294035,22.9,DEEP_LONGSHOT,-18.825
896,-286.2,16.0,-302.2,0.23824,38.5,DEEP_LONGSHOT,-18.8875
897,-287.2,16.0,-303.2,0.261105,34.7,DEEP_LONGSHOT,-18.95
898,-288.2,16.0,-304.2,0.34705,19.0,LONGSHOT,-19.0125
899,-289.2,16.0,-305.2,0.447366,9.6,LONGSHOT,-19.075
900,-290.2,16.0,-306.2,0.43488,12.0,LONGSHOT,-19.1375
901,-291.2,16.0,-307.2,0.40262,11.8,LONGSHOT,-19.2
902,-292.2,16.0,-308.2,0.370706,13.6,LONGSHOT,-19.2625
903,-284.5,16.0,-300.5,0.461291,8.7,LONGSHOT,-18.78125
904,-285.5,16.0,-301.5,0.41725,13.3,LONGSHOT,-18.84375
905,-286.5,16.0,-302.5,0.417904,12.5,LONGSHOT,-18.90625
906,-263.9,16.0,-279.9,0.362652,23.6,DEEP_LONGSHOT,-17.49375
907,-264.9,16.0,-280.9,0.215075,69.9,DEEP_LONGSHOT,-17.55625
908,-265.9,16.0,-281.9,0.30609,25.6,DEEP_LONGSHOT,-17.61875
909,-266.9,16.0,-282.9,0.219929,45.1,DEEP_LONGSHOT,-17.68125
910,-267.9,16.0,-283.9,0.308335,30.3,DEEP_LONGSHOT,-17.74375
911,-268.9,16.0,-284.9,0.391114,12.6,LONGSHOT,-17.80625
912,-269.9,16.0,-285.9,0.470554,14.2,LONGSHOT,-17.86875
913,-270.9,16.0,-286.9,0.316793,25.0,DEEP_LONGSHOT,-17.93125
914,-271.9,16.0,-287.9,0.319143,23.8,DEEP_LONGSHOT,-17.99375
915,-272.9,16.0,-288.9,0.494399,8.0,BALANCED,-18.05625
916,-273.9,16.0,-289.9,0.462067,13.1,LONGSHOT,-18.11875
917,-274.9,16.0,-290.9,0.508164,8.0,BALANCED,-18.18125
918,-275.9,16.0,-291.9,0.341226,14.7,LONGSHOT,-18.24375
919,-276.9,16.0,-292.9,0.243613,50.3,DEEP_LONGSHOT,-18.30625
920,-277.9,16.0,-293.9,0.360763,19.7,LONGSHOT,-18.36875
921,-278.9,16.0,-294.9,0.463392,11.9,LONGSHOT,-18.43125
922,-279.9,16.0,-295.9,0.307215,35.4,DEEP_LONGSHOT,-18.49375
923,-280.9,16.0,-296.9,0.185064,101.6,DEEP_LONGSHOT,-18.55625
924,-281.9,16.0,-297.9,0.205601,58.9,DEEP_LONGSHOT,-18.61875
925,-282.9,16.0,-298.9,0.298298,41.7,DEEP_LONGSHOT,-18.68125
926,-283.9,16.0,-299.9,0.26435,45.7,DEEP_LONGSHOT,-18.74375
927,-284.9,16.0,-300.9,0.240589,58.5,DEEP_LONGSHOT,-18.80625
928,-285.9,16.0,-301.9,0.409288,10.9,LONGSHOT,-18.86875
929,-286.9,16.0,-302.9,0.514702,10.1,LONGSHOT,-18.93125
930,-287.9,16.0,-303.9,0.529845,6.0,BALANCED,-18.99375
931,-288.9,16.0,-304.9,0.54062,5.8,BALANCED,-19.05625
932,-289.9,16.0,-305.9,0.210911,57.7,DEEP_LONGSHOT,-19.11875
933,-290.9,16.0,-306.9,0.576973,4.3,BALANCED,-19.18125
934,-291.9,16.0,-307.9,0.433278,10.7,LONGSHOT,-19.24375
935,-292.9,16.0,-308.9,0.374505,25.7,DEEP_LONGSHOT,-19.30625
936,-293.9,16.0,-309.9,0.454538,8.3,LONGSHOT,-19.36875
937,-286.29999999999995,16.0,-302.29999999999995,0.44842,8.6,LONGSHOT,-18.893749999999997
938,-287.29999999999995,16.0,-303.29999999999995,0.39382,11.5,LONGSHOT,-18.956249999999997
939,-288.29999999999995,16.0,-304.29999999999995,0.257383,34.1,DEEP_LONGSHOT,-19.018749999999997
940,-289.29999999999995,16.0,-305.29999999999995,0.460401,8.6,LONGSHOT,-19.081249999999997
941,-290.29999999999995,16.0,-306.29999999999995,0.311856,18.4,LONGSHOT,-19.143749999999997
942,-291.29999999999995,16.0,-307.29999999999995,0.338527,24.9,DEEP_LONGSHOT,-19.206249999999997
943,-292.29999999999995,16.0,-308.29999999999995,0.522437,5.7,BALANCED,-19.268749999999997
944,-293.29999999999995,16.0,-309.29999999999995,0.222947,75.7,DEEP_LONGSHOT,-19.331249999999997
945,-294.29999999999995,16.0,-310.29999999999995,0.318963,27.3,DEEP_LONGSHOT,-19.393749999999997
946,-295.29999999999995,16.0,-311.29999999999995,0.211697,57.1,DEEP_LONGSHOT,-19.456249999999997
947,-296.29999999999995,16.0,-312.29999999999995,0.276369,25.3,DEEP_LONGSHOT,-19.518749999999997
948,-297.29999999999995,16.0,-313.29999999999995,0.494495,10.2,LONGSHOT,-19.581249999999997
949,-298.29999999999995,16.0,-314.29999999999995,0.344401,15.0,LONGSHOT,-19.643749999999997
950,-299.29999999999995,16.0,-315.29999999999995,0.451901,17.4,LONGSHOT,-19.706249999999997
951,-300.29999999999995,16.0,-316.29999999999995,0.475422,8.1,LONGSHOT,-19.768749999999997
952,-301.29999999999995,16.0,-317.29999999999995,0.320401,46.6,DEEP_LONGSHOT,-19.831249999999997
953,-302.29999999999995,16.0,-318.29999999999995,0.278224,27.0,DEEP_LONGSHOT,-19.893749999999997
954,-303.29999999999995,16.0,-319.29999999999995,0.583478,4.1,BALANCED,-19.956249999999997
955,-304.29999999999995,16.0,-320.29999999999995,0.31351,21.7,DEEP_LONGSHOT,-20.018749999999997
956,-305.29999999999995,16.0,-321.29999999999995,0.466021,7.4,BALANCED,-20.081249999999997
957,-306.29999999999995,16.0,-322.29999999999995,0.389824,13.5,LONGSHOT,-20.143749999999997
958,-307.29999999999995,16.0,-323.29999999999995,0.245228,56.8,DEEP_LONGSHOT,-20.206249999999997
959,-308.29999999999995,16.0,-324.29999999999995,0.20694,57.2,DEEP_LONGSHOT,-20.268749999999997
960,-309.29999999999995,16.0,-325.29999999999995,0.491201,6.9,BALANCED,-20.331249999999997
961,-310.29999999999995,16.0,-326.29999999999995,0.298875,22.2,DEEP_LONGSHOT,-20.393749999999997
962,-311.29999999999995,16.0,-327.29999999999995,0.5398,5.2,BALANCED,-20.456249999999997
963,-312.29999999999995,16.0,-328.29999999999995,0.181783,92.4,DEEP_LONGSHOT,-20.518749999999997
964,-313.29999999999995,16.0,-329.29999999999995,0.36948,13.8,LONGSHOT,-20.581249999999997
965,-314.29999999999995,16.0,-330.29999999999995,0.255614,46.4,DEEP_LONGSHOT,-20.643749999999997
966,-315.29999999999995,16.0,-331.29999999999995,0.343569,15.3,LONGSHOT,-20.706249999999997
967,-316.29999999999995,16.0,-332.29999999999995,0.273253,39.5,DEEP_LONGSHOT,-20.768749999999997
968,-317.29999999999995,16.0,-333.29999999999995,0.44501,13.3,LONGSHOT,-20.831249999999997
969,-318.29999999999995,16.0,-334.29999999999995,0.370094,13.2,LONGSHOT,-20.893749999999997
970,-319.29999999999995,16.0,-335.29999999999995,0.440354,9.4,LONGSHOT,-20.956249999999997
971,-309.99999999999994,16.0,-325.99999999999994,0.400548,10.3,LONGSHOT,-20.374999999999996
972,-310.99999999999994,16.0,-326.99999999999994,0.432039,9.5,LONGSHOT,-20.437499999999996
973,-311.99999999999994,16.0,-327.99999999999994,0.477092,9.5,LONGSHOT,-20.499999999999996
974,-312.99999999999994,16.0,-328.99999999999994,0.467758,9.0,LONGSHOT,-20.562499999999996
975,-313.99999999999994,16.0,-329.99999999999994,0.291489,29.5,DEEP_LONGSHOT,-20.624999999999996
976,-314.99999999999994,16.0,-330.99999999999994,0.361552,22.3,DEEP_LONGSHOT,-20.687499999999996
977,-315.99999999999994,16.0,-331.99999999999994,0.283114,33.1,DEEP_LONGSHOT,-20.749999999999996
978,-316.99999999999994,16.0,-332.99999999999994,0.334607,16.3,LONGSHOT,-20.812499999999996
979,-299.59999999999997,16.0,-315.59999999999997,0.373749,18.4,LONGSHOT,-19.724999999999998
980,-300.59999999999997,16.0,-316.59999999999997,0.462951,7.6,BALANCED,-19.787499999999998
981,-301.59999999999997,16.0,-317.59999999999997,0.310008,20.0,LONGSHOT,-19.849999999999998
982,-302.59999999999997,16.0,-318.59999999999997,0.338866,18.7,LONGSHOT,-19.912499999999998
983,-303.59999999999997,16.0,-319.59999999999997,0.530956,6.8,BALANCED,-19.974999999999998
984,-304.59999999999997,16.0,-320.59999999999997,0.244767,34.4,DEEP_LONGSHOT,-20.037499999999998
985,-305.59999999999997,16.0,-321.59999999999997,0.379301,15.7,LONGSHOT,-20.099999999999998
986,-306.59999999999997,16.0,-322.59999999999997,0.391114,11.5,LONGSHOT,-20.162499999999998
987,-307.59999999999997,16.0,-323.59999999999997,0.544363,5.1,BALANCED,-20.224999999999998
988,-308.59999999999997,16.0,-324.59999999999997,0.340553,16.3,LONGSHOT,-20.287499999999998
989,-309.59999999999997,16.0,-325.59999999999997,0.385775,11.4,LONGSHOT,-20.349999999999998
990,-310.59999999999997,16.0,-326.59999999999997,0.260887,29.5,DEEP_LONGSHOT,-20.412499999999998
991,-311.59999999999997,16.0,-327.59999999999997,0.413429,12.0,LONGSHOT,-20.474999999999998
992,-312.59999999999997,16.0,-328.59999999999997,0.510131,5.8,BALANCED,-20.537499999999998
993,-313.59999999999997,16.0,-329.59999999999997,0.307402,19.2,LONGSHOT,-20.599999999999998
994,-314.59999999999997,16.0,-330.59999999999997,0.32058,21.4,DEEP_LONGSHOT,-20.662499999999998
995,-315.59999999999997,16.0,-331.59999999999997,0.372383,14.3,LONGSHOT,-20.724999999999998
996,-316.59999999999997,16.0,-332.59999999999997,0.506811,6.0,BALANCED,-20.787499999999998
997,-317.59999999999997,16.0,-333.59999999999997,0.196281,65.4,DEEP_LONGSHOT,-20.849999999999998
998,-318.59999999999997,16.0,-334.59999999999997,0.465148,8.0,BALANCED,-20.912499999999998
999,-319.59999999999997,16.0,-335.59999999999997,0.45647,8.3,LONGSHOT,-20.974999999999998
1000,-320.59999999999997,16.0,-336.59999999999997,0.300025,26.4,DEEP_LONGSHOT,-21.037499999999998
1001,-321.59999999999997,16.0,-337.59999999999997,0.379152,11.7,LONGSHOT,-21.099999999999998
1002,-322.59999999999997,16.0,-338.59999999999997,0.463942,12.9,LONGSHOT,-21.162499999999998
1003,-323.59999999999997,16.0,-339.59999999999997,0.282102,28.5,DEEP_LONGSHOT,-21.224999999999998
1004,-324.59999999999997,16.0,-340.59999999999997,0.277401,32.4,DEEP_LONGSHOT,-21.287499999999998
1005,-325.59999999999997,16.0,-341.59999999999997,0.319863,23.1,DEEP_LONGSHOT,-21.349999999999998
1006,-326.59999999999997,16.0,-342.59999999999997,0.496505,6.6,BALANCED,-21.412499999999998
1007,-327.59999999999997,16.0,-343.59999999999997,0.466348,7.3,BALANCED,-21.474999999999998
1008,-328.59999999999997,16.0,-344.59999999999997,0.280067,33.2,DEEP_LONGSHOT,-21.537499999999998
1009,-284.2,16.0,-300.2,0.220939,45.4,DEEP_LONGSHOT,-18.7625
1010,-285.2,16.0,-301.2,0.287529,25.3,DEEP_LONGSHOT,-18.825
1011,-286.2,16.0,-302.2,0.307215,21.8,DEEP_LONGSHOT,-18.8875
1012,-287.2,16.0,-303.2,0.519755,9.2,LONGSHOT,-18.95
1013,-288.2,16.0,-304.2,0.366705,15.9,LONGSHOT,-19.0125
1014,-289.2,16.0,-305.2,0.289515,35.5,DEEP_LONGSHOT,-19.075
1015,-290.2,16.0,-306.2,0.32058,33.1,DEEP_LONGSHOT,-19.1375
1016,-291.2,16.0,-307.2,0.176596,98.0,DEEP_LONGSHOT,-19.2
1017,-292.2,16.0,-308.2,0.462289,12.9,LONGSHOT,-19.2625
1018,-293.2,16.0,-309.2,0.327496,22.9,DEEP_LONGSHOT,-19.325
1019,-294.2,16.0,-310.2,0.502418,6.5,BALANCED,-19.3875
1020,-295.2,16.0,-311.2,0.433895,12.4,LONGSHOT,-19.45
1021,-296.2,16.0,-312.2,0.309079,19.4,LONGSHOT,-19.5125
1022,-297.2,16.0,-313.2,0.45328,9.4,LONGSHOT,-19.575
1023,-298.2,16.0,-314.2,0.456016,7.6,BALANCED,-19.6375
1024,-299.2,16.0,-315.2,0.203172,59.3,DEEP_LONGSHOT,-19.7
1025,-300.2,16.0,-316.2,0.313143,20.1,DEEP_LONGSHOT,-19.7625
1026,-301.2,16.0,-317.2,0.348038,18.2,LONGSHOT,-19.825
1027,-302.2,16.0,-318.2,0.325384,17.9,LONGSHOT,-19.8875
1028,-297.8,16.0,-313.8,0.528726,5.4,BALANCED,-19.6125
1029,-298.8,16.0,-314.8,0.395657,12.2,LONGSHOT,-19.675
1030,-299.8,16.0,-315.8,0.372991,14.4,LONGSHOT,-19.7375
1031,-300.8,16.0,-316.8,0.438057,13.1,LONGSHOT,-19.8
1032,-301.8,16.0,-317.8,0.514615,6.1,BALANCED,-19.8625
1033,-302.8,16.0,-318.8,0.341226,16.0,LONGSHOT,-19.925
1034,-299.0,16.0,-315.0,0.552248,4.8,BALANCED,-19.6875
1035,-300.0,16.0,-316.0,0.291685,33.3,DEEP_LONGSHOT,-19.75
1036,-301.0,16.0,-317.0,0.279044,42.3,DEEP_LONGSHOT,-19.8125
1037,-302.0,16.0,-318.0,0.491103,6.5,BALANCED,-19.875
1038,-303.0,16.0,-319.0,0.3849,13.4,LONGSHOT,-19.9375
1039,-304.0,16.0,-320.0,0.362965,18.4,LONGSHOT,-20.0
1040,-305.0,16.0,-321.0,0.212481,65.0,DEEP_LONGSHOT,-20.0625
1041,-306.0,16.0,-322.0,0.433772,10.2,LONGSHOT,-20.125
1042,-307.0,16.0,-323.0,0.270315,38.8,DEEP_LONGSHOT,-20.1875
1043,-308.0,16.0,-324.0,0.268198,32.5,DEEP_LONGSHOT,-20.25
1044,-309.0,16.0,-325.0,0.213522,78.3,DEEP_LONGSHOT,-20.3125
1045,-310.0,16.0,-326.0,0.193462,94.1,DEEP_LONGSHOT,-20.375
1046,-311.0,16.0,-327.0,0.31643,41.6,DEEP_LONGSHOT,-20.4375
1047,-312.0,16.0,-328.0,0.245687,37.2,DEEP_LONGSHOT,-20.5
1048,-308.2,16.0,-324.2,0.581435,4.8,BALANCED,-20.2625
1049,-309.2,16.0,-325.2,0.364217,14.1,LONGSHOT,-20.325
1050,-310.2,16.0,-326.2,0.407804,12.6,LONGSHOT,-20.3875
1051,-311.2,16.0,-327.2,0.251145,32.4,DEEP_LONGSHOT,-20.45
1052,-312.2,16.0,-328.2,0.415412,10.4,LONGSHOT,-20.5125
1053,-313.2,16.0,-329.2,0.266067,40.4,DEEP_LONGSHOT,-20.575
1054,-314.2,16.0,-330.2,0.562295,5.3,BALANCED,-20.6375
1055,-310.59999999999997,16.0,-326.59999999999997,0.557013,4.6,BALANCED,-20.412499999999998
1056,-311.59999999999997,16.0,-327.59999999999997,0.528405,7.6,BALANCED,-20.474999999999998
1057,-312.59999999999997,16.0,-328.59999999999997,0.240355,50.2,DEEP_LONGSHOT,-20.537499999999998
1058,-313.59999999999997,16.0,-329.59999999999997,0.312224,19.6,LONGSHOT,-20.599999999999998
1059,-314.59999999999997,16.0,-330.59999999999997,0.510042,8.2,LONGSHOT,-20.662499999999998
1060,-315.59999999999997,16.0,-331.59999999999997,0.199063,84.7,DEEP_LONGSHOT,-20.724999999999998
1061,-316.59999999999997,16.0,-332.59999999999997,0.283518,28.1,DEEP_LONGSHOT,-20.787499999999998
1062,-317.59999999999997,16.0,-333.59999999999997,0.350657,14.7,LONGSHOT,-20.849999999999998
1063,-318.59999999999997,16.0,-334.59999999999997,0.38592,11.4,LONGSHOT,-20.912499999999998
1064,-319.59999999999997,16.0,-335.59999999999997,0.271788,27.3,DEEP_LONGSHOT,-20.974999999999998
1065,-320.59999999999997,16.0,-336.59999999999997,0.382555,20.5,DEEP_LONGSHOT,-21.037499999999998
1066,-321.59999999999997,16.0,-337.59999999999997,0.28372,29.0,DEEP_LONGSHOT,-21.099999999999998
1067,-322.59999999999997,16.0,-338.59999999999997,0.438178,9.3,LONGSHOT,-21.162499999999998
1068,-323.59999999999997,16.0,-339.59999999999997,0.267986,31.4,DEEP_LONGSHOT,-21.224999999999998
1069,-324.59999999999997,16.0,-340.59999999999997,0.258921,58.3,DEEP_LONGSHOT,-21.287499999999998
1070,-325.59999999999997,16.0,-341.59999999999997,0.58836,4.0,LOW_ODDS,-21.349999999999998
1071,-326.59999999999997,16.0,-342.59999999999997,0.28271,28.5,DEEP_LONGSHOT,-21.412499999999998
1072,-327.59999999999997,16.0,-343.59999999999997,0.450166,12.7,LONGSHOT,-21.474999999999998
1073,-328.59999999999997,16.0,-344.59999999999997,0.269893,27.9,DEEP_LONGSHOT,-21.537499999999998
1074,-329.59999999999997,16.0,-345.59999999999997,0.326618,21.5,DEEP_LONGSHOT,-21.599999999999998
1075,-330.59999999999997,16.0,-346.59999999999997,0.228878,60.2,DEEP_LONGSHOT,-21.662499999999998
1076,-331.59999999999997,16.0,-347.59999999999997,0.284325,22.7,DEEP_LONGSHOT,-21.724999999999998
1077,-332.59999999999997,16.0,-348.59999999999997,0.216105,54.4,DEEP_LONGSHOT,-21.787499999999998
1078,-333.59999999999997,16.0,-349.59999999999997,0.440716,10.2,LONGSHOT,-21.849999999999998
1079,-330.79999999999995,16.0,-346.79999999999995,0.591541,3.8,LOW_ODDS,-21.674999999999997
1080,-331.79999999999995,16.0,-347.79999999999995,0.402069,11.4,LONGSHOT,-21.737499999999997
1081,-332.79999999999995,16.0,-348.79999999999995,0.30684,29.1,DEEP_LONGSHOT,-21.799999999999997
1082,-333.79999999999995,16.0,-349.79999999999995,0.397903,14.8,LONGSHOT,-21.862499999999997
1083,-334.79999999999995,16.0,-350.79999999999995,0.281289,24.6,DEEP_LONGSHOT,-21.924999999999997
1084,-335.79999999999995,16.0,-351.79999999999995,0.494207,7.8,BALANCED,-21.987499999999997
1085,-336.79999999999995,16.0,-352.79999999999995,0.246604,60.6,DEEP_LONGSHOT,-22.049999999999997
1086,-337.79999999999995,16.0,-353.79999999999995,0.235632,104.5,DEEP_LONGSHOT,-22.112499999999997
1087,-320.29999999999995,16.0,-336.29999999999995,0.319323,18.5,LONGSHOT,-21.018749999999997
1088,-313.29999999999995,16.0,-329.29999999999995,0.485764,8.0,BALANCED,-20.581249999999997
1089,-314.29999999999995,16.0,-330.29999999999995,0.360605,13.3,LONGSHOT,-20.643749999999997
1090,-315.29999999999995,16.0,-331.29999999999995,0.423593,10.7,LONGSHOT,-20.706249999999997
1091,-316.29999999999995,16.0,-332.29999999999995,0.525651,6.5,BALANCED,-20.768749999999997
1092,-317.29999999999995,16.0,-333.29999999999995,0.395234,15.1,LONGSHOT,-20.831249999999997
1093,-318.29999999999995,16.0,-334.29999999999995,0.312408,46.9,DEEP_LONGSHOT,-20.893749999999997
1094,-319.29999999999995,16.0,-335.29999999999995,0.569014,4.4,BALANCED,-20.956249999999997
1095,-320.29999999999995,16.0,-336.29999999999995,0.308148,26.6,DEEP_LONGSHOT,-21.018749999999997
1096,-321.29999999999995,16.0,-337.29999999999995,0.405769,12.6,LONGSHOT,-21.081249999999997
1097,-322.29999999999995,16.0,-338.29999999999995,0.210385,58.7,DEEP_LONGSHOT,-21.143749999999997
1098,-323.29999999999995,16.0,-339.29999999999995,0.515482,7.2,BALANCED,-21.206249999999997
1099,-324.29999999999995,16.0,-340.29999999999995,0.398322,11.0,LONGSHOT,-21.268749999999997
1100,-325.29999999999995,16.0,-341.29999999999995,0.440956,12.0,LONGSHOT,-21.331249999999997
1101,-326.29999999999995,16.0,-342.29999999999995,0.362024,14.7,LONGSHOT,-21.393749999999997
1102,-327.29999999999995,16.0,-343.29999999999995,0.279658,32.1,DEEP_LONGSHOT,-21.456249999999997
1103,-328.29999999999995,16.0,-344.29999999999995,0.246604,34.3,DEEP_LONGSHOT,-21.518749999999997
1104,-329.29999999999995,16.0,-345.29999999999995,0.246604,39.1,DEEP_LONGSHOT,-21.581249999999997
1105,-330.29999999999995,16.0,-346.29999999999995,0.455107,12.8,LONGSHOT,-21.643749999999997
1106,-331.29999999999995,16.0,-347.29999999999995,0.367942,20.2,DEEP_LONGSHOT,-21.706249999999997
1107,-332.29999999999995,16.0,-348.29999999999995,0.31788,27.0,DEEP_LONGSHOT,-21.768749999999997
1108,-333.29999999999995,16.0,-349.29999999999995,0.501677,6.4,BALANCED,-21.831249999999997
1109,-334.29999999999995,16.0,-350.29999999999995,0.458836,11.2,LONGSHOT,-21.893749999999997
1110,-335.29999999999995,16.0,-351.29999999999995,0.411166,12.3,LONGSHOT,-21.956249999999997
1111,-332.19999999999993,16.0,-348.19999999999993,0.577462,4.1,BALANCED,-21.762499999999996
1112,-333.19999999999993,16.0,-349.19999999999993,0.386357,11.5,LONGSHOT,-21.824999999999996
1113,-334.19999999999993,16.0,-350.19999999999993,0.46262,14.1,LONGSHOT,-21.887499999999996
1114,-335.19999999999993,16.0,-351.19999999999993,0.336829,41.1,DEEP_LONGSHOT,-21.949999999999996
1115,-336.19999999999993,16.0,-352.19999999999993,0.276989,26.8,DEEP_LONGSHOT,-22.012499999999996
1116,-337.19999999999993,16.0,-353.19999999999993,0.213781,49.6,DEEP_LONGSHOT,-22.074999999999996
1117,-338.19999999999993,16.0,-354.19999999999993,0.316248,21.0,DEEP_LONGSHOT,-22.137499999999996
1118,-339.19999999999993,16.0,-355.19999999999993,0.26947,37.8,DEEP_LONGSHOT,-22.199999999999996
1119,-340.19999999999993,16.0,-356.19999999999993,0.480805,7.1,BALANCED,-22.262499999999996
1120,-341.19999999999993,16.0,-357.19999999999993,0.40124,13.3,LONGSHOT,-22.324999999999996
1121,-342.19999999999993,16.0,-358.19999999999993,0.575545,4.9,BALANCED,-22.387499999999996
1122,-343.19999999999993,16.0,-359.19999999999993,0.278429,37.0,DEEP_LONGSHOT,-22.449999999999996
1123,-344.19999999999993,16.0,-360.19999999999993,0.235394,38.9,DEEP_LONGSHOT,-22.512499999999996
1124,-345.19999999999993,16.0,-361.19999999999993,0.360605,29.2,DEEP_LONGSHOT,-22.574999999999996
1125,-346.19999999999993,16.0,-362.19999999999993,0.310008,33.0,DEEP_LONGSHOT,-22.637499999999996
1126,-347.19999999999993,16.0,-363.19999999999993,0.232518,66.4,DEEP_LONGSHOT,-22.699999999999996
1127,-348.19999999999993,16.0,-364.19999999999993,0.353093,32.0,DEEP_LONGSHOT,-22.762499999999996
1128,-349.19999999999993,16.0,-365.19999999999993,0.171251,115.1,DEEP_LONGSHOT,-22.824999999999996
1129,-350.19999999999993,16.0,-366.19999999999993,0.325561,23.5,DEEP_LONGSHOT,-22.887499999999996
1130,-351.19999999999993,16.0,-367.19999999999993,0.288524,26.1,DEEP_LONGSHOT,-22.949999999999996
1131,-345.79999999999995,16.0,-361.79999999999995,0.503157,6.4,BALANCED,-22.612499999999997
1132,-346.79999999999995,16.0,-362.79999999999995,0.334264,18.7,LONGSHOT,-22.674999999999997
1133,-347.79999999999995,16.0,-363.79999999999995,0.246375,51.2,DEEP_LONGSHOT,-22.737499999999997
1134,-348.79999999999995,16.0,-364.79999999999995,0.200166,73.1,DEEP_LONGSHOT,-22.799999999999997
1135,-349.79999999999995,16.0,-365.79999999999995,0.377212,19.0,LONGSHOT,-22.862499999999997
1136,-350.79999999999995,16.0,-366.79999999999995,0.576864,4.1,BALANCED,-22.924999999999997
1137,-351.79999999999995,16.0,-367.79999999999995,0.451208,9.2,LONGSHOT,-22.987499999999997
1138,-352.79999999999995,16.0,-368.79999999999995,0.412233,22.3,DEEP_LONGSHOT,-23.049999999999997
1139,-353.79999999999995,16.0,-369.79999999999995,0.349514,14.2,LONGSHOT,-23.112499999999997
1140,-354.79999999999995,16.0,-370.79999999999995,0.376012,14.4,LONGSHOT,-23.174999999999997
1141,-355.79999999999995,16.0,-371.79999999999995,0.3849,17.0,LONGSHOT,-23.237499999999997
1142,-356.79999999999995,16.0,-372.79999999999995,0.309079,30.8,DEEP_LONGSHOT,-23.299999999999997
1143,-357.79999999999995,16.0,-373.79999999999995,0.339542,17.7,LONGSHOT,-23.362499999999997
1144,-313.9,16.0,-329.9,0.219676,44.9,DEEP_LONGSHOT,-20.61875
1145,-314.9,16.0,-330.9,0.243381,43.4,DEEP_LONGSHOT,-20.68125
1146,-315.9,16.0,-331.9,0.296948,26.5,DEEP_LONGSHOT,-20.74375
1147,-316.9,16.0,-332.9,0.522104,7.5,BALANCED,-20.80625
1148,-317.9,16.0,-333.9,0.370094,18.5,LONGSHOT,-20.86875
1149,-318.9,16.0,-334.9,0.361079,14.7,LONGSHOT,-20.93125
1150,-319.9,16.0,-335.9,0.532452,5.2,BALANCED,-20.99375
1151,-320.9,16.0,-336.9,0.250694,33.4,DEEP_LONGSHOT,-21.05625
1152,-321.9,16.0,-337.9,0.322368,25.8,DEEP_LONGSHOT,-21.11875
1153,-322.9,16.0,-338.9,0.284526,22.8,DEEP_LONGSHOT,-21.18125
1154,-312.29999999999995,16.0,-328.29999999999995,0.40848,11.6,LONGSHOT,-20.518749999999997
1155,-313.29999999999995,16.0,-329.29999999999995,0.201264,111.6,DEEP_LONGSHOT,-20.581249999999997
1156,-309.69999999999993,16.0,-325.69999999999993,0.578754,4.6,BALANCED,-20.356249999999996
1157,-310.69999999999993,16.0,-326.69999999999993,0.535479,7.2,BALANCED,-20.418749999999996
1158,-311.69999999999993,16.0,-327.69999999999993,0.450166,7.9,BALANCED,-20.481249999999996
1159,-312.69999999999993,16.0,-328.69999999999993,0.377362,17.3,LONGSHOT,-20.543749999999996
1160,-313.69999999999993,16.0,-329.69999999999993,0.505449,10.0,LONGSHOT,-20.606249999999996
1161,-314.69999999999993,16.0,-330.69999999999993,0.380488,11.5,LONGSHOT,-20.668749999999996
1162,-315.69999999999993,16.0,-331.69999999999993,0.270736,31.8,DEEP_LONGSHOT,-20.731249999999996
1163,-316.69999999999993,16.0,-332.69999999999993,0.414224,14.9,LONGSHOT,-20.793749999999996
1164,-317.69999999999993,16.0,-333.69999999999993,0.292471,23.2,DEEP_LONGSHOT,-20.856249999999996
1165,-318.69999999999993,16.0,-334.69999999999993,0.389393,15.3,LONGSHOT,-20.918749999999996
1166,-312.19999999999993,16.0,-328.19999999999993,0.527196,7.5,BALANCED,-20.512499999999996
1167,-307.79999999999995,16.0,-323.79999999999995,0.528325,5.4,BALANCED,-20.237499999999997
1168,-308.79999999999995,16.0,-324.79999999999995,0.356152,15.8,LONGSHOT,-20.299999999999997
1169,-309.79999999999995,16.0,-325.79999999999995,0.182084,102.1,DEEP_LONGSHOT,-20.362499999999997
1170,-310.79999999999995,16.0,-326.79999999999995,0.241989,37.5,DEEP_LONGSHOT,-20.424999999999997
1171,-311.79999999999995,16.0,-327.79999999999995,0.370094,13.6,LONGSHOT,-20.487499999999997
1172,-312.79999999999995,16.0,-328.79999999999995,0.415412,10.0,LONGSHOT,-20.549999999999997
1173,-313.79999999999995,16.0,-329.79999999999995,0.337509,22.1,DEEP_LONGSHOT,-20.612499999999997
1174,-314.79999999999995,16.0,-330.79999999999995,0.438542,10.3,LONGSHOT,-20.674999999999997
1175,-315.79999999999995,16.0,-331.79999999999995,0.481724,10.2,LONGSHOT,-20.737499999999997
1176,-316.79999999999995,16.0,-332.79999999999995,0.23131,44.3,DEEP_LONGSHOT,-20.799999999999997
1177,-317.79999999999995,16.0,-333.79999999999995,0.348531,30.4,DEEP_LONGSHOT,-20.862499999999997
1178,-318.79999999999995,16.0,-334.79999999999995,0.58159,4.5,BALANCED,-20.924999999999997
1179,-319.79999999999995,16.0,-335.79999999999995,0.317518,25.4,DEEP_LONGSHOT,-20.987499999999997
1180,-320.79999999999995,16.0,-336.79999999999995,0.198786,63.3,DEEP_LONGSHOT,-21.049999999999997
1181,-321.79999999999995,16.0,-337.79999999999995,0.463502,9.0,LONGSHOT,-21.112499999999997
1182,-322.79999999999995,16.0,-338.79999999999995,0.555489,4.8,BALANCED,-21.174999999999997
1183,-323.79999999999995,16.0,-339.79999999999995,0.258921,39.0,DEEP_LONGSHOT,-21.237499999999997
1184,-324.79999999999995,16.0,-340.79999999999995,0.425252,10.7,LONGSHOT,-21.299999999999997
1185,-325.79999999999995,16.0,-341.79999999999995,0.510664,6.8,BALANCED,-21.362499999999997
1186,-326.79999999999995,16.0,-342.79999999999995,0.519078,5.6,BALANCED,-21.424999999999997
1187,-327.79999999999995,16.0,-343.79999999999995,0.276782,24.8,DEEP_LONGSHOT,-21.487499999999997
1188,-328.79999999999995,16.0,-344.79999999999995,0.290504,36.8,DEEP_LONGSHOT,-21.549999999999997
1189,-329.79999999999995,16.0,-345.79999999999995,0.240823,50.9,DEEP_LONGSHOT,-21.612499999999997
1190,-330.79999999999995,16.0,-346.79999999999995,0.468837,7.1,BALANCED,-21.674999999999997
1191,-331.79999999999995,16.0,-347.79999999999995,0.179969,108.2,DEEP_LONGSHOT,-21.737499999999997
1192,-332.79999999999995,16.0,-348.79999999999995,0.52252,6.9,BALANCED,-21.799999999999997
1193,-333.79999999999995,16.0,-349.79999999999995,0.184175,88.7,DEEP_LONGSHOT,-21.862499999999997
1194,-334.79999999999995,16.0,-350.79999999999995,0.168676,138.2,DEEP_LONGSHOT,-21.924999999999997
1195,-335.79999999999995,16.0,-351.79999999999995,0.525815,5.7,BALANCED,-21.987499999999997
1196,-336.79999999999995,16.0,-352.79999999999995,0.407127,10.8,LONGSHOT,-22.049999999999997
1197,-337.79999999999995,16.0,-353.79999999999995,0.361394,37.3,DEEP_LONGSHOT,-22.112499999999997
1198,-338.79999999999995,16.0,-354.79999999999995,0.392826,21.9,DEEP_LONGSHOT,-22.174999999999997
1199,-339.79999999999995,16.0,-355.79999999999995,0.357909,26.2,DEEP_LONGSHOT,-22.237499999999997
1200,-340.79999999999995,16.0,-356.79999999999995,0.403307,15.5,LONGSHOT,-22.299999999999997
1201,-341.79999999999995,16.0,-357.79999999999995,0.333059,19.4,LONGSHOT,-22.362499999999997
1202,-342.79999999999995,16.0,-358.79999999999995,0.573812,4.3,BALANCED,-22.424999999999997
1203,-343.79999999999995,16.0,-359.79999999999995,0.28553,22.9,DEEP_LONGSHOT,-22.487499999999997
1204,-339.29999999999995,16.0,-355.29999999999995,0.533778,5.5,BALANCED,-22.206249999999997
1205,-340.29999999999995,16.0,-356.29999999999995,0.189741,95.8,DEEP_LONGSHOT,-22.268749999999997
1206,-341.29999999999995,16.0,-357.29999999999995,0.403445,10.5,LONGSHOT,-22.331249999999997
1207,-342.29999999999995,16.0,-358.29999999999995,0.401379,15.9,LONGSHOT,-22.393749999999997
1208,-343.29999999999995,16.0,-359.29999999999995,0.296174,23.3,DEEP_LONGSHOT,-22.456249999999997
1209,-344.29999999999995,16.0,-360.29999999999995,0.455676,11.4,LONGSHOT,-22.518749999999997
1210,-345.29999999999995,16.0,-361.29999999999995,0.282912,36.2,DEEP_LONGSHOT,-22.581249999999997
1211,-330.19999999999993,16.0,-346.19999999999993,0.371775,16.1,LONGSHOT,-21.637499999999996
1212,-331.19999999999993,16.0,-347.19999999999993,0.332024,16.2,LONGSHOT,-21.699999999999996
1213,-319.29999999999995,16.0,-335.29999999999995,0.377511,12.9,LONGSHOT,-20.956249999999997
1214,-320.29999999999995,16.0,-336.29999999999995,0.394386,11.3,LONGSHOT,-21.018749999999997
1215,-321.29999999999995,16.0,-337.29999999999995,0.311856,18.6,LONGSHOT,-21.081249999999997
1216,-322.29999999999995,16.0,-338.29999999999995,0.376462,17.3,LONGSHOT,-21.143749999999997
1217,-323.29999999999995,16.0,-339.29999999999995,0.291489,38.2,DEEP_LONGSHOT,-21.206249999999997
1218,-324.29999999999995,16.0,-340.29999999999995,0.335292,17.0,LONGSHOT,-21.268749999999997
1219,-325.29999999999995,16.0,-341.29999999999995,0.468622,7.2,BALANCED,-21.331249999999997
1220,-326.29999999999995,16.0,-342.29999999999995,0.335463,18.7,LONGSHOT,-21.393749999999997
1221,-327.29999999999995,16.0,-343.29999999999995,0.572791,5.3,BALANCED,-21.456249999999997
1222,-328.29999999999995,16.0,-344.29999999999995,0.403993,10.3,LONGSHOT,-21.518749999999997
1223,-329.29999999999995,16.0,-345.29999999999995,0.425506,19.4,LONGSHOT,-21.581249999999997
1224,-330.29999999999995,16.0,-346.29999999999995,0.373446,18.1,LONGSHOT,-21.643749999999997
1225,-331.29999999999995,16.0,-347.29999999999995,0.280679,27.1,DEEP_LONGSHOT,-21.706249999999997
1226,-332.29999999999995,16.0,-348.29999999999995,0.418556,10.5,LONGSHOT,-21.768749999999997
1227,-333.29999999999995,16.0,-349.29999999999995,0.232999,61.9,DEEP_LONGSHOT,-21.831249999999997
1228,-334.29999999999995,16.0,-350.29999999999995,0.216361,54.4,DEEP_LONGSHOT,-21.893749999999997
1229,-326.29999999999995,16.0,-342.29999999999995,0.426141,9.0,LONGSHOT,-21.393749999999997
1230,-327.29999999999995,16.0,-343.29999999999995,0.209858,62.7,DEEP_LONGSHOT,-21.456249999999997
1231,-328.29999999999995,16.0,-344.29999999999995,0.55994,5.4,BALANCED,-21.518749999999997
1232,-329.29999999999995,16.0,-345.29999999999995,0.402069,11.5,LONGSHOT,-21.581249999999997
1233,-330.29999999999995,16.0,-346.29999999999995,0.349187,15.3,LONGSHOT,-21.643749999999997
1234,-331.29999999999995,16.0,-347.29999999999995,0.339711,15.0,LONGSHOT,-21.706249999999997
1235,-332.29999999999995,16.0,-348.29999999999995,0.474267,8.7,LONGSHOT,-21.768749999999997
1236,-333.29999999999995,16.0,-349.29999999999995,0.397903,17.0,LONGSHOT,-21.831249999999997
1237,-334.29999999999995,16.0,-350.29999999999995,0.484157,10.5,LONGSHOT,-21.893749999999997
1238,-335.29999999999995,16.0,-351.29999999999995,0.513044,6.3,BALANCED,-21.956249999999997
1239,-336.29999999999995,16.0,-352.29999999999995,0.331331,17.2,LONGSHOT,-22.018749999999997
1240,-337.29999999999995,16.0,-353.29999999999995,0.455562,7.8,BALANCED,-22.081249999999997
1241,-327.99999999999994,16.0,-343.99999999999994,0.471301,10.3,LONGSHOT,-21.499999999999996
1242,-328.99999999999994,16.0,-344.99999999999994,0.576426,4.7,BALANCED,-21.562499999999996
1243,-329.99999999999994,16.0,-345.99999999999994,0.496885,8.7,LONGSHOT,-21.624999999999996
1244,-330.99999999999994,16.0,-346.99999999999994,0.464272,11.7,LONGSHOT,-21.687499999999996
1245,-331.99999999999994,16.0,-347.99999999999994,0.521436,5.5,BALANCED,-21.749999999999996
1246,-332.99999999999994,16.0,-348.99999999999994,0.429168,12.4,LONGSHOT,-21.812499999999996
1247,-333.99999999999994,16.0,-349.99999999999994,0.25182,35.7,DEEP_LONGSHOT,-21.874999999999996
1248,-334.99999999999994,16.0,-350.99999999999994,0.285931,26.2,DEEP_LONGSHOT,-21.937499999999996
1249,-335.99999999999994,16.0,-351.99999999999994,0.38108,11.7,LONGSHOT,-21.999999999999996
1250,-336.99999999999994,16.0,-352.99999999999994,0.342064,14.8,LONGSHOT,-22.062499999999996
1251,-337.99999999999994,16.0,-353.99999999999994,0.327671,16.8,LONGSHOT,-22.124999999999996
1252,-338.99999999999994,16.0,-354.99999999999994,0.38824,13.3,LONGSHOT,-22.187499999999996
1253,-339.99999999999994,16.0,-355.99999999999994,0.397903,14.8,LONGSHOT,-22.249999999999996
1254,-340.99999999999994,16.0,-356.99999999999994,0.253835,31.9,DEEP_LONGSHOT,-22.312499999999996
1255,-341.99999999999994,16.0,-357.99999999999994,0.268411,41.6,DEEP_LONGSHOT,-22.374999999999996
1256,-342.99999999999994,16.0,-358.99999999999994,0.262624,31.6,DEEP_LONGSHOT,-22.437499999999996
1257,-343.99999999999994,16.0,-359.99999999999994,0.413031,13.8,LONGSHOT,-22.499999999999996
1258,-344.99999999999994,16.0,-360.99999999999994,0.306466,24.9,DEEP_LONGSHOT,-22.562499999999996
1259,-345.99999999999994,16.0,-361.99999999999994,0.222447,56.0,DEEP_LONGSHOT,-22.624999999999996
1260,-346.99999999999994,16.0,-362.99999999999994,0.370859,13.7,LONGSHOT,-22.687499999999996
1261,-347.99999999999994,16.0,-363.99999999999994,0.385192,15.2,LONGSHOT,-22.749999999999996
1262,-348.99999999999994,16.0,-364.99999999999994,0.169969,120.4,DEEP_LONGSHOT,-22.812499999999996
1263,-349.99999999999994,16.0,-365.99999999999994,0.365463,21.6,DEEP_LONGSHOT,-22.874999999999996
1264,-350.99999999999994,16.0,-366.99999999999994,0.288524,27.5,DEEP_LONGSHOT,-22.937499999999996
1265,-351.99999999999994,16.0,-367.99999999999994,0.255614,33.0,DEEP_LONGSHOT,-22.999999999999996
1266,-352.99999999999994,16.0,-368.99999999999994,0.381376,14.5,LONGSHOT,-23.062499999999996
1267,-353.99999999999994,16.0,-369.99999999999994,0.209066,64.1,DEEP_LONGSHOT,-23.124999999999996
1268,-354.99999999999994,16.0,-370.99999999999994,0.515308,7.3,BALANCED,-23.187499999999996
1269,-355.99999999999994,16.0,-371.99999999999994,0.309822,24.4,DEEP_LONGSHOT,-23.249999999999996
1270,-356.99999999999994,16.0,-372.99999999999994,0.266494,28.9,DEEP_LONGSHOT,-23.312499999999996
1271,-357.99999999999994,16.0,-373.99999999999994,0.400548,15.2,LONGSHOT,-23.374999999999996
1272,-358.99999999999994,16.0,-374.99999999999994,0.238476,65.4,DEEP_LONGSHOT,-23.437499999999996
1273,-359.99999999999994,16.0,-375.99999999999994,0.230583,75.6,DEEP_LONGSHOT,-23.499999999999996
1274,-360.99999999999994,16.0,-376.99999999999994,0.3704,17.7,LONGSHOT,-23.562499999999996
1275,-347.59999999999997,16.0,-363.59999999999997,0.352445,14.4,LONGSHOT,-22.724999999999998
1276,-348.59999999999997,16.0,-364.59999999999997,0.21713,49.7,DEEP_LONGSHOT,-22.787499999999998
1277,-349.59999999999997,16.0,-365.59999999999997,0.301743,23.0,DEEP_LONGSHOT,-22.849999999999998
1278,-350.59999999999997,16.0,-366.59999999999997,0.346225,23.9,DEEP_LONGSHOT,-22.912499999999998
1279,-351.59999999999997,16.0,-367.59999999999997,0.453509,11.7,LONGSHOT,-22.974999999999998
1280,-352.59999999999997,16.0,-368.59999999999997,0.256057,40.7,DEEP_LONGSHOT,-23.037499999999998
1281,-353.59999999999997,16.0,-369.59999999999997,0.440956,8.5,LONGSHOT,-23.099999999999998
1282,-349.79999999999995,16.0,-365.79999999999995,0.562232,4.8,BALANCED,-22.862499999999997
1283,-350.79999999999995,16.0,-366.79999999999995,0.26521,38.9,DEEP_LONGSHOT,-22.924999999999997
1284,-351.79999999999995,16.0,-367.79999999999995,0.231068,39.7,DEEP_LONGSHOT,-22.987499999999997
1285,-352.79999999999995,16.0,-368.79999999999995,0.366705,15.8,LONGSHOT,-23.049999999999997
1286,-353.79999999999995,16.0,-369.79999999999995,0.261757,30.3,DEEP_LONGSHOT,-23.112499999999997
1287,-354.79999999999995,16.0,-370.79999999999995,0.222196,50.7,DEEP_LONGSHOT,-23.174999999999997
1288,-355.79999999999995,16.0,-371.79999999999995,0.514615,10.0,LONGSHOT,-23.237499999999997
1289,-356.79999999999995,16.0,-372.79999999999995,0.281493,23.3,DEEP_LONGSHOT,-23.299999999999997
1290,-357.79999999999995,16.0,-373.79999999999995,0.507534,6.0,BALANCED,-23.362499999999997
1291,-358.79999999999995,16.0,-374.79999999999995,0.308521,20.5,DEEP_LONGSHOT,-23.424999999999997
1292,-359.79999999999995,16.0,-375.79999999999995,0.332542,16.8,LONGSHOT,-23.487499999999997
1293,-360.79999999999995,16.0,-376.79999999999995,0.219169,77.0,DEEP_LONGSHOT,-23.549999999999997
1294,-361.79999999999995,16.0,-377.79999999999995,0.238711,67.5,DEEP_LONGSHOT,-23.612499999999997
1295,-362.79999999999995,16.0,-378.79999999999995,0.293254,27.1,DEEP_LONGSHOT,-23.674999999999997
1296,-363.79999999999995,16.0,-379.79999999999995,0.318061,41.3,DEEP_LONGSHOT,-23.737499999999997
1297,-364.79999999999995,16.0,-380.79999999999995,0.219929,64.3,DEEP_LONGSHOT,-23.799999999999997
1298,-365.79999999999995,16.0,-381.79999999999995,0.265853,29.9,DEEP_LONGSHOT,-23.862499999999997
1299,-366.79999999999995,16.0,-382.79999999999995,0.276369,58.5,DEEP_LONGSHOT,-23.924999999999997
1300,-367.79999999999995,16.0,-383.79999999999995,0.458275,9.4,LONGSHOT,-23.987499999999997
1301,-368.79999999999995,16.0,-384.79999999999995,0.392256,15.7,LONGSHOT,-24.049999999999997
1302,-369.79999999999995,16.0,-385.79999999999995,0.28733,25.1,DEEP_LONGSHOT,-24.112499999999997
1303,-370.79999999999995,16.0,-386.79999999999995,0.342232,17.8,LONGSHOT,-24.174999999999997
1304,-371.79999999999995,16.0,-387.79999999999995,0.385629,24.4,DEEP_LONGSHOT,-24.237499999999997
1305,-372.79999999999995,16.0,-388.79999999999995,0.199339,67.4,DEEP_LONGSHOT,-24.299999999999997
1306,-373.79999999999995,16.0,-389.79999999999995,0.368866,12.4,LONGSHOT,-24.362499999999997
1307,-374.79999999999995,16.0,-390.79999999999995,0.222697,49.2,DEEP_LONGSHOT,-24.424999999999997
1308,-375.79999999999995,16.0,-391.79999999999995,0.471408,7.0,BALANCED,-24.487499999999997
1309,-376.79999999999995,16.0,-392.79999999999995,0.359339,16.0,LONGSHOT,-24.549999999999997
1310,-377.79999999999995,16.0,-393.79999999999995,0.253388,33.5,DEEP_LONGSHOT,-24.612499999999997
1311,-373.79999999999995,16.0,-389.79999999999995,0.551699,5.0,BALANCED,-24.362499999999997
1312,-374.79999999999995,16.0,-390.79999999999995,0.276989,24.3,DEEP_LONGSHOT,-24.424999999999997
1313,-343.99999999999994,16.0,-359.99999999999994,0.249111,31.8,DEEP_LONGSHOT,-22.499999999999996
1314,-344.99999999999994,16.0,-360.99999999999994,0.313143,20.9,DEEP_LONGSHOT,-22.562499999999996
1315,-345.99999999999994,16.0,-361.99999999999994,0.488746,6.6,BALANCED,-22.624999999999996
1316,-346.99999999999994,16.0,-362.99999999999994,0.232759,47.4,DEEP_LONGSHOT,-22.687499999999996
1317,-347.99999999999994,16.0,-363.99999999999994,0.332715,18.8,LONGSHOT,-22.749999999999996
1318,-348.99999999999994,16.0,-364.99999999999994,0.249111,38.0,DEEP_LONGSHOT,-22.812499999999996
1319,-349.99999999999994,16.0,-365.99999999999994,0.25137,33.0,DEEP_LONGSHOT,-22.874999999999996
1320,-350.99999999999994,16.0,-366.99999999999994,0.400687,14.2,LONGSHOT,-22.937499999999996
1321,-351.99999999999994,16.0,-367.99999999999994,0.456696,7.6,BALANCED,-22.999999999999996
1322,-352.99999999999994,16.0,-368.99999999999994,0.446426,12.5,LONGSHOT,-23.062499999999996
1323,-353.99999999999994,16.0,-369.99999999999994,0.371012,19.4,LONGSHOT,-23.124999999999996
1324,-354.99999999999994,16.0,-370.99999999999994,0.454424,13.7,LONGSHOT,-23.187499999999996
1325,-355.99999999999994,16.0,-371.99999999999994,0.542173,5.0,BALANCED,-23.249999999999996
1326,-356.99999999999994,16.0,-372.99999999999994,0.245228,43.2,DEEP_LONGSHOT,-23.312499999999996
1327,-357.99999999999994,16.0,-373.99999999999994,0.320401,18.8,LONGSHOT,-23.374999999999996
1328,-358.99999999999994,16.0,-374.99999999999994,0.272416,26.7,DEEP_LONGSHOT,-23.437499999999996
1329,-359.99999999999994,16.0,-375.99999999999994,0.432907,10.7,LONGSHOT,-23.499999999999996
1330,-360.99999999999994,16.0,-376.99999999999994,0.222947,47.6,DEEP_LONGSHOT,-23.562499999999996
1331,-361.99999999999994,16.0,-377.99999999999994,0.220687,52.6,DEEP_LONGSHOT,-23.624999999999996
1332,-362.99999999999994,16.0,-378.99999999999994,0.264135,35.5,DEEP_LONGSHOT,-23.687499999999996
1333,-363.99999999999994,16.0,-379.99999999999994,0.306466,19.6,LONGSHOT,-23.749999999999996
1334,-364.99999999999994,16.0,-380.99999999999994,0.416726,12.2,LONGSHOT,-23.812499999999996
1335,-365.99999999999994,16.0,-381.99999999999994,0.529765,5.6,BALANCED,-23.874999999999996
1336,-366.99999999999994,16.0,-382.99999999999994,0.243381,50.3,DEEP_LONGSHOT,-23.937499999999996
1337,-367.99999999999994,16.0,-383.99999999999994,0.291095,34.6,DEEP_LONGSHOT,-23.999999999999996
1338,-368.99999999999994,16.0,-384.99999999999994,0.560709,4.5,BALANCED,-24.062499999999996
1339,-369.99999999999994,16.0,-385.99999999999994,0.265424,27.5,DEEP_LONGSHOT,-24.124999999999996
1340,-370.99999999999994,16.0,-386.99999999999994,0.227162,45.1,DEEP_LONGSHOT,-24.187499999999996
1341,-371.99999999999994,16.0,-387.99999999999994,0.275749,33.7,DEEP_LONGSHOT,-24.249999999999996
1342,-372.99999999999994,16.0,-388.99999999999994,0.393252,13.9,LONGSHOT,-24.312499999999996
1343,-373.99999999999994,16.0,-389.99999999999994,0.515135,6.0,BALANCED,-24.374999999999996
1344,-374.99999999999994,16.0,-390.99999999999994,0.277401,25.0,DEEP_LONGSHOT,-24.437499999999996
1345,-375.99999999999994,16.0,-391.99999999999994,0.257162,40.0,DEEP_LONGSHOT,-24.499999999999996
1346,-376.99999999999994,16.0,-392.99999999999994,0.397903,13.0,LONGSHOT,-24.562499999999996
1347,-377.99999999999994,16.0,-393.99999999999994,0.343569,29.4,DEEP_LONGSHOT,-24.624999999999996
1348,-366.3999999999999,16.0,-382.3999999999999,0.43757,12.6,LONGSHOT,-23.899999999999995
1349,-362.7999999999999,16.0,-378.7999999999999,0.558258,4.6,BALANCED,-23.674999999999994
1350,-363.7999999999999,16.0,-379.7999999999999,0.351309,13.9,LONGSHOT,-23.737499999999994
1351,-364.7999999999999,16.0,-380.7999999999999,0.20694,54.0,DEEP_LONGSHOT,-23.799999999999994
1352,-365.7999999999999,16.0,-381.7999999999999,0.49237,6.4,BALANCED,-23.862499999999994
1353,-366.7999999999999,16.0,-382.7999999999999,0.235156,60.5,DEEP_LONGSHOT,-23.924999999999994
1354,-367.7999999999999,16.0,-383.7999999999999,0.485463,10.5,LONGSHOT,-23.987499999999994
1355,-368.7999999999999,16.0,-384.7999999999999,0.440114,11.5,LONGSHOT,-24.049999999999994
1356,-369.7999999999999,16.0,-385.7999999999999,0.486962,6.8,BALANCED,-24.112499999999994
1357,-370.7999999999999,16.0,-386.7999999999999,0.53056,5.6,BALANCED,-24.174999999999994
1358,-371.7999999999999,16.0,-387.7999999999999,0.264566,27.5,DEEP_LONGSHOT,-24.237499999999994
1359,-372.7999999999999,16.0,-388.7999999999999,0.261105,34.2,DEEP_LONGSHOT,-24.299999999999994
1360,-373.7999999999999,16.0,-389.7999999999999,0.476258,9.8,LONGSHOT,-24.362499999999994
1361,-374.7999999999999,16.0,-390.7999999999999,0.395939,14.3,LONGSHOT,-24.424999999999994
1362,-375.7999999999999,16.0,-391.7999999999999,0.157564,194.1,DEEP_LONGSHOT,-24.487499999999994
1363,-376.7999999999999,16.0,-392.7999999999999,0.350983,19.3,LONGSHOT,-24.549999999999994
1364,-377.7999999999999,16.0,-393.7999999999999,0.376912,13.5,LONGSHOT,-24.612499999999994
1365,-378.7999999999999,16.0,-394.7999999999999,0.396782,14.8,LONGSHOT,-24.674999999999994
1366,-371.1999999999999,16.0,-387.1999999999999,0.462841,8.6,LONGSHOT,-24.199999999999992
1367,-372.1999999999999,16.0,-388.1999999999999,0.555088,4.9,BALANCED,-24.262499999999992
1368,-373.1999999999999,16.0,-389.1999999999999,0.243613,38.2,DEEP_LONGSHOT,-24.324999999999992
1369,-374.1999999999999,16.0,-390.1999999999999,0.576809,4.4,BALANCED,-24.387499999999992
1370,-375.1999999999999,16.0,-391.1999999999999,0.598855,3.8,LOW_ODDS,-24.449999999999992
1371,-376.1999999999999,16.0,-392.1999999999999,0.567584,4.7,BALANCED,-24.512499999999992
1372,-377.1999999999999,16.0,-393.1999999999999,0.40041,12.4,LONGSHOT,-24.574999999999992
1373,-366.6999999999999,16.0,-382.6999999999999,0.44912,11.5,LONGSHOT,-23.918749999999992
1374,-367.6999999999999,16.0,-383.6999999999999,0.18118,100.7,DEEP_LONGSHOT,-23.981249999999992
1375,-368.6999999999999,16.0,-384.6999999999999,0.394245,12.2,LONGSHOT,-24.043749999999992
1376,-369.6999999999999,16.0,-385.6999999999999,0.207207,91.2,DEEP_LONGSHOT,-24.106249999999992
1377,-370.6999999999999,16.0,-386.6999999999999,0.290109,26.9,DEEP_LONGSHOT,-24.168749999999992
1378,-371.6999999999999,16.0,-387.6999999999999,0.56336,4.7,BALANCED,-24.231249999999992
1379,-372.6999999999999,16.0,-388.6999999999999,0.304774,19.2,LONGSHOT,-24.293749999999992
1380,-373.6999999999999,16.0,-389.6999999999999,0.278224,25.4,DEEP_LONGSHOT,-24.356249999999992
1381,-374.6999999999999,16.0,-390.6999999999999,0.449003,12.0,LONGSHOT,-24.418749999999992
1382,-375.6999999999999,16.0,-391.6999999999999,0.509239,6.5,BALANCED,-24.481249999999992
1383,-376.6999999999999,16.0,-392.6999999999999,0.578807,4.9,BALANCED,-24.543749999999992
1384,-377.6999999999999,16.0,-393.6999999999999,0.261105,33.3,DEEP_LONGSHOT,-24.606249999999992
1385,-378.6999999999999,16.0,-394.6999999999999,0.281289,27.4,DEEP_LONGSHOT,-24.668749999999992
1386,-379.6999999999999,16.0,-395.6999999999999,0.357271,19.1,LONGSHOT,-24.731249999999992
1387,-380.6999999999999,16.0,-396.6999999999999,0.493628,7.7,BALANCED,-24.793749999999992
1388,-381.6999999999999,16.0,-397.6999999999999,0.529845,6.6,BALANCED,-24.856249999999992
1389,-382.6999999999999,16.0,-398.6999999999999,0.513657,6.8,BALANCED,-24.918749999999992
1390,-383.6999999999999,16.0,-399.6999999999999,0.442633,8.5,LONGSHOT,-24.981249999999992
1391,-384.6999999999999,16.0,-400.6999999999999,0.390542,16.6,LONGSHOT,-25.043749999999992
1392,-385.6999999999999,16.0,-401.6999999999999,0.356792,14.5,LONGSHOT,-25.106249999999992
1393,-386.6999999999999,16.0,-402.6999999999999,0.283316,24.8,DEEP_LONGSHOT,-25.168749999999992
1394,-387.6999999999999,16.0,-403.6999999999999,0.543126,5.1,BALANCED,-25.231249999999992
1395,-388.6999999999999,16.0,-404.6999999999999,0.485564,6.9,BALANCED,-25.293749999999992
1396,-389.6999999999999,16.0,-405.6999999999999,0.381818,17.9,LONGSHOT,-25.356249999999992
1397,-390.6999999999999,16.0,-406.6999999999999,0.457825,9.9,LONGSHOT,-25.418749999999992
1398,-391.6999999999999,16.0,-407.6999999999999,0.418165,9.5,LONGSHOT,-25.481249999999992
1399,-392.6999999999999,16.0,-408.6999999999999,0.208801,69.1,DEEP_LONGSHOT,-25.543749999999992
1400,-393.6999999999999,16.0,-409.6999999999999,0.183282,95.2,DEEP_LONGSHOT,-25.606249999999992
1401,-394.6999999999999,16.0,-410.6999999999999,0.203984,67.0,DEEP_LONGSHOT,-25.668749999999992
1402,-395.6999999999999,16.0,-411.6999999999999,0.44311,12.2,LONGSHOT,-25.731249999999992
1403,-396.6999999999999,16.0,-412.6999999999999,0.361866,14.4,LONGSHOT,-25.793749999999992
1404,-397.6999999999999,16.0,-413.6999999999999,0.378258,12.6,LONGSHOT,-25.856249999999992
1405,-398.6999999999999,16.0,-414.6999999999999,0.239417,39.6,DEEP_LONGSHOT,-25.918749999999992
1406,-399.6999999999999,16.0,-415.6999999999999,0.277607,30.3,DEEP_LONGSHOT,-25.981249999999992
1407,-400.6999999999999,16.0,-416.6999999999999,0.395798,14.6,LONGSHOT,-26.043749999999992
1408,-401.6999999999999,16.0,-417.6999999999999,0.256721,35.9,DEEP_LONGSHOT,-26.106249999999992
1409,-402.6999999999999,16.0,-418.6999999999999,0.282304,24.8,DEEP_LONGSHOT,-26.168749999999992
1410,-403.6999999999999,16.0,-419.6999999999999,0.592568,4.7,BALANCED,-26.231249999999992
1411,-395.7999999999999,16.0,-411.7999999999999,0.440716,8.9,LONGSHOT,-25.737499999999994
1412,-396.7999999999999,16.0,-412.7999999999999,0.509953,7.7,BALANCED,-25.799999999999994
1413,-397.7999999999999,16.0,-413.7999999999999,0.330116,24.2,DEEP_LONGSHOT,-25.862499999999994
1414,-398.7999999999999,16.0,-414.7999999999999,0.269893,26.4,DEEP_LONGSHOT,-25.924999999999994
1415,-399.7999999999999,16.0,-415.7999999999999,0.411433,12.0,LONGSHOT,-25.987499999999994
1416,-400.7999999999999,16.0,-416.7999999999999,0.505722,6.2,BALANCED,-26.049999999999994
1417,-401.7999999999999,16.0,-417.7999999999999,0.255614,40.0,DEEP_LONGSHOT,-26.112499999999994
1418,-402.7999999999999,16.0,-418.7999999999999,0.435739,12.1,LONGSHOT,-26.174999999999994
1419,-403.7999999999999,16.0,-419.7999999999999,0.193462,75.5,DEEP_LONGSHOT,-26.237499999999994
1420,-404.7999999999999,16.0,-420.7999999999999,0.398322,10.6,LONGSHOT,-26.299999999999994
1421,-405.7999999999999,16.0,-421.7999999999999,0.252044,36.9,DEEP_LONGSHOT,-26.362499999999994
1422,-406.7999999999999,16.0,-422.7999999999999,0.48983,13.7,LONGSHOT,-26.424999999999994
1423,-407.7999999999999,16.0,-423.7999999999999,0.370859,12.4,LONGSHOT,-26.487499999999994
1424,-408.7999999999999,16.0,-424.7999999999999,0.455789,9.4,LONGSHOT,-26.549999999999994
1425,-409.7999999999999,16.0,-425.7999999999999,0.408345,10.0,LONGSHOT,-26.612499999999994
1426,-410.7999999999999,16.0,-426.7999999999999,0.433402,12.1,LONGSHOT,-26.674999999999994
1427,-411.7999999999999,16.0,-427.7999999999999,0.22593,58.4,DEEP_LONGSHOT,-26.737499999999994
1428,-412.7999999999999,16.0,-428.7999999999999,0.206673,55.7,DEEP_LONGSHOT,-26.799999999999994
1429,-413.7999999999999,16.0,-429.7999999999999,0.380784,11.9,LONGSHOT,-26.862499999999994
1430,-414.7999999999999,16.0,-430.7999999999999,0.401102,14.9,LONGSHOT,-26.924999999999994
1431,-402.0999999999999,16.0,-418.0999999999999,0.378854,13.7,LONGSHOT,-26.131249999999994
1432,-403.0999999999999,16.0,-419.0999999999999,0.388817,16.1,LONGSHOT,-26.193749999999994
1433,-404.0999999999999,16.0,-420.0999999999999,0.283316,28.1,DEEP_LONGSHOT,-26.256249999999994
1434,-405.0999999999999,16.0,-421.0999999999999,0.273044,36.0,DEEP_LONGSHOT,-26.318749999999994
1435,-406.0999999999999,16.0,-422.0999999999999,0.46482,8.0,BALANCED,-26.381249999999994
1436,-407.0999999999999,16.0,-423.0999999999999,0.390398,11.2,LONGSHOT,-26.443749999999994
1437,-408.0999999999999,16.0,-424.0999999999999,0.497833,6.4,BALANCED,-26.506249999999994
1438,-409.0999999999999,16.0,-425.0999999999999,0.319143,24.9,DEEP_LONGSHOT,-26.568749999999994
1439,-404.19999999999993,16.0,-420.19999999999993,0.506811,5.9,BALANCED,-26.262499999999996
1440,-405.19999999999993,16.0,-421.19999999999993,0.482131,7.5,BALANCED,-26.324999999999996
1441,-406.19999999999993,16.0,-422.19999999999993,0.332887,23.1,DEEP_LONGSHOT,-26.387499999999996
1442,-407.19999999999993,16.0,-423.19999999999993,0.42576,32.2,DEEP_LONGSHOT,-26.449999999999996
1443,-408.19999999999993,16.0,-424.19999999999993,0.377212,15.2,LONGSHOT,-26.512499999999996
1444,-409.19999999999993,16.0,-425.19999999999993,0.518398,6.5,BALANCED,-26.574999999999996
1445,-410.19999999999993,16.0,-426.19999999999993,0.434019,8.8,LONGSHOT,-26.637499999999996
1446,-411.19999999999993,16.0,-427.19999999999993,0.38824,12.2,LONGSHOT,-26.699999999999996
1447,-376.8999999999999,16.0,-392.8999999999999,0.264995,35.3,DEEP_LONGSHOT,-24.556249999999995
1448,-377.8999999999999,16.0,-393.8999999999999,0.35535,19.4,LONGSHOT,-24.618749999999995
1449,-378.8999999999999,16.0,-394.8999999999999,0.363748,14.8,LONGSHOT,-24.681249999999995
1450,-379.8999999999999,16.0,-395.8999999999999,0.536475,5.2,BALANCED,-24.743749999999995
1451,-380.8999999999999,16.0,-396.8999999999999,0.387372,14.9,LONGSHOT,-24.806249999999995
1452,-381.8999999999999,16.0,-397.8999999999999,0.273044,34.9,DEEP_LONGSHOT,-24.868749999999995
1453,-382.8999999999999,16.0,-398.8999999999999,0.336147,22.3,DEEP_LONGSHOT,-24.931249999999995
1454,-383.8999999999999,16.0,-399.8999999999999,0.395093,10.5,LONGSHOT,-24.993749999999995
1455,-384.8999999999999,16.0,-400.8999999999999,0.491883,7.0,BALANCED,-25.056249999999995
1456,-385.8999999999999,16.0,-401.8999999999999,0.256057,30.6,DEEP_LONGSHOT,-25.118749999999995
1457,-386.8999999999999,16.0,-402.8999999999999,0.309079,38.0,DEEP_LONGSHOT,-25.181249999999995
1458,-387.8999999999999,16.0,-403.8999999999999,0.377212,12.3,LONGSHOT,-25.243749999999995
1459,-388.8999999999999,16.0,-404.8999999999999,0.567404,5.5,BALANCED,-25.306249999999995
1460,-389.8999999999999,16.0,-405.8999999999999,0.515395,7.6,BALANCED,-25.368749999999995
1461,-390.8999999999999,16.0,-406.8999999999999,0.250468,73.1,DEEP_LONGSHOT,-25.431249999999995
1462,-391.8999999999999,16.0,-407.8999999999999,0.522354,5.8,BALANCED,-25.493749999999995
1463,-392.8999999999999,16.0,-408.8999999999999,0.474582,7.0,BALANCED,-25.556249999999995
1464,-393.8999999999999,16.0,-409.8999999999999,0.335805,22.8,DEEP_LONGSHOT,-25.618749999999995
1465,-394.8999999999999,16.0,-410.8999999999999,0.195158,78.4,DEEP_LONGSHOT,-25.681249999999995
1466,-395.8999999999999,16.0,-411.8999999999999,0.392114,24.4,DEEP_LONGSHOT,-25.743749999999995
1467,-396.8999999999999,16.0,-412.8999999999999,0.385338,12.8,LONGSHOT,-25.806249999999995
1468,-397.8999999999999,16.0,-413.8999999999999,0.410362,13.3,LONGSHOT,-25.868749999999995
1469,-398.8999999999999,16.0,-414.8999999999999,0.239182,65.8,DEEP_LONGSHOT,-25.931249999999995
1470,-399.8999999999999,16.0,-415.8999999999999,0.373143,24.1,DEEP_LONGSHOT,-25.993749999999995
1471,-400.8999999999999,16.0,-416.8999999999999,0.372231,14.3,LONGSHOT,-26.056249999999995
1472,-401.8999999999999,16.0,-417.8999999999999,0.411967,13.0,LONGSHOT,-26.118749999999995
1473,-402.8999999999999,16.0,-418.8999999999999,0.444062,10.7,LONGSHOT,-26.181249999999995
1474,-403.8999999999999,16.0,-419.8999999999999,0.272835,29.4,DEEP_LONGSHOT,-26.243749999999995
1475,-404.8999999999999,16.0,-420.8999999999999,0.393536,13.5,LONGSHOT,-26.306249999999995
1476,-405.8999999999999,16.0,-421.8999999999999,0.387227,13.4,LONGSHOT,-26.368749999999995
1477,-406.8999999999999,16.0,-422.8999999999999,0.389249,12.9,LONGSHOT,-26.431249999999995
1478,-407.8999999999999,16.0,-423.8999999999999,0.323791,20.3,DEEP_LONGSHOT,-26.493749999999995
1479,-408.8999999999999,16.0,-424.8999999999999,0.285931,48.3,DEEP_LONGSHOT,-26.556249999999995
1480,-409.8999999999999,16.0,-425.8999999999999,0.22667,69.1,DEEP_LONGSHOT,-26.618749999999995
1481,-410.8999999999999,16.0,-426.8999999999999,0.317156,37.3,DEEP_LONGSHOT,-26.681249999999995
1482,-411.8999999999999,16.0,-427.8999999999999,0.265639,33.1,DEEP_LONGSHOT,-26.743749999999995
1483,-412.8999999999999,16.0,-428.8999999999999,0.322546,29.2,DEEP_LONGSHOT,-26.806249999999995
1484,-413.8999999999999,16.0,-429.8999999999999,0.553608,6.0,BALANCED,-26.868749999999995
1485,-414.8999999999999,16.0,-430.8999999999999,0.504718,6.5,BALANCED,-26.931249999999995
1486,-415.8999999999999,16.0,-431.8999999999999,0.285931,23.6,DEEP_LONGSHOT,-26.993749999999995
1487,-416.8999999999999,16.0,-432.8999999999999,0.351634,16.2,LONGSHOT,-27.056249999999995
1488,-417.8999999999999,16.0,-433.8999999999999,0.382702,14.5,LONGSHOT,-27.118749999999995
1489,-418.8999999999999,16.0,-434.8999999999999,0.421795,11.4,LONGSHOT,-27.181249999999995
1490,-419.8999999999999,16.0,-435.8999999999999,0.468622,13.4,LONGSHOT,-27.243749999999995
1491,-420.8999999999999,16.0,-436.8999999999999,0.394811,14.1,LONGSHOT,-27.306249999999995
1492,-421.8999999999999,16.0,-437.8999999999999,0.171251,137.0,DEEP_LONGSHOT,-27.368749999999995
1493,-415.0999999999999,16.0,-431.0999999999999,0.519923,7.8,BALANCED,-26.943749999999994
1494,-416.0999999999999,16.0,-432.0999999999999,0.205063,76.8,DEEP_LONGSHOT,-27.006249999999994
1495,-417.0999999999999,16.0,-433.0999999999999,0.465912,9.2,LONGSHOT,-27.068749999999994
1496,-418.0999999999999,16.0,-434.0999999999999,0.376912,14.1,LONGSHOT,-27.131249999999994
1497,-419.0999999999999,16.0,-435.0999999999999,0.324323,17.7,LONGSHOT,-27.193749999999994
1498,-420.0999999999999,16.0,-436.0999999999999,0.180878,96.8,DEEP_LONGSHOT,-27.256249999999994
1499,-421.0999999999999,16.0,-437.0999999999999,0.555689,4.6,BALANCED,-27.318749999999994
1500,-422.0999999999999,16.0,-438.0999999999999,0.335463,16.4,LONGSHOT,-27.381249999999994
1501,-423.0999999999999,16.0,-439.0999999999999,0.268198,46.2,DEEP_LONGSHOT,-27.443749999999994
1502,-424.0999999999999,16.0,-440.0999999999999,0.268411,45.4,DEEP_LONGSHOT,-27.506249999999994
1503,-425.0999999999999,16.0,-441.0999999999999,0.211959,55.7,DEEP_LONGSHOT,-27.568749999999994
1504,-426.0999999999999,16.0,-442.0999999999999,0.275749,29.6,DEEP_LONGSHOT,-27.631249999999994
1505,-421.3999999999999,16.0,-437.3999999999999,0.526059,5.7,BALANCED,-27.337499999999995
1506,-422.3999999999999,16.0,-438.3999999999999,0.382555,14.2,LONGSHOT,-27.399999999999995
1507,-413.8999999999999,16.0,-429.8999999999999,0.429043,9.5,LONGSHOT,-26.868749999999995
1508,-414.8999999999999,16.0,-430.8999999999999,0.243381,44.4,DEEP_LONGSHOT,-26.931249999999995
1509,-415.8999999999999,16.0,-431.8999999999999,0.323791,20.0,LONGSHOT,-26.993749999999995
1510,-405.0999999999999,16.0,-421.0999999999999,0.382702,11.8,LONGSHOT,-26.318749999999994
1511,-406.0999999999999,16.0,-422.0999999999999,0.24315,46.7,DEEP_LONGSHOT,-26.381249999999994
1512,-407.0999999999999,16.0,-423.0999999999999,0.533934,5.7,BALANCED,-26.443749999999994
1513,-408.0999999999999,16.0,-424.0999999999999,0.350005,14.6,LONGSHOT,-26.506249999999994
1514,-409.0999999999999,16.0,-425.0999999999999,0.529366,6.1,BALANCED,-26.568749999999994
1515,-410.0999999999999,16.0,-426.0999999999999,0.540173,5.7,BALANCED,-26.631249999999994
1516,-411.0999999999999,16.0,-427.0999999999999,0.320401,28.0,DEEP_LONGSHOT,-26.693749999999994
1517,-412.0999999999999,16.0,-428.0999999999999,0.47584,7.5,BALANCED,-26.756249999999994
1518,-413.0999999999999,16.0,-429.0999999999999,0.293645,30.9,DEEP_LONGSHOT,-26.818749999999994
1519,-414.0999999999999,16.0,-430.0999999999999,0.339879,18.7,LONGSHOT,-26.881249999999994
1520,-415.0999999999999,16.0,-431.0999999999999,0.237531,66.0,DEEP_LONGSHOT,-26.943749999999994
1521,-416.0999999999999,16.0,-432.0999999999999,0.357749,16.8,LONGSHOT,-27.006249999999994
1522,-417.0999999999999,16.0,-433.0999999999999,0.524504,5.5,BALANCED,-27.068749999999994
1523,-418.0999999999999,16.0,-434.0999999999999,0.215333,62.2,DEEP_LONGSHOT,-27.131249999999994
1524,-419.0999999999999,16.0,-435.0999999999999,0.318963,21.0,DEEP_LONGSHOT,-27.193749999999994
1525,-420.0999999999999,16.0,-436.0999999999999,0.255614,29.5,DEEP_LONGSHOT,-27.256249999999994
1526,-421.0999999999999,16.0,-437.0999999999999,0.197119,82.6,DEEP_LONGSHOT,-27.318749999999994
1527,-422.0999999999999,16.0,-438.0999999999999,0.26521,29.6,DEEP_LONGSHOT,-27.381249999999994
1528,-423.0999999999999,16.0,-439.0999999999999,0.211697,57.3,DEEP_LONGSHOT,-27.443749999999994
1529,-424.0999999999999,16.0,-440.0999999999999,0.19572,87.1,DEEP_LONGSHOT,-27.506249999999994
1530,-425.0999999999999,16.0,-441.0999999999999,0.39382,16.1,LONGSHOT,-27.568749999999994
1531,-426.0999999999999,16.0,-442.0999999999999,0.539875,8.7,LONGSHOT,-27.631249999999994
1532,-427.0999999999999,16.0,-443.0999999999999,0.526385,6.6,BALANCED,-27.693749999999994
1533,-428.0999999999999,16.0,-444.0999999999999,0.325561,17.0,LONGSHOT,-27.756249999999994
1534,-429.0999999999999,16.0,-445.0999999999999,0.386647,11.5,LONGSHOT,-27.818749999999994
1535,-430.0999999999999,16.0,-446.0999999999999,0.406449,12.6,LONGSHOT,-27.881249999999994
1536,-431.0999999999999,16.0,-447.0999999999999,0.362809,16.9,LONGSHOT,-27.943749999999994
1537,-432.0999999999999,16.0,-448.0999999999999,0.192039,70.8,DEEP_LONGSHOT,-28.006249999999994
1538,-433.0999999999999,16.0,-449.0999999999999,0.489042,7.0,BALANCED,-28.068749999999994
1539,-434.0999999999999,16.0,-450.0999999999999,0.516516,6.3,BALANCED,-28.131249999999994
1540,-435.0999999999999,16.0,-451.0999999999999,0.29598,38.8,DEEP_LONGSHOT,-28.193749999999994
1541,-436.0999999999999,16.0,-452.0999999999999,0.386211,12.4,LONGSHOT,-28.256249999999994
1542,-437.0999999999999,16.0,-453.0999999999999,0.376312,16.2,LONGSHOT,-28.318749999999994
1543,-438.0999999999999,16.0,-454.0999999999999,0.381671,11.6,LONGSHOT,-28.381249999999994
1544,-439.0999999999999,16.0,-455.0999999999999,0.440114,9.7,LONGSHOT,-28.443749999999994
1545,-440.0999999999999,16.0,-456.0999999999999,0.383583,14.1,LONGSHOT,-28.506249999999994
1546,-441.0999999999999,16.0,-457.0999999999999,0.331505,28.7,DEEP_LONGSHOT,-28.568749999999994
1547,-442.0999999999999,16.0,-458.0999999999999,0.322368,19.2,LONGSHOT,-28.631249999999994
1548,-443.0999999999999,16.0,-459.0999999999999,0.401655,13.9,LONGSHOT,-28.693749999999994
1549,-444.0999999999999,16.0,-460.0999999999999,0.492564,6.3,BALANCED,-28.756249999999994
1550,-445.0999999999999,16.0,-461.0999999999999,0.388528,18.9,LONGSHOT,-28.818749999999994
1551,-446.0999999999999,16.0,-462.0999999999999,0.220939,54.2,DEEP_LONGSHOT,-28.881249999999994
1552,-447.0999999999999,16.0,-463.0999999999999,0.29345,35.0,DEEP_LONGSHOT,-28.943749999999994
1553,-448.0999999999999,16.0,-464.0999999999999,0.219929,47.5,DEEP_LONGSHOT,-29.006249999999994
1554,-449.0999999999999,16.0,-465.0999999999999,0.399159,11.6,LONGSHOT,-29.068749999999994
1555,-450.0999999999999,16.0,-466.0999999999999,0.328721,16.6,LONGSHOT,-29.131249999999994
1556,-451.0999999999999,16.0,-467.0999999999999,0.563485,4.5,BALANCED,-29.193749999999994
1557,-452.0999999999999,16.0,-468.0999999999999,0.392826,11.6,LONGSHOT,-29.256249999999994
1558,-448.3999999999999,16.0,-464.3999999999999,0.58547,4.7,BALANCED,-29.024999999999995
1559,-449.3999999999999,16.0,-465.3999999999999,0.347215,15.8,LONGSHOT,-29.087499999999995
1560,-450.3999999999999,16.0,-466.3999999999999,0.42967,16.0,LONGSHOT,-29.149999999999995
1561,-451.3999999999999,16.0,-467.3999999999999,0.217642,51.6,DEEP_LONGSHOT,-29.212499999999995
1562,-452.3999999999999,16.0,-468.3999999999999,0.36948,13.7,LONGSHOT,-29.274999999999995
1563,-453.3999999999999,16.0,-469.3999999999999,0.349187,21.0,DEEP_LONGSHOT,-29.337499999999995
1564,-454.3999999999999,16.0,-470.3999999999999,0.565829,4.7,BALANCED,-29.399999999999995
1565,-455.3999999999999,16.0,-471.3999999999999,0.220182,83.3,DEEP_LONGSHOT,-29.462499999999995
1566,-456.3999999999999,16.0,-472.3999999999999,0.304774,23.2,DEEP_LONGSHOT,-29.524999999999995
1567,-457.3999999999999,16.0,-473.3999999999999,0.314974,30.7,DEEP_LONGSHOT,-29.587499999999995
1568,-458.3999999999999,16.0,-474.3999999999999,0.458724,13.9,LONGSHOT,-29.649999999999995
1569,-459.3999999999999,16.0,-475.3999999999999,0.218406,47.7,DEEP_LONGSHOT,-29.712499999999995
1570,-460.3999999999999,16.0,-476.3999999999999,0.312592,28.4,DEEP_LONGSHOT,-29.774999999999995
1571,-461.3999999999999,16.0,-477.3999999999999,0.511726,6.5,BALANCED,-29.837499999999995
1572,-462.3999999999999,16.0,-478.3999999999999,0.227408,43.7,DEEP_LONGSHOT,-29.899999999999995
1573,-463.3999999999999,16.0,-479.3999999999999,0.266921,39.1,DEEP_LONGSHOT,-29.962499999999995
1574,-464.3999999999999,16.0,-480.3999999999999,0.374203,14.9,LONGSHOT,-30.024999999999995
1575,-465.3999999999999,16.0,-481.3999999999999,0.371775,14.9,LONGSHOT,-30.087499999999995
1576,-466.3999999999999,16.0,-482.3999999999999,0.280271,53.8,DEEP_LONGSHOT,-30.149999999999995
1577,-467.3999999999999,16.0,-483.3999999999999,0.30609,30.7,DEEP_LONGSHOT,-30.212499999999995
1578,-468.3999999999999,16.0,-484.3999999999999,0.444181,12.4,LONGSHOT,-30.274999999999995
1579,-469.3999999999999,16.0,-485.3999999999999,0.300599,24.2,DEEP_LONGSHOT,-30.337499999999995
1580,-470.3999999999999,16.0,-486.3999999999999,0.332887,25.0,DEEP_LONGSHOT,-30.399999999999995
1581,-471.3999999999999,16.0,-487.3999999999999,0.201264,59.4,DEEP_LONGSHOT,-30.462499999999995
1582,-472.3999999999999,16.0,-488.3999999999999,0.377362,18.9,LONGSHOT,-30.524999999999995
1583,-473.3999999999999,16.0,-489.3999999999999,0.327846,18.0,LONGSHOT,-30.587499999999995
1584,-474.3999999999999,16.0,-490.3999999999999,0.281289,23.9,DEEP_LONGSHOT,-30.649999999999995
1585,-475.3999999999999,16.0,-491.3999999999999,0.357431,15.3,LONGSHOT,-30.712499999999995
1586,-476.3999999999999,16.0,-492.3999999999999,0.425379,18.1,LONGSHOT,-30.774999999999995
1587,-477.3999999999999,16.0,-493.3999999999999,0.457712,10.6,LONGSHOT,-30.837499999999995
1588,-478.3999999999999,16.0,-494.3999999999999,0.282102,25.1,DEEP_LONGSHOT,-30.899999999999995
1589,-479.3999999999999,16.0,-495.3999999999999,0.436351,14.6,LONGSHOT,-30.962499999999995
1590,-480.3999999999999,16.0,-496.3999999999999,0.280475,27.6,DEEP_LONGSHOT,-31.024999999999995
1591,-481.3999999999999,16.0,-497.3999999999999,0.350168,17.5,LONGSHOT,-31.087499999999995
1592,-482.3999999999999,16.0,-498.3999999999999,0.290504,43.9,DEEP_LONGSHOT,-31.149999999999995
1593,-483.3999999999999,16.0,-499.3999999999999,0.379003,12.6,LONGSHOT,-31.212499999999995
1594,-462.7999999999999,16.0,-478.7999999999999,0.304396,21.6,DEEP_LONGSHOT,-29.924999999999994
1595,-463.7999999999999,16.0,-479.7999999999999,0.198786,65.8,DEEP_LONGSHOT,-29.987499999999994
1596,-464.7999999999999,16.0,-480.7999999999999,0.410898,14.4,LONGSHOT,-30.049999999999994
1597,-465.7999999999999,16.0,-481.7999999999999,0.395516,12.9,LONGSHOT,-30.112499999999994
1598,-466.7999999999999,16.0,-482.7999999999999,0.461846,11.4,LONGSHOT,-30.174999999999994
1599,-467.7999999999999,16.0,-483.7999999999999,0.211173,62.2,DEEP_LONGSHOT,-30.237499999999994
1600,-468.7999999999999,16.0,-484.7999999999999,0.392968,12.5,LONGSHOT,-30.299999999999994
1601,-469.7999999999999,16.0,-485.7999999999999,0.32732,16.5,LONGSHOT,-30.362499999999994
1602,-470.7999999999999,16.0,-486.7999999999999,0.46029,8.2,LONGSHOT,-30.424999999999994
1603,-471.7999999999999,16.0,-487.7999999999999,0.342734,20.2,DEEP_LONGSHOT,-30.487499999999994
1604,-472.7999999999999,16.0,-488.7999999999999,0.304396,38.0,DEEP_LONGSHOT,-30.549999999999994
1605,-473.7999999999999,16.0,-489.7999999999999,0.28733,31.0,DEEP_LONGSHOT,-30.612499999999994
1606,-474.7999999999999,16.0,-490.7999999999999,0.394952,19.0,LONGSHOT,-30.674999999999994
1607,-475.7999999999999,16.0,-491.7999999999999,0.385338,11.9,LONGSHOT,-30.737499999999994
1608,-476.7999999999999,16.0,-492.7999999999999,0.179665,90.7,DEEP_LONGSHOT,-30.799999999999994
1609,-477.7999999999999,16.0,-493.7999999999999,0.276162,26.5,DEEP_LONGSHOT,-30.862499999999994
1610,-478.7999999999999,16.0,-494.7999999999999,0.388384,11.2,LONGSHOT,-30.924999999999994
1611,-479.7999999999999,16.0,-495.7999999999999,0.40536,13.3,LONGSHOT,-30.987499999999994
1612,-480.7999999999999,16.0,-496.7999999999999,0.308893,20.6,DEEP_LONGSHOT,-31.049999999999994
1613,-442.8999999999999,16.0,-458.8999999999999,0.264566,38.9,DEEP_LONGSHOT,-28.681249999999995
1614,-443.8999999999999,16.0,-459.8999999999999,0.412499,12.8,LONGSHOT,-28.743749999999995
1615,-418.8999999999999,16.0,-434.8999999999999,0.286731,26.0,DEEP_LONGSHOT,-27.181249999999995
1616,-419.8999999999999,16.0,-435.8999999999999,0.536246,5.8,BALANCED,-27.243749999999995
1617,-420.8999999999999,16.0,-436.8999999999999,0.515308,8.6,LONGSHOT,-27.306249999999995
1618,-421.8999999999999,16.0,-437.8999999999999,0.374203,13.1,LONGSHOT,-27.368749999999995
1619,-418.49999999999994,16.0,-434.49999999999994,0.569899,4.4,BALANCED,-27.156249999999996
1620,-419.49999999999994,16.0,-435.49999999999994,0.461291,7.9,BALANCED,-27.218749999999996
1621,-420.49999999999994,16.0,-436.49999999999994,0.286131,27.5,DEEP_LONGSHOT,-27.281249999999996
1622,-421.49999999999994,16.0,-437.49999999999994,0.347874,14.4,LONGSHOT,-27.343749999999996
1623,-422.49999999999994,16.0,-438.49999999999994,0.327496,16.3,LONGSHOT,-27.406249999999996
1624,-409.79999999999995,16.0,-425.79999999999995,0.380784,13.7,LONGSHOT,-26.612499999999997
1625,-410.79999999999995,16.0,-426.79999999999995,0.49736,8.8,LONGSHOT,-26.674999999999997
1626,-411.79999999999995,16.0,-427.79999999999995,0.392114,11.8,LONGSHOT,-26.737499999999997
1627,-412.79999999999995,16.0,-428.79999999999995,0.24315,60.1,DEEP_LONGSHOT,-26.799999999999997
1628,-413.79999999999995,16.0,-429.79999999999995,0.266281,26.8,DEEP_LONGSHOT,-26.862499999999997
1629,-414.79999999999995,16.0,-430.79999999999995,0.522271,8.2,LONGSHOT,-26.924999999999997
1630,-415.79999999999995,16.0,-431.79999999999995,0.413429,12.3,LONGSHOT,-26.987499999999997
1631,-416.79999999999995,16.0,-432.79999999999995,0.463282,7.8,BALANCED,-27.049999999999997
1632,-417.79999999999995,16.0,-433.79999999999995,0.40413,10.1,LONGSHOT,-27.112499999999997
1633,-418.79999999999995,16.0,-434.79999999999995,0.256721,34.0,DEEP_LONGSHOT,-27.174999999999997
1634,-407.99999999999994,16.0,-423.99999999999994,0.414356,11.8,LONGSHOT,-26.499999999999996
1635,-408.99999999999994,16.0,-424.99999999999994,0.247518,32.6,DEEP_LONGSHOT,-26.562499999999996
1636,-409.99999999999994,16.0,-425.99999999999994,0.482741,8.0,BALANCED,-26.624999999999996
1637,-410.99999999999994,16.0,-426.99999999999994,0.574543,4.2,BALANCED,-26.687499999999996
1638,-411.99999999999994,16.0,-427.99999999999994,0.558388,4.9,BALANCED,-26.749999999999996
1639,-412.99999999999994,16.0,-428.99999999999994,0.359656,13.3,LONGSHOT,-26.812499999999996
1640,-413.99999999999994,16.0,-429.99999999999994,0.282102,25.4,DEEP_LONGSHOT,-26.874999999999996
1641,-414.99999999999994,16.0,-430.99999999999994,0.305339,34.1,DEEP_LONGSHOT,-26.937499999999996
1642,-415.99999999999994,16.0,-431.99999999999994,0.279044,27.1,DEEP_LONGSHOT,-26.999999999999996
1643,-416.99999999999994,16.0,-432.99999999999994,0.156508,175.9,DEEP_LONGSHOT,-27.062499999999996
1644,-411.09999999999997,16.0,-427.09999999999997,0.528566,6.9,BALANCED,-26.693749999999998
1645,-412.09999999999997,16.0,-428.09999999999997,0.399854,14.1,LONGSHOT,-26.756249999999998
1646,-413.09999999999997,16.0,-429.09999999999997,0.397763,12.3,LONGSHOT,-26.818749999999998
1647,-414.09999999999997,16.0,-430.09999999999997,0.488746,10.6,LONGSHOT,-26.881249999999998
1648,-415.09999999999997,16.0,-431.09999999999997,0.18118,94.8,DEEP_LONGSHOT,-26.943749999999998
1649,-416.09999999999997,16.0,-432.09999999999997,0.520261,5.7,BALANCED,-27.006249999999998
1650,-417.09999999999997,16.0,-433.09999999999997,0.230097,48.0,DEEP_LONGSHOT,-27.068749999999998
1651,-418.09999999999997,16.0,-434.09999999999997,0.40996,25.9,DEEP_LONGSHOT,-27.131249999999998
1652,-419.09999999999997,16.0,-435.09999999999997,0.180576,126.3,DEEP_LONGSHOT,-27.193749999999998
1653,-420.09999999999997,16.0,-436.09999999999997,0.42728,13.6,LONGSHOT,-27.256249999999998
1654,-421.09999999999997,16.0,-437.09999999999997,0.48456,11.7,LONGSHOT,-27.318749999999998
1655,-422.09999999999997,16.0,-438.09999999999997,0.296368,33.7,DEEP_LONGSHOT,-27.381249999999998
1656,-423.09999999999997,16.0,-439.09999999999997,0.399715,14.2,LONGSHOT,-27.443749999999998
1657,-424.09999999999997,16.0,-440.09999999999997,0.403582,12.6,LONGSHOT,-27.506249999999998
1658,-425.09999999999997,16.0,-441.09999999999997,0.472789,9.5,LONGSHOT,-27.568749999999998
1659,-426.09999999999997,16.0,-442.09999999999997,0.320042,18.6,LONGSHOT,-27.631249999999998
1660,-427.09999999999997,16.0,-443.09999999999997,0.382261,15.8,LONGSHOT,-27.693749999999998
1661,-422.99999999999994,16.0,-438.99999999999994,0.538825,5.1,BALANCED,-27.437499999999996
1662,-423.99999999999994,16.0,-439.99999999999994,0.439268,8.9,LONGSHOT,-27.499999999999996
1663,-424.99999999999994,16.0,-440.99999999999994,0.379301,15.0,LONGSHOT,-27.562499999999996
1664,-425.99999999999994,16.0,-441.99999999999994,0.25914,29.8,DEEP_LONGSHOT,-27.624999999999996
1665,-426.99999999999994,16.0,-442.99999999999994,0.416726,9.5,LONGSHOT,-27.687499999999996
1666,-427.99999999999994,16.0,-443.99999999999994,0.34738,26.3,DEEP_LONGSHOT,-27.749999999999996
1667,-428.99999999999994,16.0,-444.99999999999994,0.343735,15.7,LONGSHOT,-27.812499999999996
1668,-429.99999999999994,16.0,-445.99999999999994,0.534631,6.0,BALANCED,-27.874999999999996
1669,-430.99999999999994,16.0,-446.99999999999994,0.307027,19.8,LONGSHOT,-27.937499999999996
1670,-431.99999999999994,16.0,-447.99999999999994,0.32308,20.6,DEEP_LONGSHOT,-27.999999999999996
1671,-432.99999999999994,16.0,-448.99999999999994,0.278429,28.6,DEEP_LONGSHOT,-28.062499999999996
1672,-433.99999999999994,16.0,-449.99999999999994,0.431293,11.9,LONGSHOT,-28.124999999999996
1673,-434.99999999999994,16.0,-450.99999999999994,0.534785,6.6,BALANCED,-28.187499999999996
1674,-435.99999999999994,16.0,-451.99999999999994,0.24729,39.8,DEEP_LONGSHOT,-28.249999999999996
1675,-436.99999999999994,16.0,-452.99999999999994,0.270104,25.8,DEEP_LONGSHOT,-28.312499999999996
1676,-437.99999999999994,16.0,-453.99999999999994,0.28533,48.3,DEEP_LONGSHOT,-28.374999999999996
1677,-438.99999999999994,16.0,-454.99999999999994,0.381818,20.3,DEEP_LONGSHOT,-28.437499999999996
1678,-439.99999999999994,16.0,-455.99999999999994,0.385192,14.4,LONGSHOT,-28.499999999999996
1679,-440.99999999999994,16.0,-456.99999999999994,0.376912,14.0,LONGSHOT,-28.562499999999996
1680,-441.99999999999994,16.0,-457.99999999999994,0.333748,28.6,DEEP_LONGSHOT,-28.624999999999996
1681,-442.99999999999994,16.0,-458.99999999999994,0.45063,14.0,LONGSHOT,-28.687499999999996
1682,-443.99999999999994,16.0,-459.99999999999994,0.382261,14.0,LONGSHOT,-28.749999999999996
1683,-444.99999999999994,16.0,-460.99999999999994,0.19684,75.0,DEEP_LONGSHOT,-28.812499999999996
1684,-445.99999999999994,16.0,-461.99999999999994,0.173787,132.5,DEEP_LONGSHOT,-28.874999999999996
1685,-446.99999999999994,16.0,-462.99999999999994,0.454766,7.7,BALANCED,-28.937499999999996
1686,-447.99999999999994,16.0,-463.99999999999994,0.28533,38.4,DEEP_LONGSHOT,-28.999999999999996
1687,-448.99999999999994,16.0,-464.99999999999994,0.491786,9.1,LONGSHOT,-29.062499999999996
1688,-449.99999999999994,16.0,-465.99999999999994,0.335805,18.4,LONGSHOT,-29.124999999999996
1689,-450.99999999999994,16.0,-466.99999999999994,0.513831,6.5,BALANCED,-29.187499999999996
1690,-451.99999999999994,16.0,-467.99999999999994,0.30609,26.5,DEEP_LONGSHOT,-29.249999999999996
1691,-452.99999999999994,16.0,-468.99999999999994,0.361236,25.7,DEEP_LONGSHOT,-29.312499999999996
1692,-453.99999999999994,16.0,-469.99999999999994,0.259359,42.0,DEEP_LONGSHOT,-29.374999999999996
1693,-454.99999999999994,16.0,-470.99999999999994,0.569251,4.5,BALANCED,-29.437499999999996
1694,-455.99999999999994,16.0,-471.99999999999994,0.317337,17.8,LONGSHOT,-29.499999999999996
1695,-456.99999999999994,16.0,-472.99999999999994,0.213781,62.9,DEEP_LONGSHOT,-29.562499999999996
1696,-457.99999999999994,16.0,-473.99999999999994,0.364841,16.2,LONGSHOT,-29.624999999999996
1697,-458.99999999999994,16.0,-474.99999999999994,0.354223,14.4,LONGSHOT,-29.687499999999996
1698,-459.99999999999994,16.0,-475.99999999999994,0.296174,26.8,DEEP_LONGSHOT,-29.749999999999996
1699,-460.99999999999994,16.0,-476.99999999999994,0.273044,40.7,DEEP_LONGSHOT,-29.812499999999996
1700,-461.99999999999994,16.0,-477.99999999999994,0.188872,78.7,DEEP_LONGSHOT,-29.874999999999996
1701,-462.99999999999994,16.0,-478.99999999999994,0.397203,10.8,LONGSHOT,-29.937499999999996
1702,-463.99999999999994,16.0,-479.99999999999994,0.331331,17.1,LONGSHOT,-29.999999999999996
1703,-464.99999999999994,16.0,-480.99999999999994,0.335976,17.5,LONGSHOT,-30.062499999999996
1704,-465.99999999999994,16.0,-481.99999999999994,0.568063,4.4,BALANCED,-30.124999999999996
1705,-466.99999999999994,16.0,-482.99999999999994,0.58159,4.3,BALANCED,-30.187499999999996
1706,-467.99999999999994,16.0,-483.99999999999994,0.377661,16.0,LONGSHOT,-30.249999999999996
1707,-468.99999999999994,16.0,-484.99999999999994,0.215333,52.8,DEEP_LONGSHOT,-30.312499999999996
1708,-469.99999999999994,16.0,-485.99999999999994,0.305715,34.8,DEEP_LONGSHOT,-30.374999999999996
1709,-470.99999999999994,16.0,-486.99999999999994,0.573699,7.7,BALANCED,-30.437499999999996
1710,-471.99999999999994,16.0,-487.99999999999994,0.525651,5.8,BALANCED,-30.499999999999996
1711,-472.99999999999994,16.0,-488.99999999999994,0.194876,97.0,DEEP_LONGSHOT,-30.562499999999996
1712,-473.99999999999994,16.0,-489.99999999999994,0.259359,29.9,DEEP_LONGSHOT,-30.624999999999996
1713,-474.99999999999994,16.0,-490.99999999999994,0.288921,24.0,DEEP_LONGSHOT,-30.687499999999996
1714,-475.99999999999994,16.0,-491.99999999999994,0.458499,9.0,LONGSHOT,-30.749999999999996
1715,-476.99999999999994,16.0,-492.99999999999994,0.322902,20.1,DEEP_LONGSHOT,-30.812499999999996
1716,-477.99999999999994,16.0,-493.99999999999994,0.257162,32.4,DEEP_LONGSHOT,-30.874999999999996
1717,-472.59999999999997,16.0,-488.59999999999997,0.549972,6.4,BALANCED,-30.537499999999998
1718,-473.59999999999997,16.0,-489.59999999999997,0.281289,35.1,DEEP_LONGSHOT,-30.599999999999998
1719,-474.59999999999997,16.0,-490.59999999999997,0.372383,17.3,LONGSHOT,-30.662499999999998
1720,-475.59999999999997,16.0,-491.59999999999997,0.40536,10.7,LONGSHOT,-30.724999999999998
1721,-476.59999999999997,16.0,-492.59999999999997,0.3914,11.7,LONGSHOT,-30.787499999999998
1722,-477.59999999999997,16.0,-493.59999999999997,0.581899,4.0,LOW_ODDS,-30.849999999999998
1723,-465.4,16.0,-481.4,0.368558,13.2,LONGSHOT,-30.0875
1724,-466.4,16.0,-482.4,0.412898,11.9,LONGSHOT,-30.15
1725,-467.4,16.0,-483.4,0.470981,8.4,LONGSHOT,-30.2125
1726,-468.4,16.0,-484.4,0.164065,137.9,DEEP_LONGSHOT,-30.275
1727,-469.4,16.0,-485.4,0.56848,5.5,BALANCED,-30.3375
1728,-470.4,16.0,-486.4,0.385775,11.1,LONGSHOT,-30.4
1729,-471.4,16.0,-487.4,0.453738,7.9,BALANCED,-30.4625
1730,-472.4,16.0,-488.4,0.279044,28.2,DEEP_LONGSHOT,-30.525
1731,-473.4,16.0,-489.4,0.334778,15.9,LONGSHOT,-30.5875
1732,-474.4,16.0,-490.4,0.47584,11.3,LONGSHOT,-30.65
1733,-475.4,16.0,-491.4,0.446779,10.4,LONGSHOT,-30.7125
1734,-476.4,16.0,-492.4,0.378854,13.4,LONGSHOT,-30.775
1735,-477.4,16.0,-493.4,0.339035,15.9,LONGSHOT,-30.8375
1736,-478.4,16.0,-494.4,0.57222,4.2,BALANCED,-30.9
1737,-479.4,16.0,-495.4,0.465039,8.4,LONGSHOT,-30.9625
1738,-480.4,16.0,-496.4,0.292275,23.0,DEEP_LONGSHOT,-31.025
1739,-481.4,16.0,-497.4,0.256721,37.9,DEEP_LONGSHOT,-31.0875
1740,-474.2,16.0,-490.2,0.454994,8.2,LONGSHOT,-30.6375
1741,-475.2,16.0,-491.2,0.447601,11.4,LONGSHOT,-30.7
1742,-476.2,16.0,-492.2,0.300981,35.8,DEEP_LONGSHOT,-30.7625
1743,-477.2,16.0,-493.2,0.592612,4.2,BALANCED,-30.825
1744,-478.2,16.0,-494.2,0.490517,7.6,BALANCED,-30.8875
1745,-479.2,16.0,-495.2,0.389537,13.8,LONGSHOT,-30.95
1746,-480.2,16.0,-496.2,0.276576,26.9,DEEP_LONGSHOT,-31.0125
1747,-481.2,16.0,-497.2,0.520429,5.5,BALANCED,-31.075
1748,-482.2,16.0,-498.2,0.3704,14.1,LONGSHOT,-31.1375
1749,-483.2,16.0,-499.2,0.289911,26.4,DEEP_LONGSHOT,-31.2
1750,-484.2,16.0,-500.2,0.3849,11.6,LONGSHOT,-31.2625
1751,-485.2,16.0,-501.2,0.437327,10.4,LONGSHOT,-31.325
1752,-486.2,16.0,-502.2,0.367015,15.4,LONGSHOT,-31.3875
1753,-487.2,16.0,-503.2,0.332542,15.8,LONGSHOT,-31.45
1754,-488.2,16.0,-504.2,0.519162,6.4,BALANCED,-31.5125
1755,-489.2,16.0,-505.2,0.24729,39.7,DEEP_LONGSHOT,-31.575
1756,-490.2,16.0,-506.2,0.204255,60.6,DEEP_LONGSHOT,-31.6375
1757,-491.2,16.0,-507.2,0.407263,12.4,LONGSHOT,-31.7
1758,-468.8,16.0,-484.8,0.297141,23.4,DEEP_LONGSHOT,-30.3
1759,-469.8,16.0,-485.8,0.409423,12.2,LONGSHOT,-30.3625
1760,-470.8,16.0,-486.8,0.251595,33.3,DEEP_LONGSHOT,-30.425
1761,-471.8,16.0,-487.8,0.362965,16.1,LONGSHOT,-30.4875
1762,-472.8,16.0,-488.8,0.277607,33.1,DEEP_LONGSHOT,-30.55
1763,-473.8,16.0,-489.8,0.46916,7.4,BALANCED,-30.6125
1764,-463.40000000000003,16.0,-479.40000000000003,0.450514,11.4,LONGSHOT,-29.962500000000002
1765,-464.40000000000003,16.0,-480.40000000000003,0.511107,6.8,BALANCED,-30.025000000000002
1766,-465.40000000000003,16.0,-481.40000000000003,0.351471,14.1,LONGSHOT,-30.087500000000002
1767,-466.40000000000003,16.0,-482.40000000000003,0.288325,30.8,DEEP_LONGSHOT,-30.150000000000002
1768,-462.50000000000006,16.0,-478.50000000000006,0.546519,4.9,BALANCED,-29.906250000000004
1769,-463.50000000000006,16.0,-479.50000000000006,0.511372,5.9,BALANCED,-29.968750000000004
1770,-464.50000000000006,16.0,-480.50000000000006,0.364685,16.4,LONGSHOT,-30.031250000000004
1771,-465.50000000000006,16.0,-481.50000000000006,0.439993,11.5,LONGSHOT,-30.093750000000004
1772,-466.50000000000006,16.0,-482.50000000000006,0.490712,7.4,BALANCED,-30.156250000000004
1773,-467.50000000000006,16.0,-483.50000000000006,0.441676,8.2,LONGSHOT,-30.218750000000004
1774,-468.50000000000006,16.0,-484.50000000000006,0.447952,9.4,LONGSHOT,-30.281250000000004
1775,-469.50000000000006,16.0,-485.50000000000006,0.395093,10.9,LONGSHOT,-30.343750000000004
1776,-470.50000000000006,16.0,-486.50000000000006,0.368404,14.1,LONGSHOT,-30.406250000000004
1777,-471.50000000000006,16.0,-487.50000000000006,0.544218,5.3,BALANCED,-30.468750000000004
1778,-472.50000000000006,16.0,-488.50000000000006,0.32076,27.9,DEEP_LONGSHOT,-30.531250000000004
1779,-473.50000000000006,16.0,-489.50000000000006,0.37541,12.3,LONGSHOT,-30.593750000000004
1780,-474.50000000000006,16.0,-490.50000000000006,0.453509,12.8,LONGSHOT,-30.656250000000004
1781,-475.50000000000006,16.0,-491.50000000000006,0.228634,42.3,DEEP_LONGSHOT,-30.718750000000004
1782,-476.50000000000006,16.0,-492.50000000000006,0.326266,18.6,LONGSHOT,-30.781250000000004
1783,-477.50000000000006,16.0,-493.50000000000006,0.350983,18.7,LONGSHOT,-30.843750000000004
1784,-478.50000000000006,16.0,-494.50000000000006,0.360289,14.4,LONGSHOT,-30.906250000000004
1785,-479.50000000000006,16.0,-495.50000000000006,0.316793,19.4,LONGSHOT,-30.968750000000004
1786,-480.50000000000006,16.0,-496.50000000000006,0.605984,3.5,LOW_ODDS,-31.031250000000004
1787,-481.50000000000006,16.0,-497.50000000000006,0.248884,38.1,DEEP_LONGSHOT,-31.093750000000004
1788,-476.20000000000005,16.0,-492.20000000000005,0.509507,6.3,BALANCED,-30.762500000000003
1789,-477.20000000000005,16.0,-493.20000000000005,0.48345,7.5,BALANCED,-30.825000000000003
1790,-478.20000000000005,16.0,-494.20000000000005,0.570717,4.6,BALANCED,-30.887500000000003
1791,-479.20000000000005,16.0,-495.20000000000005,0.271367,25.7,DEEP_LONGSHOT,-30.950000000000003
1792,-480.20000000000005,16.0,-496.20000000000005,0.36825,19.3,LONGSHOT,-31.012500000000003
1793,-481.20000000000005,16.0,-497.20000000000005,0.536169,5.7,BALANCED,-31.075000000000003
1794,-482.20000000000005,16.0,-498.20000000000005,0.266281,34.1,DEEP_LONGSHOT,-31.137500000000003
1795,-483.20000000000005,16.0,-499.20000000000005,0.331505,16.5,LONGSHOT,-31.200000000000003
1796,-484.20000000000005,16.0,-500.20000000000005,0.357431,18.2,LONGSHOT,-31.262500000000003
1797,-485.20000000000005,16.0,-501.20000000000005,0.258482,30.1,DEEP_LONGSHOT,-31.325000000000003
1798,-486.20000000000005,16.0,-502.20000000000005,0.196281,74.8,DEEP_LONGSHOT,-31.387500000000003
1799,-487.20000000000005,16.0,-503.20000000000005,0.451555,11.9,LONGSHOT,-31.450000000000003
1800,-488.20000000000005,16.0,-504.20000000000005,0.529765,5.8,BALANCED,-31.512500000000003
1801,-489.20000000000005,16.0,-505.20000000000005,0.338696,15.3,LONGSHOT,-31.575000000000003
1802,-490.20000000000005,16.0,-506.20000000000005,0.511549,6.6,BALANCED,-31.637500000000003
1803,-491.20000000000005,16.0,-507.20000000000005,0.444536,8.3,LONGSHOT,-31.700000000000003
1804,-492.20000000000005,16.0,-508.20000000000005,0.448536,9.6,LONGSHOT,-31.762500000000003
1805,-481.30000000000007,16.0,-497.30000000000007,0.410228,11.9,LONGSHOT,-31.081250000000004
1806,-474.6000000000001,16.0,-490.6000000000001,0.465366,7.7,BALANCED,-30.662500000000005
1807,-475.6000000000001,16.0,-491.6000000000001,0.246375,39.3,DEEP_LONGSHOT,-30.725000000000005
1808,-476.6000000000001,16.0,-492.6000000000001,0.46819,7.8,BALANCED,-30.787500000000005
1809,-472.6000000000001,16.0,-488.6000000000001,0.544218,5.0,BALANCED,-30.537500000000005
1810,-473.6000000000001,16.0,-489.6000000000001,0.26947,30.8,DEEP_LONGSHOT,-30.600000000000005
1811,-474.6000000000001,16.0,-490.6000000000001,0.265853,28.2,DEEP_LONGSHOT,-30.662500000000005
1812,-475.6000000000001,16.0,-491.6000000000001,0.463722,10.7,LONGSHOT,-30.725000000000005
1813,-476.6000000000001,16.0,-492.6000000000001,0.314426,18.8,LONGSHOT,-30.787500000000005
1814,-477.6000000000001,16.0,-493.6000000000001,0.502603,6.0,BALANCED,-30.850000000000005
1815,-478.6000000000001,16.0,-494.6000000000001,0.425379,13.2,LONGSHOT,-30.912500000000005
1816,-479.6000000000001,16.0,-495.6000000000001,0.26478,42.0,DEEP_LONGSHOT,-30.975000000000005
1817,-480.6000000000001,16.0,-496.6000000000001,0.337849,22.4,DEEP_LONGSHOT,-31.037500000000005
1818,-477.30000000000007,16.0,-493.30000000000007,0.578486,4.3,BALANCED,-30.831250000000004
1819,-478.30000000000007,16.0,-494.30000000000007,0.397343,11.8,LONGSHOT,-30.893750000000004
1820,-479.30000000000007,16.0,-495.30000000000007,0.392826,12.3,LONGSHOT,-30.956250000000004
1821,-480.30000000000007,16.0,-496.30000000000007,0.432039,17.1,LONGSHOT,-31.018750000000004
1822,-481.30000000000007,16.0,-497.30000000000007,0.317156,17.5,LONGSHOT,-31.081250000000004
1823,-482.30000000000007,16.0,-498.30000000000007,0.23372,41.7,DEEP_LONGSHOT,-31.143750000000004
1824,-483.30000000000007,16.0,-499.30000000000007,0.540991,6.9,BALANCED,-31.206250000000004
1825,-484.30000000000007,16.0,-500.30000000000007,0.332024,15.9,LONGSHOT,-31.268750000000004
1826,-485.30000000000007,16.0,-501.30000000000007,0.284325,34.6,DEEP_LONGSHOT,-31.331250000000004
1827,-486.30000000000007,16.0,-502.30000000000007,0.308148,23.9,DEEP_LONGSHOT,-31.393750000000004
1828,-487.30000000000007,16.0,-503.30000000000007,0.252044,38.7,DEEP_LONGSHOT,-31.456250000000004
1829,-488.30000000000007,16.0,-504.30000000000007,0.257603,36.8,DEEP_LONGSHOT,-31.518750000000004
1830,-489.30000000000007,16.0,-505.30000000000007,0.519586,7.3,BALANCED,-31.581250000000004
1831,-490.30000000000007,16.0,-506.30000000000007,0.588123,4.5,BALANCED,-31.643750000000004
1832,-491.30000000000007,16.0,-507.30000000000007,0.448069,12.0,LONGSHOT,-31.706250000000004
1833,-492.30000000000007,16.0,-508.30000000000007,0.449003,10.1,LONGSHOT,-31.768750000000004
1834,-493.30000000000007,16.0,-509.30000000000007,0.282304,50.3,DEEP_LONGSHOT,-31.831250000000004
1835,-494.30000000000007,16.0,-510.30000000000007,0.260887,51.8,DEEP_LONGSHOT,-31.893750000000004
1836,-495.30000000000007,16.0,-511.30000000000007,0.512869,7.1,BALANCED,-31.956250000000004
1837,-496.30000000000007,16.0,-512.3000000000001,0.353093,17.6,LONGSHOT,-32.018750000000004
1838,-497.30000000000007,16.0,-513.3000000000001,0.319323,19.4,LONGSHOT,-32.081250000000004
1839,-498.30000000000007,16.0,-514.3000000000001,0.317699,24.4,DEEP_LONGSHOT,-32.143750000000004
1840,-499.30000000000007,16.0,-515.3000000000001,0.318422,23.2,DEEP_LONGSHOT,-32.206250000000004
1841,-500.30000000000007,16.0,-516.3000000000001,0.357431,22.7,DEEP_LONGSHOT,-32.268750000000004
1842,-496.00000000000006,16.0,-512.0,0.530004,5.3,BALANCED,-32.0
1843,-497.00000000000006,16.0,-513.0,0.288921,27.9,DEEP_LONGSHOT,-32.0625
1844,-498.00000000000006,16.0,-514.0,0.261322,33.6,DEEP_LONGSHOT,-32.125
1845,-499.00000000000006,16.0,-515.0,0.382702,17.9,LONGSHOT,-32.1875
1846,-500.00000000000006,16.0,-516.0,0.461846,7.9,BALANCED,-32.25
1847,-501.00000000000006,16.0,-517.0,0.329419,15.9,LONGSHOT,-32.3125
1848,-502.00000000000006,16.0,-518.0,0.39382,14.5,LONGSHOT,-32.375
1849,-503.00000000000006,16.0,-519.0,0.396923,10.5,LONGSHOT,-32.4375
1850,-504.00000000000006,16.0,-520.0,0.443705,10.1,LONGSHOT,-32.5
1851,-505.00000000000006,16.0,-521.0,0.310933,27.9,DEEP_LONGSHOT,-32.5625
1852,-506.00000000000006,16.0,-522.0,0.228389,61.9,DEEP_LONGSHOT,-32.625
1853,-507.00000000000006,16.0,-523.0,0.242686,44.0,DEEP_LONGSHOT,-32.6875
1854,-508.00000000000006,16.0,-524.0,0.341729,15.9,LONGSHOT,-32.75
1855,-509.00000000000006,16.0,-525.0,0.272207,50.4,DEEP_LONGSHOT,-32.8125
1856,-510.00000000000006,16.0,-526.0,0.35535,23.6,DEEP_LONGSHOT,-32.875
1857,-505.80000000000007,16.0,-521.8000000000001,0.539201,5.2,BALANCED,-32.612500000000004
1858,-506.80000000000007,16.0,-522.8000000000001,0.221191,48.6,DEEP_LONGSHOT,-32.675000000000004
1859,-507.80000000000007,16.0,-523.8000000000001,0.518483,7.0,BALANCED,-32.737500000000004
1860,-508.80000000000007,16.0,-524.8000000000001,0.351146,16.0,LONGSHOT,-32.800000000000004
1861,-509.80000000000007,16.0,-525.8000000000001,0.587361,4.6,BALANCED,-32.862500000000004
