timestamp,race_id,selection,probability,odds,predicted_odds,confirmed_odds,slippage_pct,edge,expected_value,expected_value_per_unit,calibrated_probability,stake,mode,api_status,api_error,hit,profit,bankroll,drawdown,risk_multiplier,lose_streak,win_streak,race_risk_used,model_version,calibration_hash,shutdown_state,shutdown_reason
2026-05-11T07:19:38.214182,SIM_0,Horse_0,0.312457,6.55,,,,0.159785,,,,468.0,,,,0,-468.0,20000,0.0,1.0,0,0,0,,,,
2026-05-11T07:19:38.218349,SIM_0,Horse_1,0.361368,27.58,,,,0.32511,,,,304.2,,,,0,-304.2,20000,0.0,1.0,0,0,0,,,,
2026-05-11T07:19:38.385748,SIM_0,Horse_2,0.440392,5.45,,,,0.256906,,,,158.184,,,,0,-158.18,20000,0.0,1.0,0,0,0,,,,
2026-05-11T07:19:38.557305,SIM_0,Horse_3,0.320492,17.62,,,,0.263738,,,,102.81960000000002,,,,0,-82.26,20000,0.0,1.0,0,0,0,,,,
2026-05-11T07:19:38.619889,SIM_0,Horse_4,0.257655,20.76,,,,0.209486,,,,53.46619200000002,,,,0,-66.83,20000,0.0,1.0,0,0,0,,,,
2026-05-11T07:19:38.682311,SIM_0,Horse_6,0.255129,19.39,,,,0.203556,,,,27.80241984000001,,,,0,-9.27,20000,0.0,1.0,0,0,0,,,,
2026-05-11T07:19:39.055358,SIM_0,Horse_7,0.300994,28.75,,,,0.266211,,,,14.457258316800006,,,,0,-27.8,20000,0.0,1.0,0,0,0,,,,
2026-05-11T07:20:39.147984,SIM_0,Horse_0,0.308189,21.05,,,,0.260683,,,,468.0,,,,0,-468.0,20000,0.0,1.0,0,0,0,,,,
2026-05-11T07:20:39.396577,SIM_0,Horse_1,0.365132,7.46,,,,0.231084,,,,304.2,,,,0,-304.2,20000,0.0,1.0,0,0,0,,,,
2026-05-11T07:20:39.459511,SIM_0,Horse_2,0.293661,15.47,,,,0.22902,,,,158.184,,,,0,-158.18,20000,0.0,1.0,0,0,0,,,,
2026-05-11T07:20:39.722944,SIM_0,Horse_3,0.293779,20.1,,,,0.244028,,,,82.25568000000001,,,,0,-82.26,20000,0.0,1.0,0,0,0,,,,
2026-05-11T07:20:39.724171,SIM_0,Horse_4,0.380533,8.96,,,,0.268926,,,,66.83274000000002,,,,0,-66.83,20000,0.0,1.0,0,0,0,,,,
2026-05-11T07:20:39.727786,SIM_0,Horse_5,0.312637,21.28,,,,0.265644,,,,27.802419840000006,,,,1,103.22,20000,0.0,1.0,0,0,0,,,,
2026-05-11T07:20:39.731922,SIM_0,Horse_6,0.405117,7.43,,,,0.270528,,,,17.37651240000001,,,,0,-9.27,20000,0.0,1.0,0,0,0,,,,
2026-05-11T07:21:14.546552,SIM_0,Horse_0,0.376093,21.95,,,,0.330534,,,,468.0,,,,0,-468.0,20000,0.0,1.0,0,0,0,,,,
2026-05-11T07:21:14.549086,SIM_0,Horse_1,0.417334,6.66,,,,0.267184,,,,304.2,,,,0,-304.2,20000,0.0,1.0,0,0,0,,,,
2026-05-11T07:21:14.602673,SIM_0,Horse_2,0.366157,10.21,,,,0.268213,,,,158.184,,,,0,-158.18,20000,0.0,1.0,0,0,0,,,,
2026-05-11T07:21:14.608186,SIM_0,Horse_3,0.260375,26.0,,,,0.221914,,,,82.25568000000001,,,,0,-82.26,20000,0.0,1.0,0,0,0,,,,
2026-05-11T07:21:14.614196,SIM_0,Horse_4,0.316554,6.71,,,,0.167522,,,,66.83274000000002,,,,0,-66.83,20000,0.0,1.0,0,0,0,,,,
2026-05-11T07:21:14.617708,SIM_0,Horse_5,0.442328,3.97,,,,0.190439,,,,34.75302480000002,,,,1,103.22,20000,0.0,1.0,0,0,0,,,,
2026-05-11T07:21:14.620729,SIM_0,Horse_6,0.315138,22.19,,,,0.270073,,,,9.267473280000003,,,,0,-9.27,20000,0.0,1.0,0,0,0,,,,
2026-05-11T07:21:46.700736,SIM_0,Horse_0,0.320023,15.1,,,,0.253797,,,,468.0,,,,0,-468.0,20000,0.0,1.0,0,0,0,,,,
2026-05-11T07:21:46.702743,SIM_0,Horse_1,0.250447,29.97,,,,0.21708,,,,243.36,,,,0,-243.36,20000,0.0,1.0,0,0,0,,,,
2026-05-11T07:21:46.708429,SIM_0,Horse_2,0.379645,28.92,,,,0.345067,,,,126.54720000000002,,,,0,-126.55,20000,0.0,1.0,0,0,0,,,,
2026-05-11T07:21:46.712010,SIM_0,Horse_3,0.362247,12.4,,,,0.281601,,,,65.80454400000002,,,,0,-65.8,20000,0.0,1.0,0,0,0,,,,
2026-05-11T07:21:46.716513,SIM_0,Horse_4,0.300162,22.6,,,,0.255914,,,,34.218362880000015,,,,0,-34.22,20000,0.0,1.0,0,0,0,,,,
2026-05-11T07:21:46.720628,SIM_0,Horse_5,0.28456,9.65,,,,0.180933,,,,54.30160125000002,,,,0,-54.3,20000,0.0,1.0,0,0,0,,,,
2026-05-11T07:21:46.724058,SIM_0,Horse_6,0.35952,29.97,,,,0.326153,,,,8.896774348800005,,,,0,-8.9,20000,0.0,1.0,0,0,0,,,,
2026-05-11T07:21:58.935957,SIM_0,Horse_0,0.263215,26.87,,,,0.225999,,,,468.0,,,,0,-468.0,20000,0.0,1.0,0,0,0,,,,
2026-05-11T07:21:58.938475,SIM_0,Horse_2,0.346529,24.26,,,,0.305309,,,,243.36,,,,0,-243.36,20000,0.0,1.0,0,0,0,,,,
2026-05-11T07:21:59.052606,SIM_0,Horse_3,0.271159,15.59,,,,0.207015,,,,126.54720000000002,,,,0,-126.55,20000,0.0,1.0,0,0,0,,,,
2026-05-11T07:21:59.053608,SIM_0,Horse_5,0.343893,6.0,,,,0.177226,,,,128.52450000000002,,,,0,-128.52,20000,0.0,1.0,0,0,0,,,,
2026-05-11T07:21:59.055609,SIM_0,Horse_6,0.333056,8.38,,,,0.213724,,,,66.83274000000002,,,,0,-66.83,20000,0.0,1.0,0,0,0,,,,
2026-05-11T07:21:59.056611,SIM_0,Horse_7,0.298141,23.81,,,,0.256142,,,,27.802419840000006,,,,0,-27.8,20000,0.0,1.0,0,0,0,,,,
2026-05-11T07:21:59.204962,SIM_1,Horse_1,0.263672,21.63,,,,0.21744,,,,200.0,,,,0,-200.0,18938.93,0.053,0.447,6,0,0,,,,
2026-05-11T07:21:59.206962,SIM_1,Horse_2,0.382298,29.21,,,,0.348063,,,,192.04078204122237,,,,0,-192.04,18938.93,0.053,0.447,6,0,0,,,,
2026-05-11T08:22:37.777472,SIM_0,Horse_0,0.187593,8.06,,,,0.063524,,,,120.0,,,,0,-120.0,20000,0.0,1.0,0,0,0,,,,
2026-05-11T08:22:37.780761,SIM_0,Horse_2,0.187593,26.8,,,,0.15028,,,,304.2,,,,0,-304.2,20000,0.0,1.0,0,0,0,,,,
2026-05-11T08:22:38.154150,SIM_0,Horse_3,0.187593,15.86,,,,0.124542,,,,121.68000000000004,,,,0,-121.68,20000,0.0,1.0,0,0,0,,,,
2026-05-11T08:22:38.509107,SIM_0,Horse_4,0.187593,19.16,,,,0.135401,,,,82.25568000000003,,,,0,-82.26,20000,0.0,1.0,0,0,0,,,,
2026-05-11T08:22:38.882941,SIM_0,Horse_5,0.187593,18.58,,,,0.133772,,,,42.772953600000015,,,,0,-42.77,20000,0.0,1.0,0,0,0,,,,
2026-05-11T08:22:39.088244,SIM_0,Horse_6,0.187593,16.29,,,,0.126206,,,,22.24193587200001,,,,0,-22.24,20000,0.0,1.0,0,0,0,,,,
2026-05-11T08:22:39.459414,SIM_0,Horse_7,0.187593,13.12,,,,0.111374,,,,8.896774348800006,,,,1,107.83,20000,0.0,1.0,0,0,0,,,,
2026-05-11T08:22:39.849159,SIM_0,Horse_8,0.187593,22.85,,,,0.14383,,,,6.014219459788805,,,,0,-6.01,20000,0.0,1.0,0,0,0,,,,
2026-05-11T08:22:39.896438,SIM_0,Horse_9,0.187593,10.08,,,,0.088387,,,,1.6037918559436817,,,,0,-1.6,20000,0.0,1.0,0,0,0,,,,
2026-05-11T08:22:39.899438,SIM_0,Horse_10,0.187593,15.32,,,,0.122319,,,,1.2509576476360718,,,,0,-1.25,20000,0.0,1.0,0,0,0,,,,
2026-05-11T08:22:40.898662,SIM_0,Horse_11,0.187593,13.57,,,,0.113901,,,,0.6504979767707574,,,,0,-0.65,20000,0.0,1.0,0,0,0,,,,
2026-05-11T08:22:41.539670,SIM_0,Horse_13,0.187593,6.9,,,,0.042666,,,,0.840075184704844,,,,0,-0.84,20000,0.0,1.0,0,0,0,,,,
2026-05-11T08:22:42.519140,SIM_1,Horse_0,0.187593,11.44,,,,0.100181,,,,120.0,,,,0,-120.0,19404.32,0.03,0.47,5,0,0,,,,
2026-05-11T08:22:42.520139,SIM_1,Horse_2,0.187593,21.29,,,,0.140623,,,,62.400000000000006,,,,0,-62.4,19404.32,0.03,0.47,5,0,0,,,,
2026-05-11T08:22:42.522137,SIM_1,Horse_3,0.187593,24.77,,,,0.147222,,,,64.896,,,,1,1542.58,19404.32,0.03,0.47,5,0,0,,,,
2026-05-11T08:22:42.523137,SIM_1,Horse_5,0.187593,13.87,,,,0.115495,,,,16.872960000000006,,,,0,-16.87,19404.32,0.03,0.47,5,0,0,,,,
2026-05-11T08:22:42.524136,SIM_1,Horse_6,0.187593,20.89,,,,0.139724,,,,8.773939200000003,,,,0,-8.77,19404.32,0.03,0.47,5,0,0,,,,
2026-05-11T08:22:42.525250,SIM_1,Horse_7,0.187593,21.37,,,,0.140799,,,,4.562448384000002,,,,0,-4.56,19404.32,0.03,0.47,5,0,0,,,,
2026-05-11T08:22:42.526251,SIM_1,Horse_8,0.187593,16.35,,,,0.126431,,,,2.3724731596800015,,,,0,-2.37,19404.32,0.03,0.47,5,0,0,,,,
2026-05-11T08:22:43.198258,SIM_2,Horse_0,0.187593,19.49,,,,0.136285,,,,360.0,,,,0,-360.0,20731.91,0.002,0.748,4,0,0,,,,
2026-05-11T08:22:43.200244,SIM_2,Horse_1,0.187593,16.85,,,,0.128246,,,,187.20000000000002,,,,0,-187.2,20731.91,0.002,0.748,4,0,0,,,,
2026-05-11T08:22:43.264199,SIM_2,Horse_4,0.187593,26.2,,,,0.149426,,,,32.448,,,,0,-32.45,20731.91,0.002,0.748,4,0,0,,,,
2026-05-11T08:27:12.825177,SIM_0,Horse_0,0.187593,11.52,,,,0.100788,,,,360.0,,,,0,-360.0,20000,0.0,1.0,0,0,0,,,,
2026-05-11T08:27:12.987630,SIM_0,Horse_2,0.187593,26.64,,,,0.150056,,,,243.36,,,,0,-243.36,20000,0.0,1.0,0,0,0,,,,
2026-05-11T08:27:13.307482,SIM_0,Horse_3,0.187593,14.95,,,,0.120704,,,,97.34400000000001,,,,0,-97.34,20000,0.0,1.0,0,0,0,,,,
2026-05-11T08:27:13.411728,SIM_0,Horse_4,0.187593,28.39,,,,0.15237,,,,65.80454400000002,,,,0,-65.8,20000,0.0,1.0,0,0,0,,,,
2026-05-11T08:27:13.416276,SIM_0,Horse_5,0.187593,18.12,,,,0.132406,,,,34.218362880000015,,,,0,-34.22,20000,0.0,1.0,0,0,0,,,,
2026-05-11T08:27:13.420786,SIM_0,Horse_6,0.187593,25.95,,,,0.149058,,,,17.79354869760001,,,,1,443.95,20000,0.0,1.0,0,0,0,,,,
2026-05-11T08:27:13.424334,SIM_0,Horse_7,0.187593,14.76,,,,0.119843,,,,7.117419479040005,,,,0,-7.12,20000,0.0,1.0,0,0,0,,,,
2026-05-11T08:27:13.428332,SIM_0,Horse_8,0.187593,14.74,,,,0.119751,,,,3.701058129100803,,,,0,-3.7,20000,0.0,1.0,0,0,0,,,,
2026-05-11T08:27:13.432333,SIM_0,Horse_9,0.187593,13.25,,,,0.112122,,,,1.924550227132418,,,,0,-1.92,20000,0.0,1.0,0,0,0,,,,
2026-05-11T08:27:13.434488,SIM_0,Horse_10,0.187593,11.7,,,,0.102123,,,,1.0007661181088574,,,,0,-1.0,20000,0.0,1.0,0,0,0,,,,
2026-05-11T08:27:13.437496,SIM_0,Horse_11,0.187593,14.91,,,,0.120524,,,,0.5203983814166059,,,,0,-0.52,20000,0.0,1.0,0,0,0,,,,
2026-05-11T08:27:13.443518,SIM_0,Horse_12,0.187593,20.33,,,,0.138405,,,,0.3517893058376257,,,,0,-0.35,20000,0.0,1.0,0,0,0,,,,
2026-05-11T08:46:21.575558,SIM_0,Horse_0,0.187593,16.37,,,,0.126506,,,,468.0,,,,0,-468.0,20000,0.0,1.0,0,0,0,,,,
2026-05-11T08:46:21.579027,SIM_0,Horse_1,0.187593,16.52,,,,0.127061,,,,243.36,,,,0,-243.36,20000,0.0,1.0,0,0,0,,,,
2026-05-11T08:46:21.583644,SIM_0,Horse_2,0.187593,13.87,,,,0.115495,,,,97.34400000000001,,,,0,-97.34,20000,0.0,1.0,0,0,0,,,,
2026-05-11T08:46:21.585665,SIM_0,Horse_3,0.187593,29.14,,,,0.153276,,,,65.80454400000002,,,,0,-65.8,20000,0.0,1.0,0,0,0,,,,
2026-05-11T08:46:21.587655,SIM_0,Horse_4,0.187593,21.78,,,,0.14168,,,,34.218362880000015,,,,0,-34.22,20000,0.0,1.0,0,0,0,,,,
2026-05-11T08:46:21.590340,SIM_0,Horse_5,0.187593,27.37,,,,0.151057,,,,17.79354869760001,,,,0,-17.79,20000,0.0,1.0,0,0,0,,,,
2026-05-11T08:46:21.593309,SIM_0,Horse_6,0.187593,21.21,,,,0.140446,,,,9.252645322752006,,,,1,187.0,20000,0.0,1.0,0,0,0,,,,
2026-05-11T08:46:21.597305,SIM_0,Horse_7,0.187593,10.43,,,,0.091716,,,,2.4673720860672024,,,,0,-2.47,20000,0.0,1.0,0,0,0,,,,
2026-05-11T08:46:21.599841,SIM_0,Horse_8,0.187593,13.57,,,,0.113901,,,,1.924550227132418,,,,0,-1.92,20000,0.0,1.0,0,0,0,,,,
2026-05-11T08:46:21.603851,SIM_0,Horse_9,0.187593,9.81,,,,0.085657,,,,4.970859081093753,,,,0,-4.97,20000,0.0,1.0,0,0,0,,,,
2026-05-11T08:46:21.606844,SIM_0,Horse_10,0.187593,18.28,,,,0.132889,,,,0.8456473698019845,,,,0,-0.85,20000,0.0,1.0,0,0,0,,,,
2026-05-11T08:46:21.611049,SIM_0,Horse_11,0.187593,29.09,,,,0.153217,,,,0.439736632297032,,,,0,-0.44,20000,0.0,1.0,0,0,0,,,,
2026-05-26T12:43:02.514904,SHADOW_0000,H2,0.300366,24.73,24.73,22.873,-0.075091,0.168954,4.178232,5.870272,0.300366,100,SHADOW_MODE,shadow,,1,7119.0,20000,0.0,1.0,0,0,1700,,,ACTIVE,
2026-05-26T12:43:02.528979,SHADOW_0000,H0,0.30092,23.87,23.87,22.8053,-0.044604,0.168367,4.018917,5.862571,0.30092,100,SHADOW_MODE,shadow,,0,-300.0,20000,0.0,1.0,0,0,1700,,,ACTIVE,
2026-05-26T12:43:02.531973,SHADOW_0000,H1,0.303519,20.52,20.52,21.1064,0.028577,0.165611,3.39833,5.406193,0.303519,100,SHADOW_MODE,shadow,,0,-300.0,20000,0.0,1.0,0,0,1700,,,ACTIVE,
2026-05-26T12:43:02.669966,SHADOW_0001,H8,0.300385,24.7,24.7,23.3567,-0.054385,0.168934,4.172675,6.016002,0.300385,100,SHADOW_MODE,shadow,,0,-151.0,26519.0,0.022,0.956,2,0,2651,,,ACTIVE,
2026-05-26T12:43:02.670994,SHADOW_0001,H4,0.300498,24.52,24.52,24.9424,0.017227,0.168814,4.13933,6.495141,0.300498,100,SHADOW_MODE,shadow,,0,-400.0,26519.0,0.022,0.956,2,0,2651,,,ACTIVE,
2026-05-26T12:43:02.672037,SHADOW_0001,H7,0.304338,19.65,19.65,19.4008,-0.012682,0.164741,3.237162,4.904401,0.304338,100,SHADOW_MODE,shadow,,0,-400.0,26519.0,0.022,0.956,2,0,2651,,,ACTIVE,
2026-05-26T12:43:02.724440,SHADOW_0002,H1,0.317068,11.85,11.85,12.4383,0.049646,0.151242,1.792212,2.943787,0.317068,100,SHADOW_MODE,shadow,,0,-200.0,25568.0,0.057,0.443,5,0,300,,,ACTIVE,
2026-05-26T12:43:02.725469,SHADOW_0002,H0,0.357937,5.21,5.21,5.2729,0.012073,0.107899,0.562153,0.887366,0.357937,100,SHADOW_MODE,shadow,,0,-100.0,25568.0,0.057,0.443,5,0,300,,,ACTIVE,
2026-05-26T12:47:08.106522,SHADOW_0000,H9,0.178214,16.37,16.37,15.5906,-0.047611,0.076132,1.246284,1.778463,0.178214,100,SHADOW_MODE,shadow,,0,-200.0,20000,0.0,1.0,0,0,1100,,,ACTIVE,
2026-05-26T12:47:08.109503,SHADOW_0000,H1,0.178214,15.94,15.94,15.2572,-0.042836,0.075061,1.196473,1.719047,0.178214,100,SHADOW_MODE,shadow,,0,-200.0,20000,0.0,1.0,0,0,1100,,,ACTIVE,
2026-05-26T12:47:08.112504,SHADOW_0000,H7,0.178214,14.65,14.65,13.9544,-0.047481,0.07147,1.047041,1.486869,0.178214,100,SHADOW_MODE,shadow,,1,2730.0,20000,0.0,1.0,0,0,1100,,,ACTIVE,
2026-05-26T12:47:08.487040,SHADOW_0001,H4,0.178214,24.93,24.93,24.135,-0.031889,0.089766,2.237865,3.301195,0.178214,100,SHADOW_MODE,shadow,,0,-200.0,22330.0,0.0,1.0,0,1,1400,,,ACTIVE,
2026-05-26T12:47:08.488040,SHADOW_0001,H12,0.178214,22.71,22.71,23.6932,0.043294,0.087217,1.980703,3.22246,0.178214,100,SHADOW_MODE,shadow,,0,-200.0,22330.0,0.0,1.0,0,1,1400,,,ACTIVE,
2026-05-26T12:47:08.490049,SHADOW_0001,H0,0.178214,21.85,21.85,21.2415,-0.027849,0.086091,1.881081,2.785533,0.178214,100,SHADOW_MODE,shadow,,0,-200.0,22330.0,0.0,1.0,0,1,1400,,,ACTIVE,
2026-05-26T12:47:08.745524,SHADOW_0002,H1,0.178214,23.72,23.72,23.7823,0.002626,0.088436,2.0977,3.238339,0.178214,100,SHADOW_MODE,shadow,,0,-100.0,21730.0,0.027,0.71,3,0,800,,,ACTIVE,
2026-05-26T12:47:08.746523,SHADOW_0002,H5,0.178214,22.95,22.95,21.1255,-0.079499,0.087517,2.008504,2.76486,0.178214,100,SHADOW_MODE,shadow,,0,-100.0,21730.0,0.027,0.71,3,0,800,,,ACTIVE,
2026-05-26T12:47:08.747554,SHADOW_0002,H6,0.178214,19.12,19.12,19.2269,0.005591,0.081843,1.564841,2.426503,0.178214,100,SHADOW_MODE,shadow,,0,-100.0,21730.0,0.027,0.71,3,0,800,,,ACTIVE,
2026-05-26T12:47:09.032074,SHADOW_0003,H1,0.178214,23.44,23.44,24.0412,0.025648,0.088109,2.065265,3.284478,0.178214,100,SHADOW_MODE,shadow,,0,-100.0,21430.0,0.04,0.46,6,0,800,,,ACTIVE,
2026-05-26T12:47:09.033135,SHADOW_0003,H12,0.178214,22.81,22.81,21.6782,-0.049619,0.087343,1.992287,2.863359,0.178214,100,SHADOW_MODE,shadow,,0,-100.0,21430.0,0.04,0.46,6,0,800,,,ACTIVE,
2026-05-26T12:47:09.034075,SHADOW_0003,H2,0.178214,22.72,22.72,21.786,-0.041109,0.08723,1.981861,2.88257,0.178214,100,SHADOW_MODE,shadow,,0,-100.0,21430.0,0.04,0.46,6,0,800,,,ACTIVE,
2026-05-26T12:47:09.308935,SHADOW_0004,H0,0.178214,23.51,23.51,23.448,-0.002637,0.088191,2.073374,3.178762,0.178214,100,SHADOW_MODE,shadow,,0,-100.0,21130.0,0.054,0.446,9,0,800,,,ACTIVE,
2026-05-26T12:47:09.309926,SHADOW_0004,H4,0.178214,22.31,22.31,21.3197,-0.044388,0.086704,1.934367,2.799469,0.178214,100,SHADOW_MODE,shadow,,0,-100.0,21130.0,0.054,0.446,9,0,800,,,ACTIVE,
2026-05-26T12:47:09.350402,SHADOW_0004,H1,0.178214,19.53,19.53,18.0402,-0.076283,0.082557,1.612335,2.215016,0.178214,100,SHADOW_MODE,shadow,,0,-100.0,21130.0,0.054,0.446,9,0,800,,,ACTIVE,
2026-05-26T12:47:09.816064,SHADOW_0005,H2,0.178214,24.26,24.26,22.871,-0.057255,0.089046,2.160253,3.075932,0.178214,100,SHADOW_MODE,shadow,,0,-100.0,20830.0,0.067,0.433,12,0,300,,,ACTIVE,
2026-05-26T12:47:09.816064,SHADOW_0005,H3,0.178214,18.18,18.18,17.4875,-0.038091,0.080085,1.455952,2.116517,0.178214,100,SHADOW_MODE,shadow,,0,-100.0,20830.0,0.067,0.433,12,0,300,,,ACTIVE,
2026-05-26T12:47:09.818561,SHADOW_0005,H1,0.178214,16.85,16.85,16.875,0.001484,0.077263,1.301887,2.007361,0.178214,100,SHADOW_MODE,shadow,,1,1585.0,20830.0,0.067,0.433,12,0,300,,,ACTIVE,
2026-05-26T12:47:10.158771,SHADOW_0006,H0,0.178214,20.2,20.2,21.0834,0.043733,0.083661,1.689947,2.757357,0.178214,100,SHADOW_MODE,shadow,,0,-200.0,22215.0,0.005,0.99,0,1,300,,,ACTIVE,
2026-05-26T12:47:10.159769,SHADOW_0006,H1,0.178214,13.56,13.56,12.8609,-0.051556,0.067904,0.920776,1.291992,0.178214,100,SHADOW_MODE,shadow,,1,1256.0,22215.0,0.005,0.99,0,1,300,,,ACTIVE,
2026-05-26T12:47:10.409786,SHADOW_0007,H2,0.178214,10.27,10.27,10.2579,-0.001178,0.052548,0.539666,0.828101,0.178214,100,SHADOW_MODE,shadow,,0,-100.0,23271.0,0.0,1.0,0,1,300,,,ACTIVE,
2026-05-26T12:47:10.409786,SHADOW_0007,H0,0.178214,9.68,9.68,9.6568,-0.002397,0.04869,0.471321,0.720977,0.178214,100,SHADOW_MODE,shadow,,0,-100.0,23271.0,0.0,1.0,0,1,300,,,ACTIVE,
2026-05-26T12:47:10.411781,SHADOW_0007,H1,0.178214,9.27,9.27,9.1143,-0.016796,0.04572,0.423827,0.624296,0.178214,100,SHADOW_MODE,shadow,,0,-100.0,23271.0,0.0,1.0,0,1,300,,,ACTIVE,
2026-05-26T12:48:28.248410,SHADOW_0000,H3,0.178214,24.51,24.51,22.806,-0.069523,0.089319,2.189213,3.064348,0.178214,100,SHADOW_MODE,shadow,,0,-200.0,20000,0.0,1.0,0,0,1000,,,ACTIVE,
2026-05-26T12:48:28.249410,SHADOW_0000,H2,0.178214,23.91,23.91,23.8268,-0.00348,0.088654,2.11971,3.246269,0.178214,100,SHADOW_MODE,shadow,,1,4582.0,20000,0.0,1.0,0,0,1000,,,ACTIVE,
2026-05-26T12:48:28.251414,SHADOW_0000,H1,0.178214,21.95,21.95,22.2869,0.015349,0.086226,1.892665,2.971838,0.178214,100,SHADOW_MODE,shadow,,0,-200.0,20000,0.0,1.0,0,0,1000,,,ACTIVE,
2026-05-26T12:48:28.565974,SHADOW_0001,H7,0.178214,20.58,20.58,21.4197,0.040802,0.084255,1.733966,2.81729,0.178214,100,SHADOW_MODE,shadow,,0,-200.0,24182.0,0.008,0.984,1,0,800,,,ACTIVE,
2026-05-26T12:48:28.565974,SHADOW_0001,H4,0.178214,18.5,18.5,17.3438,-0.062497,0.080704,1.493021,2.090908,0.178214,100,SHADOW_MODE,shadow,,0,-200.0,24182.0,0.008,0.984,1,0,800,,,ACTIVE,
2026-05-26T12:48:28.567949,SHADOW_0001,H2,0.178214,17.58,17.58,16.5942,-0.056075,0.078865,1.386449,1.957319,0.178214,100,SHADOW_MODE,shadow,,0,-200.0,24182.0,0.008,0.984,1,0,800,,,ACTIVE,
2026-05-26T12:48:28.883224,SHADOW_0002,H11,0.178214,23.06,23.06,22.1748,-0.038387,0.087652,2.021246,2.95186,0.178214,100,SHADOW_MODE,shadow,,0,-200.0,23582.0,0.033,0.701,4,0,1300,,,ACTIVE,
2026-05-26T12:48:28.884226,SHADOW_0002,H9,0.178214,22.28,22.28,22.6683,0.017428,0.086665,1.930892,3.039808,0.178214,100,SHADOW_MODE,shadow,,0,-200.0,23582.0,0.033,0.701,4,0,1300,,,ACTIVE,
2026-05-26T12:48:28.885235,SHADOW_0002,H7,0.178214,20.55,20.55,19.2966,-0.060993,0.084209,1.730491,2.438924,0.178214,100,SHADOW_MODE,shadow,,0,-200.0,23582.0,0.033,0.701,4,0,1300,,,ACTIVE,
2026-05-26T12:48:29.158009,SHADOW_0003,H10,0.178214,23.23,23.23,23.9794,0.03226,0.087858,2.040939,3.273465,0.178214,100,SHADOW_MODE,shadow,,0,-100.0,22982.0,0.057,0.443,7,0,600,,,ACTIVE,
2026-05-26T12:48:29.158009,SHADOW_0003,H5,0.178214,22.99,22.99,23.0934,0.004498,0.087566,2.013138,3.115567,0.178214,100,SHADOW_MODE,shadow,,0,-100.0,22982.0,0.057,0.443,7,0,600,,,ACTIVE,
2026-05-26T12:48:29.160025,SHADOW_0003,H8,0.178214,21.05,21.05,20.5701,-0.022798,0.08496,1.78841,2.66588,0.178214,100,SHADOW_MODE,shadow,,0,-100.0,22982.0,0.057,0.443,7,0,600,,,ACTIVE,
2026-05-26T12:48:29.429853,SHADOW_0004,H4,0.178214,23.37,23.37,23.1697,-0.008571,0.088026,2.057157,3.129165,0.178214,100,SHADOW_MODE,shadow,,0,-100.0,22682.0,0.07,0.43,10,0,400,,,ACTIVE,
2026-05-26T12:48:29.430831,SHADOW_0004,H0,0.178214,22.84,22.84,22.0715,-0.033647,0.08738,1.995762,2.93345,0.178214,100,SHADOW_MODE,shadow,,0,-100.0,22682.0,0.07,0.43,10,0,400,,,ACTIVE,
2026-05-26T12:48:29.430831,SHADOW_0004,H2,0.178214,16.14,16.14,16.1974,0.003556,0.075566,1.219641,1.886603,0.178214,100,SHADOW_MODE,shadow,,0,-100.0,22682.0,0.07,0.43,10,0,400,,,ACTIVE,
2026-05-26T12:48:29.662993,SHADOW_0005,H9,0.178214,21.49,21.49,21.2469,-0.011312,0.085592,1.839379,2.786495,0.178214,100,SHADOW_MODE,shadow,,0,-100.0,22382.0,0.082,0.418,13,0,400,,,ACTIVE,
2026-05-26T12:48:29.663989,SHADOW_0005,H7,0.178214,20.19,20.19,19.5348,-0.032452,0.083645,1.688789,2.481375,0.178214,100,SHADOW_MODE,shadow,,0,-100.0,22382.0,0.082,0.418,13,0,400,,,ACTIVE,
2026-05-26T12:48:29.664976,SHADOW_0005,H1,0.178214,19.87,19.87,19.0722,-0.040151,0.083126,1.65172,2.398933,0.178214,100,SHADOW_MODE,shadow,,0,-100.0,22382.0,0.082,0.418,13,0,400,,,ACTIVE,
2026-05-26T12:48:29.866842,SHADOW_0006,H8,0.178214,22.05,22.05,21.5135,-0.024331,0.086361,1.904249,2.834007,0.178214,100,SHADOW_MODE,shadow,,0,-100.0,22082.0,0.094,0.406,16,0,500,,,ACTIVE,
2026-05-26T12:48:29.867792,SHADOW_0006,H5,0.178214,21.58,21.58,21.917,0.015616,0.085718,1.849805,2.905916,0.178214,100,SHADOW_MODE,shadow,,0,-100.0,22082.0,0.094,0.406,16,0,500,,,ACTIVE,
2026-05-26T12:48:29.869033,SHADOW_0006,H7,0.178214,20.96,20.96,21.3943,0.02072,0.084828,1.777985,2.812764,0.178214,100,SHADOW_MODE,shadow,,1,1996.0,22082.0,0.094,0.406,16,0,500,,,ACTIVE,
2026-05-26T12:48:30.186778,SHADOW_0007,H2,0.178214,23.74,23.74,22.4595,-0.053939,0.088459,2.100017,3.002597,0.178214,100,SHADOW_MODE,shadow,,0,-200.0,23878.0,0.021,0.959,0,1,900,,,ACTIVE,
2026-05-26T12:48:30.187780,SHADOW_0007,H9,0.178214,21.32,21.32,21.6835,0.01705,0.085351,1.819687,2.864303,0.178214,100,SHADOW_MODE,shadow,,0,-200.0,23878.0,0.021,0.959,0,1,900,,,ACTIVE,
2026-05-26T12:48:30.188778,SHADOW_0007,H8,0.178214,19.91,19.91,20.1587,0.012491,0.083192,1.656354,2.592563,0.178214,100,SHADOW_MODE,shadow,,0,-200.0,23878.0,0.021,0.959,0,1,900,,,ACTIVE,
2026-05-26T13:01:42.188066,SIM_0,Horse_0,0.187593,29.75,29.75,29.75,0.0,0.15398,4.580905,4.580892,0.187593,100,SHADOW_MODE,shadow,,0,-390.0,20000,0.0,1.0,0,0,0,,,ACTIVE,
2026-05-26T13:01:42.190996,SIM_0,Horse_1,0.187593,14.67,14.67,14.67,0.0,0.119427,1.751996,1.751989,0.187593,100,SHADOW_MODE,shadow,,0,-156.0,20000,0.0,1.0,0,0,0,,,ACTIVE,
2026-05-26T13:01:42.194332,SIM_0,Horse_2,0.187593,19.6,19.6,19.6,0.0,0.136573,2.676832,2.676823,0.187593,100,SHADOW_MODE,shadow,,0,-105.46,20000,0.0,1.0,0,0,0,,,ACTIVE,
2026-05-26T13:01:42.195385,SIM_0,Horse_3,0.187593,18.1,18.1,18.1,0.0,0.132345,2.395442,2.395433,0.187593,100,SHADOW_MODE,shadow,,0,-54.84,20000,0.0,1.0,0,0,0,,,ACTIVE,
2026-05-26T13:01:42.196358,SIM_0,Horse_4,0.187593,19.95,19.95,19.95,0.0,0.137468,2.74249,2.74248,0.187593,100,SHADOW_MODE,shadow,,0,-28.52,20000,0.0,1.0,0,0,0,,,ACTIVE,
2026-05-26T13:01:42.196358,SIM_0,Horse_5,0.187593,21.0,21.0,21.0,0.0,0.139974,2.939463,2.939453,0.187593,100,SHADOW_MODE,shadow,,0,-14.83,20000,0.0,1.0,0,0,0,,,ACTIVE,
2026-05-26T13:01:42.197312,SIM_0,Horse_7,0.187593,28.22,28.22,28.22,0.0,0.152158,4.293887,4.293874,0.187593,100,SHADOW_MODE,shadow,,1,209.88,20000,0.0,1.0,0,0,0,,,ACTIVE,
2026-05-26T13:01:42.198320,SIM_0,Horse_8,0.187593,17.84,17.84,17.84,0.0,0.13154,2.346667,2.346659,0.187593,100,SHADOW_MODE,shadow,,0,-4.01,20000,0.0,1.0,0,0,0,,,ACTIVE,
2026-05-26T13:01:42.762722,SIM_1,Horse_0,0.187593,11.74,11.74,11.74,0.0,0.102415,1.202347,1.202342,0.187593,100,SHADOW_MODE,shadow,,0,-300.0,19456.23,0.027,0.946,1,0,0,,,ACTIVE,
2026-05-26T13:01:42.763720,SIM_1,Horse_2,0.187593,28.13,28.13,28.13,0.0,0.152044,4.277004,4.276991,0.187593,100,SHADOW_MODE,shadow,,0,-197.29,19456.23,0.027,0.946,1,0,0,,,ACTIVE,
2026-05-26T13:01:42.764721,SIM_1,Horse_3,0.187593,20.49,20.49,20.49,0.0,0.138789,2.84379,2.843781,0.187593,100,SHADOW_MODE,shadow,,0,-81.12,19456.23,0.027,0.946,1,0,0,,,ACTIVE,
2026-05-26T13:01:42.765835,SIM_1,Horse_4,0.187593,8.22,8.22,8.22,0.0,0.065939,0.542018,0.542014,0.187593,100,SHADOW_MODE,shadow,,0,-27.46,19456.23,0.027,0.946,1,0,0,,,ACTIVE,
2026-05-26T13:01:42.767121,SIM_1,Horse_5,0.187593,21.48,21.48,21.48,0.0,0.141039,3.029508,3.029498,0.187593,100,SHADOW_MODE,shadow,,0,-34.68,19456.23,0.027,0.946,1,0,0,,,ACTIVE,
2026-05-26T13:01:42.768139,SIM_1,Horse_6,0.187593,20.74,20.74,20.74,0.0,0.139377,2.890688,2.890679,0.187593,100,SHADOW_MODE,shadow,,1,187.63,19456.23,0.027,0.946,1,0,0,,,ACTIVE,
2026-05-26T13:02:27.871347,SIM_0,Horse_0,0.187593,19.25,19.25,19.25,0.0,0.135645,2.611174,2.611165,0.187593,100,SHADOW_MODE,shadow,,0,-390.0,20000,0.0,1.0,0,0,0,,,ACTIVE,
2026-05-26T13:02:27.872441,SIM_0,Horse_1,0.187593,24.41,24.41,24.41,0.0,0.146627,3.579156,3.579145,0.187593,100,SHADOW_MODE,shadow,,0,-202.8,20000,0.0,1.0,0,0,0,,,ACTIVE,
2026-05-26T13:02:27.873373,SIM_0,Horse_2,0.187593,21.44,21.44,21.44,0.0,0.140952,3.022004,3.021994,0.187593,100,SHADOW_MODE,shadow,,0,-105.46,20000,0.0,1.0,0,0,0,,,ACTIVE,
2026-05-26T13:02:27.874343,SIM_0,Horse_3,0.187593,25.75,25.75,25.75,0.0,0.148759,3.830532,3.83052,0.187593,100,SHADOW_MODE,shadow,,0,-54.84,20000,0.0,1.0,0,0,0,,,ACTIVE,
2026-05-26T13:02:27.876380,SIM_0,Horse_4,0.187593,12.31,12.31,12.31,0.0,0.106359,1.309275,1.30927,0.187593,100,SHADOW_MODE,shadow,,0,-21.93,20000,0.0,1.0,0,0,0,,,ACTIVE,
2026-05-26T13:02:27.876380,SIM_0,Horse_5,0.187593,27.81,27.81,27.81,0.0,0.151635,4.216974,4.216961,0.187593,100,SHADOW_MODE,shadow,,0,-14.83,20000,0.0,1.0,0,0,0,,,ACTIVE,
2026-05-26T13:02:27.877347,SIM_0,Horse_6,0.187593,18.2,18.2,18.2,0.0,0.132648,2.414201,2.414193,0.187593,100,SHADOW_MODE,shadow,,0,-7.71,20000,0.0,1.0,0,0,0,,,ACTIVE,
2026-05-26T13:02:27.878356,SIM_0,Horse_7,0.187593,29.8,29.8,29.8,0.0,0.154036,4.590285,4.590271,0.187593,100,SHADOW_MODE,shadow,,0,-4.01,20000,0.0,1.0,0,0,0,,,ACTIVE,
2026-05-26T13:02:27.879355,SIM_0,Horse_9,0.187593,12.72,12.72,12.72,0.0,0.108977,1.386189,1.386183,0.187593,100,SHADOW_MODE,shadow,,0,-1.6,20000,0.0,1.0,0,0,0,,,ACTIVE,
2026-05-26T13:02:27.879355,SIM_0,Horse_10,0.187593,26.64,26.64,26.64,0.0,0.150056,3.99749,3.997478,0.187593,100,SHADOW_MODE,shadow,,0,-1.08,20000,0.0,1.0,0,0,0,,,ACTIVE,
2026-05-26T13:02:27.881312,SIM_0,Horse_11,0.187593,24.23,24.23,24.23,0.0,0.146322,3.54539,3.545378,0.187593,100,SHADOW_MODE,shadow,,0,-0.56,20000,0.0,1.0,0,0,0,,,ACTIVE,
2026-05-26T13:02:27.882352,SIM_0,Horse_12,0.187593,11.45,11.45,11.45,0.0,0.100257,1.147945,1.14794,0.187593,100,SHADOW_MODE,shadow,,0,-0.23,20000,0.0,1.0,0,0,0,,,ACTIVE,
2026-05-26T13:02:27.883354,SIM_0,Horse_13,0.187593,18.14,18.14,18.14,0.0,0.132467,2.402945,2.402937,0.187593,100,SHADOW_MODE,shadow,,0,-0.15,20000,0.0,1.0,0,0,0,,,ACTIVE,
2026-05-26T13:02:27.884355,SIM_0,Horse_14,0.187593,16.74,16.74,16.74,0.0,0.127856,2.140315,2.140307,0.187593,100,SHADOW_MODE,shadow,,0,-0.02,20000,0.0,1.0,0,0,0,,,ACTIVE,
2026-05-26T13:03:00.999815,SHADOW_0000,H3,0.12475,24.45,24.45,23.2478,-0.04917,0.054502,1.332584,1.900163,0.12475,100,SHADOW_MODE,shadow,,0,-100.0,20000,0.0,1.0,0,0,500,,,ACTIVE,
2026-05-26T13:03:01.000815,SHADOW_0000,H0,0.12475,21.48,21.48,19.7905,-0.078655,0.050827,1.091755,1.468865,0.12475,100,SHADOW_MODE,shadow,,0,-100.0,20000,0.0,1.0,0,0,500,,,ACTIVE,
2026-05-26T13:03:01.003813,SHADOW_0000,H7,0.12475,18.9,18.9,19.5944,0.036741,0.046696,0.882549,1.444401,0.12475,100,SHADOW_MODE,shadow,,0,-100.0,20000,0.0,1.0,0,0,500,,,ACTIVE,
2026-05-26T13:03:01.444615,SHADOW_0001,H6,0.12475,22.88,22.88,22.7062,-0.007596,0.052678,1.205277,1.832598,0.12475,100,SHADOW_MODE,shadow,,0,-100.0,19700,0.015,0.728,3,0,500,,,ACTIVE,
2026-05-26T13:03:01.445594,SHADOW_0001,H5,0.12475,21.31,21.31,20.9659,-0.016147,0.050585,1.07797,1.615496,0.12475,100,SHADOW_MODE,shadow,,0,-100.0,19700,0.015,0.728,3,0,500,,,ACTIVE,
2026-05-26T13:03:01.446623,SHADOW_0001,H8,0.12475,20.52,20.52,21.232,0.034698,0.049411,1.013911,1.648692,0.12475,100,SHADOW_MODE,shadow,,1,1952.0,19700,0.015,0.728,3,0,500,,,ACTIVE,
2026-05-26T13:03:01.823063,SHADOW_0002,H9,0.12475,24.42,24.42,25.5465,0.04613,0.05447,1.330151,2.186926,0.12475,100,SHADOW_MODE,shadow,,0,-100.0,21452.0,0.0,1.0,0,1,700,,,ACTIVE,
2026-05-26T13:03:01.824063,SHADOW_0002,H3,0.12475,23.36,23.36,22.5823,-0.033292,0.053262,1.244199,1.817142,0.12475,100,SHADOW_MODE,shadow,,0,-100.0,21452.0,0.0,1.0,0,1,700,,,ACTIVE,
2026-05-26T13:03:01.826074,SHADOW_0002,H2,0.12475,23.35,23.35,24.4216,0.045893,0.05325,1.243388,2.046595,0.12475,100,SHADOW_MODE,shadow,,1,2235.0,21452.0,0.0,1.0,0,1,700,,,ACTIVE,
2026-05-26T13:03:02.128187,SHADOW_0003,H9,0.12475,24.77,24.77,24.1496,-0.025046,0.054846,1.358532,2.012663,0.12475,100,SHADOW_MODE,shadow,,0,-200.0,23487.0,0.0,1.0,0,1,1300,,,ACTIVE,
2026-05-26T13:03:02.129187,SHADOW_0003,H3,0.12475,24.11,24.11,24.6428,0.022099,0.054128,1.305014,2.074189,0.12475,100,SHADOW_MODE,shadow,,1,4622.0,23487.0,0.0,1.0,0,1,1300,,,ACTIVE,
2026-05-26T13:03:02.130194,SHADOW_0003,H2,0.12475,22.96,22.96,22.5646,-0.017221,0.052777,1.211764,1.814934,0.12475,100,SHADOW_MODE,shadow,,0,-200.0,23487.0,0.0,1.0,0,1,1300,,,ACTIVE,
2026-05-26T13:03:02.378687,SHADOW_0004,H7,0.12475,23.1,23.1,22.3456,-0.032658,0.052949,1.223116,1.787614,0.12475,100,SHADOW_MODE,shadow,,0,-200.0,27709.0,0.007,0.986,1,0,700,,,ACTIVE,
2026-05-26T13:03:02.379688,SHADOW_0004,H0,0.12475,22.93,22.93,23.6884,0.033075,0.05274,1.209331,1.955128,0.12475,100,SHADOW_MODE,shadow,,1,4386.0,27709.0,0.007,0.986,1,0,700,,,ACTIVE,
2026-05-26T13:03:02.381680,SHADOW_0004,H3,0.12475,15.95,15.95,15.1753,-0.048571,0.040335,0.643342,0.893119,0.12475,100,SHADOW_MODE,shadow,,0,-100.0,27709.0,0.007,0.986,1,0,700,,,ACTIVE,
2026-05-26T13:03:02.684887,SHADOW_0005,H0,0.12475,24.58,24.58,24.748,0.006835,0.054643,1.343125,2.087313,0.12475,100,SHADOW_MODE,shadow,,1,4716.0,31795.0,0.003,0.994,1,0,1300,,,ACTIVE,
2026-05-26T13:03:02.685858,SHADOW_0005,H10,0.12475,23.48,23.48,24.4337,0.040618,0.053404,1.253929,2.048104,0.12475,100,SHADOW_MODE,shadow,,0,-200.0,31795.0,0.003,0.994,1,0,1300,,,ACTIVE,
2026-05-26T13:03:02.687168,SHADOW_0005,H3,0.12475,23.44,23.44,22.7743,-0.0284,0.053357,1.250686,1.841094,0.12475,100,SHADOW_MODE,shadow,,0,-200.0,31795.0,0.003,0.994,1,0,1300,,,ACTIVE,
2026-05-26T13:03:03.016519,SHADOW_0006,H2,0.12475,24.49,24.49,24.859,0.015067,0.054546,1.335827,2.10116,0.12475,100,SHADOW_MODE,shadow,,0,-300.0,36111.0,0.011,0.978,2,0,2100,,,ACTIVE,
2026-05-26T13:03:03.017515,SHADOW_0006,H0,0.12475,22.9,22.9,21.3521,-0.067594,0.052703,1.206899,1.663674,0.12475,100,SHADOW_MODE,shadow,,0,-300.0,36111.0,0.011,0.978,2,0,2100,,,ACTIVE,
2026-05-26T13:03:03.018994,SHADOW_0006,H9,0.12475,22.72,22.72,20.9835,-0.07643,0.052478,1.192303,1.617692,0.12475,100,SHADOW_MODE,shadow,,0,-300.0,36111.0,0.011,0.978,2,0,2100,,,ACTIVE,
2026-05-26T13:03:03.213723,SHADOW_0007,H0,0.12475,23.68,23.68,22.1268,-0.065591,0.053638,1.270147,1.760318,0.12475,100,SHADOW_MODE,shadow,,0,-100.0,35211.0,0.036,0.464,5,0,400,,,ACTIVE,
2026-05-26T13:03:03.215674,SHADOW_0007,H1,0.12475,20.17,20.17,20.3167,0.007273,0.048861,0.98553,1.534508,0.12475,100,SHADOW_MODE,shadow,,0,-100.0,35211.0,0.036,0.464,5,0,400,,,ACTIVE,
2026-05-26T13:03:03.216675,SHADOW_0007,H3,0.12475,18.64,18.64,18.3989,-0.012935,0.046216,0.861467,1.295263,0.12475,100,SHADOW_MODE,shadow,,1,1764.0,35211.0,0.036,0.464,5,0,400,,,ACTIVE,
2026-05-26T13:03:03.504500,SHADOW_0008,H3,0.12475,23.99,23.99,23.2488,-0.030896,0.053993,1.295284,1.900288,0.12475,100,SHADOW_MODE,shadow,,0,-300.0,36775.0,0.0,1.0,0,1,1100,,,ACTIVE,
2026-05-26T13:03:03.505466,SHADOW_0008,H4,0.12475,23.84,23.84,23.5557,-0.011925,0.053822,1.283121,1.938574,0.12475,100,SHADOW_MODE,shadow,,0,-300.0,36775.0,0.0,1.0,0,1,1100,,,ACTIVE,
2026-05-26T13:03:03.506465,SHADOW_0008,H10,0.12475,16.79,16.79,16.8743,0.005021,0.042374,0.711455,1.105069,0.12475,100,SHADOW_MODE,shadow,,0,-200.0,36775.0,0.0,1.0,0,1,1100,,,ACTIVE,
2026-05-26T13:03:03.893885,SHADOW_0009,H2,0.12475,18.49,18.49,17.2722,-0.065863,0.045933,0.849304,1.154707,0.12475,100,SHADOW_MODE,shadow,,0,-100.0,35975.0,0.022,0.717,3,0,300,,,ACTIVE,
2026-05-26T13:03:03.894911,SHADOW_0009,H1,0.12475,14.24,14.24,13.4679,-0.054221,0.035441,0.504683,0.680121,0.12475,100,SHADOW_MODE,shadow,,0,-100.0,35975.0,0.022,0.717,3,0,300,,,ACTIVE,
2026-05-26T13:03:03.896921,SHADOW_0009,H3,0.12475,12.13,12.13,12.0588,-0.00587,0.027501,0.333589,0.504335,0.12475,100,SHADOW_MODE,shadow,,0,-100.0,35975.0,0.022,0.717,3,0,300,,,ACTIVE,
2026-05-26T13:06:34.825208,SHADOW_0000,H3,0.12475,22.28,22.28,23.1615,0.039565,0.051913,1.156624,1.889397,0.12475,100,SHADOW_MODE,shadow,,0,-100.0,20000,0.0,1.0,0,0,400,,,ACTIVE,
2026-05-26T13:06:34.826208,SHADOW_0000,H1,0.12475,17.11,17.11,16.6677,-0.02585,0.043098,0.737403,1.079296,0.12475,100,SHADOW_MODE,shadow,,0,-100.0,20000,0.0,1.0,0,0,400,,,ACTIVE,
2026-05-26T13:06:34.827210,SHADOW_0000,H2,0.12475,16.98,16.98,16.9211,-0.003469,0.042807,0.726862,1.110907,0.12475,100,SHADOW_MODE,shadow,,0,-100.0,20000,0.0,1.0,0,0,400,,,ACTIVE,
2026-05-26T13:06:35.145105,SHADOW_0001,H5,0.12475,23.7,23.7,22.1009,-0.067473,0.053661,1.271768,1.757087,0.12475,100,SHADOW_MODE,shadow,,1,2270.0,19700,0.015,0.728,3,0,300,,,ACTIVE,
2026-05-26T13:06:35.146109,SHADOW_0001,H1,0.12475,19.38,19.38,18.5666,-0.041971,0.047548,0.921471,1.316183,0.12475,100,SHADOW_MODE,shadow,,0,-100.0,19700,0.015,0.728,3,0,300,,,ACTIVE,
2026-05-26T13:06:35.147223,SHADOW_0001,H0,0.12475,18.58,18.58,18.6889,0.005861,0.046103,0.856602,1.33144,0.12475,100,SHADOW_MODE,shadow,,0,-100.0,19700,0.015,0.728,3,0,300,,,ACTIVE,
2026-05-26T13:06:35.448803,SHADOW_0002,H7,0.12475,23.48,23.48,23.7702,0.012359,0.053404,1.253929,1.965332,0.12475,100,SHADOW_MODE,shadow,,0,-100.0,21770.0,0.009,0.982,2,0,700,,,ACTIVE,
2026-05-26T13:06:35.449908,SHADOW_0002,H5,0.12475,22.75,22.75,23.0172,0.011745,0.052516,1.194735,1.871396,0.12475,100,SHADOW_MODE,shadow,,0,-100.0,21770.0,0.009,0.982,2,0,700,,,ACTIVE,
2026-05-26T13:06:35.451805,SHADOW_0002,H2,0.12475,22.71,22.71,21.4704,-0.054584,0.052466,1.191492,1.678432,0.12475,100,SHADOW_MODE,shadow,,0,-100.0,21770.0,0.009,0.982,2,0,700,,,ACTIVE,
2026-05-26T13:08:08.356865,SHADOW_0000,H5,0.12475,23.0,23.0,22.6314,-0.016026,0.052826,1.215007,1.823267,0.12475,100,SHADOW_MODE,shadow,,1,2200.0,20000,0.0,1.0,0,0,0,,,ACTIVE,
2026-05-26T13:08:08.550348,SHADOW_0001,H0,0.12475,22.8,22.8,22.2905,-0.022346,0.052579,1.19879,1.78074,0.12475,100,SHADOW_MODE,shadow,,0,-100.0,22200.0,0.0,1.0,0,1,0,,,ACTIVE,
2026-05-26T13:08:08.812515,SHADOW_0002,H0,0.12475,23.22,23.22,21.7463,-0.063467,0.053094,1.232846,1.712851,0.12475,100,SHADOW_MODE,shadow,,0,-100.0,22100.0,0.005,0.991,1,0,0,,,ACTIVE,
2026-05-26T13:08:09.060155,SHADOW_0003,H3,0.12475,24.95,24.95,24.8368,-0.004537,0.055035,1.373127,2.098391,0.12475,100,SHADOW_MODE,shadow,,0,-100.0,22000.0,0.009,0.982,2,0,0,,,ACTIVE,
2026-05-26T13:08:09.321447,SHADOW_0004,H6,0.12475,23.69,23.69,23.251,-0.018531,0.05365,1.270958,1.900562,0.12475,100,SHADOW_MODE,shadow,,0,-100.0,21900.0,0.014,0.73,3,0,0,,,ACTIVE,
2026-05-26T13:08:09.547699,SHADOW_0005,H2,0.12475,23.22,23.22,23.7398,0.022386,0.053094,1.232846,1.96154,0.12475,100,SHADOW_MODE,shadow,,0,-100.0,21800.0,0.018,0.723,4,0,0,,,ACTIVE,
2026-05-26T13:08:09.742073,SHADOW_0006,H4,0.12475,20.75,20.75,19.7684,-0.047306,0.049762,1.032561,1.466108,0.12475,100,SHADOW_MODE,shadow,,1,1975.0,21700.0,0.023,0.477,5,0,0,,,ACTIVE,
2026-05-26T13:08:09.952367,SHADOW_0007,H0,0.12475,23.75,23.75,24.2772,0.022198,0.053719,1.275823,2.028581,0.12475,100,SHADOW_MODE,shadow,,0,-100.0,23675.0,0.0,1.0,0,1,0,,,ACTIVE,
2026-05-26T13:08:10.107030,SHADOW_0008,H3,0.12475,24.79,24.79,25.5981,0.032598,0.054867,1.360154,2.193363,0.12475,100,SHADOW_MODE,shadow,,0,-100.0,23575.0,0.004,0.992,1,0,0,,,ACTIVE,
2026-05-26T13:08:10.378196,SHADOW_0009,H13,0.12475,24.88,24.88,22.9027,-0.079473,0.054962,1.367451,1.857112,0.12475,100,SHADOW_MODE,shadow,,0,-100.0,23475.0,0.008,0.983,2,0,0,,,ACTIVE,
2026-05-26T13:08:10.650540,SHADOW_0010,H1,0.12475,23.13,23.13,23.3168,0.008076,0.052985,1.225549,1.908771,0.12475,100,SHADOW_MODE,shadow,,0,-100.0,23375.0,0.013,0.731,3,0,0,,,ACTIVE,
2026-05-26T13:08:10.934753,SHADOW_0011,H12,0.12475,21.14,21.14,19.8357,-0.061698,0.05034,1.064185,1.474504,0.12475,100,SHADOW_MODE,shadow,,0,-100.0,23275.0,0.017,0.725,4,0,0,,,ACTIVE,
2026-05-26T13:08:11.153744,SHADOW_0012,H1,0.12475,23.18,23.18,21.9895,-0.051359,0.053046,1.229603,1.74319,0.12475,100,SHADOW_MODE,shadow,,0,-100.0,23175.0,0.021,0.479,5,0,0,,,ACTIVE,
2026-05-26T13:08:11.404636,SHADOW_0013,H4,0.12475,24.64,24.64,25.8581,0.049436,0.054707,1.34799,2.225798,0.12475,100,SHADOW_MODE,shadow,,0,-100.0,23075.0,0.025,0.475,6,0,0,,,ACTIVE,
2026-05-26T13:08:11.615193,SHADOW_0014,H4,0.12475,23.58,23.58,21.7405,-0.078011,0.053522,1.262038,1.712127,0.12475,100,SHADOW_MODE,shadow,,0,-100.0,22975.0,0.03,0.47,7,0,0,,,ACTIVE,
2026-05-26T13:08:11.841884,SHADOW_0015,H7,0.12475,24.96,24.96,24.1692,-0.031683,0.055046,1.373938,2.015108,0.12475,100,SHADOW_MODE,shadow,,0,-100.0,22875.0,0.034,0.466,8,0,0,,,ACTIVE,
2026-05-26T13:08:12.042944,SHADOW_0016,H5,0.12475,22.02,22.02,22.4828,0.021017,0.051569,1.135542,1.804729,0.12475,100,SHADOW_MODE,shadow,,0,-100.0,22775.0,0.038,0.462,9,0,0,,,ACTIVE,
2026-05-26T13:08:12.275507,SHADOW_0017,H10,0.12475,21.1,21.1,19.7377,-0.064564,0.050282,1.060941,1.462278,0.12475,100,SHADOW_MODE,shadow,,0,-100.0,22675.0,0.042,0.458,10,0,0,,,ACTIVE,
2026-05-26T13:08:12.456054,SHADOW_0018,H5,0.12475,22.72,22.72,21.1476,-0.069208,0.052478,1.192303,1.638163,0.12475,100,SHADOW_MODE,shadow,,0,-100.0,22575.0,0.046,0.454,11,0,0,,,ACTIVE,
2026-05-26T13:08:12.729697,SHADOW_0019,H11,0.12475,22.36,22.36,22.4602,0.004481,0.052018,1.163111,1.80191,0.12475,100,SHADOW_MODE,shadow,,0,-100.0,22475.0,0.051,0.449,12,0,0,,,ACTIVE,
2026-05-26T13:08:12.945534,SHADOW_0020,H9,0.12475,22.55,22.55,23.3255,0.03439,0.052262,1.178518,1.909856,0.12475,100,SHADOW_MODE,shadow,,0,-100.0,22375.0,0.055,0.445,13,0,0,,,ACTIVE,
2026-05-26T13:08:13.209749,SHADOW_0021,H8,0.12475,24.6,24.6,23.1827,-0.057614,0.054665,1.344747,1.892042,0.12475,100,SHADOW_MODE,shadow,,0,-100.0,22275.0,0.059,0.441,14,0,0,,,ACTIVE,
2026-05-26T13:08:13.479951,SHADOW_0022,H6,0.12475,23.96,23.96,22.3267,-0.068168,0.053959,1.292851,1.785256,0.12475,100,SHADOW_MODE,shadow,,0,-100.0,22175.0,0.063,0.437,15,0,0,,,ACTIVE,
2026-05-26T13:08:13.682222,SHADOW_0023,H0,0.12475,23.28,23.28,23.9073,0.026946,0.053166,1.237712,1.982436,0.12475,100,SHADOW_MODE,shadow,,0,-100.0,22075.0,0.068,0.432,16,0,0,,,ACTIVE,
2026-05-26T13:08:13.898621,SHADOW_0024,H7,0.12475,19.4,19.4,19.9216,0.026887,0.047582,0.923093,1.48522,0.12475,100,SHADOW_MODE,shadow,,0,-100.0,21975.0,0.072,0.428,17,0,0,,,ACTIVE,
2026-05-26T13:08:14.150034,SHADOW_0025,H3,0.12475,24.75,24.75,23.2807,-0.059366,0.054825,1.35691,1.904267,0.12475,100,SHADOW_MODE,shadow,,0,-100.0,21875.0,0.076,0.424,18,0,0,,,ACTIVE,
2026-05-26T13:08:14.323496,SHADOW_0026,H2,0.12475,24.4,24.4,24.8941,0.02025,0.054448,1.328529,2.105539,0.12475,100,SHADOW_MODE,shadow,,0,-100.0,21775.0,0.08,0.42,19,0,0,,,ACTIVE,
2026-05-26T13:08:14.549254,SHADOW_0027,H4,0.12475,23.27,23.27,24.0187,0.032174,0.053154,1.236901,1.996333,0.12475,100,SHADOW_MODE,shadow,,0,-100.0,21675.0,0.084,0.416,20,0,0,,,ACTIVE,
2026-05-26T13:08:14.814030,SHADOW_0028,H8,0.12475,24.38,24.38,25.4541,0.044057,0.054426,1.326908,2.175399,0.12475,100,SHADOW_MODE,shadow,,0,-100.0,21575.0,0.089,0.411,21,0,0,,,ACTIVE,
2026-05-26T13:08:15.027709,SHADOW_0029,H0,0.12475,24.7,24.7,23.9083,-0.032053,0.054771,1.352856,1.98256,0.12475,100,SHADOW_MODE,shadow,,0,-100.0,21475.0,0.093,0.407,22,0,0,,,ACTIVE,
2026-05-26T13:08:15.259591,SHADOW_0030,H1,0.12475,23.74,23.74,24.4248,0.028846,0.053707,1.275012,2.046994,0.12475,100,SHADOW_MODE,shadow,,0,-100.0,21375.0,0.097,0.403,23,0,0,,,ACTIVE,
2026-05-26T13:08:15.459977,SHADOW_0031,H4,0.12475,20.87,20.87,19.473,-0.066938,0.049942,1.042291,1.429257,0.12475,100,SHADOW_MODE,shadow,,0,-100.0,21275.0,0.101,0.399,24,0,0,,,ACTIVE,
2026-05-26T13:08:15.676031,SHADOW_0032,H6,0.12475,24.03,24.03,24.8466,0.033983,0.054038,1.298527,2.099613,0.12475,100,SHADOW_MODE,shadow,,0,-100.0,21175.0,0.106,0.394,25,0,0,,,ACTIVE,
2026-05-26T13:08:15.892147,SHADOW_0033,H4,0.12475,20.64,20.64,20.0193,-0.030073,0.049595,1.023641,1.497408,0.12475,100,SHADOW_MODE,shadow,,0,-100.0,21075.0,0.11,0.39,26,0,0,,,ACTIVE,
2026-05-26T13:08:16.156978,SHADOW_0034,H5,0.12475,21.94,21.94,21.8942,-0.002088,0.051461,1.129055,1.731301,0.12475,100,SHADOW_MODE,shadow,,0,-100.0,20975.0,0.114,0.386,27,0,0,,,ACTIVE,
2026-05-26T13:08:16.331848,SHADOW_0035,H4,0.12475,23.89,23.89,22.9791,-0.038129,0.053879,1.287175,1.866643,0.12475,100,SHADOW_MODE,shadow,,0,-100.0,20875.0,0.118,0.382,28,0,0,,,ACTIVE,
2026-05-26T13:08:16.543442,SHADOW_0036,H6,0.12475,23.93,23.93,23.257,-0.028124,0.053925,1.290418,1.901311,0.12475,100,SHADOW_MODE,shadow,,0,-100.0,20775.0,0.122,0.378,29,0,0,,,ACTIVE,
2026-05-26T13:08:16.720068,SHADOW_0037,H1,0.12475,24.77,24.77,23.419,-0.054542,0.054846,1.358532,1.92152,0.12475,100,SHADOW_MODE,shadow,,0,-100.0,20675.0,0.127,0.373,30,0,0,,,ACTIVE,
2026-05-26T13:08:16.948661,SHADOW_0038,H0,0.12475,24.77,24.77,24.2912,-0.01933,0.054846,1.358532,2.030327,0.12475,100,SHADOW_MODE,shadow,,0,-100.0,20575.0,0.131,0.369,31,0,0,,,ACTIVE,
2026-05-26T13:08:17.120052,SHADOW_0039,H7,0.12475,24.52,24.52,23.9555,-0.023022,0.054578,1.33826,1.988449,0.12475,100,SHADOW_MODE,shadow,,0,-100.0,20475.0,0.135,0.365,32,0,0,,,ACTIVE,
2026-05-26T13:08:17.351231,SHADOW_0040,H6,0.12475,23.56,23.56,23.4065,-0.006515,0.053498,1.260416,1.919961,0.12475,100,SHADOW_MODE,shadow,,0,-100.0,20375.0,0.139,0.361,33,0,0,,,ACTIVE,
2026-05-26T13:08:17.543661,SHADOW_0041,H3,0.12475,22.76,22.76,20.9435,-0.079811,0.052528,1.195546,1.612702,0.12475,100,SHADOW_MODE,shadow,,0,-100.0,20275.0,0.144,0.356,34,0,0,,,ACTIVE,
2026-05-26T13:08:17.740663,SHADOW_0042,H0,0.12475,23.5,23.5,22.8271,-0.028634,0.053428,1.255551,1.847681,0.12475,100,SHADOW_MODE,shadow,,0,-100.0,20175.0,0.148,0.352,35,0,0,,,ACTIVE,
2026-05-26T13:08:18.007511,SHADOW_0043,H9,0.12475,24.93,24.93,23.5159,-0.056723,0.055014,1.371506,1.933609,0.12475,100,SHADOW_MODE,shadow,,0,-100.0,20075.0,0.152,0.348,36,0,0,,,ACTIVE,
2026-05-26T13:08:18.253861,SHADOW_0044,H9,0.12475,23.49,23.49,24.0789,0.02507,0.053416,1.25474,2.003843,0.12475,100,SHADOW_MODE,shadow,,0,-100.0,19975.0,0.156,0.344,37,0,0,,,ACTIVE,
2026-05-26T13:08:18.537098,SHADOW_0045,H10,0.12475,24.68,24.68,24.2388,-0.017877,0.05475,1.351234,2.02379,0.12475,100,SHADOW_MODE,shadow,,0,-100.0,19875.0,0.161,0.339,38,0,0,,,ACTIVE,
2026-05-26T13:08:18.713162,SHADOW_0046,H7,0.12475,17.42,17.42,17.1557,-0.015172,0.043774,0.76254,1.140174,0.12475,100,SHADOW_MODE,shadow,,0,-100.0,19775.0,0.165,0.335,39,0,0,,,ACTIVE,
2026-05-26T13:08:18.992344,SHADOW_0047,H7,0.12475,23.52,23.52,22.7751,-0.031671,0.053451,1.257173,1.841194,0.12475,100,SHADOW_MODE,shadow,,0,-100.0,19675.0,0.169,0.331,40,0,0,,,ACTIVE,
2026-05-26T13:08:19.221682,SHADOW_0048,H5,0.12475,22.28,22.28,21.1914,-0.04886,0.051913,1.156624,1.643627,0.12475,100,SHADOW_MODE,shadow,,0,-100.0,19575.0,0.173,0.327,41,0,0,,,ACTIVE,
2026-05-26T13:08:19.416709,SHADOW_0049,H4,0.12475,24.01,24.01,24.0302,0.000841,0.054015,1.296905,1.997767,0.12475,100,SHADOW_MODE,shadow,,0,-100.0,19475.0,0.177,0.323,42,0,0,,,ACTIVE,
2026-05-26T13:08:19.692415,SHADOW_0050,H1,0.12475,24.34,24.34,24.5763,0.009708,0.054382,1.323664,2.065893,0.12475,100,SHADOW_MODE,shadow,,0,-100.0,19375.0,0.182,0.318,43,0,0,,,ACTIVE,
2026-05-26T13:08:19.877749,SHADOW_0051,H7,0.12475,22.48,22.48,21.9223,-0.024809,0.052173,1.172842,1.734807,0.12475,100,SHADOW_MODE,shadow,,0,-100.0,19275.0,0.186,0.314,44,0,0,,,ACTIVE,
2026-05-26T13:08:20.152176,SHADOW_0052,H5,0.12475,23.64,23.64,23.4582,-0.00769,0.053592,1.266903,1.92641,0.12475,100,SHADOW_MODE,shadow,,0,-100.0,19175.0,0.19,0.31,45,0,0,,,ACTIVE,
2026-05-26T13:08:20.317374,SHADOW_0053,H0,0.12475,24.23,24.23,24.6193,0.016067,0.054261,1.314745,2.071258,0.12475,100,SHADOW_MODE,shadow,,0,-100.0,19075.0,0.194,0.306,46,0,0,,,ACTIVE,
2026-05-26T13:08:20.536195,SHADOW_0054,H4,0.12475,23.82,23.82,22.9576,-0.036205,0.053799,1.281499,1.863961,0.12475,100,SHADOW_MODE,shadow,,0,-100.0,18975.0,0.199,0.301,47,0,0,,,ACTIVE,
2026-05-26T13:08:20.699551,SHADOW_0055,H2,0.12475,20.72,20.72,20.1213,-0.028895,0.049717,1.030128,1.510132,0.12475,100,SHADOW_MODE,shadow,,0,-100.0,18875.0,0.203,0.297,48,0,0,,,ACTIVE,
2026-05-26T13:08:20.953627,SHADOW_0056,H10,0.12475,23.18,23.18,21.9435,-0.053343,0.053046,1.229603,1.737452,0.12475,100,SHADOW_MODE,shadow,,0,-100.0,18775.0,0.207,0.293,49,0,0,,,ACTIVE,
2026-05-26T13:08:21.140473,SHADOW_0057,H1,0.12475,20.69,20.69,20.5981,-0.004442,0.049671,1.027696,1.569613,0.12475,100,SHADOW_MODE,shadow,,0,-100.0,18675.0,0.211,0.289,50,0,0,,,ACTIVE,
2026-05-26T13:08:21.397692,SHADOW_0058,H3,0.12475,24.04,24.04,22.5247,-0.063032,0.054049,1.299338,1.809956,0.12475,100,SHADOW_MODE,shadow,,0,-100.0,18575.0,0.215,0.285,51,0,0,,,ACTIVE,
2026-05-26T13:08:21.666825,SHADOW_0059,H2,0.12475,24.28,24.28,23.6765,-0.024856,0.054316,1.318799,1.953643,0.12475,100,SHADOW_MODE,shadow,,0,-100.0,18475.0,0.22,0.28,52,0,0,,,ACTIVE,
2026-05-26T13:08:21.906476,SHADOW_0060,H3,0.12475,23.38,23.38,23.3382,-0.001788,0.053286,1.24582,1.91144,0.12475,100,SHADOW_MODE,shadow,,0,-100.0,18375.0,0.224,0.276,53,0,0,,,ACTIVE,
2026-05-26T13:08:22.090044,SHADOW_0061,H7,0.12475,24.34,24.34,23.2254,-0.045793,0.054382,1.323664,1.897369,0.12475,100,SHADOW_MODE,shadow,,0,-100.0,18275.0,0.228,0.272,54,0,0,,,ACTIVE,
2026-05-26T13:08:22.324948,SHADOW_0062,H2,0.12475,22.57,22.57,20.7994,-0.078449,0.052288,1.18014,1.594725,0.12475,100,SHADOW_MODE,shadow,,0,-100.0,18175.0,0.232,0.268,55,0,0,,,ACTIVE,
2026-05-26T13:08:22.614673,SHADOW_0063,H8,0.12475,15.5,15.5,15.8697,0.023852,0.039152,0.606853,0.979745,0.12475,100,SHADOW_MODE,shadow,,1,1450.0,18075.0,0.237,0.263,56,0,0,,,ACTIVE,
2026-05-26T13:08:22.901957,SHADOW_0064,H9,0.12475,24.71,24.71,24.3425,-0.014873,0.054782,1.353667,2.036727,0.12475,100,SHADOW_MODE,shadow,,0,-100.0,19525.0,0.175,0.649,0,1,0,,,ACTIVE,
2026-05-26T13:08:23.091499,SHADOW_0065,H0,0.12475,24.87,24.87,26.0074,0.045734,0.054951,1.36664,2.244423,0.12475,100,SHADOW_MODE,shadow,,0,-100.0,19425.0,0.18,0.641,1,0,0,,,ACTIVE,
2026-05-26T13:08:23.322628,SHADOW_0066,H4,0.12475,21.95,21.95,23.0149,0.048515,0.051475,1.129866,1.871109,0.12475,100,SHADOW_MODE,shadow,,0,-100.0,19325.0,0.184,0.633,2,0,0,,,ACTIVE,
2026-05-26T13:08:23.598127,SHADOW_0067,H3,0.12475,23.37,23.37,24.209,0.035901,0.053274,1.24501,2.020073,0.12475,100,SHADOW_MODE,shadow,,0,-100.0,19225.0,0.188,0.468,3,0,0,,,ACTIVE,
2026-05-26T13:08:23.797211,SHADOW_0068,H9,0.12475,24.78,24.78,25.1254,0.013939,0.054856,1.359343,2.134394,0.12475,100,SHADOW_MODE,shadow,,0,-100.0,19125.0,0.192,0.462,4,0,0,,,ACTIVE,
2026-05-26T13:08:23.986857,SHADOW_0069,H3,0.12475,22.4,22.4,21.1721,-0.054817,0.052069,1.166355,1.641219,0.12475,100,SHADOW_MODE,shadow,,0,-100.0,19025.0,0.196,0.304,5,0,0,,,ACTIVE,
2026-05-26T13:08:24.187116,SHADOW_0070,H1,0.12475,24.17,24.17,22.614,-0.064377,0.054194,1.309879,1.821096,0.12475,100,SHADOW_MODE,shadow,,0,-100.0,18925.0,0.201,0.299,6,0,0,,,ACTIVE,
2026-05-26T13:08:24.394145,SHADOW_0071,H6,0.12475,23.28,23.28,23.8164,0.023041,0.053166,1.237712,1.971096,0.12475,100,SHADOW_MODE,shadow,,0,-100.0,18825.0,0.205,0.295,7,0,0,,,ACTIVE,
2026-05-26T13:08:24.651577,SHADOW_0072,H1,0.12475,20.99,20.99,21.5272,0.025593,0.05012,1.052022,1.685518,0.12475,100,SHADOW_MODE,shadow,,0,-100.0,18725.0,0.209,0.291,8,0,0,,,ACTIVE,
2026-05-26T13:08:24.837811,SHADOW_0073,H7,0.12475,24.59,24.59,25.4221,0.033839,0.054654,1.343936,2.171407,0.12475,100,SHADOW_MODE,shadow,,0,-100.0,18625.0,0.213,0.287,9,0,0,,,ACTIVE,
2026-05-26T13:08:25.078477,SHADOW_0074,H2,0.12475,24.64,24.64,24.1776,-0.018766,0.054707,1.34799,2.016156,0.12475,100,SHADOW_MODE,shadow,,0,-100.0,18525.0,0.218,0.282,10,0,0,,,ACTIVE,
2026-05-26T13:08:25.316017,SHADOW_0075,H1,0.12475,23.87,23.87,22.9459,-0.038714,0.053856,1.285553,1.862501,0.12475,100,SHADOW_MODE,shadow,,0,-100.0,18425.0,0.222,0.278,11,0,0,,,ACTIVE,
2026-05-26T13:08:25.536125,SHADOW_0076,H8,0.12475,23.94,23.94,22.6986,-0.051855,0.053936,1.291229,1.83165,0.12475,100,SHADOW_MODE,shadow,,0,-100.0,18325.0,0.226,0.274,12,0,0,,,ACTIVE,
2026-05-26T13:08:25.807452,SHADOW_0077,H3,0.12475,24.17,24.17,24.6844,0.021283,0.054194,1.309879,2.079379,0.12475,100,SHADOW_MODE,shadow,,0,-100.0,18225.0,0.23,0.27,13,0,0,,,ACTIVE,
2026-05-26T13:08:26.063371,SHADOW_0078,H8,0.12475,20.56,20.56,18.9231,-0.079616,0.049472,1.017154,1.360657,0.12475,100,SHADOW_MODE,shadow,,0,-100.0,18125.0,0.234,0.266,14,0,0,,,ACTIVE,
2026-05-26T13:08:26.312099,SHADOW_0079,H4,0.12475,24.41,24.41,22.6528,-0.071987,0.054459,1.32934,1.825937,0.12475,100,SHADOW_MODE,shadow,,0,-100.0,18025.0,0.239,0.261,15,0,0,,,ACTIVE,
2026-05-26T13:08:26.533440,SHADOW_0080,H6,0.12475,24.98,24.98,26.1736,0.047782,0.055066,1.37556,2.265157,0.12475,100,SHADOW_MODE,shadow,,0,-100.0,17925.0,0.243,0.257,16,0,0,,,ACTIVE,
2026-05-26T13:08:26.694772,SHADOW_0081,H6,0.12475,21.02,21.02,19.5493,-0.069967,0.050164,1.054454,1.438775,0.12475,100,SHADOW_MODE,shadow,,0,-100.0,17825.0,0.247,0.253,17,0,0,,,ACTIVE,
2026-05-26T13:08:26.925477,SHADOW_0082,H1,0.12475,22.26,22.26,22.7276,0.021006,0.051887,1.155003,1.835268,0.12475,100,SHADOW_MODE,shadow,,0,-100.0,17725.0,0.251,0.249,18,0,0,,,ACTIVE,
2026-05-26T13:08:27.160187,SHADOW_0083,H8,0.12475,17.6,17.6,16.6423,-0.054415,0.044155,0.777136,1.076127,0.12475,100,SHADOW_MODE,shadow,,0,-100.0,17625.0,0.256,0.244,19,0,0,,,ACTIVE,
2026-05-26T13:08:27.451104,SHADOW_0084,H12,0.12475,24.35,24.35,22.9871,-0.055971,0.054393,1.324475,1.867641,0.12475,100,SHADOW_MODE,shadow,,0,-100.0,17525.0,0.26,0.24,20,0,0,,,ACTIVE,
2026-05-26T13:08:27.723501,SHADOW_0085,H10,0.12475,24.15,24.15,23.8555,-0.012195,0.054172,1.308258,1.975974,0.12475,100,SHADOW_MODE,shadow,,0,-100.0,17425.0,0.264,0.236,21,0,0,,,ACTIVE,
2026-05-26T13:08:28.047143,SHADOW_0086,H2,0.12475,24.89,24.89,25.1565,0.010707,0.054972,1.368262,2.138273,0.12475,100,SHADOW_MODE,shadow,,0,-100.0,17325.0,0.268,0.232,22,0,0,,,ACTIVE,
2026-05-26T13:08:28.226106,SHADOW_0087,H2,0.12475,23.65,23.65,23.8929,0.010271,0.053603,1.267714,1.980639,0.12475,100,SHADOW_MODE,shadow,,0,-100.0,17225.0,0.272,0.228,23,0,0,,,ACTIVE,
2026-05-26T13:08:28.503211,SHADOW_0088,H12,0.12475,24.11,24.11,23.5303,-0.024044,0.054128,1.305014,1.935405,0.12475,100,SHADOW_MODE,shadow,,0,-100.0,17125.0,0.277,0.223,24,0,0,,,ACTIVE,
2026-05-26T13:08:28.699387,SHADOW_0089,H4,0.12475,21.99,21.99,22.6411,0.029609,0.051528,1.133109,1.824477,0.12475,100,SHADOW_MODE,shadow,,0,-100.0,17025.0,0.281,0.219,25,0,0,,,ACTIVE,
2026-05-26T13:08:28.877959,SHADOW_0090,H3,0.12475,14.1,14.1,14.7608,0.046865,0.034988,0.493331,0.84141,0.12475,100,SHADOW_MODE,shadow,,0,-100.0,16925.0,0.285,0.215,26,0,0,,,ACTIVE,
2026-05-26T13:08:29.099262,SHADOW_0091,H2,0.12475,24.41,24.41,25.4185,0.041315,0.054459,1.32934,2.170958,0.12475,100,SHADOW_MODE,shadow,,0,-100.0,16825.0,0.289,0.211,27,0,0,,,ACTIVE,
2026-05-26T13:08:29.258657,SHADOW_0092,H3,0.12475,23.58,23.58,22.4383,-0.048418,0.053522,1.262038,1.799178,0.12475,100,SHADOW_MODE,shadow,,0,-100.0,16725.0,0.294,0.206,28,0,0,,,ACTIVE,
2026-05-26T13:08:29.426613,SHADOW_0093,H0,0.12475,21.95,21.95,22.1041,0.007021,0.051475,1.129866,1.757486,0.12475,100,SHADOW_MODE,shadow,,0,-100.0,16625.0,0.298,0.202,29,0,0,,,ACTIVE,
2026-05-26T13:08:29.649942,SHADOW_0094,H10,0.12475,24.04,24.04,24.5184,0.0199,0.054049,1.299338,2.05867,0.12475,100,SHADOW_MODE,shadow,,0,-100.0,16525.0,0.302,0.198,30,0,0,,,ACTIVE,
2026-05-26T13:08:29.844556,SHADOW_0095,H3,0.12475,24.33,24.33,23.3088,-0.041973,0.054371,1.322853,1.907773,0.12475,100,SHADOW_MODE,shadow,,0,-100.0,16425.0,0.306,0.194,31,0,0,,,ACTIVE,
2026-05-26T13:08:30.058041,SHADOW_0096,H5,0.12475,24.13,24.13,24.5775,0.018545,0.05415,1.306636,2.066043,0.12475,100,SHADOW_MODE,shadow,,0,-100.0,16325.0,0.31,0.19,32,0,0,,,ACTIVE,
2026-05-26T13:08:30.237889,SHADOW_0097,H4,0.12475,22.91,22.91,22.6233,-0.012514,0.052715,1.207709,1.822257,0.12475,100,SHADOW_MODE,shadow,,0,-100.0,16225.0,0.315,0.185,33,0,0,,,ACTIVE,
2026-05-26T13:08:30.454701,SHADOW_0098,H2,0.12475,24.14,24.14,24.3498,0.008691,0.054161,1.307447,2.037638,0.12475,100,SHADOW_MODE,shadow,,0,-100.0,16125.0,0.319,0.181,34,0,0,,,ACTIVE,
2026-05-26T13:08:30.616216,SHADOW_0099,H4,0.12475,24.46,24.46,25.2232,0.031202,0.054513,1.333395,2.146594,0.12475,100,SHADOW_MODE,shadow,,0,-100.0,16025.0,0.323,0.177,35,0,0,,,ACTIVE,
2026-05-26T13:08:30.813415,SHADOW_0100,H2,0.12475,23.91,23.91,24.0679,0.006604,0.053902,1.288797,2.002471,0.12475,100,SHADOW_MODE,shadow,,0,-100.0,15925.0,0.327,0.173,36,0,0,,,ACTIVE,
2026-05-26T13:08:31.018770,SHADOW_0101,H6,0.12475,22.69,22.69,23.6088,0.040494,0.05244,1.18987,1.945198,0.12475,100,SHADOW_MODE,shadow,,0,-100.0,15825.0,0.332,0.168,37,0,0,,,ACTIVE,
2026-05-26T13:08:31.194287,SHADOW_0102,H3,0.12475,22.3,22.3,22.6869,0.01735,0.051939,1.158246,1.830191,0.12475,100,SHADOW_MODE,shadow,,0,-100.0,15725.0,0.336,0.164,38,0,0,,,ACTIVE,
2026-05-26T13:08:31.451720,SHADOW_0103,H12,0.12475,24.82,24.82,23.0257,-0.072293,0.054899,1.362586,1.872456,0.12475,100,SHADOW_MODE,shadow,,0,-100.0,15625.0,0.34,0.16,39,0,0,,,ACTIVE,
2026-05-26T13:08:31.620024,SHADOW_0104,H6,0.12475,21.4,21.4,19.8928,-0.07043,0.050713,1.085268,1.481627,0.12475,100,SHADOW_MODE,shadow,,0,-100.0,15525.0,0.344,0.156,40,0,0,,,ACTIVE,
2026-05-26T13:08:31.837720,SHADOW_0105,H5,0.12475,20.51,20.51,19.6631,-0.041292,0.049395,1.0131,1.452972,0.12475,100,SHADOW_MODE,shadow,,0,-100.0,15425.0,0.348,0.152,41,0,0,,,ACTIVE,
2026-05-26T13:08:32.110375,SHADOW_0106,H2,0.12475,22.35,22.35,23.0714,0.032277,0.052004,1.162301,1.878157,0.12475,100,SHADOW_MODE,shadow,,0,-100.0,15325.0,0.353,0.0,42,0,0,,,ACTIVE,
2026-05-26T13:08:32.382996,SHADOW_0107,H1,0.12475,23.94,23.94,22.6964,-0.051947,0.053936,1.291229,1.831376,0.12475,100,SHADOW_MODE,shadow,,0,-100.0,15225.0,0.357,0.0,43,0,0,,,ACTIVE,
2026-05-26T13:08:32.605714,SHADOW_0108,H3,0.12475,22.13,22.13,21.3863,-0.033606,0.051715,1.144461,1.667941,0.12475,100,SHADOW_MODE,shadow,,0,-100.0,15125.0,0.361,0.0,44,0,0,,,ACTIVE,
2026-05-26T13:08:32.839644,SHADOW_0109,H9,0.12475,24.3,24.3,23.5368,-0.031407,0.054338,1.320421,1.936216,0.12475,100,SHADOW_MODE,shadow,,0,-100.0,15025.0,0.365,0.0,45,0,0,,,ACTIVE,
2026-05-26T13:08:33.003481,SHADOW_0110,H0,0.12475,17.26,17.26,17.6464,0.022387,0.043428,0.749566,1.201388,0.12475,100,SHADOW_MODE,shadow,,0,-100.0,14925.0,0.37,0.0,46,0,0,,,ACTIVE,
2026-05-26T13:08:33.200061,SHADOW_0111,H4,0.12475,24.09,24.09,22.9815,-0.046015,0.054105,1.303392,1.866942,0.12475,100,SHADOW_MODE,shadow,,0,-100.0,14825.0,0.374,0.0,47,0,0,,,ACTIVE,
2026-05-26T13:08:33.431271,SHADOW_0112,H6,0.12475,24.67,24.67,23.7599,-0.036891,0.054739,1.350423,1.964048,0.12475,100,SHADOW_MODE,shadow,,0,-100.0,14725.0,0.378,0.0,48,0,0,,,ACTIVE,
2026-05-26T13:08:33.589826,SHADOW_0113,H5,0.12475,20.64,20.64,19.1417,-0.072592,0.049595,1.023641,1.387927,0.12475,100,SHADOW_MODE,shadow,,0,-100.0,14625.0,0.382,0.0,49,0,0,,,ACTIVE,
2026-05-26T13:08:33.866474,SHADOW_0114,H9,0.12475,24.1,24.1,24.7191,0.025689,0.054116,1.304203,2.083708,0.12475,100,SHADOW_MODE,shadow,,0,-100.0,14525.0,0.386,0.0,50,0,0,,,ACTIVE,
2026-05-26T13:08:34.074738,SHADOW_0115,H2,0.12475,21.87,21.87,22.8406,0.04438,0.051366,1.123379,1.849365,0.12475,100,SHADOW_MODE,shadow,,0,-100.0,14425.0,0.391,0.0,51,0,0,,,ACTIVE,
2026-05-26T13:08:34.286878,SHADOW_0116,H6,0.12475,22.05,22.05,21.1668,-0.040054,0.051609,1.137974,1.640558,0.12475,100,SHADOW_MODE,shadow,,0,-100.0,14325.0,0.395,0.0,52,0,0,,,ACTIVE,
2026-05-26T13:08:34.567509,SHADOW_0117,H2,0.12475,23.96,23.96,22.429,-0.063898,0.053959,1.292851,1.798018,0.12475,100,SHADOW_MODE,shadow,,1,2296.0,14225.0,0.399,0.0,53,0,0,,,ACTIVE,
2026-05-26T13:08:34.769602,SHADOW_0118,H0,0.12475,22.22,22.22,22.0051,-0.009671,0.051834,1.151759,1.745136,0.12475,100,SHADOW_MODE,shadow,,1,2122.0,16521.0,0.302,0.396,0,1,0,,,ACTIVE,
2026-05-26T13:08:34.975623,SHADOW_0119,H7,0.12475,23.09,23.09,23.9792,0.03851,0.052937,1.222305,1.991405,0.12475,100,SHADOW_MODE,shadow,,0,-100.0,18643.0,0.213,0.575,0,2,0,,,ACTIVE,
2026-05-26T13:08:35.139238,SHADOW_0120,H2,0.12475,21.73,21.73,20.1803,-0.071316,0.051175,1.112026,1.517492,0.12475,100,SHADOW_MODE,shadow,,1,2073.0,18543.0,0.217,0.566,1,0,0,,,ACTIVE,
2026-05-26T13:08:35.305877,SHADOW_0121,H7,0.12475,22.58,22.58,21.3229,-0.055673,0.052301,1.180951,1.660032,0.12475,100,SHADOW_MODE,shadow,,0,-100.0,20616.0,0.129,0.742,0,1,0,,,ACTIVE,
2026-05-26T13:08:35.657222,SHADOW_0122,H9,0.12475,24.88,24.88,25.0024,0.00492,0.054962,1.367451,2.119049,0.12475,100,SHADOW_MODE,shadow,,0,-100.0,20516.0,0.133,0.733,1,0,0,,,ACTIVE,
2026-05-26T13:08:35.863284,SHADOW_0123,H6,0.12475,20.92,20.92,20.8253,-0.004527,0.050017,1.046346,1.597956,0.12475,100,SHADOW_MODE,shadow,,0,-100.0,20416.0,0.138,0.725,2,0,0,,,ACTIVE,
2026-05-26T13:08:36.061452,SHADOW_0124,H0,0.12475,24.65,24.65,24.6123,-0.001529,0.054718,1.348801,2.070384,0.12475,100,SHADOW_MODE,shadow,,1,2365.0,20316.0,0.142,0.537,3,0,0,,,ACTIVE,
2026-05-26T13:08:36.298535,SHADOW_0125,H4,0.12475,20.36,20.36,20.6297,0.013247,0.049162,1.000937,1.573555,0.12475,100,SHADOW_MODE,shadow,,0,-100.0,22681.0,0.042,0.916,0,1,0,,,ACTIVE,
2026-05-26T13:08:36.539215,SHADOW_0126,H9,0.12475,21.22,21.22,21.3583,0.006517,0.050456,1.070672,1.664448,0.12475,100,SHADOW_MODE,shadow,,0,-100.0,22581.0,0.046,0.908,1,0,0,,,ACTIVE,
2026-05-26T13:08:36.724390,SHADOW_0127,H0,0.12475,22.77,22.77,22.3775,-0.017238,0.052541,1.196357,1.791593,0.12475,100,SHADOW_MODE,shadow,,0,-100.0,22481.0,0.05,0.899,2,0,0,,,ACTIVE,
2026-05-26T13:08:37.010483,SHADOW_0128,H3,0.12475,24.61,24.61,23.4022,-0.049078,0.054675,1.345558,1.919424,0.12475,100,SHADOW_MODE,shadow,,0,-100.0,22381.0,0.055,0.668,3,0,0,,,ACTIVE,
2026-05-26T13:08:37.242200,SHADOW_0129,H2,0.12475,23.07,23.07,23.4032,0.014443,0.052912,1.220683,1.919549,0.12475,100,SHADOW_MODE,shadow,,1,2207.0,22281.0,0.059,0.662,4,0,0,,,ACTIVE,
2026-05-26T13:08:37.438847,SHADOW_0130,H1,0.12475,24.66,24.66,24.9204,0.01056,0.054729,1.349612,2.10882,0.12475,100,SHADOW_MODE,shadow,,1,2366.0,24488.0,0.0,1.0,0,1,0,,,ACTIVE,
2026-05-26T13:08:37.602379,SHADOW_0131,H0,0.12475,24.29,24.29,22.5902,-0.069979,0.054327,1.31961,1.818127,0.12475,100,SHADOW_MODE,shadow,,0,-100.0,26854.0,0.0,1.0,0,2,0,,,ACTIVE,
2026-05-26T13:08:37.853004,SHADOW_0132,H1,0.12475,20.6,20.6,19.4189,-0.057335,0.049534,1.020398,1.422508,0.12475,100,SHADOW_MODE,shadow,,0,-100.0,26754.0,0.004,0.993,1,0,0,,,ACTIVE,
2026-05-26T13:08:38.069661,SHADOW_0133,H0,0.12475,24.83,24.83,23.7861,-0.042042,0.054909,1.363397,1.967316,0.12475,100,SHADOW_MODE,shadow,,0,-100.0,26654.0,0.007,0.985,2,0,0,,,ACTIVE,
2026-05-26T13:08:38.232525,SHADOW_0134,H3,0.12475,23.12,23.12,22.1854,-0.040424,0.052973,1.224738,1.767629,0.12475,100,SHADOW_MODE,shadow,,0,-100.0,26554.0,0.011,0.733,3,0,0,,,ACTIVE,
2026-05-26T13:08:38.452649,SHADOW_0135,H4,0.12475,24.07,24.07,24.2696,0.008292,0.054083,1.301771,2.027633,0.12475,100,SHADOW_MODE,shadow,,0,-100.0,26454.0,0.015,0.728,4,0,0,,,ACTIVE,
2026-05-26T13:08:38.720710,SHADOW_0136,H7,0.12475,24.96,24.96,23.6039,-0.054331,0.055046,1.373938,1.944587,0.12475,100,SHADOW_MODE,shadow,,0,-100.0,26354.0,0.019,0.481,5,0,0,,,ACTIVE,
2026-05-26T13:08:38.886783,SHADOW_0137,H0,0.12475,20.69,20.69,20.2194,-0.022745,0.049671,1.027696,1.52237,0.12475,100,SHADOW_MODE,shadow,,1,1969.0,26254.0,0.022,0.478,6,0,0,,,ACTIVE,
2026-05-26T13:08:39.085865,SHADOW_0138,H0,0.12475,24.65,24.65,23.5645,-0.044037,0.054718,1.348801,1.939671,0.12475,100,SHADOW_MODE,shadow,,0,-100.0,28223.0,0.0,1.0,0,1,0,,,ACTIVE,
2026-05-26T13:08:39.284973,SHADOW_0139,H9,0.12475,23.1,23.1,23.6376,0.023273,0.052949,1.223116,1.948791,0.12475,100,SHADOW_MODE,shadow,,0,-100.0,28123.0,0.004,0.993,1,0,0,,,ACTIVE,
2026-05-26T13:08:39.554737,SHADOW_0140,H11,0.12475,23.68,23.68,23.032,-0.027365,0.053638,1.270147,1.873242,0.12475,100,SHADOW_MODE,shadow,,1,2268.0,28023.0,0.007,0.986,2,0,0,,,ACTIVE,
2026-05-26T13:08:39.823869,SHADOW_0141,H8,0.12475,22.65,22.65,23.4547,0.035528,0.05239,1.186627,1.925974,0.12475,100,SHADOW_MODE,shadow,,0,-100.0,30291.0,0.0,1.0,0,1,0,,,ACTIVE,
2026-05-26T13:08:40.076582,SHADOW_0142,H4,0.12475,23.26,23.26,21.5616,-0.073018,0.053142,1.23609,1.68981,0.12475,100,SHADOW_MODE,shadow,,0,-100.0,30191.0,0.003,0.993,1,0,0,,,ACTIVE,
2026-05-26T13:08:40.295858,SHADOW_0143,H6,0.12475,21.37,21.37,21.5787,0.009766,0.050671,1.082835,1.691943,0.12475,100,SHADOW_MODE,shadow,,0,-100.0,30091.0,0.007,0.987,2,0,0,,,ACTIVE,
2026-05-26T13:08:40.530543,SHADOW_0144,H10,0.12475,23.77,23.77,23.8637,0.003942,0.053742,1.277444,1.976997,0.12475,100,SHADOW_MODE,shadow,,0,-100.0,29991.0,0.01,0.735,3,0,0,,,ACTIVE,
2026-05-26T13:08:40.729701,SHADOW_0145,H7,0.12475,18.74,18.74,18.791,0.002721,0.046402,0.869575,1.344177,0.12475,100,SHADOW_MODE,shadow,,0,-100.0,29891.0,0.013,0.73,4,0,0,,,ACTIVE,
2026-05-26T13:08:41.008812,SHADOW_0146,H13,0.12475,22.0,22.0,20.5666,-0.065155,0.051542,1.13392,1.565683,0.12475,100,SHADOW_MODE,shadow,,0,-100.0,29791.0,0.017,0.483,5,0,0,,,ACTIVE,
2026-05-26T13:08:41.226656,SHADOW_0147,H3,0.12475,24.03,24.03,23.6583,-0.015468,0.054038,1.298527,1.951373,0.12475,100,SHADOW_MODE,shadow,,0,-100.0,29691.0,0.02,0.48,6,0,0,,,ACTIVE,
2026-05-26T13:08:41.424294,SHADOW_0148,H5,0.12475,21.63,21.63,20.9789,-0.030102,0.051036,1.103918,1.617118,0.12475,100,SHADOW_MODE,shadow,,0,-100.0,29591.0,0.023,0.477,7,0,0,,,ACTIVE,
2026-05-26T13:08:41.603567,SHADOW_0149,H7,0.12475,22.59,22.59,22.1766,-0.0183,0.052313,1.181762,1.766531,0.12475,100,SHADOW_MODE,shadow,,0,-100.0,29491.0,0.026,0.474,8,0,0,,,ACTIVE,
2026-05-26T13:08:41.799636,SHADOW_0150,H5,0.12475,21.78,21.78,22.7008,0.042277,0.051243,1.116081,1.831925,0.12475,100,SHADOW_MODE,shadow,,0,-100.0,29391.0,0.03,0.47,9,0,0,,,ACTIVE,
2026-05-26T13:08:41.990705,SHADOW_0151,H6,0.12475,20.73,20.73,19.6347,-0.052836,0.049732,1.030939,1.449429,0.12475,100,SHADOW_MODE,shadow,,0,-100.0,29291.0,0.033,0.467,10,0,0,,,ACTIVE,
2026-05-26T13:08:42.172870,SHADOW_0152,H7,0.12475,23.54,23.54,22.2436,-0.055072,0.053475,1.258794,1.774889,0.12475,100,SHADOW_MODE,shadow,,0,-100.0,29191.0,0.036,0.464,11,0,0,,,ACTIVE,
2026-05-26T13:08:42.360609,SHADOW_0153,H4,0.12475,24.0,24.0,22.4033,-0.066529,0.054004,1.296095,1.794812,0.12475,100,SHADOW_MODE,shadow,,1,2300.0,29091.0,0.04,0.46,12,0,0,,,ACTIVE,
2026-05-26T13:08:42.640279,SHADOW_0154,H12,0.12475,23.48,23.48,21.9321,-0.065924,0.053404,1.253929,1.736029,0.12475,100,SHADOW_MODE,shadow,,0,-100.0,31391.0,0.0,1.0,0,1,0,,,ACTIVE,
2026-05-26T13:08:42.891437,SHADOW_0155,H2,0.12475,24.69,24.69,24.3003,-0.015784,0.054761,1.352045,2.031462,0.12475,100,SHADOW_MODE,shadow,,0,-100.0,31291.0,0.003,0.994,1,0,0,,,ACTIVE,
2026-05-26T13:08:43.110547,SHADOW_0156,H0,0.12475,23.32,23.32,22.1558,-0.049923,0.053214,1.240955,1.763936,0.12475,100,SHADOW_MODE,shadow,,1,2232.0,31191.0,0.006,0.987,2,0,0,,,ACTIVE,
2026-05-26T13:08:43.363821,SHADOW_0157,H3,0.12475,22.75,22.75,20.9656,-0.078435,0.052516,1.194735,1.615459,0.12475,100,SHADOW_MODE,shadow,,0,-100.0,33423.0,0.0,1.0,0,1,0,,,ACTIVE,
2026-05-26T13:08:43.612890,SHADOW_0158,H4,0.12475,24.04,24.04,23.5313,-0.021161,0.054049,1.299338,1.93553,0.12475,100,SHADOW_MODE,shadow,,0,-100.0,33323.0,0.003,0.994,1,0,0,,,ACTIVE,
2026-05-26T13:08:43.770005,SHADOW_0159,H3,0.12475,23.67,23.67,23.7691,0.004187,0.053626,1.269336,1.965195,0.12475,100,SHADOW_MODE,shadow,,0,-100.0,33223.0,0.006,0.988,2,0,0,,,ACTIVE,
2026-05-26T13:08:44.025222,SHADOW_0160,H10,0.12475,24.59,24.59,23.2351,-0.0551,0.054654,1.343936,1.898579,0.12475,100,SHADOW_MODE,shadow,,0,-100.0,33123.0,0.009,0.737,3,0,0,,,ACTIVE,
2026-05-26T13:08:44.240907,SHADOW_0161,H5,0.12475,22.71,22.71,21.0899,-0.071339,0.052466,1.191492,1.630965,0.12475,100,SHADOW_MODE,shadow,,0,-100.0,33023.0,0.012,0.732,4,0,0,,,ACTIVE,
2026-05-26T13:08:44.444504,SHADOW_0162,H2,0.12475,23.52,23.52,24.6665,0.048746,0.053451,1.257173,2.077146,0.12475,100,SHADOW_MODE,shadow,,0,-100.0,32923.0,0.015,0.485,5,0,0,,,ACTIVE,
2026-05-26T13:08:44.608042,SHADOW_0163,H0,0.12475,23.21,23.21,23.4484,0.010271,0.053082,1.232036,1.925188,0.12475,100,SHADOW_MODE,shadow,,0,-100.0,32823.0,0.018,0.482,6,0,0,,,ACTIVE,
2026-05-26T13:08:44.776159,SHADOW_0164,H4,0.12475,24.9,24.9,25.8435,0.037892,0.054983,1.369073,2.223977,0.12475,100,SHADOW_MODE,shadow,,0,-100.0,32723.0,0.021,0.479,7,0,0,,,ACTIVE,
2026-05-26T13:08:44.961388,SHADOW_0165,H5,0.12475,23.85,23.85,23.1437,-0.029614,0.053834,1.283931,1.887177,0.12475,100,SHADOW_MODE,shadow,,0,-100.0,32623.0,0.024,0.476,8,0,0,,,ACTIVE,
2026-05-26T13:08:45.171070,SHADOW_0166,H1,0.12475,21.74,21.74,22.3221,0.026776,0.051188,1.112837,1.784682,0.12475,100,SHADOW_MODE,shadow,,0,-100.0,32523.0,0.027,0.473,9,0,0,,,ACTIVE,
2026-05-26T13:08:45.476298,SHADOW_0167,H11,0.12475,24.98,24.98,24.4355,-0.021797,0.055066,1.37556,2.048329,0.12475,100,SHADOW_MODE,shadow,,0,-100.0,32423.0,0.03,0.47,10,0,0,,,ACTIVE,
2026-05-26T13:08:45.770840,SHADOW_0168,H5,0.12475,23.14,23.14,22.6876,-0.019551,0.052997,1.22636,1.830278,0.12475,100,SHADOW_MODE,shadow,,0,-100.0,32323.0,0.033,0.467,11,0,0,,,ACTIVE,
2026-05-26T13:08:46.005937,SHADOW_0169,H6,0.12475,23.39,23.39,23.7234,0.014254,0.053298,1.246631,1.959494,0.12475,100,SHADOW_MODE,shadow,,0,-100.0,32223.0,0.036,0.464,12,0,0,,,ACTIVE,
2026-05-26T13:08:46.261512,SHADOW_0170,H7,0.12475,24.64,24.64,25.4605,0.0333,0.054707,1.34799,2.176197,0.12475,100,SHADOW_MODE,shadow,,0,-100.0,32123.0,0.039,0.461,13,0,0,,,ACTIVE,
2026-05-26T13:08:46.569636,SHADOW_0171,H13,0.12475,24.43,24.43,22.9064,-0.062366,0.054481,1.330962,1.857573,0.12475,100,SHADOW_MODE,shadow,,0,-100.0,32023.0,0.042,0.458,14,0,0,,,ACTIVE,
2026-05-26T13:08:46.802701,SHADOW_0172,H9,0.12475,23.8,23.8,23.3741,-0.017895,0.053776,1.279877,1.915919,0.12475,100,SHADOW_MODE,shadow,,0,-100.0,31923.0,0.045,0.455,15,0,0,,,ACTIVE,
2026-05-26T13:08:47.063304,SHADOW_0173,H3,0.12475,21.56,21.56,21.7678,0.009638,0.050939,1.098242,1.715533,0.12475,100,SHADOW_MODE,shadow,,0,-100.0,31823.0,0.048,0.452,16,0,0,,,ACTIVE,
2026-05-26T13:08:47.318983,SHADOW_0174,H7,0.12475,23.41,23.41,22.8168,-0.02534,0.053321,1.248253,1.846396,0.12475,100,SHADOW_MODE,shadow,,1,2241.0,31723.0,0.051,0.449,17,0,0,,,ACTIVE,
2026-05-26T13:08:47.574553,SHADOW_0175,H0,0.12475,24.43,24.43,25.5188,0.044568,0.054481,1.330962,2.18347,0.12475,100,SHADOW_MODE,shadow,,0,-100.0,33964.0,0.0,1.0,0,1,0,,,ACTIVE,
2026-05-26T13:08:47.740616,SHADOW_0176,H7,0.12475,24.11,24.11,25.2318,0.046528,0.054128,1.305014,2.147667,0.12475,100,SHADOW_MODE,shadow,,0,-100.0,33864.0,0.003,0.994,1,0,0,,,ACTIVE,
2026-05-26T13:08:47.997705,SHADOW_0177,H4,0.12475,21.79,21.79,20.9059,-0.040574,0.051257,1.116892,1.608011,0.12475,100,SHADOW_MODE,shadow,,0,-100.0,33764.0,0.006,0.988,2,0,0,,,ACTIVE,
2026-05-26T13:08:48.248352,SHADOW_0178,H10,0.12475,24.52,24.52,25.0568,0.021892,0.054578,1.33826,2.125836,0.12475,100,SHADOW_MODE,shadow,,0,-100.0,33664.0,0.009,0.737,3,0,0,,,ACTIVE,
2026-05-26T13:08:48.456141,SHADOW_0179,H9,0.12475,23.31,23.31,23.1858,-0.005328,0.053202,1.240144,1.892429,0.12475,100,SHADOW_MODE,shadow,,0,-100.0,33564.0,0.012,0.732,4,0,0,,,ACTIVE,
2026-05-26T13:08:48.698208,SHADOW_0180,H9,0.12475,24.23,24.23,23.6068,-0.02572,0.054261,1.314745,1.944948,0.12475,100,SHADOW_MODE,shadow,,0,-100.0,33464.0,0.015,0.485,5,0,0,,,ACTIVE,
2026-05-26T13:08:48.874304,SHADOW_0181,H6,0.12475,21.9,21.9,22.4019,0.022918,0.051407,1.125811,1.794637,0.12475,100,SHADOW_MODE,shadow,,0,-100.0,33364.0,0.018,0.482,6,0,0,,,ACTIVE,
2026-05-26T13:08:49.116456,SHADOW_0182,H1,0.12475,23.49,23.49,24.3306,0.035785,0.053416,1.25474,2.035242,0.12475,100,SHADOW_MODE,shadow,,0,-100.0,33264.0,0.021,0.479,7,0,0,,,ACTIVE,
2026-05-26T13:08:49.282235,SHADOW_0183,H3,0.12475,23.35,23.35,23.7893,0.018814,0.05325,1.243388,1.967715,0.12475,100,SHADOW_MODE,shadow,,1,2235.0,33164.0,0.024,0.476,8,0,0,,,ACTIVE,
2026-05-26T13:08:49.461379,SHADOW_0184,H0,0.12475,16.08,16.08,16.509,0.026679,0.040664,0.653883,1.059498,0.12475,100,SHADOW_MODE,shadow,,0,-100.0,35399.0,0.0,1.0,0,1,0,,,ACTIVE,
2026-05-26T13:08:49.746066,SHADOW_0185,H12,0.12475,24.27,24.27,23.7136,-0.022925,0.054305,1.317988,1.958272,0.12475,100,SHADOW_MODE,shadow,,0,-100.0,35299.0,0.003,0.994,1,0,0,,,ACTIVE,
2026-05-26T13:08:49.988233,SHADOW_0186,H1,0.12475,21.86,21.86,21.5583,-0.013801,0.051353,1.122568,1.689398,0.12475,100,SHADOW_MODE,shadow,,0,-100.0,35199.0,0.006,0.989,2,0,0,,,ACTIVE,
2026-05-26T13:08:50.157292,SHADOW_0187,H3,0.12475,24.67,24.67,24.7099,0.001617,0.054739,1.350423,2.08256,0.12475,100,SHADOW_MODE,shadow,,0,-100.0,35099.0,0.008,0.737,3,0,0,,,ACTIVE,
2026-05-26T13:08:50.461879,SHADOW_0188,H6,0.12475,20.64,20.64,19.7359,-0.043803,0.049595,1.023641,1.462054,0.12475,100,SHADOW_MODE,shadow,,0,-100.0,34999.0,0.011,0.733,4,0,0,,,ACTIVE,
2026-05-26T13:08:50.698069,SHADOW_0189,H2,0.12475,23.74,23.74,22.2349,-0.063399,0.053707,1.275012,1.773804,0.12475,100,SHADOW_MODE,shadow,,0,-100.0,34899.0,0.014,0.486,5,0,0,,,ACTIVE,
2026-05-26T13:08:50.878461,SHADOW_0190,H1,0.12475,23.24,23.24,23.5317,0.012552,0.053118,1.234468,1.93558,0.12475,100,SHADOW_MODE,shadow,,0,-100.0,34799.0,0.017,0.483,6,0,0,,,ACTIVE,
2026-05-26T13:08:51.056110,SHADOW_0191,H7,0.12475,23.6,23.6,23.9481,0.01475,0.053545,1.26366,1.987525,0.12475,100,SHADOW_MODE,shadow,,0,-100.0,34699.0,0.02,0.48,7,0,0,,,ACTIVE,
2026-05-26T13:08:51.294498,SHADOW_0192,H4,0.12475,22.17,22.17,22.031,-0.00627,0.051768,1.147705,1.748367,0.12475,100,SHADOW_MODE,shadow,,0,-100.0,34599.0,0.023,0.477,8,0,0,,,ACTIVE,
2026-05-26T13:08:51.483570,SHADOW_0193,H5,0.12475,22.03,22.03,20.5817,-0.065742,0.051582,1.136353,1.567567,0.12475,100,SHADOW_MODE,shadow,,0,-100.0,34499.0,0.025,0.475,9,0,0,,,ACTIVE,
2026-05-26T13:08:51.645044,SHADOW_0194,H5,0.12475,24.31,24.31,24.1916,-0.00487,0.054349,1.321232,2.017902,0.12475,100,SHADOW_MODE,shadow,,0,-100.0,34399.0,0.028,0.472,10,0,0,,,ACTIVE,
2026-05-26T13:08:51.825996,SHADOW_0195,H5,0.12475,23.21,23.21,21.4835,-0.074386,0.053082,1.232036,1.680067,0.12475,100,SHADOW_MODE,shadow,,0,-100.0,34299.0,0.031,0.469,11,0,0,,,ACTIVE,
2026-05-26T13:08:52.037930,SHADOW_0196,H3,0.12475,23.06,23.06,21.314,-0.075716,0.0529,1.219873,1.658921,0.12475,100,SHADOW_MODE,shadow,,0,-100.0,34199.0,0.034,0.466,12,0,0,,,ACTIVE,
2026-05-26T13:08:52.254540,SHADOW_0197,H3,0.12475,19.64,19.64,19.9537,0.015973,0.047992,0.942554,1.489224,0.12475,100,SHADOW_MODE,shadow,,0,-100.0,34099.0,0.037,0.463,13,0,0,,,ACTIVE,
2026-05-26T13:08:52.478694,SHADOW_0198,H0,0.12475,19.51,19.51,20.4461,0.047981,0.047771,0.932013,1.550651,0.12475,100,SHADOW_MODE,shadow,,0,-100.0,33999.0,0.04,0.46,14,0,0,,,ACTIVE,
2026-05-26T13:08:52.646554,SHADOW_0199,H6,0.12475,25.0,25.0,24.0709,-0.037164,0.055087,1.377182,2.002845,0.12475,100,SHADOW_MODE,shadow,,1,2400.0,33899.0,0.042,0.458,15,0,0,,,ACTIVE,
2026-05-26T13:08:52.861710,SHADOW_0200,H7,0.12475,23.56,23.56,23.8901,0.014011,0.053498,1.260416,1.98029,0.12475,100,SHADOW_MODE,shadow,,0,-100.0,36299.0,0.0,1.0,0,1,0,,,ACTIVE,
2026-05-26T13:08:53.163205,SHADOW_0201,H4,0.12475,24.35,24.35,25.2386,0.036493,0.054393,1.324475,2.148515,0.12475,100,SHADOW_MODE,shadow,,0,-100.0,36199.0,0.003,0.994,1,0,0,,,ACTIVE,
2026-05-26T13:08:53.415964,SHADOW_0202,H12,0.12475,23.82,23.82,23.7267,-0.003917,0.053799,1.281499,1.959906,0.12475,100,SHADOW_MODE,shadow,,0,-100.0,36099.0,0.006,0.989,2,0,0,,,ACTIVE,
2026-05-26T13:08:53.647225,SHADOW_0203,H9,0.12475,22.79,22.79,23.344,0.024309,0.052566,1.197979,1.912164,0.12475,100,SHADOW_MODE,shadow,,0,-100.0,35999.0,0.008,0.738,3,0,0,,,ACTIVE,
2026-05-26T13:08:53.915683,SHADOW_0204,H7,0.12475,22.83,22.83,21.2334,-0.069934,0.052616,1.201222,1.648867,0.12475,100,SHADOW_MODE,shadow,,0,-100.0,35899.0,0.011,0.733,4,0,0,,,ACTIVE,
2026-05-26T13:08:54.143665,SHADOW_0205,H1,0.12475,24.06,24.06,23.77,-0.012053,0.054071,1.30096,1.965307,0.12475,100,SHADOW_MODE,shadow,,0,-100.0,35799.0,0.014,0.486,5,0,0,,,ACTIVE,
2026-05-26T13:08:54.328752,SHADOW_0206,H1,0.12475,20.87,20.87,21.5511,0.032635,0.049942,1.042291,1.6885,0.12475,100,SHADOW_MODE,shadow,,0,-100.0,35699.0,0.017,0.483,6,0,0,,,ACTIVE,
2026-05-26T13:08:54.584873,SHADOW_0207,H1,0.12475,22.38,22.38,21.3565,-0.045733,0.052043,1.164733,1.664223,0.12475,100,SHADOW_MODE,shadow,,1,2138.0,35599.0,0.019,0.481,7,0,0,,,ACTIVE,
2026-05-26T13:08:54.786013,SHADOW_0208,H5,0.12475,23.76,23.76,21.9084,-0.077929,0.05373,1.276634,1.733073,0.12475,100,SHADOW_MODE,shadow,,0,-100.0,37737.0,0.0,1.0,0,1,0,,,ACTIVE,
2026-05-26T13:08:55.037285,SHADOW_0209,H2,0.12475,18.86,18.86,19.1667,0.016262,0.046623,0.879306,1.391046,0.12475,100,SHADOW_MODE,shadow,,0,-100.0,37637.0,0.003,0.995,1,0,0,,,ACTIVE,
2026-05-26T13:08:55.234053,SHADOW_0210,H7,0.12475,24.26,24.26,23.1451,-0.045956,0.054294,1.317177,1.887351,0.12475,100,SHADOW_MODE,shadow,,1,2326.0,37537.0,0.005,0.989,2,0,0,,,ACTIVE,
2026-05-26T13:08:55.437355,SHADOW_0211,H6,0.12475,24.06,24.06,24.6002,0.022452,0.054071,1.30096,2.068875,0.12475,100,SHADOW_MODE,shadow,,0,-100.0,39863.0,0.0,1.0,0,1,0,,,ACTIVE,
2026-05-26T13:08:55.717534,SHADOW_0212,H1,0.12475,24.61,24.61,23.6715,-0.038135,0.054675,1.345558,1.95302,0.12475,100,SHADOW_MODE,shadow,,0,-100.0,39763.0,0.003,0.995,1,0,0,,,ACTIVE,
2026-05-26T13:08:55.920117,SHADOW_0213,H9,0.12475,19.68,19.68,19.9318,0.012795,0.048059,0.945798,1.486492,0.12475,100,SHADOW_MODE,shadow,,0,-100.0,39663.0,0.005,0.99,2,0,0,,,ACTIVE,
2026-05-26T13:08:56.152167,SHADOW_0214,H1,0.12475,21.92,21.92,20.2925,-0.074247,0.051434,1.127433,1.531489,0.12475,100,SHADOW_MODE,shadow,,0,-100.0,39563.0,0.008,0.739,3,0,0,,,ACTIVE,
2026-05-26T13:08:56.316960,SHADOW_0215,H6,0.12475,22.26,22.26,23.013,0.033827,0.051887,1.155003,1.870872,0.12475,100,SHADOW_MODE,shadow,,1,2126.0,39463.0,0.01,0.735,4,0,0,,,ACTIVE,
2026-05-26T13:08:56.540951,SHADOW_0216,H9,0.12475,22.49,22.49,22.9324,0.019671,0.052186,1.173653,1.860817,0.12475,100,SHADOW_MODE,shadow,,0,-100.0,41589.0,0.0,1.0,0,1,0,,,ACTIVE,
2026-05-26T13:08:56.801549,SHADOW_0217,H3,0.12475,23.2,23.2,22.3736,-0.035621,0.05307,1.231225,1.791107,0.12475,100,SHADOW_MODE,shadow,,1,2220.0,41489.0,0.002,0.995,1,0,0,,,ACTIVE,
2026-05-26T13:08:57.044666,SHADOW_0218,H5,0.12475,19.57,19.57,19.3263,-0.012453,0.047873,0.936878,1.410956,0.12475,100,SHADOW_MODE,shadow,,0,-100.0,43709.0,0.0,1.0,0,1,0,,,ACTIVE,
2026-05-26T13:08:57.286584,SHADOW_0219,H6,0.12475,24.07,24.07,22.7791,-0.053631,0.054083,1.301771,1.841693,0.12475,100,SHADOW_MODE,shadow,,0,-100.0,43609.0,0.002,0.995,1,0,0,,,ACTIVE,
2026-05-26T13:08:57.452033,SHADOW_0220,H6,0.12475,24.6,24.6,24.5638,-0.001472,0.054665,1.344747,2.064334,0.12475,100,SHADOW_MODE,shadow,,0,-100.0,43509.0,0.005,0.991,2,0,0,,,ACTIVE,
2026-05-26T13:08:57.676910,SHADOW_0221,H2,0.12475,22.42,22.42,22.0859,-0.014902,0.052095,1.167977,1.755216,0.12475,100,SHADOW_MODE,shadow,,0,-100.0,43409.0,0.007,0.74,3,0,0,,,ACTIVE,
2026-05-26T13:08:57.834676,SHADOW_0222,H0,0.12475,22.95,22.95,23.7735,0.035882,0.052765,1.210953,1.965744,0.12475,100,SHADOW_MODE,shadow,,0,-100.0,43309.0,0.009,0.736,4,0,0,,,ACTIVE,
2026-05-26T13:08:58.016893,SHADOW_0223,H0,0.12475,22.63,22.63,21.2305,-0.061843,0.052364,1.185005,1.648505,0.12475,100,SHADOW_MODE,shadow,,0,-100.0,43209.0,0.011,0.489,5,0,0,,,ACTIVE,
2026-05-26T13:08:58.248145,SHADOW_0224,H0,0.12475,24.58,24.58,23.2558,-0.053873,0.054643,1.343125,1.901161,0.12475,100,SHADOW_MODE,shadow,,1,2358.0,43109.0,0.014,0.486,6,0,0,,,ACTIVE,
2026-05-26T13:08:58.497470,SHADOW_0225,H12,0.12475,22.9,22.9,23.0829,0.007987,0.052703,1.206899,1.879592,0.12475,100,SHADOW_MODE,shadow,,1,2190.0,45467.0,0.0,1.0,0,1,0,,,ACTIVE,
2026-05-26T13:08:58.664018,SHADOW_0226,H4,0.12475,24.71,24.71,25.6086,0.036366,0.054782,1.353667,2.194673,0.12475,100,SHADOW_MODE,shadow,,0,-100.0,47657.0,0.0,1.0,0,2,0,,,ACTIVE,
2026-05-26T13:08:58.921213,SHADOW_0227,H3,0.12475,22.98,22.98,23.5716,0.025744,0.052802,1.213386,1.940557,0.12475,100,SHADOW_MODE,shadow,,0,-100.0,47557.0,0.002,0.996,1,0,0,,,ACTIVE,
2026-05-26T13:08:59.169882,SHADOW_0228,H6,0.12475,22.64,22.64,21.2239,-0.062549,0.052377,1.185816,1.647682,0.12475,100,SHADOW_MODE,shadow,,0,-100.0,47457.0,0.004,0.992,2,0,0,,,ACTIVE,
2026-05-26T13:08:59.463847,SHADOW_0229,H9,0.12475,20.95,20.95,20.2358,-0.034091,0.050061,1.048778,1.524416,0.12475,100,SHADOW_MODE,shadow,,0,-100.0,47357.0,0.006,0.741,3,0,0,,,ACTIVE,
2026-05-26T13:08:59.745857,SHADOW_0230,H13,0.12475,24.83,24.83,23.439,-0.056021,0.054909,1.363397,1.924015,0.12475,100,SHADOW_MODE,shadow,,0,-100.0,47257.0,0.008,0.737,4,0,0,,,ACTIVE,
2026-05-26T13:08:59.917970,SHADOW_0231,H4,0.12475,22.5,22.5,23.1534,0.02904,0.052198,1.174464,1.888387,0.12475,100,SHADOW_MODE,shadow,,0,-100.0,47157.0,0.01,0.49,5,0,0,,,ACTIVE,
2026-05-26T13:09:00.175287,SHADOW_0232,H0,0.12475,24.62,24.62,24.638,0.000731,0.054686,1.346369,2.073591,0.12475,100,SHADOW_MODE,shadow,,0,-100.0,47057.0,0.013,0.487,6,0,0,,,ACTIVE,
2026-05-26T13:09:00.449734,SHADOW_0233,H11,0.12475,23.04,23.04,23.2985,0.01122,0.052875,1.218251,1.906488,0.12475,100,SHADOW_MODE,shadow,,0,-100.0,46957.0,0.015,0.485,7,0,0,,,ACTIVE,
2026-05-26T13:09:00.664113,SHADOW_0234,H9,0.12475,24.23,24.23,24.6115,0.015745,0.054261,1.314745,2.070285,0.12475,100,SHADOW_MODE,shadow,,0,-100.0,46857.0,0.017,0.483,8,0,0,,,ACTIVE,
2026-05-26T13:09:00.913702,SHADOW_0235,H11,0.12475,24.97,24.97,24.5382,-0.017293,0.055056,1.374749,2.06114,0.12475,100,SHADOW_MODE,shadow,,0,-100.0,46757.0,0.019,0.481,9,0,0,,,ACTIVE,
2026-05-26T13:09:01.187573,SHADOW_0236,H1,0.12475,20.87,20.87,21.7005,0.039794,0.049942,1.042291,1.707137,0.12475,100,SHADOW_MODE,shadow,,0,-100.0,46657.0,0.021,0.479,10,0,0,,,ACTIVE,
2026-05-26T13:09:01.372639,SHADOW_0237,H6,0.12475,24.78,24.78,23.0117,-0.07136,0.054856,1.359343,1.87071,0.12475,100,SHADOW_MODE,shadow,,1,2378.0,46557.0,0.023,0.477,11,0,0,,,ACTIVE,
2026-05-26T13:09:01.530354,SHADOW_0238,H4,0.12475,23.21,23.21,24.0426,0.035872,0.053082,1.232036,1.999314,0.12475,100,SHADOW_MODE,shadow,,0,-100.0,48935.0,0.0,1.0,0,1,0,,,ACTIVE,
2026-05-26T13:09:01.763574,SHADOW_0239,H7,0.12475,23.92,23.92,24.7149,0.033232,0.053913,1.289608,2.083184,0.12475,100,SHADOW_MODE,shadow,,0,-100.0,48835.0,0.002,0.996,1,0,0,,,ACTIVE,
2026-05-26T13:09:02.038112,SHADOW_0240,H0,0.12475,24.99,24.99,25.7655,0.031032,0.055077,1.376371,2.214246,0.12475,100,SHADOW_MODE,shadow,,0,-100.0,48735.0,0.004,0.992,2,0,0,,,ACTIVE,
2026-05-26T13:09:02.236350,SHADOW_0241,H0,0.12475,22.33,22.33,22.6071,0.012409,0.051978,1.160679,1.820236,0.12475,100,SHADOW_MODE,shadow,,0,-100.0,48635.0,0.006,0.741,3,0,0,,,ACTIVE,
2026-05-26T13:09:02.418781,SHADOW_0242,H3,0.12475,24.11,24.11,22.5133,-0.066226,0.054128,1.305014,1.808534,0.12475,100,SHADOW_MODE,shadow,,0,-100.0,48535.0,0.008,0.738,4,0,0,,,ACTIVE,
2026-05-26T13:09:02.667049,SHADOW_0243,H2,0.12475,21.04,21.04,21.2451,0.009748,0.050194,1.056076,1.650326,0.12475,100,SHADOW_MODE,shadow,,0,-100.0,48435.0,0.01,0.49,5,0,0,,,ACTIVE,
2026-05-26T13:09:02.898565,SHADOW_0244,H0,0.12475,22.03,22.03,22.0157,-0.000649,0.051582,1.136353,1.746459,0.12475,100,SHADOW_MODE,shadow,,0,-100.0,48335.0,0.012,0.488,6,0,0,,,ACTIVE,
2026-05-26T13:09:03.114011,SHADOW_0245,H10,0.12475,23.99,23.99,24.9559,0.040263,0.053993,1.295284,2.113249,0.12475,100,SHADOW_MODE,shadow,,0,-100.0,48235.0,0.014,0.486,7,0,0,,,ACTIVE,
2026-05-26T13:09:03.350663,SHADOW_0246,H11,0.12475,23.5,23.5,22.8011,-0.02974,0.053428,1.255551,1.844437,0.12475,100,SHADOW_MODE,shadow,,0,-100.0,48135.0,0.016,0.484,8,0,0,,,ACTIVE,
2026-05-26T13:09:03.575973,SHADOW_0247,H8,0.12475,23.79,23.79,24.8668,0.045263,0.053765,1.279066,2.102133,0.12475,100,SHADOW_MODE,shadow,,0,-100.0,48035.0,0.018,0.482,9,0,0,,,ACTIVE,
2026-05-26T13:09:03.774232,SHADOW_0248,H6,0.12475,22.45,22.45,23.1191,0.029804,0.052134,1.170409,1.884108,0.12475,100,SHADOW_MODE,shadow,,1,2145.0,47935.0,0.02,0.48,10,0,0,,,ACTIVE,
2026-05-26T13:09:03.975658,SHADOW_0249,H9,0.12475,24.72,24.72,25.3945,0.027286,0.054793,1.354477,2.167964,0.12475,100,SHADOW_MODE,shadow,,0,-100.0,50080.0,0.0,1.0,0,1,0,,,ACTIVE,
2026-05-26T13:09:04.252229,SHADOW_0250,H5,0.12475,24.68,24.68,23.6573,-0.041438,0.05475,1.351234,1.951248,0.12475,100,SHADOW_MODE,shadow,,0,-100.0,49980.0,0.002,0.996,1,0,0,,,ACTIVE,
2026-05-26T13:09:04.502050,SHADOW_0251,H0,0.12475,24.69,24.69,22.8059,-0.07631,0.054761,1.352045,1.845036,0.12475,100,SHADOW_MODE,shadow,,0,-100.0,49880.0,0.004,0.992,2,0,0,,,ACTIVE,
2026-05-26T13:09:04.746175,SHADOW_0252,H0,0.12475,23.95,23.95,22.567,-0.057745,0.053947,1.29204,1.815233,0.12475,100,SHADOW_MODE,shadow,,0,-100.0,49780.0,0.006,0.741,3,0,0,,,ACTIVE,
2026-05-26T13:09:05.001955,SHADOW_0253,H0,0.12475,24.15,24.15,24.3767,0.009387,0.054172,1.308258,2.040993,0.12475,100,SHADOW_MODE,shadow,,1,2315.0,49680.0,0.008,0.738,4,0,0,,,ACTIVE,
2026-05-26T13:09:05.249627,SHADOW_0254,H5,0.12475,23.19,23.19,21.579,-0.06947,0.053058,1.230414,1.69198,0.12475,100,SHADOW_MODE,shadow,,0,-100.0,51995.0,0.0,1.0,0,1,0,,,ACTIVE,
2026-05-26T13:09:05.439191,SHADOW_0255,H4,0.12475,22.71,22.71,21.305,-0.061867,0.052466,1.191492,1.657799,0.12475,100,SHADOW_MODE,shadow,,0,-100.0,51895.0,0.002,0.996,1,0,0,,,ACTIVE,
2026-05-26T13:09:05.765403,SHADOW_0256,H1,0.12475,23.15,23.15,22.3733,-0.033551,0.05301,1.22717,1.791069,0.12475,100,SHADOW_MODE,shadow,,0,-100.0,51795.0,0.004,0.992,2,0,0,,,ACTIVE,
2026-05-26T13:09:05.999603,SHADOW_0257,H8,0.12475,23.13,23.13,23.1673,0.001613,0.052985,1.225549,1.890121,0.12475,100,SHADOW_MODE,shadow,,0,-100.0,51695.0,0.006,0.741,3,0,0,,,ACTIVE,
2026-05-26T13:09:06.284187,SHADOW_0258,H12,0.12475,23.38,23.38,22.3858,-0.042524,0.053286,1.24582,1.792629,0.12475,100,SHADOW_MODE,shadow,,0,-100.0,51595.0,0.008,0.738,4,0,0,,,ACTIVE,
2026-05-26T13:09:06.543732,SHADOW_0259,H1,0.12475,23.97,23.97,22.4695,-0.062599,0.05397,1.293662,1.80307,0.12475,100,SHADOW_MODE,shadow,,0,-100.0,51495.0,0.01,0.49,5,0,0,,,ACTIVE,
2026-05-26T13:09:06.741182,SHADOW_0260,H3,0.12475,22.77,22.77,23.1571,0.017,0.052541,1.196357,1.888848,0.12475,100,SHADOW_MODE,shadow,,0,-100.0,51395.0,0.012,0.488,6,0,0,,,ACTIVE,
2026-05-26T13:09:06.957930,SHADOW_0261,H6,0.12475,23.25,23.25,24.3907,0.049062,0.05313,1.235279,2.04274,0.12475,100,SHADOW_MODE,shadow,,0,-100.0,51295.0,0.013,0.487,7,0,0,,,ACTIVE,
2026-05-26T13:09:07.178120,SHADOW_0262,H6,0.12475,24.4,24.4,24.2113,-0.007734,0.054448,1.328529,2.02036,0.12475,100,SHADOW_MODE,shadow,,0,-100.0,51195.0,0.015,0.485,8,0,0,,,ACTIVE,
2026-05-26T13:09:07.451846,SHADOW_0263,H0,0.12475,23.08,23.08,23.4832,0.01747,0.052924,1.221494,1.929529,0.12475,100,SHADOW_MODE,shadow,,0,-100.0,51095.0,0.017,0.483,9,0,0,,,ACTIVE,
2026-05-26T13:09:07.700664,SHADOW_0264,H10,0.12475,24.15,24.15,23.4225,-0.030124,0.054172,1.308258,1.921957,0.12475,100,SHADOW_MODE,shadow,,0,-100.0,50995.0,0.019,0.481,10,0,0,,,ACTIVE,
2026-05-26T13:09:07.947974,SHADOW_0265,H9,0.12475,23.46,23.46,22.1973,-0.053824,0.053381,1.252307,1.769113,0.12475,100,SHADOW_MODE,shadow,,1,2246.0,50895.0,0.021,0.479,11,0,0,,,ACTIVE,
2026-05-26T13:09:08.126190,SHADOW_0266,H3,0.12475,23.66,23.66,21.8668,-0.07579,0.053615,1.268525,1.727883,0.12475,100,SHADOW_MODE,shadow,,0,-100.0,53141.0,0.0,1.0,0,1,0,,,ACTIVE,
2026-05-26T13:09:08.325206,SHADOW_0267,H1,0.12475,18.8,18.8,18.6982,-0.005415,0.046513,0.874441,1.3326,0.12475,100,SHADOW_MODE,shadow,,0,-100.0,53041.0,0.002,0.996,1,0,0,,,ACTIVE,
2026-05-26T13:09:08.499286,SHADOW_0268,H3,0.12475,20.93,20.93,21.2568,0.015614,0.050031,1.047157,1.651786,0.12475,100,SHADOW_MODE,shadow,,0,-100.0,52941.0,0.004,0.992,2,0,0,,,ACTIVE,
2026-05-26T13:09:08.706643,SHADOW_0269,H9,0.12475,20.81,20.81,19.8244,-0.047362,0.049852,1.037426,1.473094,0.12475,100,SHADOW_MODE,shadow,,0,-100.0,52841.0,0.006,0.742,3,0,0,,,ACTIVE,
2026-05-26T13:09:08.891748,SHADOW_0270,H4,0.12475,23.64,23.64,24.2402,0.025389,0.053592,1.266903,2.023965,0.12475,100,SHADOW_MODE,shadow,,0,-100.0,52741.0,0.008,0.739,4,0,0,,,ACTIVE,
2026-05-26T13:09:09.079861,SHADOW_0271,H1,0.12475,22.66,22.66,22.8567,0.00868,0.052402,1.187438,1.851373,0.12475,100,SHADOW_MODE,shadow,,0,-100.0,52641.0,0.009,0.491,5,0,0,,,ACTIVE,
2026-05-26T13:09:09.322922,SHADOW_0272,H5,0.12475,24.54,24.54,24.1403,-0.016288,0.0546,1.339882,2.011502,0.12475,100,SHADOW_MODE,shadow,,1,2354.0,52541.0,0.011,0.489,6,0,0,,,ACTIVE,
2026-05-26T13:09:09.596835,SHADOW_0273,H6,0.12475,21.39,21.39,21.914,0.024497,0.050699,1.084457,1.733772,0.12475,100,SHADOW_MODE,shadow,,0,-100.0,54895.0,0.0,1.0,0,1,0,,,ACTIVE,
2026-05-26T13:09:09.826707,SHADOW_0274,H10,0.12475,19.85,19.85,19.2056,-0.032463,0.048342,0.959582,1.395899,0.12475,100,SHADOW_MODE,shadow,,0,-100.0,54795.0,0.002,0.996,1,0,0,,,ACTIVE,
2026-05-26T13:09:10.079151,SHADOW_0275,H7,0.12475,24.91,24.91,23.1767,-0.069582,0.054993,1.369884,1.891293,0.12475,100,SHADOW_MODE,shadow,,0,-100.0,54695.0,0.004,0.993,2,0,0,,,ACTIVE,
2026-05-26T13:09:10.257779,SHADOW_0276,H7,0.12475,22.94,22.94,22.3226,-0.026914,0.052752,1.210142,1.784744,0.12475,100,SHADOW_MODE,shadow,,0,-100.0,54595.0,0.005,0.742,3,0,0,,,ACTIVE,
2026-05-26T13:09:10.442919,SHADOW_0277,H3,0.12475,24.83,24.83,22.9422,-0.076029,0.054909,1.363397,1.862039,0.12475,100,SHADOW_MODE,shadow,,0,-100.0,54495.0,0.007,0.739,4,0,0,,,ACTIVE,
2026-05-26T13:09:10.703051,SHADOW_0278,H3,0.12475,23.6,23.6,23.2929,-0.013013,0.053545,1.26366,1.905789,0.12475,100,SHADOW_MODE,shadow,,0,-100.0,54395.0,0.009,0.491,5,0,0,,,ACTIVE,
2026-05-26T13:09:10.869991,SHADOW_0279,H7,0.12475,22.42,22.42,23.3054,0.039492,0.052095,1.167977,1.907349,0.12475,100,SHADOW_MODE,shadow,,1,2142.0,54295.0,0.011,0.489,6,0,0,,,ACTIVE,
2026-05-26T13:09:11.138216,SHADOW_0280,H5,0.12475,22.01,22.01,22.7758,0.034793,0.051555,1.134731,1.841281,0.12475,100,SHADOW_MODE,shadow,,0,-100.0,56437.0,0.0,1.0,0,1,0,,,ACTIVE,
2026-05-26T13:09:11.376381,SHADOW_0281,H6,0.12475,24.95,24.95,24.1837,-0.030713,0.055035,1.373127,2.016917,0.12475,100,SHADOW_MODE,shadow,,0,-100.0,56337.0,0.002,0.996,1,0,0,,,ACTIVE,
2026-05-26T13:09:11.644099,SHADOW_0282,H1,0.12475,24.33,24.33,22.5063,-0.074957,0.054371,1.322853,1.807661,0.12475,100,SHADOW_MODE,shadow,,0,-100.0,56237.0,0.004,0.993,2,0,0,,,ACTIVE,
2026-05-26T13:09:11.811266,SHADOW_0283,H2,0.12475,23.29,23.29,23.3068,0.000721,0.053178,1.238523,1.907523,0.12475,100,SHADOW_MODE,shadow,,0,-100.0,56137.0,0.005,0.742,3,0,0,,,ACTIVE,
2026-05-26T13:09:11.989517,SHADOW_0284,H4,0.12475,23.6,23.6,23.7813,0.007682,0.053545,1.26366,1.966717,0.12475,100,SHADOW_MODE,shadow,,0,-100.0,56037.0,0.007,0.739,4,0,0,,,ACTIVE,
2026-05-26T13:09:12.242946,SHADOW_0285,H0,0.12475,23.43,23.43,22.178,-0.053436,0.053345,1.249875,1.766706,0.12475,100,SHADOW_MODE,shadow,,0,-100.0,55937.0,0.009,0.491,5,0,0,,,ACTIVE,
2026-05-26T13:09:12.463497,SHADOW_0286,H5,0.12475,21.87,21.87,20.8691,-0.045766,0.051366,1.123379,1.60342,0.12475,100,SHADOW_MODE,shadow,,0,-100.0,55837.0,0.011,0.489,6,0,0,,,ACTIVE,
2026-05-26T13:09:12.655346,SHADOW_0287,H8,0.12475,24.43,24.43,23.3641,-0.043631,0.054481,1.330962,1.914671,0.12475,100,SHADOW_MODE,shadow,,0,-100.0,55737.0,0.012,0.488,7,0,0,,,ACTIVE,
2026-05-26T13:09:12.818657,SHADOW_0288,H6,0.12475,23.55,23.55,23.1199,-0.018263,0.053486,1.259605,1.884208,0.12475,100,SHADOW_MODE,shadow,,0,-100.0,55637.0,0.014,0.486,8,0,0,,,ACTIVE,
2026-05-26T13:09:12.982002,SHADOW_0289,H1,0.12475,24.26,24.26,22.7409,-0.062617,0.054294,1.317177,1.836927,0.12475,100,SHADOW_MODE,shadow,,0,-100.0,55537.0,0.016,0.484,9,0,0,,,ACTIVE,
2026-05-26T13:09:13.203061,SHADOW_0290,H3,0.12475,24.83,24.83,24.3151,-0.020737,0.054909,1.363397,2.033309,0.12475,100,SHADOW_MODE,shadow,,0,-100.0,55437.0,0.018,0.482,10,0,0,,,ACTIVE,
2026-05-26T13:09:13.462675,SHADOW_0291,H4,0.12475,24.74,24.74,25.6324,0.036071,0.054814,1.356099,2.197642,0.12475,100,SHADOW_MODE,shadow,,0,-100.0,55337.0,0.019,0.481,11,0,0,,,ACTIVE,
2026-05-26T13:09:13.665510,SHADOW_0292,H2,0.12475,20.49,20.49,19.4888,-0.048863,0.049364,1.011478,1.431228,0.12475,100,SHADOW_MODE,shadow,,0,-100.0,55237.0,0.021,0.479,12,0,0,,,ACTIVE,
2026-05-26T13:09:13.851258,SHADOW_0293,H5,0.12475,23.53,23.53,23.6571,0.005402,0.053463,1.257984,1.951223,0.12475,100,SHADOW_MODE,shadow,,0,-100.0,55137.0,0.023,0.477,13,0,0,,,ACTIVE,
2026-05-26T13:09:14.109416,SHADOW_0294,H7,0.12475,24.9,24.9,25.3944,0.019855,0.054983,1.369073,2.167951,0.12475,100,SHADOW_MODE,shadow,,0,-100.0,55037.0,0.025,0.475,14,0,0,,,ACTIVE,
2026-05-26T13:09:14.324855,SHADOW_0295,H2,0.12475,22.56,22.56,22.5325,-0.001219,0.052275,1.179329,1.810929,0.12475,100,SHADOW_MODE,shadow,,1,2156.0,54937.0,0.027,0.473,15,0,0,,,ACTIVE,
2026-05-26T13:09:14.494396,SHADOW_0296,H6,0.12475,23.71,23.71,22.9956,-0.030131,0.053673,1.272579,1.868701,0.12475,100,SHADOW_MODE,shadow,,0,-100.0,57093.0,0.0,1.0,0,1,0,,,ACTIVE,
2026-05-26T13:09:14.670422,SHADOW_0297,H7,0.12475,19.71,19.71,19.0146,-0.035282,0.048109,0.94823,1.372071,0.12475,100,SHADOW_MODE,shadow,,0,-100.0,56993.0,0.002,0.996,1,0,0,,,ACTIVE,
2026-05-26T13:09:14.943318,SHADOW_0298,H10,0.12475,24.12,24.12,23.6371,-0.020021,0.054139,1.305825,1.948728,0.12475,100,SHADOW_MODE,shadow,,0,-100.0,56893.0,0.004,0.993,2,0,0,,,ACTIVE,
2026-05-26T13:09:15.144806,SHADOW_0299,H4,0.12475,20.26,20.26,19.498,-0.037611,0.049004,0.992828,1.432376,0.12475,100,SHADOW_MODE,shadow,,0,-100.0,56793.0,0.005,0.742,3,0,0,,,ACTIVE,
2026-05-26T13:09:15.404972,SHADOW_0300,H7,0.12475,20.42,20.42,19.6305,-0.038663,0.049256,1.005802,1.448905,0.12475,100,SHADOW_MODE,shadow,,0,-100.0,56693.0,0.007,0.739,4,0,0,,,ACTIVE,
2026-05-26T13:09:15.664171,SHADOW_0301,H8,0.12475,22.82,22.82,21.1474,-0.073295,0.052603,1.200412,1.638138,0.12475,100,SHADOW_MODE,shadow,,0,-100.0,56593.0,0.009,0.491,5,0,0,,,ACTIVE,
2026-05-26T13:09:15.866706,SHADOW_0302,H2,0.12475,18.95,18.95,19.3274,0.019916,0.046786,0.886604,1.411093,0.12475,100,SHADOW_MODE,shadow,,0,-100.0,56493.0,0.011,0.489,6,0,0,,,ACTIVE,
2026-05-26T13:09:16.088618,SHADOW_0303,H1,0.12475,22.33,22.33,20.5557,-0.079458,0.051978,1.160679,1.564324,0.12475,100,SHADOW_MODE,shadow,,0,-100.0,56393.0,0.012,0.488,7,0,0,,,ACTIVE,
2026-05-26T13:09:16.275156,SHADOW_0304,H5,0.12475,21.47,21.47,21.9287,0.021365,0.050812,1.090944,1.735605,0.12475,100,SHADOW_MODE,shadow,,0,-100.0,56293.0,0.014,0.486,8,0,0,,,ACTIVE,
2026-05-26T13:09:16.540882,SHADOW_0305,H9,0.12475,23.47,23.47,22.7024,-0.032706,0.053392,1.253118,1.832124,0.12475,100,SHADOW_MODE,shadow,,0,-100.0,56193.0,0.016,0.484,9,0,0,,,ACTIVE,
2026-05-26T13:09:16.729588,SHADOW_0306,H2,0.12475,20.57,20.57,21.3607,0.038439,0.049488,1.017965,1.664747,0.12475,100,SHADOW_MODE,shadow,,0,-100.0,56093.0,0.018,0.482,10,0,0,,,ACTIVE,
2026-05-26T13:09:17.006184,SHADOW_0307,H0,0.12475,24.55,24.55,24.1774,-0.015177,0.054611,1.340693,2.016131,0.12475,100,SHADOW_MODE,shadow,,0,-100.0,55993.0,0.019,0.481,11,0,0,,,ACTIVE,
2026-05-26T13:09:17.191495,SHADOW_0308,H5,0.12475,24.08,24.08,22.5968,-0.061595,0.054094,1.302582,1.818951,0.12475,100,SHADOW_MODE,shadow,,0,-100.0,55893.0,0.021,0.479,12,0,0,,,ACTIVE,
2026-05-26T13:09:17.377637,SHADOW_0309,H1,0.12475,21.36,21.36,20.587,-0.036189,0.050657,1.082024,1.568228,0.12475,100,SHADOW_MODE,shadow,,0,-100.0,55793.0,0.023,0.477,13,0,0,,,ACTIVE,
2026-05-26T13:09:17.585902,SHADOW_0310,H9,0.12475,22.76,22.76,21.4531,-0.057421,0.052528,1.195546,1.676274,0.12475,100,SHADOW_MODE,shadow,,0,-100.0,55693.0,0.025,0.475,14,0,0,,,ACTIVE,
2026-05-26T13:09:17.802467,SHADOW_0311,H6,0.12475,19.52,19.52,19.2425,-0.014216,0.047788,0.932824,1.400502,0.12475,100,SHADOW_MODE,shadow,,0,-100.0,55593.0,0.026,0.474,15,0,0,,,ACTIVE,
2026-05-26T13:09:18.116466,SHADOW_0312,H13,0.12475,24.96,24.96,25.8413,0.035308,0.055046,1.373938,2.223702,0.12475,100,SHADOW_MODE,shadow,,1,2396.0,55493.0,0.028,0.472,16,0,0,,,ACTIVE,
2026-05-26T13:09:18.307747,SHADOW_0313,H5,0.12475,21.09,21.09,21.3079,0.010332,0.050267,1.060131,1.658161,0.12475,100,SHADOW_MODE,shadow,,0,-100.0,57889.0,0.0,1.0,0,1,0,,,ACTIVE,
2026-05-26T13:09:18.561103,SHADOW_0314,H3,0.12475,23.96,23.96,22.1338,-0.076219,0.053959,1.292851,1.761192,0.12475,100,SHADOW_MODE,shadow,,0,-100.0,57789.0,0.002,0.997,1,0,0,,,ACTIVE,
2026-05-26T13:09:18.785563,SHADOW_0315,H9,0.12475,22.55,22.55,22.6682,0.005242,0.052262,1.178518,1.827858,0.12475,100,SHADOW_MODE,shadow,,0,-100.0,57689.0,0.003,0.993,2,0,0,,,ACTIVE,
2026-05-26T13:09:19.022194,SHADOW_0316,H0,0.12475,24.98,24.98,23.298,-0.067334,0.055066,1.37556,1.906425,0.12475,100,SHADOW_MODE,shadow,,0,-100.0,57589.0,0.005,0.742,3,0,0,,,ACTIVE,
2026-05-26T13:09:19.254273,SHADOW_0317,H5,0.12475,24.32,24.32,25.2223,0.037101,0.05436,1.322042,2.146482,0.12475,100,SHADOW_MODE,shadow,,0,-100.0,57489.0,0.007,0.74,4,0,0,,,ACTIVE,
2026-05-26T13:09:19.464420,SHADOW_0318,H4,0.12475,18.91,18.91,18.7143,-0.010349,0.046714,0.88336,1.334609,0.12475,100,SHADOW_MODE,shadow,,0,-100.0,57389.0,0.009,0.491,5,0,0,,,ACTIVE,
2026-05-26T13:09:19.651746,SHADOW_0319,H0,0.12475,19.2,19.2,19.1973,-0.000141,0.047233,0.906876,1.394863,0.12475,100,SHADOW_MODE,shadow,,0,-100.0,57289.0,0.01,0.49,6,0,0,,,ACTIVE,
2026-05-26T13:20:04.098358,202406010101,マイネルディレクト,0.187593,8.4,8.4,8.4,0.0,0.068546,0.575785,0.575781,0.187593,100,SHADOW_MODE,shadow,,0,-251.16,100000.0,0.0,1.0,0,0,0.0,,,ACTIVE,
2026-05-26T13:20:04.150400,202406010101,セイウンチドリ,0.187593,15.3,15.3,15.3,0.0,0.122234,1.87018,1.870173,0.187593,100,SHADOW_MODE,shadow,,0,-201.12,99748.83833318317,0.0,1.0,0,0,0.0,,,ACTIVE,
2026-05-26T13:20:04.202559,202406010101,マニーブルース,0.187593,50.9,50.9,50.9,0.0,0.167947,8.548507,8.548484,0.187593,100,SHADOW_MODE,shadow,,0,-141.86,99547.71555106761,0.0,1.0,0,0,0.0,,,ACTIVE,
2026-05-26T13:20:04.231605,202406010101,ニシノリピート,0.187593,42.5,42.5,42.5,0.0,0.164064,6.972722,6.972703,0.187593,100,SHADOW_MODE,shadow,,0,-148.28,99405.85943814427,0.0,1.0,0,0,0.0,,,ACTIVE,
2026-05-26T13:20:04.261629,202406010101,ミッキードラマー,0.187593,7.8,7.8,7.8,0.0,0.059388,0.463229,0.463225,0.187593,100,SHADOW_MODE,shadow,,0,-254.24,99257.57634173914,0.0,1.0,0,0,0.0,,,ACTIVE,
2026-05-26T13:20:04.312283,202406010101,サナダ,0.187593,15.8,15.8,15.8,0.0,0.124302,1.963977,1.963969,0.187593,100,SHADOW_MODE,shadow,,0,-197.48,99003.33696881734,0.0,1.0,0,0,0.0,,,ACTIVE,
2026-05-26T13:20:04.352855,202406010101,クインタレッリ,0.187593,125.7,125.7,125.7,0.0,0.179638,22.580498,22.58044,0.187593,100,SHADOW_MODE,shadow,,0,-114.85,98805.85503574667,0.0,1.0,0,0,0.0,,,ACTIVE,
2026-05-26T13:20:04.382929,202406010101,ダイシンペルル,0.187593,269.0,269.0,269.0,0.0,0.183876,49.462641,49.462517,0.187593,100,SHADOW_MODE,shadow,,0,-99.21,98691.00984796208,0.0,1.0,0,0,0.0,,,ACTIVE,
2026-05-26T13:20:04.414297,202406010101,スターリーアイド,0.187593,84.6,84.6,84.6,0.0,0.175773,14.870407,14.870368,0.187593,100,SHADOW_MODE,shadow,,0,-124.7,98591.80088430738,0.0,1.0,0,0,0.0,,,ACTIVE,
2026-05-26T13:20:04.446274,202406010101,ラスジャン,0.187593,107.1,107.1,107.1,0.0,0.178256,19.09126,19.09121,0.187593,100,SHADOW_MODE,shadow,,0,-118.33,98467.10547850591,0.0,1.0,0,0,0.0,,,ACTIVE,
2026-05-26T13:20:04.484550,202406010101,エテルノアキーロ,0.187593,422.9,422.9,422.9,0.0,0.185229,78.333274,78.33308,0.187593,100,SHADOW_MODE,shadow,,0,-91.49,98348.77388797114,0.0,1.0,0,0,0.0,,,ACTIVE,
2026-05-26T13:20:04.514628,202406010101,ツクバアプローズ,0.187593,235.8,235.8,235.8,0.0,0.183353,43.234538,43.234429,0.187593,100,SHADOW_MODE,shadow,,0,-101.14,98257.28073558168,0.0,1.0,0,0,0.0,,,ACTIVE,
2026-05-26T13:20:04.562220,202406010101,コーストガード,0.187593,421.5,421.5,421.5,0.0,0.185221,78.070643,78.07045,0.187593,100,SHADOW_MODE,shadow,,0,-91.36,98156.13735509053,0.0,1.0,0,0,0.0,,,ACTIVE,
2026-05-26T13:20:04.606787,202406010102,ファイントパーズ,0.187593,7.3,7.3,7.3,0.0,0.050607,0.369432,0.369429,0.187593,100,SHADOW_MODE,shadow,,1,1385.75,98064.77344926774,0.0,1.0,0,0,0.0,,,ACTIVE,
2026-05-26T13:20:04.650537,202406010102,ゴールドアローン,0.187593,43.3,43.3,43.3,0.0,0.164499,7.122797,7.122777,0.187593,100,SHADOW_MODE,shadow,,0,-147.64,99450.52422286244,0.0,1.0,0,0,0.0,,,ACTIVE,
2026-05-26T13:20:04.689167,202406010102,カフェアローロ,0.187593,14.7,14.7,14.7,0.0,0.119566,1.757624,1.757617,0.187593,100,SHADOW_MODE,shadow,,0,-202.95,99302.88763600668,0.0,1.0,0,0,0.0,,,ACTIVE,
2026-05-26T13:20:04.778021,202406010102,ビーナスライズ,0.187593,10.8,10.8,10.8,0.0,0.095001,1.026009,1.026004,0.187593,100,SHADOW_MODE,shadow,,0,-225.97,99099.93700875988,0.0,1.0,0,0,0.0,,,ACTIVE,
2026-05-26T13:20:04.815951,202406010102,ラブショック,0.187593,216.8,216.8,216.8,0.0,0.182981,39.670262,39.670162,0.187593,100,SHADOW_MODE,shadow,,0,-103.36,98873.96759570604,0.0,1.0,0,0,0.0,,,ACTIVE,
2026-05-26T13:20:04.868671,202406010102,ファーマシャイン,0.187593,505.5,505.5,505.5,0.0,0.185615,93.828494,93.828262,0.187593,100,SHADOW_MODE,shadow,,0,-89.26,98770.60819930366,0.0,1.0,0,0,0.0,,,ACTIVE,
2026-05-26T13:20:04.899863,202406010102,マツリボタン,0.187593,125.9,125.9,125.9,0.0,0.179651,22.618017,22.617959,0.187593,100,SHADOW_MODE,shadow,,0,-114.66,98681.34935812274,0.0,1.0,0,0,0.0,,,ACTIVE,
2026-05-26T13:20:04.957117,202406010102,アートハラン,0.187593,102.7,102.7,102.7,0.0,0.177856,18.265848,18.265801,0.187593,100,SHADOW_MODE,shadow,,0,-119.51,98566.68624026977,0.0,1.0,0,0,0.0,,,ACTIVE,
2026-05-26T13:20:04.994792,202406010102,マーゴットエクラ,0.187593,152.8,152.8,152.8,0.0,0.181049,27.664281,27.66421,0.187593,100,SHADOW_MODE,shadow,,0,-110.02,98447.17450505783,0.0,1.0,0,0,0.0,,,ACTIVE,
2026-05-26T13:20:05.040605,202406010102,クインズスピカ,0.187593,18.1,18.1,18.1,0.0,0.132345,2.395442,2.395433,0.187593,100,SHADOW_MODE,shadow,,0,-187.62,98337.15076495812,0.0,1.0,0,0,0.0,,,ACTIVE,
2026-05-26T13:20:05.071142,202406010102,ウインアリス,0.187593,28.2,28.2,28.2,0.0,0.152132,4.290136,4.290123,0.187593,100,SHADOW_MODE,shadow,,0,-163.7,98149.53020024153,0.0,1.0,0,0,0.0,,,ACTIVE,
2026-05-26T13:20:05.103931,202406010102,ミルフルール,0.187593,361.9,361.9,361.9,0.0,0.18483,66.890073,66.889907,0.187593,100,SHADOW_MODE,shadow,,0,-93.56,97985.82578975534,0.0,1.0,0,0,0.0,,,ACTIVE,
2026-05-26T13:20:05.139978,202406010102,オーシンダイヤ,0.187593,177.4,177.4,177.4,0.0,0.181956,32.27908,32.278998,0.187593,100,SHADOW_MODE,shadow,,0,-106.27,97892.26740973897,0.0,1.0,0,0,0.0,,,ACTIVE,
2026-05-26T13:20:05.175593,202406010102,ニシノフルール,0.187593,49.5,49.5,49.5,0.0,0.167391,8.285876,8.285853,0.187593,100,SHADOW_MODE,shadow,,0,-140.32,97785.9951342948,0.0,1.0,0,0,0.0,,,ACTIVE,
2026-05-26T13:20:05.205669,202406010103,フェデラルスタイル,0.187593,11.2,11.2,11.2,0.0,0.098308,1.101047,1.101042,0.187593,100,SHADOW_MODE,shadow,,1,2240.8,97645.67791430895,0.0,1.0,0,0,0.0,,,ACTIVE,
2026-05-26T13:20:05.237123,202406010103,マンウォル,0.187593,7.7,7.7,7.7,0.0,0.057723,0.44447,0.444466,0.187593,100,SHADOW_MODE,shadow,,0,-249.99,99886.4761709419,0.0,1.0,0,0,0.0,,,ACTIVE,
2026-05-26T13:20:05.267302,202406010103,ミューシグ,0.187593,121.5,121.5,121.5,0.0,0.179363,21.792605,21.792549,0.187593,100,SHADOW_MODE,shadow,,0,-116.62,99636.48515763925,0.0,1.0,0,0,0.0,,,ACTIVE,
2026-05-28T02:31:21.154051,SHADOW_0000,H4,0.134309,22.71,22.71,23.5188,0.035614,0.065029,1.366043,2.158787,0.134309,100,SHADOW_MODE,shadow,,0,-100.0,20000,0.0,1.0,0,0,700,dc27bb705720,1db231f97dc6f4a4,ACTIVE,
2026-05-28T02:31:21.235523,SHADOW_0000,H5,0.134309,21.89,21.89,22.858,0.044221,0.063691,1.289638,2.070035,0.134309,100,SHADOW_MODE,shadow,,0,-100.0,20000,0.0,1.0,0,0,700,dc27bb705720,1db231f97dc6f4a4,ACTIVE,
2026-05-28T02:31:21.309750,SHADOW_0000,H6,0.134309,21.36,21.36,19.8851,-0.06905,0.062772,1.240254,1.670748,0.134309,100,SHADOW_MODE,shadow,,0,-100.0,20000,0.0,1.0,0,0,700,dc27bb705720,1db231f97dc6f4a4,ACTIVE,
2026-05-28T12:58:32.680283,SHADOW_0000,H6,0.128359,24.59,24.59,25.4914,0.036657,0.063296,1.439711,2.272051,0.128359,100,SHADOW_MODE,shadow,,0,-100.0,20000,0.0,1.0,0,0,400,6f7fd6ec6e5a,a8cd00740c6698b5,ACTIVE,
2026-05-28T12:58:32.758260,SHADOW_0000,H1,0.128359,21.94,21.94,22.2889,0.015902,0.059313,1.203732,1.860981,0.128359,100,SHADOW_MODE,shadow,,0,-100.0,20000,0.0,1.0,0,0,400,6f7fd6ec6e5a,a8cd00740c6698b5,ACTIVE,
2026-05-28T12:58:32.820796,SHADOW_0000,H4,0.128359,21.79,21.79,21.5934,-0.009022,0.059059,1.190375,1.771707,0.128359,100,SHADOW_MODE,shadow,,0,-100.0,20000,0.0,1.0,0,0,400,6f7fd6ec6e5a,a8cd00740c6698b5,ACTIVE,
2026-05-28T12:58:33.214178,SHADOW_0001,H5,0.128359,18.66,18.66,17.2412,-0.076034,0.052817,0.911652,1.213063,0.128359,100,SHADOW_MODE,shadow,,0,-100.0,19700,0.015,0.728,3,0,100,6f7fd6ec6e5a,a8cd00740c6698b5,ACTIVE,
2026-05-28T12:58:33.505307,SHADOW_0002,H6,0.128359,23.88,23.88,23.0437,-0.035021,0.062315,1.376487,1.957866,0.128359,100,SHADOW_MODE,shadow,,0,-100.0,19600,0.02,0.72,4,0,400,6f7fd6ec6e5a,a8cd00740c6698b5,ACTIVE,
2026-05-28T12:58:33.571826,SHADOW_0002,H7,0.128359,20.44,20.44,21.3782,0.0459,0.056601,1.070159,1.744084,0.128359,100,SHADOW_MODE,shadow,,0,-100.0,19600,0.02,0.72,4,0,400,6f7fd6ec6e5a,a8cd00740c6698b5,ACTIVE,
2026-05-28T12:58:33.637840,SHADOW_0002,H0,0.128359,20.05,20.05,20.9551,0.045142,0.05583,1.03543,1.689776,0.128359,100,SHADOW_MODE,shadow,,1,1905.0,19600,0.02,0.72,4,0,400,6f7fd6ec6e5a,a8cd00740c6698b5,ACTIVE,
2026-05-28T12:58:34.008661,SHADOW_0003,H7,0.128359,21.65,21.65,20.6161,-0.047755,0.058818,1.177908,1.646262,0.128359,100,SHADOW_MODE,shadow,,0,-100.0,21305.0,0.0,1.0,0,1,600,6f7fd6ec6e5a,a8cd00740c6698b5,ACTIVE,
2026-05-28T12:58:34.080859,SHADOW_0003,H10,0.128359,21.39,21.39,20.0514,-0.062581,0.058363,1.154755,1.573778,0.128359,100,SHADOW_MODE,shadow,,0,-100.0,21305.0,0.0,1.0,0,1,600,6f7fd6ec6e5a,a8cd00740c6698b5,ACTIVE,
2026-05-28T12:58:34.140867,SHADOW_0003,H5,0.128359,20.92,20.92,20.5906,-0.015746,0.057511,1.112902,1.642989,0.128359,100,SHADOW_MODE,shadow,,0,-100.0,21305.0,0.0,1.0,0,1,600,6f7fd6ec6e5a,a8cd00740c6698b5,ACTIVE,
2026-05-28T12:58:34.599006,SHADOW_0004,H10,0.128359,24.37,24.37,24.8422,0.019376,0.062998,1.420121,2.18872,0.128359,100,SHADOW_MODE,shadow,,0,-100.0,21005.0,0.014,0.729,3,0,800,6f7fd6ec6e5a,a8cd00740c6698b5,ACTIVE,
2026-05-28T12:58:34.664015,SHADOW_0004,H1,0.128359,22.59,22.59,22.7395,0.006618,0.060377,1.261614,1.918819,0.128359,100,SHADOW_MODE,shadow,,0,-100.0,21005.0,0.014,0.729,3,0,800,6f7fd6ec6e5a,a8cd00740c6698b5,ACTIVE,
2026-05-28T12:58:34.720230,SHADOW_0004,H9,0.128359,22.01,22.01,22.2606,0.011386,0.059431,1.209965,1.857348,0.128359,100,SHADOW_MODE,shadow,,0,-100.0,21005.0,0.014,0.729,3,0,800,6f7fd6ec6e5a,a8cd00740c6698b5,ACTIVE,
