race_id,race_title,horse_name,odds,pred_prob,expected_value,actual_pos,hit,pnl,expected_profit,realized_profit,realized_roi_pct,expected_roi_pct,calibration_gap,edge_error,race_class,market_regime
202401010101,2歳未勝利｜2024年7月20日 | 競馬データベース - netkeiba,ロードヴァルカン,21.3,0.0679,1.446,5,0,-1.0,0.44599999999999995,-1.0,0.0,144.6,0.0679,1.446,MAIDEN,DEEP_LONGSHOT
202401010105,2歳新馬｜2024年7月20日 | 競馬データベース - netkeiba,イフウドウドウ,5.3,0.2481,1.315,9,0,-1.0,0.31499999999999995,-1.0,0.0,131.5,0.2481,1.315,DEBUT,BALANCED
202401010108,3歳以上1勝クラス｜2024年7月20日 | 競馬データベース - netkeiba,アイスリンディ,17.7,0.0773,1.368,9,0,-1.0,0.3680000000000001,-1.0,0.0,136.8,0.0773,1.368,CLASS_1W,LONGSHOT
202401010111,TVh賞｜2024年7月20日 | 競馬データベース - netkeiba,エイシンフェンサー,4.5,0.2979,1.341,1,1,3.5,0.34099999999999997,3.5,450.0,134.1,0.7021,-3.159,SPECIAL,BALANCED
202401010201,2歳未勝利｜2024年7月21日 | 競馬データベース - netkeiba,トゥインクルアップ,19.6,0.0768,1.505,4,0,-1.0,0.5049999999999999,-1.0,0.0,150.5,0.0768,1.505,MAIDEN,LONGSHOT
202401010203,3歳未勝利｜2024年7月21日 | 競馬データベース - netkeiba,ミニマルデザイン,15.8,0.0871,1.376,11,0,-1.0,0.3759999999999999,-1.0,0.0,137.6,0.0871,1.376,MAIDEN,LONGSHOT
202401010204,3歳未勝利｜2024年7月21日 | 競馬データベース - netkeiba,アドアプローズ,47.4,0.0281,1.332,6,0,-1.0,0.3320000000000001,-1.0,0.0,133.20000000000002,0.0281,1.332,MAIDEN,DEEP_LONGSHOT
202401010205,2歳新馬｜2024年7月21日 | 競馬データベース - netkeiba,キングスコール,5.7,0.2587,1.475,1,1,4.7,0.4750000000000001,4.7,570.0,147.5,0.7413000000000001,-4.225,DEBUT,BALANCED
202401010209,HBC賞｜2024年7月21日 | 競馬データベース - netkeiba,ミズノコキュウ,22.0,0.0827,1.819,4,0,-1.0,0.819,-1.0,0.0,181.9,0.0827,1.819,SPECIAL,DEEP_LONGSHOT
202401010210,大倉山特別｜2024年7月21日 | 競馬データベース - netkeiba,ゴールデンマイク,41.0,0.0381,1.562,8,0,-1.0,0.562,-1.0,0.0,156.20000000000002,0.0381,1.562,SPECIAL,DEEP_LONGSHOT
202401010301,2歳未勝利｜2024年7月27日 | 競馬データベース - netkeiba,ガンバルマン,12.6,0.1433,1.806,6,0,-1.0,0.806,-1.0,0.0,180.6,0.1433,1.806,MAIDEN,LONGSHOT
202401010303,3歳未勝利｜2024年7月27日 | 競馬データベース - netkeiba,ヘザルフェン,5.4,0.303,1.636,2,0,-1.0,0.6359999999999999,-1.0,0.0,163.6,0.303,1.636,MAIDEN,BALANCED
202401010305,2歳新馬｜2024年7月27日 | 競馬データベース - netkeiba,アルハイルフォート,16.5,0.079,1.304,7,0,-1.0,0.30400000000000005,-1.0,0.0,130.4,0.079,1.304,DEBUT,LONGSHOT
202401010308,3歳以上1勝クラス｜2024年7月27日 | 競馬データベース - netkeiba,リュクスドレフォン,8.4,0.1631,1.37,3,0,-1.0,0.3700000000000001,-1.0,0.0,137.0,0.1631,1.37,CLASS_1W,LONGSHOT
202401010309,積丹特別｜2024年7月27日 | 競馬データベース - netkeiba,アスクナサニエル,44.9,0.0461,2.07,8,0,-1.0,1.0699999999999998,-1.0,0.0,206.99999999999997,0.0461,2.07,SPECIAL,DEEP_LONGSHOT
202401010310,摩周湖特別｜2024年7月27日 | 競馬データベース - netkeiba,メタルスピード,7.7,0.1936,1.491,2,0,-1.0,0.4910000000000001,-1.0,0.0,149.10000000000002,0.1936,1.491,SPECIAL,BALANCED
202401010312,3歳以上2勝クラス｜2024年7月27日 | 競馬データベース - netkeiba,スコーピオン,10.2,0.1345,1.372,3,0,-1.0,0.3720000000000001,-1.0,0.0,137.20000000000002,0.1345,1.372,CLASS_2W,LONGSHOT
202401010402,3歳未勝利｜2024年7月28日 | 競馬データベース - netkeiba,テイエムタリスマ,4.0,0.3291,1.316,1,1,3.0,0.31600000000000006,3.0,400.0,131.6,0.6709,-2.684,MAIDEN,FAVORITE_TO_BALANCED
202401010403,3歳未勝利｜2024年7月28日 | 競馬データベース - netkeiba,メネラオス,29.5,0.0474,1.398,9,0,-1.0,0.3979999999999999,-1.0,0.0,139.79999999999998,0.0474,1.398,MAIDEN,DEEP_LONGSHOT
202401010407,3歳以上1勝クラス｜2024年7月28日 | 競馬データベース - netkeiba,エリカエスティーム,4.8,0.2785,1.337,9,0,-1.0,0.33699999999999997,-1.0,0.0,133.7,0.2785,1.337,CLASS_1W,BALANCED
202401010408,3歳以上1勝クラス｜2024年7月28日 | 競馬データベース - netkeiba,ロードトレイル,5.5,0.2505,1.378,1,1,4.5,0.3779999999999999,4.5,550.0,137.79999999999998,0.7495,-4.122,CLASS_1W,BALANCED
202401010409,阿寒湖特別｜2024年7月28日 | 競馬データベース - netkeiba,マイネルメサイア,48.4,0.0326,1.578,10,0,-1.0,0.5780000000000001,-1.0,0.0,157.8,0.0326,1.578,SPECIAL,DEEP_LONGSHOT
202401010502,3歳未勝利｜2024年8月3日 | 競馬データベース - netkeiba,ハテナビト,32.0,0.0435,1.392,10,0,-1.0,0.3919999999999999,-1.0,0.0,139.2,0.0435,1.392,MAIDEN,DEEP_LONGSHOT
202401010503,3歳未勝利｜2024年8月3日 | 競馬データベース - netkeiba,アークレアル,27.5,0.0543,1.493,5,0,-1.0,0.4930000000000001,-1.0,0.0,149.3,0.0543,1.493,MAIDEN,DEEP_LONGSHOT
202401010505,2歳新馬｜2024年8月3日 | 競馬データベース - netkeiba,マサノイロハ,44.0,0.0312,1.373,7,0,-1.0,0.373,-1.0,0.0,137.3,0.0312,1.373,DEBUT,DEEP_LONGSHOT
202401010506,3歳未勝利｜2024年8月3日 | 競馬データベース - netkeiba,レイピカケ,5.9,0.2293,1.353,3,0,-1.0,0.353,-1.0,0.0,135.3,0.2293,1.353,MAIDEN,BALANCED
202401010507,3歳以上1勝クラス｜2024年8月3日 | 競馬データベース - netkeiba,シンゼンシャイン,21.3,0.0803,1.71,3,0,-1.0,0.71,-1.0,0.0,171.0,0.0803,1.71,CLASS_1W,DEEP_LONGSHOT
202401010509,旭川特別｜2024年8月3日 | 競馬データベース - netkeiba,ブルーミンデザイン,6.2,0.221,1.37,1,1,5.2,0.3700000000000001,5.2,620.0,137.0,0.779,-4.83,SPECIAL,BALANCED
202401010511,札幌日経オープン｜2024年8月3日 | 競馬データベース - netkeiba,ディナースタ,3.9,0.3399,1.326,10,0,-1.0,0.32600000000000007,-1.0,0.0,132.6,0.3399,1.326,OPEN,FAVORITE_TO_BALANCED
202401010512,3歳以上1勝クラス｜2024年8月3日 | 競馬データベース - netkeiba,クォーツァイト,10.7,0.1607,1.719,1,1,9.7,0.7190000000000001,9.7,1070.0,171.9,0.8392999999999999,-8.981,CLASS_1W,LONGSHOT
202401010601,2歳未勝利｜2024年8月4日 | 競馬データベース - netkeiba,ケイアイブイスリー,18.3,0.1126,2.061,6,0,-1.0,1.061,-1.0,0.0,206.1,0.1126,2.061,MAIDEN,LONGSHOT
202401010605,2歳新馬｜2024年8月4日 | 競馬データベース - netkeiba,レイラインシチー,20.4,0.1057,2.156,3,0,-1.0,1.1560000000000001,-1.0,0.0,215.60000000000002,0.1057,2.156,DEBUT,DEEP_LONGSHOT
202401010608,3歳以上1勝クラス｜2024年8月4日 | 競馬データベース - netkeiba,マイネルヒッツェ,68.6,0.0203,1.393,8,0,-1.0,0.393,-1.0,0.0,139.3,0.0203,1.393,CLASS_1W,DEEP_LONGSHOT
202401010609,HTB賞｜2024年8月4日 | 競馬データベース - netkeiba,エリダヌス,4.6,0.308,1.417,1,1,3.6,0.41700000000000004,3.6,459.99999999999994,141.70000000000002,0.692,-3.183,SPECIAL,BALANCED
202401010610,札幌スポニチ賞｜2024年8月4日 | 競馬データベース - netkeiba,ゴルトリッチ,4.7,0.3188,1.498,9,0,-1.0,0.498,-1.0,0.0,149.8,0.3188,1.498,SPECIAL,BALANCED
202401020101,2歳未勝利｜2024年8月10日 | 競馬データベース - netkeiba,メイショウアゴナス,10.2,0.1296,1.322,6,0,-1.0,0.32200000000000006,-1.0,0.0,132.20000000000002,0.1296,1.322,MAIDEN,LONGSHOT
202401020102,3歳未勝利｜2024年8月10日 | 競馬データベース - netkeiba,セージグリーン,8.3,0.1578,1.31,1,1,7.3,0.31000000000000005,7.3,830.0000000000001,131.0,0.8422000000000001,-6.99,MAIDEN,LONGSHOT
202401020105,2歳新馬｜2024年8月10日 | 競馬データベース - netkeiba,ブライアーヒル,51.6,0.033,1.703,6,0,-1.0,0.7030000000000001,-1.0,0.0,170.3,0.033,1.703,DEBUT,DEEP_LONGSHOT
202401020106,3歳未勝利｜2024年8月10日 | 競馬データベース - netkeiba,テンダーデイズ,8.2,0.165,1.353,8,0,-1.0,0.353,-1.0,0.0,135.3,0.165,1.353,MAIDEN,LONGSHOT
202401020111,報知杯大雪ハンデ｜2024年8月10日 | 競馬データベース - netkeiba,カンピオーネ,6.5,0.2253,1.464,1,1,5.5,0.46399999999999997,5.5,650.0,146.4,0.7746999999999999,-5.036,OPEN,BALANCED
202401020112,3歳以上1勝クラス｜2024年8月10日 | 競馬データベース - netkeiba,レザンノワール,9.1,0.1594,1.451,4,0,-1.0,0.45100000000000007,-1.0,0.0,145.1,0.1594,1.451,CLASS_1W,LONGSHOT
202401020201,2歳未勝利｜2024年8月11日 | 競馬データベース - netkeiba,ラッキーカムカム,6.2,0.2313,1.434,3,0,-1.0,0.43399999999999994,-1.0,0.0,143.4,0.2313,1.434,MAIDEN,BALANCED
202401020203,3歳未勝利｜2024年8月11日 | 競馬データベース - netkeiba,ヤマニンファリダ,36.7,0.0398,1.461,11,0,-1.0,0.4610000000000001,-1.0,0.0,146.1,0.0398,1.461,MAIDEN,DEEP_LONGSHOT
202401020204,3歳未勝利｜2024年8月11日 | 競馬データベース - netkeiba,コンテナワールド,7.1,0.2247,1.595,11,0,-1.0,0.595,-1.0,0.0,159.5,0.2247,1.595,MAIDEN,BALANCED
202401020205,2歳新馬｜2024年8月11日 | 競馬データベース - netkeiba,コスモリスナー,22.6,0.0606,1.37,7,0,-1.0,0.3700000000000001,-1.0,0.0,137.0,0.0606,1.37,DEBUT,DEEP_LONGSHOT
202401020208,コスモス賞｜2024年8月11日 | 競馬データベース - netkeiba,パルヴェニュー,56.9,0.0479,2.726,5,0,-1.0,1.726,-1.0,0.0,272.6,0.0479,2.726,SPECIAL,DEEP_LONGSHOT
202401020301,2歳未勝利｜2024年8月17日 | 競馬データベース - netkeiba,マイネルトラオム,44.9,0.039,1.751,6,0,-1.0,0.7509999999999999,-1.0,0.0,175.1,0.039,1.751,MAIDEN,DEEP_LONGSHOT
202401020302,2歳未勝利｜2024年8月17日 | 競馬データベース - netkeiba,トリプレーテ,11.9,0.1157,1.377,5,0,-1.0,0.377,-1.0,0.0,137.7,0.1157,1.377,MAIDEN,LONGSHOT
202401020305,2歳新馬｜2024年8月17日 | 競馬データベース - netkeiba,ワールドキッス,13.1,0.1118,1.465,2,0,-1.0,0.4650000000000001,-1.0,0.0,146.5,0.1118,1.465,DEBUT,LONGSHOT
202401020307,3歳未勝利｜2024年8月17日 | 競馬データベース - netkeiba,アイヲコメテ,12.6,0.1064,1.341,6,0,-1.0,0.34099999999999997,-1.0,0.0,134.1,0.1064,1.341,MAIDEN,LONGSHOT
202401020308,3歳以上1勝クラス｜2024年8月17日 | 競馬データベース - netkeiba,ゴットリープ,56.3,0.0274,1.543,6,0,-1.0,0.5429999999999999,-1.0,0.0,154.29999999999998,0.0274,1.543,CLASS_1W,DEEP_LONGSHOT
202401020310,富良野特別｜2024年8月17日 | 競馬データベース - netkeiba,ノーブルスカイ,16.2,0.0839,1.359,3,0,-1.0,0.359,-1.0,0.0,135.9,0.0839,1.359,SPECIAL,LONGSHOT
202401020312,3歳以上1勝クラス｜2024年8月17日 | 競馬データベース - netkeiba,プルーヴンウィナー,7.5,0.1779,1.334,4,0,-1.0,0.3340000000000001,-1.0,0.0,133.4,0.1779,1.334,CLASS_1W,BALANCED
202401020401,2歳未勝利｜2024年8月18日 | 競馬データベース - netkeiba,セイウンピカイチ,57.2,0.025,1.43,6,0,-1.0,0.42999999999999994,-1.0,0.0,143.0,0.025,1.43,MAIDEN,DEEP_LONGSHOT
202401020402,3歳未勝利｜2024年8月18日 | 競馬データベース - netkeiba,ヴァンセゾニエ,8.7,0.1624,1.413,2,0,-1.0,0.41300000000000003,-1.0,0.0,141.3,0.1624,1.413,MAIDEN,LONGSHOT
202401020405,2歳新馬｜2024年8月18日 | 競馬データベース - netkeiba,シャイニーシップ,53.1,0.0272,1.444,9,0,-1.0,0.44399999999999995,-1.0,0.0,144.4,0.0272,1.444,DEBUT,DEEP_LONGSHOT
202401020406,3歳以上1勝クラス｜2024年8月18日 | 競馬データベース - netkeiba,アルデドゥオーモ,17.9,0.0916,1.64,10,0,-1.0,0.6399999999999999,-1.0,0.0,164.0,0.0916,1.64,CLASS_1W,LONGSHOT
202401020407,3歳以上1勝クラス｜2024年8月18日 | 競馬データベース - netkeiba,コスモエスメラルダ,41.0,0.0379,1.554,5,0,-1.0,0.554,-1.0,0.0,155.4,0.0379,1.554,CLASS_1W,DEEP_LONGSHOT
202401020408,クローバー賞｜2024年8月18日 | 競馬データベース - netkeiba,エイシンマジョリカ,84.6,0.0274,2.318,6,0,-1.0,1.318,-1.0,0.0,231.8,0.0274,2.318,SPECIAL,DEEP_LONGSHOT
202401020410,知床特別｜2024年8月18日 | 競馬データベース - netkeiba,ミズノコキュウ,15.0,0.0929,1.394,11,0,-1.0,0.3939999999999999,-1.0,0.0,139.39999999999998,0.0929,1.394,SPECIAL,LONGSHOT
202401020411,札幌記念｜2024年8月18日 | 競馬データベース - netkeiba,ステラヴェローチェ,13.4,0.1114,1.493,3,0,-1.0,0.4930000000000001,-1.0,0.0,149.3,0.1114,1.493,OPEN,LONGSHOT
202401020501,2歳未勝利｜2024年8月24日 | 競馬データベース - netkeiba,ナンナンプー,22.1,0.1121,2.477,5,0,-1.0,1.4769999999999999,-1.0,0.0,247.7,0.1121,2.477,MAIDEN,DEEP_LONGSHOT
202401020502,2歳未勝利｜2024年8月24日 | 競馬データベース - netkeiba,コスモリスナー,78.4,0.0231,1.811,8,0,-1.0,0.8109999999999999,-1.0,0.0,181.1,0.0231,1.811,MAIDEN,DEEP_LONGSHOT
202401020504,3歳未勝利｜2024年8月24日 | 競馬データベース - netkeiba,マーシャルテイル,67.5,0.022,1.485,5,0,-1.0,0.4850000000000001,-1.0,0.0,148.5,0.022,1.485,MAIDEN,DEEP_LONGSHOT
202401020505,2歳新馬｜2024年8月24日 | 競馬データベース - netkeiba,プルシャプラ,21.4,0.0921,1.971,9,0,-1.0,0.9710000000000001,-1.0,0.0,197.10000000000002,0.0921,1.971,DEBUT,DEEP_LONGSHOT
202401020507,3歳以上1勝クラス｜2024年8月24日 | 競馬データベース - netkeiba,ダイスアローリング,29.2,0.0453,1.323,11,0,-1.0,0.32299999999999995,-1.0,0.0,132.29999999999998,0.0453,1.323,CLASS_1W,DEEP_LONGSHOT
202401020508,3歳以上1勝クラス｜2024年8月24日 | 競馬データベース - netkeiba,アイヲコメテ,37.7,0.0478,1.802,6,0,-1.0,0.802,-1.0,0.0,180.20000000000002,0.0478,1.802,CLASS_1W,DEEP_LONGSHOT
202401020509,ルスツ特別｜2024年8月24日 | 競馬データベース - netkeiba,テイキットイージー,20.1,0.0962,1.934,11,0,-1.0,0.9339999999999999,-1.0,0.0,193.4,0.0962,1.934,SPECIAL,DEEP_LONGSHOT
202401020510,オールスターJ第1戦｜2024年8月24日 | 競馬データベース - netkeiba,カイカノキセキ,10.9,0.1247,1.359,6,0,-1.0,0.359,-1.0,0.0,135.9,0.1247,1.359,OTHER,LONGSHOT
202401020511,オールスターJ第2戦｜2024年8月24日 | 競馬データベース - netkeiba,ナックイルシーブ,8.4,0.1721,1.446,6,0,-1.0,0.44599999999999995,-1.0,0.0,144.6,0.1721,1.446,OTHER,LONGSHOT
202401020601,2歳未勝利｜2024年8月25日 | 競馬データベース - netkeiba,リンゲルブルーメ,23.6,0.0852,2.011,2,0,-1.0,1.0110000000000001,-1.0,0.0,201.10000000000002,0.0852,2.011,MAIDEN,DEEP_LONGSHOT
202401020605,2歳新馬｜2024年8月25日 | 競馬データベース - netkeiba,リアライズハロック,40.0,0.0458,1.832,7,0,-1.0,0.8320000000000001,-1.0,0.0,183.20000000000002,0.0458,1.832,DEBUT,DEEP_LONGSHOT
202401020606,3歳未勝利｜2024年8月25日 | 競馬データベース - netkeiba,アラタマフェーヴル,32.1,0.0748,2.401,4,0,-1.0,1.4009999999999998,-1.0,0.0,240.09999999999997,0.0748,2.401,MAIDEN,DEEP_LONGSHOT
202401020609,小樽特別｜2024年8月25日 | 競馬データベース - netkeiba,スプリングデイ,18.4,0.0729,1.341,3,0,-1.0,0.34099999999999997,-1.0,0.0,134.1,0.0729,1.341,SPECIAL,LONGSHOT
202401020611,キーンランドカップ｜2024年8月25日 | 競馬データベース - netkeiba,エトヴプレ,8.8,0.1687,1.485,11,0,-1.0,0.4850000000000001,-1.0,0.0,148.5,0.1687,1.485,OTHER,LONGSHOT
202401020701,2歳未勝利｜2024年8月31日 | 競馬データベース - netkeiba,ビアンカネーヴェ,6.1,0.2321,1.416,2,0,-1.0,0.4159999999999999,-1.0,0.0,141.6,0.2321,1.416,MAIDEN,BALANCED
202401020703,3歳未勝利｜2024年8月31日 | 競馬データベース - netkeiba,ヘザルフェン,7.2,0.1825,1.314,7,0,-1.0,0.31400000000000006,-1.0,0.0,131.4,0.1825,1.314,MAIDEN,BALANCED
202401020707,3歳以上1勝クラス｜2024年8月31日 | 競馬データベース - netkeiba,ルクスアドラー,16.7,0.1189,1.986,12,0,-1.0,0.986,-1.0,0.0,198.6,0.1189,1.986,CLASS_1W,LONGSHOT
202401020709,インディアトロフィー｜2024年8月31日 | 競馬データベース - netkeiba,ダノンスウィッチ,4.6,0.3,1.38,11,0,-1.0,0.3799999999999999,-1.0,0.0,138.0,0.3,1.38,OTHER,BALANCED
202401020712,マレーシアカップ｜2024年8月31日 | 競馬データベース - netkeiba,ツインクルトーズ,8.3,0.2037,1.691,1,1,7.3,0.6910000000000001,7.3,830.0000000000001,169.1,0.7963,-6.609,OTHER,LONGSHOT
202401020801,2歳未勝利｜2024年9月1日 | 競馬データベース - netkeiba,ワールドキッス,9.6,0.1593,1.529,2,0,-1.0,0.5289999999999999,-1.0,0.0,152.89999999999998,0.1593,1.529,MAIDEN,LONGSHOT
202401020802,2歳未勝利｜2024年9月1日 | 競馬データベース - netkeiba,マイネルトラオム,23.1,0.0661,1.527,8,0,-1.0,0.5269999999999999,-1.0,0.0,152.7,0.0661,1.527,MAIDEN,DEEP_LONGSHOT
202401020807,3歳以上1勝クラス｜2024年9月1日 | 競馬データベース - netkeiba,ニシノインヴィクタ,27.8,0.0591,1.643,2,0,-1.0,0.643,-1.0,0.0,164.3,0.0591,1.643,CLASS_1W,DEEP_LONGSHOT
202402010101,3歳未勝利｜2024年6月8日 | 競馬データベース - netkeiba,ルチェッタ,14.6,0.1313,1.917,10,0,-1.0,0.917,-1.0,0.0,191.70000000000002,0.1313,1.917,MAIDEN,LONGSHOT
202402010102,3歳未勝利｜2024年6月8日 | 競馬データベース - netkeiba,エリカポラリス,6.7,0.2023,1.355,2,0,-1.0,0.355,-1.0,0.0,135.5,0.2023,1.355,MAIDEN,BALANCED
202402010103,3歳未勝利｜2024年6月8日 | 競馬データベース - netkeiba,アマモト,10.8,0.1432,1.547,4,0,-1.0,0.5469999999999999,-1.0,0.0,154.7,0.1432,1.547,MAIDEN,LONGSHOT
202402010107,3歳以上1勝クラス｜2024年6月8日 | 競馬データベース - netkeiba,ヴェルテンベルク,11.5,0.1496,1.72,2,0,-1.0,0.72,-1.0,0.0,172.0,0.1496,1.72,CLASS_1W,LONGSHOT
202402010111,函館日刊スポーツ杯｜2024年6月8日 | 競馬データベース - netkeiba,ヴィアドロローサ,10.4,0.1489,1.549,8,0,-1.0,0.5489999999999999,-1.0,0.0,154.9,0.1489,1.549,OPEN,LONGSHOT
202402010203,3歳未勝利｜2024年6月9日 | 競馬データベース - netkeiba,スマートレパード,20.4,0.0644,1.314,7,0,-1.0,0.31400000000000006,-1.0,0.0,131.4,0.0644,1.314,MAIDEN,DEEP_LONGSHOT
202402010206,3歳未勝利｜2024年6月9日 | 競馬データベース - netkeiba,プロスペクト,11.3,0.1228,1.388,4,0,-1.0,0.3879999999999999,-1.0,0.0,138.79999999999998,0.1228,1.388,MAIDEN,LONGSHOT
202402010211,函館スプリントS｜2024年6月9日 | 競馬データベース - netkeiba,ジャスティンスカイ,9.9,0.1481,1.466,10,0,-1.0,0.46599999999999997,-1.0,0.0,146.6,0.1481,1.466,OTHER,LONGSHOT
202402010302,3歳未勝利｜2024年6月15日 | 競馬データベース - netkeiba,ツマヤ,33.3,0.0415,1.382,12,0,-1.0,0.3819999999999999,-1.0,0.0,138.2,0.0415,1.382,MAIDEN,DEEP_LONGSHOT
202402010304,3歳未勝利｜2024年6月15日 | 競馬データベース - netkeiba,ブラックバラード,4.7,0.2846,1.338,7,0,-1.0,0.3380000000000001,-1.0,0.0,133.8,0.2846,1.338,MAIDEN,BALANCED
202402010305,2歳新馬｜2024年6月15日 | 競馬データベース - netkeiba,モモイロタンポポ,36.7,0.0382,1.402,7,0,-1.0,0.4019999999999999,-1.0,0.0,140.2,0.0382,1.402,DEBUT,DEEP_LONGSHOT
202402010307,3歳未勝利｜2024年6月15日 | 競馬データベース - netkeiba,ウインキャロライン,7.8,0.1732,1.351,8,0,-1.0,0.351,-1.0,0.0,135.1,0.1732,1.351,MAIDEN,BALANCED
202402010308,3歳以上1勝クラス｜2024年6月15日 | 競馬データベース - netkeiba,ジェニファー,19.5,0.0779,1.519,6,0,-1.0,0.5189999999999999,-1.0,0.0,151.89999999999998,0.0779,1.519,CLASS_1W,LONGSHOT
202402010309,下北半島特別｜2024年6月15日 | 競馬データベース - netkeiba,クラックオブドーン,42.1,0.0381,1.604,7,0,-1.0,0.6040000000000001,-1.0,0.0,160.4,0.0381,1.604,SPECIAL,DEEP_LONGSHOT
202402010402,3歳未勝利｜2024年6月16日 | 競馬データベース - netkeiba,シンデレラタイム,12.1,0.1144,1.384,6,0,-1.0,0.3839999999999999,-1.0,0.0,138.39999999999998,0.1144,1.384,MAIDEN,LONGSHOT
202402010403,3歳未勝利｜2024年6月16日 | 競馬データベース - netkeiba,スリークロス,58.6,0.0252,1.477,10,0,-1.0,0.4770000000000001,-1.0,0.0,147.70000000000002,0.0252,1.477,MAIDEN,DEEP_LONGSHOT
202402010405,2歳新馬｜2024年6月16日 | 競馬データベース - netkeiba,シンゼンマルノスケ,36.7,0.0447,1.64,7,0,-1.0,0.6399999999999999,-1.0,0.0,164.0,0.0447,1.64,DEBUT,DEEP_LONGSHOT
202402010408,3歳以上1勝クラス｜2024年6月16日 | 競馬データベース - netkeiba,アフトクラーティラ,19.4,0.072,1.397,12,0,-1.0,0.397,-1.0,0.0,139.7,0.072,1.397,CLASS_1W,LONGSHOT
202402010502,3歳未勝利｜2024年6月22日 | 競馬データベース - netkeiba,ブレイクショット,12.9,0.1173,1.513,6,0,-1.0,0.5129999999999999,-1.0,0.0,151.29999999999998,0.1173,1.513,MAIDEN,LONGSHOT
202402010505,2歳新馬｜2024年6月22日 | 競馬データベース - netkeiba,キスメット,31.2,0.0455,1.42,7,0,-1.0,0.41999999999999993,-1.0,0.0,142.0,0.0455,1.42,DEBUT,DEEP_LONGSHOT
202402010507,3歳以上1勝クラス｜2024年6月22日 | 競馬データベース - netkeiba,マケルナマサムネ,63.6,0.0326,2.073,7,0,-1.0,1.073,-1.0,0.0,207.29999999999998,0.0326,2.073,CLASS_1W,DEEP_LONGSHOT
202402010512,3歳以上1勝クラス｜2024年6月22日 | 競馬データベース - netkeiba,リードアクトレス,160.5,0.0101,1.621,5,0,-1.0,0.621,-1.0,0.0,162.1,0.0101,1.621,CLASS_1W,DEEP_LONGSHOT
202402010602,3歳未勝利｜2024年6月23日 | 競馬データベース - netkeiba,メイショウヤスマサ,27.0,0.0844,2.279,6,0,-1.0,1.279,-1.0,0.0,227.89999999999998,0.0844,2.279,MAIDEN,DEEP_LONGSHOT
202402010603,3歳未勝利｜2024年6月23日 | 競馬データベース - netkeiba,アルヘンティニータ,30.8,0.0442,1.361,8,0,-1.0,0.361,-1.0,0.0,136.1,0.0442,1.361,MAIDEN,DEEP_LONGSHOT
202402010604,3歳未勝利｜2024年6月23日 | 競馬データベース - netkeiba,バスティオン,15.3,0.1192,1.824,5,0,-1.0,0.8240000000000001,-1.0,0.0,182.4,0.1192,1.824,MAIDEN,LONGSHOT
202402010605,2歳新馬｜2024年6月23日 | 競馬データベース - netkeiba,ブリッツアロング,22.6,0.085,1.921,3,0,-1.0,0.921,-1.0,0.0,192.1,0.085,1.921,DEBUT,DEEP_LONGSHOT
202402010606,3歳未勝利｜2024年6月23日 | 競馬データベース - netkeiba,フクノスナノバラ,41.0,0.0583,2.39,6,0,-1.0,1.3900000000000001,-1.0,0.0,239.0,0.0583,2.39,MAIDEN,DEEP_LONGSHOT
202402010607,3歳以上1勝クラス｜2024年6月23日 | 競馬データベース - netkeiba,スノーブリザード,8.3,0.1834,1.522,7,0,-1.0,0.522,-1.0,0.0,152.2,0.1834,1.522,CLASS_1W,LONGSHOT
202402010608,3歳以上1勝クラス｜2024年6月23日 | 競馬データベース - netkeiba,ヨリナエスポワール,10.7,0.1502,1.607,10,0,-1.0,0.607,-1.0,0.0,160.7,0.1502,1.607,CLASS_1W,LONGSHOT
202402010609,洞爺湖特別｜2024年6月23日 | 競馬データベース - netkeiba,ディープレイヤー,17.9,0.0793,1.419,8,0,-1.0,0.41900000000000004,-1.0,0.0,141.9,0.0793,1.419,SPECIAL,LONGSHOT
202402010610,HTB杯｜2024年6月23日 | 競馬データベース - netkeiba,クファシル,4.7,0.3208,1.508,2,0,-1.0,0.508,-1.0,0.0,150.8,0.3208,1.508,OPEN,BALANCED
202402010612,3歳以上1勝クラス｜2024年6月23日 | 競馬データベース - netkeiba,ハートホイップ,12.7,0.1338,1.699,2,0,-1.0,0.6990000000000001,-1.0,0.0,169.9,0.1338,1.699,CLASS_1W,LONGSHOT
202402010701,2歳未勝利｜2024年6月29日 | 競馬データベース - netkeiba,サスペンスクィーン,41.9,0.0726,3.042,5,0,-1.0,2.042,-1.0,0.0,304.2,0.0726,3.042,MAIDEN,DEEP_LONGSHOT
202402010704,3歳未勝利｜2024年6月29日 | 競馬データベース - netkeiba,フェスティヴカレン,33.3,0.0403,1.342,11,0,-1.0,0.3420000000000001,-1.0,0.0,134.20000000000002,0.0403,1.342,MAIDEN,DEEP_LONGSHOT
202402010705,2歳新馬｜2024年6月29日 | 競馬データベース - netkeiba,ポップグルーヴ,41.5,0.0427,1.772,6,0,-1.0,0.772,-1.0,0.0,177.2,0.0427,1.772,DEBUT,DEEP_LONGSHOT
202402010707,3歳以上1勝クラス｜2024年6月29日 | 競馬データベース - netkeiba,ロードオールライト,12.7,0.1035,1.314,10,0,-1.0,0.31400000000000006,-1.0,0.0,131.4,0.1035,1.314,CLASS_1W,LONGSHOT
202402010708,3歳以上1勝クラス｜2024年6月29日 | 競馬データベース - netkeiba,アルデドゥオーモ,9.0,0.1867,1.68,7,0,-1.0,0.6799999999999999,-1.0,0.0,168.0,0.1867,1.68,CLASS_1W,LONGSHOT
202402010709,長万部特別｜2024年6月29日 | 競馬データベース - netkeiba,ビッグパレード,41.8,0.0503,2.103,2,0,-1.0,1.1030000000000002,-1.0,0.0,210.3,0.0503,2.103,SPECIAL,DEEP_LONGSHOT
202402010710,北海ハンデキャップ｜2024年6月29日 | 競馬データベース - netkeiba,フラミニア,6.6,0.2172,1.434,4,0,-1.0,0.43399999999999994,-1.0,0.0,143.4,0.2172,1.434,OTHER,BALANCED
202402010801,2歳未勝利｜2024年6月30日 | 競馬データベース - netkeiba,シンゼンマルノスケ,40.3,0.0582,2.345,4,0,-1.0,1.3450000000000002,-1.0,0.0,234.50000000000003,0.0582,2.345,MAIDEN,DEEP_LONGSHOT
202402010804,3歳未勝利｜2024年6月30日 | 競馬データベース - netkeiba,ゴールデンルーキー,30.5,0.0555,1.693,12,0,-1.0,0.6930000000000001,-1.0,0.0,169.3,0.0555,1.693,MAIDEN,DEEP_LONGSHOT
202402010806,3歳未勝利｜2024年6月30日 | 競馬データベース - netkeiba,リュラグリーン,5.7,0.2417,1.378,4,0,-1.0,0.3779999999999999,-1.0,0.0,137.79999999999998,0.2417,1.378,MAIDEN,BALANCED
202402010809,竜飛崎特別｜2024年6月30日 | 競馬データベース - netkeiba,タロントゥーズ,32.8,0.046,1.509,9,0,-1.0,0.5089999999999999,-1.0,0.0,150.89999999999998,0.046,1.509,SPECIAL,DEEP_LONGSHOT
202402010812,3歳以上1勝クラス｜2024年6月30日 | 競馬データベース - netkeiba,サザンレイク,13.8,0.1272,1.755,2,0,-1.0,0.7549999999999999,-1.0,0.0,175.5,0.1272,1.755,CLASS_1W,LONGSHOT
202402010901,2歳未勝利｜2024年7月6日 | 競馬データベース - netkeiba,ディラードテソーロ,20.9,0.0746,1.559,6,0,-1.0,0.5589999999999999,-1.0,0.0,155.9,0.0746,1.559,MAIDEN,DEEP_LONGSHOT
202402010903,3歳未勝利｜2024年7月6日 | 競馬データベース - netkeiba,ルージュピルエット,8.7,0.1697,1.476,1,1,7.7,0.476,7.7,869.9999999999999,147.6,0.8303,-7.224,MAIDEN,LONGSHOT
202402010904,3歳未勝利｜2024年7月6日 | 競馬データベース - netkeiba,ワイワイサンデー,18.0,0.0977,1.759,9,0,-1.0,0.7589999999999999,-1.0,0.0,175.89999999999998,0.0977,1.759,MAIDEN,LONGSHOT
202402010906,3歳未勝利｜2024年7月6日 | 競馬データベース - netkeiba,マイネルガンナー,35.9,0.0468,1.68,5,0,-1.0,0.6799999999999999,-1.0,0.0,168.0,0.0468,1.68,MAIDEN,DEEP_LONGSHOT
202402010907,3歳以上1勝クラス｜2024年7月6日 | 競馬データベース - netkeiba,ステラシティ,23.7,0.1063,2.519,3,0,-1.0,1.5190000000000001,-1.0,0.0,251.9,0.1063,2.519,CLASS_1W,DEEP_LONGSHOT
202402010908,3歳以上1勝クラス｜2024年7月6日 | 競馬データベース - netkeiba,ポリクシニーズ,34.3,0.0459,1.574,5,0,-1.0,0.5740000000000001,-1.0,0.0,157.4,0.0459,1.574,CLASS_1W,DEEP_LONGSHOT
202402010911,マリーンステークス｜2024年7月6日 | 競馬データベース - netkeiba,サンテックス,4.2,0.3158,1.326,2,0,-1.0,0.32600000000000007,-1.0,0.0,132.6,0.3158,1.326,OPEN,BALANCED
202402010912,3歳以上1勝クラス｜2024年7月6日 | 競馬データベース - netkeiba,ハピアーザンエバー,16.5,0.0814,1.343,2,0,-1.0,0.34299999999999997,-1.0,0.0,134.3,0.0814,1.343,CLASS_1W,LONGSHOT
202402011001,2歳未勝利｜2024年7月7日 | 競馬データベース - netkeiba,サラサエンペラー,15.5,0.1109,1.719,6,0,-1.0,0.7190000000000001,-1.0,0.0,171.9,0.1109,1.719,MAIDEN,LONGSHOT
202402011002,3歳未勝利｜2024年7月7日 | 競馬データベース - netkeiba,ココボロ,21.2,0.0947,2.008,6,0,-1.0,1.008,-1.0,0.0,200.8,0.0947,2.008,MAIDEN,DEEP_LONGSHOT
202402011003,3歳未勝利｜2024年7月7日 | 競馬データベース - netkeiba,ニシノサイエン,42.9,0.0321,1.377,6,0,-1.0,0.377,-1.0,0.0,137.7,0.0321,1.377,MAIDEN,DEEP_LONGSHOT
202402011007,3歳以上1勝クラス｜2024年7月7日 | 競馬データベース - netkeiba,イッツオンリーユー,18.3,0.075,1.372,4,0,-1.0,0.3720000000000001,-1.0,0.0,137.20000000000002,0.075,1.372,CLASS_1W,LONGSHOT
202402011010,横津岳特別｜2024年7月7日 | 競馬データベース - netkeiba,ノーブルクライ,29.1,0.0546,1.589,3,0,-1.0,0.589,-1.0,0.0,158.9,0.0546,1.589,SPECIAL,DEEP_LONGSHOT
202402011101,2歳未勝利｜2024年7月13日 | 競馬データベース - netkeiba,サッカレッロ,10.6,0.1586,1.681,5,0,-1.0,0.681,-1.0,0.0,168.1,0.1586,1.681,MAIDEN,LONGSHOT
202402011103,3歳未勝利｜2024年7月13日 | 競馬データベース - netkeiba,サニイアール,13.2,0.1028,1.357,6,0,-1.0,0.357,-1.0,0.0,135.7,0.1028,1.357,MAIDEN,LONGSHOT
202402011106,3歳未勝利｜2024年7月13日 | 競馬データベース - netkeiba,ウインアルドーレ,8.5,0.1536,1.306,2,0,-1.0,0.30600000000000005,-1.0,0.0,130.6,0.1536,1.306,MAIDEN,LONGSHOT
202402011109,湯浜特別｜2024年7月13日 | 競馬データベース - netkeiba,アースイオス,28.7,0.0488,1.401,6,0,-1.0,0.401,-1.0,0.0,140.1,0.0488,1.401,SPECIAL,DEEP_LONGSHOT
202402011111,函館2歳ステークス｜2024年7月13日 | 競馬データベース - netkeiba,エンドレスサマー,6.2,0.2427,1.505,3,0,-1.0,0.5049999999999999,-1.0,0.0,150.5,0.2427,1.505,OPEN,BALANCED
202402011112,3歳以上1勝クラス｜2024年7月13日 | 競馬データベース - netkeiba,ビッグパレード,4.4,0.332,1.461,5,0,-1.0,0.4610000000000001,-1.0,0.0,146.1,0.332,1.461,CLASS_1W,BALANCED
202402011201,2歳未勝利｜2024年7月14日 | 競馬データベース - netkeiba,ウインラテアート,40.5,0.033,1.336,7,0,-1.0,0.3360000000000001,-1.0,0.0,133.6,0.033,1.336,MAIDEN,DEEP_LONGSHOT
202402011202,3歳未勝利｜2024年7月14日 | 競馬データベース - netkeiba,バスティオン,12.9,0.1171,1.511,11,0,-1.0,0.5109999999999999,-1.0,0.0,151.1,0.1171,1.511,MAIDEN,LONGSHOT
202402011205,2歳新馬｜2024年7月14日 | 競馬データベース - netkeiba,ドーバーブライト,17.6,0.0817,1.438,3,0,-1.0,0.43799999999999994,-1.0,0.0,143.79999999999998,0.0817,1.438,DEBUT,LONGSHOT
202402011206,3歳未勝利｜2024年7月14日 | 競馬データベース - netkeiba,ミヤビエクセレント,18.3,0.0743,1.36,7,0,-1.0,0.3600000000000001,-1.0,0.0,136.0,0.0743,1.36,MAIDEN,LONGSHOT
202402011207,3歳以上1勝クラス｜2024年7月14日 | 競馬データベース - netkeiba,サウンドアレグリア,8.8,0.158,1.39,2,0,-1.0,0.3899999999999999,-1.0,0.0,139.0,0.158,1.39,CLASS_1W,LONGSHOT
202402011211,函館記念｜2024年7月14日 | 競馬データベース - netkeiba,サヴォーナ,4.5,0.3228,1.453,4,0,-1.0,0.45300000000000007,-1.0,0.0,145.3,0.3228,1.453,OPEN,BALANCED
202403010102,3歳未勝利｜2024年4月6日 | 競馬データベース - netkeiba,ロマンスライト,55.7,0.027,1.504,1,1,54.7,0.504,54.7,5570.0,150.4,0.973,-54.196000000000005,MAIDEN,DEEP_LONGSHOT
202403010104,障害4歳以上未勝利｜2024年4月6日 | 競馬データベース - netkeiba,ジロー,10.3,0.2077,2.139,2,0,-1.0,1.1389999999999998,-1.0,0.0,213.89999999999998,0.2077,2.139,JUMP,LONGSHOT
202403010108,4歳以上1勝クラス｜2024年4月6日 | 競馬データベース - netkeiba,ザアトム,6.9,0.2463,1.699,1,1,5.9,0.6990000000000001,5.9,690.0,169.9,0.7537,-5.2010000000000005,CLASS_1W,BALANCED
202403010109,ひめさゆり賞｜2024年4月6日 | 競馬データベース - netkeiba,オールデュスヴラン,14.0,0.1266,1.772,10,0,-1.0,0.772,-1.0,0.0,177.2,0.1266,1.772,SPECIAL,LONGSHOT
202403010110,花見山特別｜2024年4月6日 | 競馬データベース - netkeiba,オックスリップ,7.3,0.222,1.621,4,0,-1.0,0.621,-1.0,0.0,162.1,0.222,1.621,SPECIAL,BALANCED
202403010111,吾妻小富士ステークス｜2024年4月6日 | 競馬データベース - netkeiba,ロッシュローブ,18.3,0.0765,1.4,14,0,-1.0,0.3999999999999999,-1.0,0.0,140.0,0.0765,1.4,OPEN,LONGSHOT
202403010202,3歳未勝利｜2024年4月7日 | 競馬データベース - netkeiba,エガオニナッテ,11.4,0.1657,1.889,4,0,-1.0,0.889,-1.0,0.0,188.9,0.1657,1.889,MAIDEN,LONGSHOT
202403010204,障害4歳以上未勝利｜2024年4月7日 | 競馬データベース - netkeiba,テイエムマジック,12.3,0.1551,1.908,6,0,-1.0,0.9079999999999999,-1.0,0.0,190.79999999999998,0.1551,1.908,JUMP,LONGSHOT
202403010205,3歳未勝利｜2024年4月7日 | 競馬データベース - netkeiba,パイントレイン,35.4,0.0416,1.473,15,0,-1.0,0.4730000000000001,-1.0,0.0,147.3,0.0416,1.473,MAIDEN,DEEP_LONGSHOT
202403010206,3歳未勝利｜2024年4月7日 | 競馬データベース - netkeiba,スマートレパード,7.6,0.1858,1.412,7,0,-1.0,0.4119999999999999,-1.0,0.0,141.2,0.1858,1.412,MAIDEN,BALANCED
202403010208,4歳以上1勝クラス｜2024年4月7日 | 競馬データベース - netkeiba,ヤングローゼス,6.7,0.2369,1.587,4,0,-1.0,0.587,-1.0,0.0,158.7,0.2369,1.587,CLASS_1W,BALANCED
202403010211,モルガナイトS｜2024年4月7日 | 競馬データベース - netkeiba,モリノドリーム,10.2,0.177,1.805,2,0,-1.0,0.8049999999999999,-1.0,0.0,180.5,0.177,1.805,OTHER,LONGSHOT
202403010212,4歳以上1勝クラス｜2024年4月7日 | 競馬データベース - netkeiba,フェスティヴビーム,27.9,0.0503,1.403,3,0,-1.0,0.403,-1.0,0.0,140.3,0.0503,1.403,CLASS_1W,DEEP_LONGSHOT
202403010301,3歳未勝利｜2024年4月13日 | 競馬データベース - netkeiba,エコロカイザー,7.3,0.2015,1.471,10,0,-1.0,0.4710000000000001,-1.0,0.0,147.10000000000002,0.2015,1.471,MAIDEN,BALANCED
202403010302,3歳未勝利｜2024年4月13日 | 競馬データベース - netkeiba,ポリトナリティー,17.5,0.1172,2.051,4,0,-1.0,1.0510000000000002,-1.0,0.0,205.10000000000002,0.1172,2.051,MAIDEN,LONGSHOT
202403010303,3歳未勝利｜2024年4月13日 | 競馬データベース - netkeiba,ニシノレヴィガータ,24.6,0.0856,2.106,9,0,-1.0,1.1059999999999999,-1.0,0.0,210.6,0.0856,2.106,MAIDEN,DEEP_LONGSHOT
202403010304,3歳未勝利｜2024年4月13日 | 競馬データベース - netkeiba,ユズノキ,28.9,0.0469,1.355,13,0,-1.0,0.355,-1.0,0.0,135.5,0.0469,1.355,MAIDEN,DEEP_LONGSHOT
202403010305,3歳未勝利｜2024年4月13日 | 競馬データベース - netkeiba,ヴァシロペス,20.5,0.1092,2.239,2,0,-1.0,1.2389999999999999,-1.0,0.0,223.89999999999998,0.1092,2.239,MAIDEN,DEEP_LONGSHOT
202403010309,雪うさぎ賞｜2024年4月13日 | 競馬データベース - netkeiba,モズトキキ,6.7,0.219,1.467,1,1,5.7,0.4670000000000001,5.7,670.0,146.70000000000002,0.781,-5.2330000000000005,SPECIAL,BALANCED
202403010311,ラジオ福島賞｜2024年4月13日 | 競馬データベース - netkeiba,サニーサフラン,7.8,0.2271,1.771,14,0,-1.0,0.7709999999999999,-1.0,0.0,177.1,0.2271,1.771,SPECIAL,BALANCED
202403010402,3歳未勝利｜2024年4月14日 | 競馬データベース - netkeiba,ビーンスターク,19.9,0.0868,1.727,10,0,-1.0,0.7270000000000001,-1.0,0.0,172.70000000000002,0.0868,1.727,MAIDEN,LONGSHOT
202403010404,障害4歳以上未勝利｜2024年4月14日 | 競馬データベース - netkeiba,ソルドラード,14.6,0.1115,1.628,9,0,-1.0,0.6279999999999999,-1.0,0.0,162.79999999999998,0.1115,1.628,JUMP,LONGSHOT
202403010405,障害4歳以上未勝利｜2024年4月14日 | 競馬データベース - netkeiba,ウインチェレステ,20.0,0.1141,2.282,1,1,19.0,1.282,19.0,2000.0,228.2,0.8859,-17.718,JUMP,LONGSHOT
202403010407,4歳以上1勝クラス｜2024年4月14日 | 競馬データベース - netkeiba,ラナキラ,9.5,0.162,1.539,5,0,-1.0,0.5389999999999999,-1.0,0.0,153.9,0.162,1.539,CLASS_1W,LONGSHOT
202403010408,4歳以上1勝クラス｜2024年4月14日 | 競馬データベース - netkeiba,ジャクソン,18.1,0.0865,1.566,3,0,-1.0,0.5660000000000001,-1.0,0.0,156.6,0.0865,1.566,CLASS_1W,LONGSHOT
202403010410,奥の細道特別｜2024年4月14日 | 競馬データベース - netkeiba,メイショウウネビ,7.7,0.2433,1.873,3,0,-1.0,0.873,-1.0,0.0,187.3,0.2433,1.873,SPECIAL,BALANCED
202403010502,3歳未勝利｜2024年4月20日 | 競馬データベース - netkeiba,ジークフリート,17.1,0.1141,1.951,7,0,-1.0,0.9510000000000001,-1.0,0.0,195.1,0.1141,1.951,MAIDEN,LONGSHOT
202403010504,障害4歳以上未勝利｜2024年4月20日 | 競馬データベース - netkeiba,ローディアマント,29.3,0.05,1.465,4,0,-1.0,0.4650000000000001,-1.0,0.0,146.5,0.05,1.465,JUMP,DEEP_LONGSHOT
202403010505,障害4歳以上オープン｜2024年4月20日 | 競馬データベース - netkeiba,ワールドスケール,11.5,0.162,1.863,7,0,-1.0,0.863,-1.0,0.0,186.3,0.162,1.863,JUMP,LONGSHOT
202403010506,4歳以上1勝クラス｜2024年4月20日 | 競馬データベース - netkeiba,ヴィクトリオン,43.2,0.0424,1.832,7,0,-1.0,0.8320000000000001,-1.0,0.0,183.20000000000002,0.0424,1.832,CLASS_1W,DEEP_LONGSHOT
202403010507,3歳未勝利｜2024年4月20日 | 競馬データベース - netkeiba,ラドロテア,9.4,0.1535,1.443,12,0,-1.0,0.44300000000000006,-1.0,0.0,144.3,0.1535,1.443,MAIDEN,LONGSHOT
202403010509,浄土平特別｜2024年4月20日 | 競馬データベース - netkeiba,ライクアフラワー,14.1,0.1201,1.693,1,1,13.1,0.6930000000000001,13.1,1410.0,169.3,0.8799,-12.407,SPECIAL,LONGSHOT
202403010511,福島牝馬ステークス｜2024年4月20日 | 競馬データベース - netkeiba,グランベルナデット,6.2,0.2484,1.54,11,0,-1.0,0.54,-1.0,0.0,154.0,0.2484,1.54,OPEN,BALANCED
202403010602,3歳未勝利｜2024年4月21日 | 競馬データベース - netkeiba,メイショウミリオレ,4.7,0.2818,1.324,1,1,3.7,0.32400000000000007,3.7,470.0,132.4,0.7182,-3.3760000000000003,MAIDEN,BALANCED
202403010603,3歳未勝利｜2024年4月21日 | 競馬データベース - netkeiba,アドマイヤポーシュ,23.8,0.0553,1.316,8,0,-1.0,0.31600000000000006,-1.0,0.0,131.6,0.0553,1.316,MAIDEN,DEEP_LONGSHOT
202403010604,障害4歳以上未勝利｜2024年4月21日 | 競馬データベース - netkeiba,アルマドラード,6.6,0.2511,1.657,13,0,-1.0,0.657,-1.0,0.0,165.7,0.2511,1.657,JUMP,BALANCED
202403010605,3歳未勝利｜2024年4月21日 | 競馬データベース - netkeiba,ビキニオンザビーチ,17.0,0.0765,1.3,10,0,-1.0,0.30000000000000004,-1.0,0.0,130.0,0.0765,1.3,MAIDEN,LONGSHOT
202403010607,3歳未勝利｜2024年4月21日 | 競馬データベース - netkeiba,ニシノアヤカゼ,9.8,0.1352,1.325,1,1,8.8,0.32499999999999996,8.8,980.0000000000001,132.5,0.8648,-8.475000000000001,MAIDEN,LONGSHOT
202403010612,4歳以上1勝クラス｜2024年4月21日 | 競馬データベース - netkeiba,ヴェッキオカズマ,42.2,0.0315,1.329,9,0,-1.0,0.32899999999999996,-1.0,0.0,132.9,0.0315,1.329,CLASS_1W,DEEP_LONGSHOT
202403020101,障害3歳以上オープン｜2024年6月29日 | 競馬データベース - netkeiba,リレーションシップ,13.0,0.1681,2.185,5,0,-1.0,1.185,-1.0,0.0,218.5,0.1681,2.185,JUMP,LONGSHOT
202403020102,3歳未勝利｜2024年6月29日 | 競馬データベース - netkeiba,ユズノキ,46.7,0.0282,1.317,8,0,-1.0,0.31699999999999995,-1.0,0.0,131.7,0.0282,1.317,MAIDEN,DEEP_LONGSHOT
202403020104,障害3歳以上未勝利｜2024年6月29日 | 競馬データベース - netkeiba,ピンポイントドロー,31.6,0.0644,2.035,7,0,-1.0,1.0350000000000001,-1.0,0.0,203.5,0.0644,2.035,JUMP,DEEP_LONGSHOT
202403020105,2歳新馬｜2024年6月29日 | 競馬データベース - netkeiba,ナックオリオン,75.0,0.018,1.35,6,0,-1.0,0.3500000000000001,-1.0,0.0,135.0,0.018,1.35,DEBUT,DEEP_LONGSHOT
202403020106,2歳新馬｜2024年6月29日 | 競馬データベース - netkeiba,ニシノケンタマン,8.0,0.1632,1.306,6,0,-1.0,0.30600000000000005,-1.0,0.0,130.6,0.1632,1.306,DEBUT,BALANCED
202403020107,3歳未勝利｜2024年6月29日 | 競馬データベース - netkeiba,ゼフィールエレ,14.4,0.1106,1.593,12,0,-1.0,0.593,-1.0,0.0,159.3,0.1106,1.593,MAIDEN,LONGSHOT
202403020109,開成山特別｜2024年6月29日 | 競馬データベース - netkeiba,サハラ,55.3,0.026,1.438,7,0,-1.0,0.43799999999999994,-1.0,0.0,143.79999999999998,0.026,1.438,SPECIAL,DEEP_LONGSHOT
202403020201,2歳未勝利｜2024年6月30日 | 競馬データベース - netkeiba,メロンパンマニア,50.4,0.0266,1.341,5,0,-1.0,0.34099999999999997,-1.0,0.0,134.1,0.0266,1.341,MAIDEN,DEEP_LONGSHOT
202403020204,3歳未勝利｜2024年6月30日 | 競馬データベース - netkeiba,ユアグローリー,12.2,0.1236,1.508,11,0,-1.0,0.508,-1.0,0.0,150.8,0.1236,1.508,MAIDEN,LONGSHOT
202403020207,3歳未勝利｜2024年6月30日 | 競馬データベース - netkeiba,クラッチプレイヤー,6.6,0.2424,1.6,1,1,5.6,0.6000000000000001,5.6,660.0,160.0,0.7576,-5.0,MAIDEN,BALANCED
202403020209,さくらんぼ特別｜2024年6月30日 | 競馬データベース - netkeiba,ミズノコキュウ,35.3,0.0384,1.356,2,0,-1.0,0.3560000000000001,-1.0,0.0,135.60000000000002,0.0384,1.356,SPECIAL,DEEP_LONGSHOT
202403020211,ラジオNIKKEI賞｜2024年6月30日 | 競馬データベース - netkeiba,サトノシュトラーセ,5.1,0.3174,1.619,9,0,-1.0,0.619,-1.0,0.0,161.9,0.3174,1.619,SPECIAL,BALANCED
202403020301,2歳未勝利｜2024年7月6日 | 競馬データベース - netkeiba,トリリオンボーイ,33.2,0.0725,2.407,7,0,-1.0,1.407,-1.0,0.0,240.7,0.0725,2.407,MAIDEN,DEEP_LONGSHOT
202403020305,2歳新馬｜2024年7月6日 | 競馬データベース - netkeiba,ウインアレース,5.2,0.2923,1.52,8,0,-1.0,0.52,-1.0,0.0,152.0,0.2923,1.52,DEBUT,BALANCED
202403020306,2歳新馬｜2024年7月6日 | 競馬データベース - netkeiba,アミグダラ,12.7,0.1099,1.396,8,0,-1.0,0.3959999999999999,-1.0,0.0,139.6,0.1099,1.396,DEBUT,LONGSHOT
202403020308,3歳以上1勝クラス｜2024年7月6日 | 競馬データベース - netkeiba,ウイングランブルー,38.8,0.0393,1.525,10,0,-1.0,0.5249999999999999,-1.0,0.0,152.5,0.0393,1.525,CLASS_1W,DEEP_LONGSHOT
202403020309,大郷特別｜2024年7月6日 | 競馬データベース - netkeiba,ハッピーサプライズ,27.5,0.0503,1.383,8,0,-1.0,0.383,-1.0,0.0,138.3,0.0503,1.383,SPECIAL,DEEP_LONGSHOT
202403020310,猪苗代特別｜2024年7月6日 | 競馬データベース - netkeiba,マイネルダグラス,31.2,0.0698,2.178,4,0,-1.0,1.178,-1.0,0.0,217.79999999999998,0.0698,2.178,SPECIAL,DEEP_LONGSHOT
202403020401,障害3歳以上未勝利｜2024年7月7日 | 競馬データベース - netkeiba,ブレーヴジャッカル,20.6,0.0969,1.996,6,0,-1.0,0.996,-1.0,0.0,199.6,0.0969,1.996,JUMP,DEEP_LONGSHOT
202403020402,3歳未勝利｜2024年7月7日 | 競馬データベース - netkeiba,ボムポット,13.4,0.1126,1.509,9,0,-1.0,0.5089999999999999,-1.0,0.0,150.89999999999998,0.1126,1.509,MAIDEN,LONGSHOT
202403020403,3歳未勝利｜2024年7月7日 | 競馬データベース - netkeiba,オーサムピクチャ,17.5,0.075,1.312,2,0,-1.0,0.31200000000000006,-1.0,0.0,131.20000000000002,0.075,1.312,MAIDEN,LONGSHOT
202403020407,3歳未勝利｜2024年7月7日 | 競馬データベース - netkeiba,イェルマーク,11.8,0.14,1.652,3,0,-1.0,0.6519999999999999,-1.0,0.0,165.2,0.14,1.652,MAIDEN,LONGSHOT
202403020408,3歳以上1勝クラス｜2024年7月7日 | 競馬データベース - netkeiba,カムランベイ,6.7,0.216,1.447,4,0,-1.0,0.44700000000000006,-1.0,0.0,144.70000000000002,0.216,1.447,CLASS_1W,BALANCED
202403020410,天の川賞｜2024年7月7日 | 競馬データベース - netkeiba,サトミノマロン,21.7,0.0925,2.007,5,0,-1.0,1.0070000000000001,-1.0,0.0,200.70000000000002,0.0925,2.007,SPECIAL,DEEP_LONGSHOT
202403020503,3歳未勝利｜2024年7月13日 | 競馬データベース - netkeiba,ホウオウラムセス,5.6,0.2394,1.341,15,0,-1.0,0.34099999999999997,-1.0,0.0,134.1,0.2394,1.341,MAIDEN,BALANCED
202403020505,2歳新馬｜2024年7月13日 | 競馬データベース - netkeiba,サウンドパルム,6.0,0.221,1.326,10,0,-1.0,0.32600000000000007,-1.0,0.0,132.6,0.221,1.326,DEBUT,BALANCED
202403020601,2歳未勝利｜2024年7月14日 | 競馬データベース - netkeiba,フレンドビーチ,14.1,0.1396,1.968,7,0,-1.0,0.968,-1.0,0.0,196.8,0.1396,1.968,MAIDEN,LONGSHOT
202403020602,2歳未勝利｜2024年7月14日 | 競馬データベース - netkeiba,ゴーゴーステーツ,33.8,0.075,2.535,3,0,-1.0,1.5350000000000001,-1.0,0.0,253.5,0.075,2.535,MAIDEN,DEEP_LONGSHOT
202403020606,2歳新馬｜2024年7月14日 | 競馬データベース - netkeiba,コパノオーランド,16.2,0.0834,1.351,4,0,-1.0,0.351,-1.0,0.0,135.1,0.0834,1.351,DEBUT,LONGSHOT
202403020610,阿武隈ステークス｜2024年7月14日 | 競馬データベース - netkeiba,ウインシュクラン,10.0,0.1541,1.541,1,1,9.0,0.5409999999999999,9.0,1000.0,154.1,0.8459,-8.459,OPEN,LONGSHOT
202403020611,福島テレビオープン｜2024年7月14日 | 競馬データベース - netkeiba,アビッグチア,13.7,0.131,1.795,12,0,-1.0,0.7949999999999999,-1.0,0.0,179.5,0.131,1.795,OPEN,LONGSHOT
202403020612,3歳以上1勝クラス｜2024年7月14日 | 競馬データベース - netkeiba,ハンデンカイザー,24.2,0.0761,1.842,3,0,-1.0,0.8420000000000001,-1.0,0.0,184.20000000000002,0.0761,1.842,CLASS_1W,DEEP_LONGSHOT
202403020701,2歳未勝利｜2024年7月20日 | 競馬データベース - netkeiba,バム,40.2,0.0452,1.817,4,0,-1.0,0.817,-1.0,0.0,181.7,0.0452,1.817,MAIDEN,DEEP_LONGSHOT
202403020704,3歳未勝利｜2024年7月20日 | 競馬データベース - netkeiba,ヴィーリヤ,8.1,0.1778,1.44,9,0,-1.0,0.43999999999999995,-1.0,0.0,144.0,0.1778,1.44,MAIDEN,LONGSHOT
202403020705,2歳新馬｜2024年7月20日 | 競馬データベース - netkeiba,マーレリアン,15.2,0.1165,1.771,9,0,-1.0,0.7709999999999999,-1.0,0.0,177.1,0.1165,1.771,DEBUT,LONGSHOT
202403020708,3歳以上1勝クラス｜2024年7月20日 | 競馬データベース - netkeiba,カフェアローロ,6.2,0.2544,1.577,4,0,-1.0,0.577,-1.0,0.0,157.7,0.2544,1.577,CLASS_1W,BALANCED
202403020709,南相馬特別｜2024年7月20日 | 競馬データベース - netkeiba,オセアエクスプレス,19.3,0.0782,1.509,9,0,-1.0,0.5089999999999999,-1.0,0.0,150.89999999999998,0.0782,1.509,SPECIAL,LONGSHOT
202403020710,白河特別｜2024年7月20日 | 競馬データベース - netkeiba,モンタナアゲート,22.0,0.0646,1.421,12,0,-1.0,0.42100000000000004,-1.0,0.0,142.1,0.0646,1.421,SPECIAL,DEEP_LONGSHOT
202403020711,TUF杯｜2024年7月20日 | 競馬データベース - netkeiba,ダテボレアス,13.8,0.1066,1.471,2,0,-1.0,0.4710000000000001,-1.0,0.0,147.10000000000002,0.1066,1.471,OPEN,LONGSHOT
202403020712,3歳以上1勝クラス｜2024年7月20日 | 競馬データベース - netkeiba,サンダーアラート,12.8,0.1226,1.569,5,0,-1.0,0.569,-1.0,0.0,156.9,0.1226,1.569,CLASS_1W,LONGSHOT
202403020801,障害3歳以上未勝利｜2024年7月21日 | 競馬データベース - netkeiba,クラウンセト,45.1,0.0313,1.412,2,0,-1.0,0.4119999999999999,-1.0,0.0,141.2,0.0313,1.412,JUMP,DEEP_LONGSHOT
202403020803,2歳未勝利｜2024年7月21日 | 競馬データベース - netkeiba,カガバベル,22.0,0.0615,1.353,1,1,21.0,0.353,21.0,2200.0,135.3,0.9385,-20.647,MAIDEN,DEEP_LONGSHOT
202403020804,3歳未勝利｜2024年7月21日 | 競馬データベース - netkeiba,プレイフルネス,25.5,0.0618,1.576,5,0,-1.0,0.5760000000000001,-1.0,0.0,157.6,0.0618,1.576,MAIDEN,DEEP_LONGSHOT
202403020805,2歳新馬｜2024年7月21日 | 競馬データベース - netkeiba,ショウナンラリー,16.7,0.1173,1.959,10,0,-1.0,0.9590000000000001,-1.0,0.0,195.9,0.1173,1.959,DEBUT,LONGSHOT
202403020806,2歳新馬｜2024年7月21日 | 競馬データベース - netkeiba,ナムラルナ,15.4,0.0908,1.398,9,0,-1.0,0.3979999999999999,-1.0,0.0,139.79999999999998,0.0908,1.398,DEBUT,LONGSHOT
202403020810,米沢特別｜2024年7月21日 | 競馬データベース - netkeiba,ミユキアイラブユー,8.1,0.2005,1.624,1,1,7.1,0.6240000000000001,7.1,810.0,162.4,0.7995,-6.475999999999999,SPECIAL,LONGSHOT
202403020812,3歳以上1勝クラス｜2024年7月21日 | 競馬データベース - netkeiba,オリエンタルナイト,5.4,0.2728,1.473,1,1,4.4,0.4730000000000001,4.4,540.0,147.3,0.7272000000000001,-3.9270000000000005,CLASS_1W,BALANCED
202403030104,3歳以上1勝クラス｜2024年11月2日 | 競馬データベース - netkeiba,フォルクスリート,4.8,0.3075,1.476,1,1,3.8,0.476,3.8,480.0,147.6,0.6925,-3.324,CLASS_1W,BALANCED
202403030106,3歳以上1勝クラス｜2024年11月2日 | 競馬データベース - netkeiba,テトラード,32.3,0.0459,1.483,8,0,-1.0,0.4830000000000001,-1.0,0.0,148.3,0.0459,1.483,CLASS_1W,DEEP_LONGSHOT
202403030109,三春駒特別｜2024年11月2日 | 競馬データベース - netkeiba,マイネルモメンタム,8.5,0.1665,1.415,4,0,-1.0,0.41500000000000004,-1.0,0.0,141.5,0.1665,1.415,SPECIAL,LONGSHOT
202403030110,三陸特別｜2024年11月2日 | 競馬データベース - netkeiba,ヤマニンステラータ,4.7,0.2847,1.338,10,0,-1.0,0.3380000000000001,-1.0,0.0,133.8,0.2847,1.338,SPECIAL,BALANCED
202403030204,障害3歳以上未勝利｜2024年11月3日 | 競馬データベース - netkeiba,ゴールデンルーキー,73.9,0.0459,3.392,5,0,-1.0,2.392,-1.0,0.0,339.2,0.0459,3.392,JUMP,DEEP_LONGSHOT
202403030205,障害3歳以上未勝利｜2024年11月3日 | 競馬データベース - netkeiba,ヤマタケアオイバラ,14.9,0.1174,1.749,5,0,-1.0,0.7490000000000001,-1.0,0.0,174.9,0.1174,1.749,JUMP,LONGSHOT
202403030209,土湯温泉特別｜2024年11月3日 | 競馬データベース - netkeiba,エルフストラック,4.8,0.2798,1.343,3,0,-1.0,0.34299999999999997,-1.0,0.0,134.3,0.2798,1.343,SPECIAL,BALANCED
202403030211,みちのくステークス｜2024年11月3日 | 競馬データベース - netkeiba,ウインモナーク,7.4,0.1824,1.35,2,0,-1.0,0.3500000000000001,-1.0,0.0,135.0,0.1824,1.35,OPEN,BALANCED
202403030212,3歳以上1勝クラス｜2024年11月3日 | 競馬データベース - netkeiba,スナイチゴールド,16.5,0.1214,2.003,10,0,-1.0,1.0030000000000001,-1.0,0.0,200.3,0.1214,2.003,CLASS_1W,LONGSHOT
202403030301,2歳未勝利｜2024年11月9日 | 競馬データベース - netkeiba,ライヴドライバー,6.7,0.207,1.387,6,0,-1.0,0.387,-1.0,0.0,138.7,0.207,1.387,MAIDEN,BALANCED
202403030302,2歳未勝利｜2024年11月9日 | 競馬データベース - netkeiba,フェイトライン,15.5,0.0972,1.507,8,0,-1.0,0.5069999999999999,-1.0,0.0,150.7,0.0972,1.507,MAIDEN,LONGSHOT
202403030306,3歳以上1勝クラス｜2024年11月9日 | 競馬データベース - netkeiba,アエリーゾ,5.4,0.2874,1.552,7,0,-1.0,0.552,-1.0,0.0,155.20000000000002,0.2874,1.552,CLASS_1W,BALANCED
202403030310,飯坂温泉特別｜2024年11月9日 | 競馬データベース - netkeiba,ヒラボクミニー,6.2,0.2381,1.476,7,0,-1.0,0.476,-1.0,0.0,147.6,0.2381,1.476,SPECIAL,BALANCED
202403030312,3歳以上1勝クラス｜2024年11月9日 | 競馬データベース - netkeiba,レオテミス,5.1,0.2737,1.396,1,1,4.1,0.3959999999999999,4.1,509.99999999999994,139.6,0.7263,-3.7039999999999997,CLASS_1W,BALANCED
202403030402,2歳未勝利｜2024年11月10日 | 競馬データベース - netkeiba,リアライズハロック,27.3,0.0534,1.458,7,0,-1.0,0.45799999999999996,-1.0,0.0,145.79999999999998,0.0534,1.458,MAIDEN,DEEP_LONGSHOT
202403030403,3歳以上1勝クラス｜2024年11月10日 | 競馬データベース - netkeiba,マシュー,45.8,0.0358,1.64,6,0,-1.0,0.6399999999999999,-1.0,0.0,164.0,0.0358,1.64,CLASS_1W,DEEP_LONGSHOT
202403030404,障害3歳以上未勝利｜2024年11月10日 | 競馬データベース - netkeiba,ヘイセイメジャー,9.5,0.1606,1.526,5,0,-1.0,0.526,-1.0,0.0,152.6,0.1606,1.526,JUMP,LONGSHOT
202403030405,障害3歳以上未勝利｜2024年11月10日 | 競馬データベース - netkeiba,シュハリ,26.6,0.0972,2.586,4,0,-1.0,1.5859999999999999,-1.0,0.0,258.59999999999997,0.0972,2.586,JUMP,DEEP_LONGSHOT
202403030410,福島放送賞｜2024年11月10日 | 競馬データベース - netkeiba,コスモオピニオン,5.4,0.2994,1.617,7,0,-1.0,0.617,-1.0,0.0,161.7,0.2994,1.617,SPECIAL,BALANCED
202403030412,3歳以上1勝クラス｜2024年11月10日 | 競馬データベース - netkeiba,イミュータブル,7.5,0.2392,1.794,5,0,-1.0,0.794,-1.0,0.0,179.4,0.2392,1.794,CLASS_1W,BALANCED
202403030501,3歳以上1勝クラス｜2024年11月16日 | 競馬データベース - netkeiba,クインズポラリス,4.4,0.2988,1.315,7,0,-1.0,0.31499999999999995,-1.0,0.0,131.5,0.2988,1.315,CLASS_1W,BALANCED
202403030505,障害3歳以上オープン｜2024年11月16日 | 競馬データベース - netkeiba,タイセイスラッガー,5.9,0.294,1.735,6,0,-1.0,0.7350000000000001,-1.0,0.0,173.5,0.294,1.735,JUMP,BALANCED
202403030506,3歳以上1勝クラス｜2024年11月16日 | 競馬データベース - netkeiba,ノーブルアクト,6.0,0.2323,1.394,3,0,-1.0,0.3939999999999999,-1.0,0.0,139.39999999999998,0.2323,1.394,CLASS_1W,BALANCED
202403030510,西郷特別｜2024年11月16日 | 競馬データベース - netkeiba,リーゼントミニー,13.2,0.106,1.399,6,0,-1.0,0.399,-1.0,0.0,139.9,0.106,1.399,SPECIAL,LONGSHOT
202403030511,キビタキステークス｜2024年11月16日 | 競馬データベース - netkeiba,スリーアイランド,7.1,0.2473,1.756,2,0,-1.0,0.756,-1.0,0.0,175.6,0.2473,1.756,OPEN,BALANCED
202403030601,2歳未勝利｜2024年11月17日 | 競馬データベース - netkeiba,レーヴレジェンド,13.5,0.1264,1.706,5,0,-1.0,0.706,-1.0,0.0,170.6,0.1264,1.706,MAIDEN,LONGSHOT
202403030604,障害3歳以上未勝利｜2024年11月17日 | 競馬データベース - netkeiba,カースソーサラー,9.5,0.1699,1.614,7,0,-1.0,0.6140000000000001,-1.0,0.0,161.4,0.1699,1.614,JUMP,LONGSHOT
202403030605,2歳新馬｜2024年11月17日 | 競馬データベース - netkeiba,ウインファヴォリ,4.1,0.3221,1.321,1,1,3.1,0.32099999999999995,3.1,409.99999999999994,132.1,0.6779,-2.779,DEBUT,BALANCED
202403030612,3歳以上1勝クラス｜2024年11月17日 | 競馬データベース - netkeiba,マサノカナリア,6.6,0.2043,1.348,1,1,5.6,0.3480000000000001,5.6,660.0,134.8,0.7957,-5.252,CLASS_1W,BALANCED
202404010101,障害4歳以上未勝利｜2024年4月27日 | 競馬データベース - netkeiba,シゲルタヌキ,5.2,0.3024,1.572,2,0,-1.0,0.5720000000000001,-1.0,0.0,157.20000000000002,0.3024,1.572,JUMP,BALANCED
202404010103,3歳未勝利｜2024年4月27日 | 競馬データベース - netkeiba,ヨリナエスポワール,13.2,0.1021,1.348,6,0,-1.0,0.3480000000000001,-1.0,0.0,134.8,0.1021,1.348,MAIDEN,LONGSHOT
202404010104,障害4歳以上オープン｜2024年4月27日 | 競馬データベース - netkeiba,オシリスブレイン,22.4,0.0586,1.313,8,0,-1.0,0.31299999999999994,-1.0,0.0,131.29999999999998,0.0586,1.313,JUMP,DEEP_LONGSHOT
202404010105,3歳未勝利｜2024年4月27日 | 競馬データベース - netkeiba,ジーティーウルス,24.8,0.0764,1.895,8,0,-1.0,0.895,-1.0,0.0,189.5,0.0764,1.895,MAIDEN,DEEP_LONGSHOT
202404010106,3歳未勝利｜2024年4月27日 | 競馬データベース - netkeiba,ワクワクサセテ,13.4,0.1114,1.493,16,0,-1.0,0.4930000000000001,-1.0,0.0,149.3,0.1114,1.493,MAIDEN,LONGSHOT
202404010107,4歳以上1勝クラス｜2024年4月27日 | 競馬データベース - netkeiba,オリエンタルキング,41.8,0.0498,2.082,7,0,-1.0,1.0819999999999999,-1.0,0.0,208.2,0.0498,2.082,CLASS_1W,DEEP_LONGSHOT
202404010202,3歳未勝利｜2024年4月28日 | 競馬データベース - netkeiba,ラパンリュネール,12.0,0.1459,1.751,7,0,-1.0,0.7509999999999999,-1.0,0.0,175.1,0.1459,1.751,MAIDEN,LONGSHOT
202404010203,3歳未勝利｜2024年4月28日 | 競馬データベース - netkeiba,ダイタジャスティス,21.8,0.0606,1.321,6,0,-1.0,0.32099999999999995,-1.0,0.0,132.1,0.0606,1.321,MAIDEN,DEEP_LONGSHOT
202404010205,3歳未勝利｜2024年4月28日 | 競馬データベース - netkeiba,ジャスティンライズ,9.9,0.1436,1.422,3,0,-1.0,0.42199999999999993,-1.0,0.0,142.2,0.1436,1.422,MAIDEN,LONGSHOT
202404010206,4歳以上1勝クラス｜2024年4月28日 | 競馬データベース - netkeiba,ナウズザタイム,18.4,0.0988,1.818,1,1,17.4,0.8180000000000001,17.4,1839.9999999999998,181.8,0.9012,-16.581999999999997,CLASS_1W,LONGSHOT
202404010209,五泉特別｜2024年4月28日 | 競馬データベース - netkeiba,ベンテイガ,6.2,0.2234,1.385,1,1,5.2,0.385,5.2,620.0,138.5,0.7766,-4.815,SPECIAL,BALANCED
202404010210,邁進特別｜2024年4月28日 | 競馬データベース - netkeiba,ショウナンマッハ,5.1,0.2633,1.343,1,1,4.1,0.34299999999999997,4.1,509.99999999999994,134.3,0.7367,-3.7569999999999997,SPECIAL,BALANCED
202404010212,4歳以上1勝クラス｜2024年4月28日 | 競馬データベース - netkeiba,グレアミラージュ,15.3,0.0922,1.411,4,0,-1.0,0.41100000000000003,-1.0,0.0,141.1,0.0922,1.411,CLASS_1W,LONGSHOT
202404010301,障害4歳以上オープン｜2024年5月4日 | 競馬データベース - netkeiba,スマッシャー,9.1,0.2173,1.977,4,0,-1.0,0.9770000000000001,-1.0,0.0,197.70000000000002,0.2173,1.977,JUMP,LONGSHOT
202404010302,3歳未勝利｜2024年5月4日 | 競馬データベース - netkeiba,メイショウエレジー,15.5,0.1632,2.53,5,0,-1.0,1.5299999999999998,-1.0,0.0,252.99999999999997,0.1632,2.53,MAIDEN,LONGSHOT
202404010303,3歳未勝利｜2024年5月4日 | 競馬データベース - netkeiba,ボーズマン,41.8,0.0556,2.324,10,0,-1.0,1.3239999999999998,-1.0,0.0,232.39999999999998,0.0556,2.324,MAIDEN,DEEP_LONGSHOT
202404010304,障害4歳以上未勝利｜2024年5月4日 | 競馬データベース - netkeiba,エンジェルラウンド,24.8,0.0684,1.696,7,0,-1.0,0.696,-1.0,0.0,169.6,0.0684,1.696,JUMP,DEEP_LONGSHOT
202404010307,4歳以上1勝クラス｜2024年5月4日 | 競馬データベース - netkeiba,ハローマイラブリー,4.2,0.3181,1.336,2,0,-1.0,0.3360000000000001,-1.0,0.0,133.6,0.3181,1.336,CLASS_1W,BALANCED
202404010309,ゆきつばき賞｜2024年5月4日 | 競馬データベース - netkeiba,クリノハレルヤ,14.2,0.0918,1.304,13,0,-1.0,0.30400000000000005,-1.0,0.0,130.4,0.0918,1.304,SPECIAL,LONGSHOT
202404010312,4歳以上1勝クラス｜2024年5月4日 | 競馬データベース - netkeiba,アカザ,5.7,0.2813,1.603,5,0,-1.0,0.603,-1.0,0.0,160.3,0.2813,1.603,CLASS_1W,BALANCED
202404010401,3歳未勝利｜2024年5月5日 | 競馬データベース - netkeiba,ハヤブサキンチャン,13.6,0.1695,2.305,6,0,-1.0,1.3050000000000002,-1.0,0.0,230.50000000000003,0.1695,2.305,MAIDEN,LONGSHOT
202404010402,3歳未勝利｜2024年5月5日 | 競馬データベース - netkeiba,アンティシパル,36.5,0.0747,2.727,7,0,-1.0,1.7269999999999999,-1.0,0.0,272.7,0.0747,2.727,MAIDEN,DEEP_LONGSHOT
202404010403,3歳未勝利｜2024年5月5日 | 競馬データベース - netkeiba,イクリール,30.4,0.0847,2.575,4,0,-1.0,1.5750000000000002,-1.0,0.0,257.5,0.0847,2.575,MAIDEN,DEEP_LONGSHOT
202404010406,4歳以上1勝クラス｜2024年5月5日 | 競馬データベース - netkeiba,リュクススティール,6.5,0.2272,1.477,11,0,-1.0,0.4770000000000001,-1.0,0.0,147.70000000000002,0.2272,1.477,CLASS_1W,BALANCED
202404010408,4歳以上1勝クラス｜2024年5月5日 | 競馬データベース - netkeiba,テイエムエメラルド,19.9,0.1118,2.225,9,0,-1.0,1.225,-1.0,0.0,222.5,0.1118,2.225,CLASS_1W,LONGSHOT
202404010411,新潟大賞典｜2024年5月5日 | 競馬データベース - netkeiba,ヨーホーレイク,5.4,0.2468,1.333,3,0,-1.0,0.33299999999999996,-1.0,0.0,133.29999999999998,0.2468,1.333,SPECIAL,BALANCED
202404010501,3歳未勝利｜2024年5月11日 | 競馬データベース - netkeiba,ラセーヌシュメール,17.3,0.1211,2.095,2,0,-1.0,1.0950000000000002,-1.0,0.0,209.50000000000003,0.1211,2.095,MAIDEN,LONGSHOT
202404010502,3歳未勝利｜2024年5月11日 | 競馬データベース - netkeiba,ローンウルフ,16.7,0.1361,2.273,4,0,-1.0,1.2730000000000001,-1.0,0.0,227.3,0.1361,2.273,MAIDEN,LONGSHOT
202404010506,3歳未勝利｜2024年5月11日 | 競馬データベース - netkeiba,アングリフ,23.6,0.0552,1.303,9,0,-1.0,0.30299999999999994,-1.0,0.0,130.29999999999998,0.0552,1.303,MAIDEN,DEEP_LONGSHOT
202404010507,4歳以上1勝クラス｜2024年5月11日 | 競馬データベース - netkeiba,ブライトサイン,31.8,0.0502,1.596,6,0,-1.0,0.5960000000000001,-1.0,0.0,159.60000000000002,0.0502,1.596,CLASS_1W,DEEP_LONGSHOT
202404010510,三国特別｜2024年5月11日 | 競馬データベース - netkeiba,レッドアーバイン,5.9,0.2353,1.388,8,0,-1.0,0.3879999999999999,-1.0,0.0,138.79999999999998,0.2353,1.388,SPECIAL,BALANCED
202404010511,信濃川特別｜2024年5月11日 | 競馬データベース - netkeiba,マイネルメモリー,8.1,0.1639,1.328,3,0,-1.0,0.32800000000000007,-1.0,0.0,132.8,0.1639,1.328,SPECIAL,LONGSHOT
202404010512,4歳以上1勝クラス｜2024年5月11日 | 競馬データベース - netkeiba,ノースディーバ,9.7,0.1424,1.381,2,0,-1.0,0.381,-1.0,0.0,138.1,0.1424,1.381,CLASS_1W,LONGSHOT
202404010601,3歳未勝利｜2024年5月12日 | 競馬データベース - netkeiba,マテンロウマルス,35.8,0.0404,1.446,15,0,-1.0,0.44599999999999995,-1.0,0.0,144.6,0.0404,1.446,MAIDEN,DEEP_LONGSHOT
202404010602,3歳未勝利｜2024年5月12日 | 競馬データベース - netkeiba,エコロカレン,15.2,0.0889,1.351,6,0,-1.0,0.351,-1.0,0.0,135.1,0.0889,1.351,MAIDEN,LONGSHOT
202404010603,3歳未勝利｜2024年5月12日 | 競馬データベース - netkeiba,ダイタジャスティス,22.4,0.0846,1.895,13,0,-1.0,0.895,-1.0,0.0,189.5,0.0846,1.895,MAIDEN,DEEP_LONGSHOT
202404010609,尖閣湾特別｜2024年5月12日 | 競馬データベース - netkeiba,ナムラマイケル,41.2,0.0367,1.512,5,0,-1.0,0.512,-1.0,0.0,151.2,0.0367,1.512,SPECIAL,DEEP_LONGSHOT
202404010610,中ノ岳特別｜2024年5月12日 | 競馬データベース - netkeiba,マンノステータス,6.4,0.2112,1.352,4,0,-1.0,0.3520000000000001,-1.0,0.0,135.20000000000002,0.2112,1.352,SPECIAL,BALANCED
202404010611,弥彦ステークス｜2024年5月12日 | 競馬データベース - netkeiba,コスモサガルマータ,7.0,0.1968,1.378,13,0,-1.0,0.3779999999999999,-1.0,0.0,137.79999999999998,0.1968,1.378,OPEN,BALANCED
202404010701,障害4歳以上オープン｜2024年5月18日 | 競馬データベース - netkeiba,ニューツーリズム,7.3,0.2101,1.534,3,0,-1.0,0.534,-1.0,0.0,153.4,0.2101,1.534,JUMP,BALANCED
202404010703,3歳未勝利｜2024年5月18日 | 競馬データベース - netkeiba,タイセイマーシャル,11.5,0.1161,1.335,8,0,-1.0,0.33499999999999996,-1.0,0.0,133.5,0.1161,1.335,MAIDEN,LONGSHOT
202404010704,障害4歳以上未勝利｜2024年5月18日 | 競馬データベース - netkeiba,アメリカンピース,11.1,0.1497,1.662,4,0,-1.0,0.6619999999999999,-1.0,0.0,166.2,0.1497,1.662,JUMP,LONGSHOT
202404010711,大日岳特別｜2024年5月18日 | 競馬データベース - netkeiba,コスモアディラート,4.5,0.3169,1.426,11,0,-1.0,0.42599999999999993,-1.0,0.0,142.6,0.3169,1.426,SPECIAL,BALANCED
202404010712,4歳以上1勝クラス｜2024年5月18日 | 競馬データベース - netkeiba,ハッピーパンニャ,11.9,0.1256,1.495,3,0,-1.0,0.4950000000000001,-1.0,0.0,149.5,0.1256,1.495,CLASS_1W,LONGSHOT
202404010803,3歳未勝利｜2024年5月19日 | 競馬データベース - netkeiba,ゼンノジーニー,46.1,0.029,1.337,9,0,-1.0,0.33699999999999997,-1.0,0.0,133.7,0.029,1.337,MAIDEN,DEEP_LONGSHOT
202404010804,障害4歳以上未勝利｜2024年5月19日 | 競馬データベース - netkeiba,ピーターサイト,6.5,0.2803,1.822,6,0,-1.0,0.8220000000000001,-1.0,0.0,182.20000000000002,0.2803,1.822,JUMP,BALANCED
202404010805,3歳未勝利｜2024年5月19日 | 競馬データベース - netkeiba,オリエンタルナイト,5.4,0.2727,1.473,1,1,4.4,0.4730000000000001,4.4,540.0,147.3,0.7273000000000001,-3.9270000000000005,MAIDEN,BALANCED
202404010806,3歳未勝利｜2024年5月19日 | 競馬データベース - netkeiba,マグナレガリア,25.3,0.0576,1.457,11,0,-1.0,0.4570000000000001,-1.0,0.0,145.70000000000002,0.0576,1.457,MAIDEN,DEEP_LONGSHOT
202404010810,火打山特別｜2024年5月19日 | 競馬データベース - netkeiba,パスカリ,11.2,0.1493,1.672,13,0,-1.0,0.6719999999999999,-1.0,0.0,167.2,0.1493,1.672,SPECIAL,LONGSHOT
202404010812,4歳以上1勝クラス｜2024年5月19日 | 競馬データベース - netkeiba,モズミツボシ,12.5,0.1229,1.536,4,0,-1.0,0.536,-1.0,0.0,153.6,0.1229,1.536,CLASS_1W,LONGSHOT
202404020101,2歳未勝利｜2024年7月27日 | 競馬データベース - netkeiba,レッドソニード,15.2,0.2178,3.311,4,0,-1.0,2.311,-1.0,0.0,331.1,0.2178,3.311,MAIDEN,LONGSHOT
202404020105,3歳未勝利｜2024年7月27日 | 競馬データベース - netkeiba,フリーダムレイン,4.5,0.3011,1.355,8,0,-1.0,0.355,-1.0,0.0,135.5,0.3011,1.355,MAIDEN,BALANCED
202404020108,3歳以上1勝クラス｜2024年7月27日 | 競馬データベース - netkeiba,バナマンテソーロ,15.0,0.1612,2.418,4,0,-1.0,1.4180000000000001,-1.0,0.0,241.8,0.1612,2.418,CLASS_1W,LONGSHOT
202404020109,新潟ジャンプS｜2024年7月27日 | 競馬データベース - netkeiba,トライフォーリアル,24.5,0.0535,1.311,6,0,-1.0,0.31099999999999994,-1.0,0.0,131.1,0.0535,1.311,OTHER,DEEP_LONGSHOT
202404020110,3歳未勝利｜2024年7月27日 | 競馬データベース - netkeiba,パリッドキャリア,13.4,0.1057,1.416,6,0,-1.0,0.4159999999999999,-1.0,0.0,141.6,0.1057,1.416,MAIDEN,LONGSHOT
202404020201,2歳未勝利｜2024年7月28日 | 競馬データベース - netkeiba,ネーヴェフレスカ,12.3,0.1232,1.515,2,0,-1.0,0.5149999999999999,-1.0,0.0,151.5,0.1232,1.515,MAIDEN,LONGSHOT
202404020202,2歳未勝利｜2024年7月28日 | 競馬データベース - netkeiba,トリリオンボーイ,20.3,0.083,1.685,3,0,-1.0,0.685,-1.0,0.0,168.5,0.083,1.685,MAIDEN,DEEP_LONGSHOT
202404020204,2歳新馬｜2024年7月28日 | 競馬データベース - netkeiba,プロクレイア,6.0,0.2557,1.534,1,1,5.0,0.534,5.0,600.0,153.4,0.7443,-4.466,DEBUT,BALANCED
202404020207,アイビスサマーD｜2024年7月28日 | 競馬データベース - netkeiba,モズメイメイ,7.6,0.1812,1.377,1,1,6.6,0.377,6.6,760.0,137.7,0.8188,-6.223,OTHER,BALANCED
202404020209,3歳未勝利｜2024年7月28日 | 競馬データベース - netkeiba,リベルテ,17.8,0.0756,1.346,3,0,-1.0,0.3460000000000001,-1.0,0.0,134.60000000000002,0.0756,1.346,MAIDEN,LONGSHOT
202404020210,3歳未勝利｜2024年7月28日 | 競馬データベース - netkeiba,ヤマトフェイス,25.9,0.0782,2.025,8,0,-1.0,1.025,-1.0,0.0,202.5,0.0782,2.025,MAIDEN,DEEP_LONGSHOT
202404020301,2歳未勝利｜2024年8月3日 | 競馬データベース - netkeiba,フェニーチェドーロ,26.4,0.1095,2.891,5,0,-1.0,1.891,-1.0,0.0,289.1,0.1095,2.891,MAIDEN,DEEP_LONGSHOT
202404020302,2歳未勝利｜2024年8月3日 | 競馬データベース - netkeiba,ミラーダカリエンテ,21.3,0.1639,3.491,3,0,-1.0,2.491,-1.0,0.0,349.1,0.1639,3.491,MAIDEN,DEEP_LONGSHOT
202404020303,2歳新馬｜2024年8月3日 | 競馬データベース - netkeiba,エッグハント,23.5,0.0555,1.304,10,0,-1.0,0.30400000000000005,-1.0,0.0,130.4,0.0555,1.304,DEBUT,DEEP_LONGSHOT
202404020304,2歳新馬｜2024年8月3日 | 競馬データベース - netkeiba,スナークピカソ,65.3,0.0228,1.489,4,0,-1.0,0.4890000000000001,-1.0,0.0,148.9,0.0228,1.489,DEBUT,DEEP_LONGSHOT
202404020305,3歳未勝利｜2024年8月3日 | 競馬データベース - netkeiba,グランセイント,5.5,0.2392,1.316,13,0,-1.0,0.31600000000000006,-1.0,0.0,131.6,0.2392,1.316,MAIDEN,BALANCED
202404020307,新潟日報賞｜2024年8月3日 | 競馬データベース - netkeiba,ディオスバリエンテ,9.8,0.1548,1.517,8,0,-1.0,0.5169999999999999,-1.0,0.0,151.7,0.1548,1.517,SPECIAL,LONGSHOT
202404020309,3歳未勝利｜2024年8月3日 | 競馬データベース - netkeiba,イデアイゴッソウ,55.4,0.0243,1.346,2,0,-1.0,0.3460000000000001,-1.0,0.0,134.60000000000002,0.0243,1.346,MAIDEN,DEEP_LONGSHOT
202404020311,月岡温泉特別｜2024年8月3日 | 競馬データベース - netkeiba,ダノンターキッシュ,28.2,0.0548,1.545,7,0,-1.0,0.5449999999999999,-1.0,0.0,154.5,0.0548,1.545,SPECIAL,DEEP_LONGSHOT
202404020312,3歳以上1勝クラス｜2024年8月3日 | 競馬データベース - netkeiba,チカミリオン,5.8,0.2298,1.333,2,0,-1.0,0.33299999999999996,-1.0,0.0,133.29999999999998,0.2298,1.333,CLASS_1W,BALANCED
202404020403,2歳新馬｜2024年8月4日 | 競馬データベース - netkeiba,フェイトライン,15.7,0.1286,2.019,9,0,-1.0,1.0190000000000001,-1.0,0.0,201.9,0.1286,2.019,DEBUT,LONGSHOT
202404020404,3歳未勝利｜2024年8月4日 | 競馬データベース - netkeiba,タイガノイッテキ,53.7,0.045,2.416,5,0,-1.0,1.416,-1.0,0.0,241.6,0.045,2.416,MAIDEN,DEEP_LONGSHOT
202404020406,驀進特別｜2024年8月4日 | 競馬データベース - netkeiba,アサギリ,8.0,0.2232,1.786,5,0,-1.0,0.786,-1.0,0.0,178.6,0.2232,1.786,SPECIAL,BALANCED
202404020407,レパードステークス｜2024年8月4日 | 競馬データベース - netkeiba,ソニックスター,4.9,0.2673,1.31,9,0,-1.0,0.31000000000000005,-1.0,0.0,131.0,0.2673,1.31,OPEN,BALANCED
202404020408,3歳以上1勝クラス｜2024年8月4日 | 競馬データベース - netkeiba,サンセットビュー,7.5,0.177,1.328,2,0,-1.0,0.32800000000000007,-1.0,0.0,132.8,0.177,1.328,CLASS_1W,BALANCED
202404020410,3歳以上1勝クラス｜2024年8月4日 | 競馬データベース - netkeiba,カフジキアッキエレ,23.2,0.0634,1.471,5,0,-1.0,0.4710000000000001,-1.0,0.0,147.10000000000002,0.0634,1.471,CLASS_1W,DEEP_LONGSHOT
202404020411,ダリア賞｜2024年8月4日 | 競馬データベース - netkeiba,クマノコ,116.3,0.0142,1.651,8,0,-1.0,0.651,-1.0,0.0,165.1,0.0142,1.651,SPECIAL,DEEP_LONGSHOT
202404030101,2歳未勝利｜2024年8月10日 | 競馬データベース - netkeiba,スノーリン,104.9,0.0324,3.399,6,0,-1.0,2.399,-1.0,0.0,339.9,0.0324,3.399,MAIDEN,DEEP_LONGSHOT
202404030102,3歳未勝利｜2024年8月10日 | 競馬データベース - netkeiba,ムーンライトデイ,20.2,0.0964,1.947,8,0,-1.0,0.9470000000000001,-1.0,0.0,194.70000000000002,0.0964,1.947,MAIDEN,DEEP_LONGSHOT
202404030103,3歳未勝利｜2024年8月10日 | 競馬データベース - netkeiba,コスモアミマネラ,24.8,0.1036,2.569,6,0,-1.0,1.569,-1.0,0.0,256.9,0.1036,2.569,MAIDEN,DEEP_LONGSHOT
202404030104,3歳未勝利｜2024年8月10日 | 競馬データベース - netkeiba,ペンタクン,16.5,0.0836,1.379,4,0,-1.0,0.379,-1.0,0.0,137.9,0.0836,1.379,MAIDEN,LONGSHOT
202404030105,2歳新馬｜2024年8月10日 | 競馬データベース - netkeiba,ヴァサヴォワール,15.4,0.1371,2.111,14,0,-1.0,1.1110000000000002,-1.0,0.0,211.10000000000002,0.1371,2.111,DEBUT,LONGSHOT
202404030106,2歳新馬｜2024年8月10日 | 競馬データベース - netkeiba,ブラックティンカー,20.8,0.0723,1.504,12,0,-1.0,0.504,-1.0,0.0,150.4,0.0723,1.504,DEBUT,DEEP_LONGSHOT
202404030108,3歳以上1勝クラス｜2024年8月10日 | 競馬データベース - netkeiba,メダルラッシュ,31.4,0.0717,2.251,5,0,-1.0,1.251,-1.0,0.0,225.1,0.0717,2.251,CLASS_1W,DEEP_LONGSHOT
202404030110,新発田城特別｜2024年8月10日 | 競馬データベース - netkeiba,クオレス,10.5,0.1327,1.393,7,0,-1.0,0.393,-1.0,0.0,139.3,0.1327,1.393,SPECIAL,LONGSHOT
202404030112,3歳以上1勝クラス｜2024年8月10日 | 競馬データベース - netkeiba,パストラーレ,4.1,0.3247,1.331,3,0,-1.0,0.33099999999999996,-1.0,0.0,133.1,0.3247,1.331,CLASS_1W,BALANCED
202404030201,障害3歳以上未勝利｜2024年8月11日 | 競馬データベース - netkeiba,カルマンフィルター,53.1,0.0314,1.667,10,0,-1.0,0.667,-1.0,0.0,166.70000000000002,0.0314,1.667,JUMP,DEEP_LONGSHOT
202404030204,3歳未勝利｜2024年8月11日 | 競馬データベース - netkeiba,ニシノリアリティ,33.9,0.0601,2.037,13,0,-1.0,1.037,-1.0,0.0,203.7,0.0601,2.037,MAIDEN,DEEP_LONGSHOT
202404030205,2歳新馬｜2024年8月11日 | 競馬データベース - netkeiba,ニシノルアノーヴァ,15.0,0.1196,1.794,7,0,-1.0,0.794,-1.0,0.0,179.4,0.1196,1.794,DEBUT,LONGSHOT
202404030206,3歳未勝利｜2024年8月11日 | 競馬データベース - netkeiba,ウェイトゥザドーン,11.5,0.1654,1.902,7,0,-1.0,0.9019999999999999,-1.0,0.0,190.2,0.1654,1.902,MAIDEN,LONGSHOT
202404030207,3歳以上1勝クラス｜2024年8月11日 | 競馬データベース - netkeiba,ロアノークテソーロ,33.2,0.0494,1.64,11,0,-1.0,0.6399999999999999,-1.0,0.0,164.0,0.0494,1.64,CLASS_1W,DEEP_LONGSHOT
202404030210,稲妻ステークス｜2024年8月11日 | 競馬データベース - netkeiba,クムシラコ,4.9,0.2846,1.395,1,1,3.9,0.395,3.9,490.00000000000006,139.5,0.7154,-3.505,OPEN,BALANCED
202404030212,3歳以上1勝クラス｜2024年8月11日 | 競馬データベース - netkeiba,レイデルマール,17.1,0.0778,1.33,3,0,-1.0,0.33000000000000007,-1.0,0.0,133.0,0.0778,1.33,CLASS_1W,LONGSHOT
202404030302,3歳未勝利｜2024年8月17日 | 競馬データベース - netkeiba,ブルズアイ,26.1,0.0629,1.642,7,0,-1.0,0.6419999999999999,-1.0,0.0,164.2,0.0629,1.642,MAIDEN,DEEP_LONGSHOT
202404030303,2歳未勝利｜2024年8月17日 | 競馬データベース - netkeiba,タイセイフランク,12.9,0.1116,1.44,8,0,-1.0,0.43999999999999995,-1.0,0.0,144.0,0.1116,1.44,MAIDEN,LONGSHOT
202404030305,2歳新馬｜2024年8月17日 | 競馬データベース - netkeiba,チュラビックタイム,22.7,0.111,2.52,9,0,-1.0,1.52,-1.0,0.0,252.0,0.111,2.52,DEBUT,DEEP_LONGSHOT
202404030306,2歳新馬｜2024年8月17日 | 競馬データベース - netkeiba,バレオリア,26.0,0.1112,2.891,7,0,-1.0,1.891,-1.0,0.0,289.1,0.1112,2.891,DEBUT,DEEP_LONGSHOT
202404030308,3歳以上1勝クラス｜2024年8月17日 | 競馬データベース - netkeiba,ハイラント,13.7,0.1452,1.989,6,0,-1.0,0.9890000000000001,-1.0,0.0,198.9,0.1452,1.989,CLASS_1W,LONGSHOT
202404030309,瀬波温泉特別｜2024年8月17日 | 競馬データベース - netkeiba,グレノークス,24.4,0.0757,1.847,3,0,-1.0,0.847,-1.0,0.0,184.7,0.0757,1.847,SPECIAL,DEEP_LONGSHOT
202404030311,日本海ステークス｜2024年8月17日 | 競馬データベース - netkeiba,シーウィザード,8.6,0.1696,1.459,5,0,-1.0,0.4590000000000001,-1.0,0.0,145.9,0.1696,1.459,OPEN,LONGSHOT
202404030401,2歳未勝利｜2024年8月18日 | 競馬データベース - netkeiba,マーレリアン,51.4,0.0415,2.133,5,0,-1.0,1.133,-1.0,0.0,213.3,0.0415,2.133,MAIDEN,DEEP_LONGSHOT
202404030402,2歳未勝利｜2024年8月18日 | 競馬データベース - netkeiba,ルラクソント,39.2,0.0569,2.23,8,0,-1.0,1.23,-1.0,0.0,223.0,0.0569,2.23,MAIDEN,DEEP_LONGSHOT
202404030403,3歳未勝利｜2024年8月18日 | 競馬データベース - netkeiba,パレスパートナー,11.6,0.1151,1.335,2,0,-1.0,0.33499999999999996,-1.0,0.0,133.5,0.1151,1.335,MAIDEN,LONGSHOT
202404030404,3歳未勝利｜2024年8月18日 | 競馬データベース - netkeiba,グレートスピリット,8.4,0.2165,1.819,9,0,-1.0,0.819,-1.0,0.0,181.9,0.2165,1.819,MAIDEN,LONGSHOT
202404030405,2歳新馬｜2024年8月18日 | 競馬データベース - netkeiba,ケイアイワイラーパ,19.0,0.1634,3.105,10,0,-1.0,2.105,-1.0,0.0,310.5,0.1634,3.105,DEBUT,LONGSHOT
202404030406,3歳未勝利｜2024年8月18日 | 競馬データベース - netkeiba,インサイダー,8.3,0.1674,1.389,3,0,-1.0,0.389,-1.0,0.0,138.9,0.1674,1.389,MAIDEN,LONGSHOT
202404030410,阿賀野川特別｜2024年8月18日 | 競馬データベース - netkeiba,オリエンタルナイト,19.6,0.1,1.96,9,0,-1.0,0.96,-1.0,0.0,196.0,0.1,1.96,SPECIAL,LONGSHOT
202404030411,NST賞｜2024年8月18日 | 競馬データベース - netkeiba,コパノニコルソン,28.6,0.0638,1.825,4,0,-1.0,0.825,-1.0,0.0,182.5,0.0638,1.825,SPECIAL,DEEP_LONGSHOT
202404030412,3歳以上1勝クラス｜2024年8月18日 | 競馬データベース - netkeiba,ブライテストドーン,24.2,0.066,1.597,2,0,-1.0,0.597,-1.0,0.0,159.7,0.066,1.597,CLASS_1W,DEEP_LONGSHOT
202404030502,3歳未勝利｜2024年8月24日 | 競馬データベース - netkeiba,ドナウワルツ,7.7,0.1746,1.344,6,0,-1.0,0.3440000000000001,-1.0,0.0,134.4,0.1746,1.344,MAIDEN,BALANCED
202404030505,2歳新馬｜2024年8月24日 | 競馬データベース - netkeiba,マピュース,6.3,0.2424,1.527,1,1,5.3,0.5269999999999999,5.3,630.0,152.7,0.7576,-4.773,DEBUT,BALANCED
202404030507,3歳未勝利｜2024年8月24日 | 競馬データベース - netkeiba,ペクトラル,29.6,0.0503,1.489,12,0,-1.0,0.4890000000000001,-1.0,0.0,148.9,0.0503,1.489,MAIDEN,DEEP_LONGSHOT
202404030508,3歳以上1勝クラス｜2024年8月24日 | 競馬データベース - netkeiba,アルヴィエンヌ,4.6,0.2839,1.306,9,0,-1.0,0.30600000000000005,-1.0,0.0,130.6,0.2839,1.306,CLASS_1W,BALANCED
202404030509,中郷特別｜2024年8月24日 | 競馬データベース - netkeiba,ウイングランブルー,62.8,0.0384,2.412,11,0,-1.0,1.412,-1.0,0.0,241.2,0.0384,2.412,SPECIAL,DEEP_LONGSHOT
202404030512,3歳以上1勝クラス｜2024年8月24日 | 競馬データベース - netkeiba,サミアド,7.2,0.203,1.462,14,0,-1.0,0.46199999999999997,-1.0,0.0,146.2,0.203,1.462,CLASS_1W,BALANCED
202404030604,3歳未勝利｜2024年8月25日 | 競馬データベース - netkeiba,キミハレモネード,35.1,0.04,1.404,8,0,-1.0,0.4039999999999999,-1.0,0.0,140.39999999999998,0.04,1.404,MAIDEN,DEEP_LONGSHOT
202404030605,2歳新馬｜2024年8月25日 | 競馬データベース - netkeiba,プリマリスト,65.2,0.0263,1.715,7,0,-1.0,0.7150000000000001,-1.0,0.0,171.5,0.0263,1.715,DEBUT,DEEP_LONGSHOT
202404030606,2歳新馬｜2024年8月25日 | 競馬データベース - netkeiba,ブルーブレイブ,14.7,0.1161,1.707,3,0,-1.0,0.7070000000000001,-1.0,0.0,170.70000000000002,0.1161,1.707,DEBUT,LONGSHOT
202404030607,3歳未勝利｜2024年8月25日 | 競馬データベース - netkeiba,ビーンスターク,11.5,0.1351,1.554,4,0,-1.0,0.554,-1.0,0.0,155.4,0.1351,1.554,MAIDEN,LONGSHOT
202404030608,3歳以上1勝クラス｜2024年8月25日 | 競馬データベース - netkeiba,ピコニ,7.6,0.1783,1.355,2,0,-1.0,0.355,-1.0,0.0,135.5,0.1783,1.355,CLASS_1W,BALANCED
202404030609,岩室温泉特別｜2024年8月25日 | 競馬データベース - netkeiba,トーアアイギス,15.2,0.103,1.566,1,1,14.2,0.5660000000000001,14.2,1520.0,156.6,0.897,-13.633999999999999,SPECIAL,LONGSHOT
202404030702,2歳未勝利｜2024年8月31日 | 競馬データベース - netkeiba,キタノラブミー,30.3,0.0604,1.83,8,0,-1.0,0.8300000000000001,-1.0,0.0,183.0,0.0604,1.83,MAIDEN,DEEP_LONGSHOT
202404030703,3歳未勝利｜2024年8月31日 | 競馬データベース - netkeiba,タマモルル,35.7,0.047,1.678,8,0,-1.0,0.6779999999999999,-1.0,0.0,167.79999999999998,0.047,1.678,MAIDEN,DEEP_LONGSHOT
202404030705,2歳新馬｜2024年8月31日 | 競馬データベース - netkeiba,ドピエッタ,104.6,0.0228,2.385,5,0,-1.0,1.3849999999999998,-1.0,0.0,238.49999999999997,0.0228,2.385,DEBUT,DEEP_LONGSHOT
202404030707,3歳未勝利｜2024年8月31日 | 競馬データベース - netkeiba,ローンウルフ,54.6,0.0309,1.687,8,0,-1.0,0.687,-1.0,0.0,168.70000000000002,0.0309,1.687,MAIDEN,DEEP_LONGSHOT
202404030708,3歳以上1勝クラス｜2024年8月31日 | 競馬データベース - netkeiba,スマートオリーブ,12.1,0.1076,1.302,5,0,-1.0,0.30200000000000005,-1.0,0.0,130.20000000000002,0.1076,1.302,CLASS_1W,LONGSHOT
202404030709,瓢湖特別｜2024年8月31日 | 競馬データベース - netkeiba,マウンテンエース,36.1,0.0495,1.787,12,0,-1.0,0.7869999999999999,-1.0,0.0,178.7,0.0495,1.787,SPECIAL,DEEP_LONGSHOT
202404030710,赤倉特別｜2024年8月31日 | 競馬データベース - netkeiba,ピンキープロミス,7.4,0.2161,1.599,2,0,-1.0,0.599,-1.0,0.0,159.9,0.2161,1.599,SPECIAL,BALANCED
202404030801,2歳未勝利｜2024年9月1日 | 競馬データベース - netkeiba,ゴールデンマーチ,74.8,0.0183,1.369,10,0,-1.0,0.369,-1.0,0.0,136.9,0.0183,1.369,MAIDEN,DEEP_LONGSHOT
202404030803,3歳未勝利｜2024年9月1日 | 競馬データベース - netkeiba,ミスサラワク,17.3,0.1078,1.865,4,0,-1.0,0.865,-1.0,0.0,186.5,0.1078,1.865,MAIDEN,LONGSHOT
202404030805,2歳新馬｜2024年9月1日 | 競馬データベース - netkeiba,ウインバーテックス,62.1,0.0304,1.888,3,0,-1.0,0.8879999999999999,-1.0,0.0,188.79999999999998,0.0304,1.888,DEBUT,DEEP_LONGSHOT
202404030806,2歳新馬｜2024年9月1日 | 競馬データベース - netkeiba,ニシノコイネガイ,58.9,0.0252,1.484,8,0,-1.0,0.484,-1.0,0.0,148.4,0.0252,1.484,DEBUT,DEEP_LONGSHOT
202404030808,3歳以上1勝クラス｜2024年9月1日 | 競馬データベース - netkeiba,シグムンド,12.2,0.1643,2.004,5,0,-1.0,1.004,-1.0,0.0,200.4,0.1643,2.004,CLASS_1W,LONGSHOT
202404030809,飯豊特別｜2024年9月1日 | 競馬データベース - netkeiba,ルヴァンノワール,18.1,0.1037,1.877,4,0,-1.0,0.877,-1.0,0.0,187.7,0.1037,1.877,SPECIAL,LONGSHOT
202404030810,両津湾特別｜2024年9月1日 | 競馬データベース - netkeiba,ヤウガウ,28.6,0.0474,1.356,9,0,-1.0,0.3560000000000001,-1.0,0.0,135.60000000000002,0.0474,1.356,SPECIAL,DEEP_LONGSHOT
202404040101,障害3歳以上オープン｜2024年10月5日 | 競馬データベース - netkeiba,テイエムナイスラン,17.3,0.0976,1.688,9,0,-1.0,0.688,-1.0,0.0,168.79999999999998,0.0976,1.688,JUMP,LONGSHOT
202404040103,3歳以上1勝クラス｜2024年10月5日 | 競馬データベース - netkeiba,エスグラシア,13.5,0.1123,1.516,5,0,-1.0,0.516,-1.0,0.0,151.6,0.1123,1.516,CLASS_1W,LONGSHOT
202404040104,障害3歳以上未勝利｜2024年10月5日 | 競馬データベース - netkeiba,ソルトロング,43.6,0.0321,1.4,10,0,-1.0,0.3999999999999999,-1.0,0.0,140.0,0.0321,1.4,JUMP,DEEP_LONGSHOT
202404040108,3歳以上1勝クラス｜2024年10月5日 | 競馬データベース - netkeiba,コウユーユメノヨウ,7.0,0.2112,1.478,9,0,-1.0,0.478,-1.0,0.0,147.8,0.2112,1.478,CLASS_1W,BALANCED
202404040109,松浜特別｜2024年10月5日 | 競馬データベース - netkeiba,ルージュピルエット,18.5,0.0846,1.565,7,0,-1.0,0.565,-1.0,0.0,156.5,0.0846,1.565,SPECIAL,LONGSHOT
202404040111,鳥屋野特別｜2024年10月5日 | 競馬データベース - netkeiba,アッチャゴーラ,5.6,0.2352,1.317,5,0,-1.0,0.31699999999999995,-1.0,0.0,131.7,0.2352,1.317,SPECIAL,BALANCED
202404040201,2歳未勝利｜2024年10月6日 | 競馬データベース - netkeiba,ナックオリオン,14.2,0.1002,1.423,4,0,-1.0,0.42300000000000004,-1.0,0.0,142.3,0.1002,1.423,MAIDEN,LONGSHOT
202404040204,障害3歳以上未勝利｜2024年10月6日 | 競馬データベース - netkeiba,フジフォンテ,31.7,0.064,2.029,5,0,-1.0,1.029,-1.0,0.0,202.89999999999998,0.064,2.029,JUMP,DEEP_LONGSHOT
202404040207,3歳以上1勝クラス｜2024年10月6日 | 競馬データベース - netkeiba,ストレイトアスク,8.5,0.162,1.377,9,0,-1.0,0.377,-1.0,0.0,137.7,0.162,1.377,CLASS_1W,LONGSHOT
202404040208,3歳以上1勝クラス｜2024年10月6日 | 競馬データベース - netkeiba,エッグスラット,6.7,0.2132,1.428,4,0,-1.0,0.42799999999999994,-1.0,0.0,142.79999999999998,0.2132,1.428,CLASS_1W,BALANCED
202404040211,トルマリンステークス｜2024年10月6日 | 競馬データベース - netkeiba,フェブランシェ,6.2,0.2433,1.508,3,0,-1.0,0.508,-1.0,0.0,150.8,0.2433,1.508,OPEN,BALANCED
202404040301,障害3歳以上未勝利｜2024年10月12日 | 競馬データベース - netkeiba,クラウンセト,10.6,0.1615,1.712,7,0,-1.0,0.712,-1.0,0.0,171.2,0.1615,1.712,JUMP,LONGSHOT
202404040302,2歳未勝利｜2024年10月12日 | 競馬データベース - netkeiba,ラブミーハーパー,96.4,0.0185,1.783,9,0,-1.0,0.7829999999999999,-1.0,0.0,178.29999999999998,0.0185,1.783,MAIDEN,DEEP_LONGSHOT
202404040303,3歳以上1勝クラス｜2024年10月12日 | 競馬データベース - netkeiba,カフェアローロ,15.7,0.1239,1.945,4,0,-1.0,0.9450000000000001,-1.0,0.0,194.5,0.1239,1.945,CLASS_1W,LONGSHOT
202404040304,障害3歳以上未勝利｜2024年10月12日 | 競馬データベース - netkeiba,ノアフェイス,37.9,0.0563,2.134,9,0,-1.0,1.134,-1.0,0.0,213.39999999999998,0.0563,2.134,JUMP,DEEP_LONGSHOT
202404040305,2歳新馬｜2024年10月12日 | 競馬データベース - netkeiba,ミストレス,3.6,0.381,1.372,1,1,2.6,0.3720000000000001,2.6,360.0,137.20000000000002,0.619,-2.2279999999999998,DEBUT,FAVORITE_TO_BALANCED
202404040307,3歳以上1勝クラス｜2024年10月12日 | 競馬データベース - netkeiba,ソルアマゾン,15.2,0.1226,1.864,4,0,-1.0,0.8640000000000001,-1.0,0.0,186.4,0.1226,1.864,CLASS_1W,LONGSHOT
202404040404,3歳以上1勝クラス｜2024年10月14日 | 競馬データベース - netkeiba,マベルシュシュット,7.0,0.1867,1.307,8,0,-1.0,0.30699999999999994,-1.0,0.0,130.7,0.1867,1.307,CLASS_1W,BALANCED
202404040405,2歳新馬｜2024年10月14日 | 競馬データベース - netkeiba,フェイマスウォリー,5.5,0.2431,1.337,7,0,-1.0,0.33699999999999997,-1.0,0.0,133.7,0.2431,1.337,DEBUT,BALANCED
202404040408,3歳以上1勝クラス｜2024年10月14日 | 競馬データベース - netkeiba,トロピカルヒーロー,21.6,0.0743,1.605,6,0,-1.0,0.605,-1.0,0.0,160.5,0.0743,1.605,CLASS_1W,DEEP_LONGSHOT
202404040409,稲光特別｜2024年10月14日 | 競馬データベース - netkeiba,ランスオブサウンド,5.4,0.2998,1.619,11,0,-1.0,0.619,-1.0,0.0,161.9,0.2998,1.619,SPECIAL,BALANCED
202404040503,2歳未勝利｜2024年10月19日 | 競馬データベース - netkeiba,ビーマックス,14.6,0.1278,1.866,2,0,-1.0,0.8660000000000001,-1.0,0.0,186.60000000000002,0.1278,1.866,MAIDEN,LONGSHOT
202404040504,障害3歳以上オープン｜2024年10月19日 | 競馬データベース - netkeiba,ピンポイントドロー,11.8,0.1362,1.607,6,0,-1.0,0.607,-1.0,0.0,160.7,0.1362,1.607,JUMP,LONGSHOT
202404040505,2歳未勝利｜2024年10月19日 | 競馬データベース - netkeiba,ハニーアイリー,8.5,0.177,1.504,1,1,7.5,0.504,7.5,850.0,150.4,0.823,-6.996,MAIDEN,LONGSHOT
202404040506,3歳以上1勝クラス｜2024年10月19日 | 競馬データベース - netkeiba,マリンバンカー,14.9,0.1099,1.638,6,0,-1.0,0.6379999999999999,-1.0,0.0,163.79999999999998,0.1099,1.638,CLASS_1W,LONGSHOT
202404040507,3歳以上1勝クラス｜2024年10月19日 | 競馬データベース - netkeiba,リヤンドゥミラクル,20.6,0.0741,1.526,8,0,-1.0,0.526,-1.0,0.0,152.6,0.0741,1.526,CLASS_1W,DEEP_LONGSHOT
202404040511,北陸ステークス｜2024年10月19日 | 競馬データベース - netkeiba,ツインクルトーズ,6.4,0.2851,1.825,3,0,-1.0,0.825,-1.0,0.0,182.5,0.2851,1.825,OPEN,BALANCED
202404040512,3歳以上1勝クラス｜2024年10月19日 | 競馬データベース - netkeiba,ランウインディ,4.6,0.2883,1.326,1,1,3.6,0.32600000000000007,3.6,459.99999999999994,132.6,0.7117,-3.274,CLASS_1W,BALANCED
202404040602,2歳未勝利｜2024年10月20日 | 競馬データベース - netkeiba,フレンドシルバー,47.6,0.0389,1.852,9,0,-1.0,0.8520000000000001,-1.0,0.0,185.20000000000002,0.0389,1.852,MAIDEN,DEEP_LONGSHOT
202404040603,3歳以上1勝クラス｜2024年10月20日 | 競馬データベース - netkeiba,メンドロントット,59.7,0.0312,1.863,10,0,-1.0,0.863,-1.0,0.0,186.3,0.0312,1.863,CLASS_1W,DEEP_LONGSHOT
202404040604,障害3歳以上未勝利｜2024年10月20日 | 競馬データベース - netkeiba,マケルナマサムネ,31.1,0.0585,1.819,2,0,-1.0,0.819,-1.0,0.0,181.9,0.0585,1.819,JUMP,DEEP_LONGSHOT
202404040605,2歳新馬｜2024年10月20日 | 競馬データベース - netkeiba,ワイドクリーガー,21.3,0.0685,1.459,2,0,-1.0,0.4590000000000001,-1.0,0.0,145.9,0.0685,1.459,DEBUT,DEEP_LONGSHOT
202404040608,3歳以上1勝クラス｜2024年10月20日 | 競馬データベース - netkeiba,ナムラシベラ,5.9,0.2452,1.447,17,0,-1.0,0.44700000000000006,-1.0,0.0,144.70000000000002,0.2452,1.447,CLASS_1W,BALANCED
202404040611,新潟牝馬ステークス｜2024年10月20日 | 競馬データベース - netkeiba,エリダヌス,7.5,0.1771,1.328,2,0,-1.0,0.32800000000000007,-1.0,0.0,132.8,0.1771,1.328,OPEN,BALANCED
202404040701,障害3歳以上オープン｜2024年10月26日 | 競馬データベース - netkeiba,スマッシャー,5.4,0.2834,1.53,3,0,-1.0,0.53,-1.0,0.0,153.0,0.2834,1.53,JUMP,BALANCED
202404040702,2歳未勝利｜2024年10月26日 | 競馬データベース - netkeiba,メイショウマクジキ,14.9,0.1091,1.626,5,0,-1.0,0.6259999999999999,-1.0,0.0,162.6,0.1091,1.626,MAIDEN,LONGSHOT
202404040704,障害3歳以上未勝利｜2024年10月26日 | 競馬データベース - netkeiba,ラエール,18.4,0.1422,2.616,3,0,-1.0,1.616,-1.0,0.0,261.6,0.1422,2.616,JUMP,LONGSHOT
202404040707,3歳以上1勝クラス｜2024年10月26日 | 競馬データベース - netkeiba,カイコウ,28.6,0.0736,2.105,8,0,-1.0,1.105,-1.0,0.0,210.5,0.0736,2.105,CLASS_1W,DEEP_LONGSHOT
202404040709,柏崎特別｜2024年10月26日 | 競馬データベース - netkeiba,デアデルマーレ,11.1,0.1266,1.405,8,0,-1.0,0.405,-1.0,0.0,140.5,0.1266,1.405,SPECIAL,LONGSHOT
202404040710,直江津特別｜2024年10月26日 | 競馬データベース - netkeiba,サンダーアラート,6.4,0.2182,1.396,6,0,-1.0,0.3959999999999999,-1.0,0.0,139.6,0.2182,1.396,SPECIAL,BALANCED
202404040711,魚沼ステークス｜2024年10月26日 | 競馬データベース - netkeiba,リビアングラス,11.3,0.1332,1.505,4,0,-1.0,0.5049999999999999,-1.0,0.0,150.5,0.1332,1.505,OPEN,LONGSHOT
202404040802,2歳未勝利｜2024年10月27日 | 競馬データベース - netkeiba,クリアクォーツ,25.6,0.0613,1.569,13,0,-1.0,0.569,-1.0,0.0,156.9,0.0613,1.569,MAIDEN,DEEP_LONGSHOT
202404040803,3歳以上1勝クラス｜2024年10月27日 | 競馬データベース - netkeiba,ハイウェイスター,6.3,0.3115,1.962,3,0,-1.0,0.962,-1.0,0.0,196.2,0.3115,1.962,CLASS_1W,BALANCED
202404040804,障害3歳以上未勝利｜2024年10月27日 | 競馬データベース - netkeiba,カルマンフィルター,48.7,0.0443,2.157,4,0,-1.0,1.157,-1.0,0.0,215.7,0.0443,2.157,JUMP,DEEP_LONGSHOT
202404040805,2歳未勝利｜2024年10月27日 | 競馬データベース - netkeiba,ロイヤルウィル,16.1,0.1162,1.871,2,0,-1.0,0.871,-1.0,0.0,187.1,0.1162,1.871,MAIDEN,LONGSHOT
202404040806,3歳以上1勝クラス｜2024年10月27日 | 競馬データベース - netkeiba,ニシノヴィヴィ,17.9,0.078,1.396,9,0,-1.0,0.3959999999999999,-1.0,0.0,139.6,0.078,1.396,CLASS_1W,LONGSHOT
202404040808,3歳以上1勝クラス｜2024年10月27日 | 競馬データベース - netkeiba,トロピカルヒーロー,30.1,0.0672,2.023,4,0,-1.0,1.0230000000000001,-1.0,0.0,202.3,0.0672,2.023,CLASS_1W,DEEP_LONGSHOT
202404040810,清津峡特別｜2024年10月27日 | 競馬データベース - netkeiba,エールレヴリー,10.4,0.1281,1.332,4,0,-1.0,0.3320000000000001,-1.0,0.0,133.20000000000002,0.1281,1.332,SPECIAL,LONGSHOT
202405010101,3歳未勝利｜2024年1月27日 | 競馬データベース - netkeiba,フォルスタクラス,14.7,0.1455,2.139,5,0,-1.0,1.1389999999999998,-1.0,0.0,213.89999999999998,0.1455,2.139,MAIDEN,LONGSHOT
202405010102,3歳未勝利｜2024年1月27日 | 競馬データベース - netkeiba,ビップレーヌ,6.3,0.2141,1.349,4,0,-1.0,0.349,-1.0,0.0,134.9,0.2141,1.349,MAIDEN,BALANCED
202405010103,3歳未勝利｜2024年1月27日 | 競馬データベース - netkeiba,ジェイエルジェティ,15.7,0.0956,1.501,2,0,-1.0,0.5009999999999999,-1.0,0.0,150.1,0.0956,1.501,MAIDEN,LONGSHOT
202405010104,3歳1勝クラス｜2024年1月27日 | 競馬データベース - netkeiba,デビッドテソーロ,26.1,0.0515,1.344,14,0,-1.0,0.3440000000000001,-1.0,0.0,134.4,0.0515,1.344,CLASS_1W,DEEP_LONGSHOT
202405010108,4歳以上2勝クラス｜2024年1月27日 | 競馬データベース - netkeiba,オソルノ,7.9,0.1793,1.416,3,0,-1.0,0.4159999999999999,-1.0,0.0,141.6,0.1793,1.416,CLASS_2W,BALANCED
202405010109,銀蹄ステークス｜2024年1月27日 | 競馬データベース - netkeiba,ハチメンロッピ,23.9,0.0641,1.532,1,1,22.9,0.532,22.9,2390.0,153.2,0.9359,-22.368,OPEN,DEEP_LONGSHOT
202405010110,クロッカスステークス｜2024年1月27日 | 競馬データベース - netkeiba,ヴェルトラウム,50.2,0.0271,1.36,7,0,-1.0,0.3600000000000001,-1.0,0.0,136.0,0.0271,1.36,OPEN,DEEP_LONGSHOT
202405010111,白富士ステークス｜2024年1月27日 | 競馬データベース - netkeiba,スパイダーゴールド,32.7,0.073,2.387,4,0,-1.0,1.387,-1.0,0.0,238.7,0.073,2.387,OPEN,DEEP_LONGSHOT
202405010204,4歳以上1勝クラス｜2024年1月28日 | 競馬データベース - netkeiba,ジーククローネ,22.7,0.074,1.68,6,0,-1.0,0.6799999999999999,-1.0,0.0,168.0,0.074,1.68,CLASS_1W,DEEP_LONGSHOT
202405010205,3歳新馬｜2024年1月28日 | 競馬データベース - netkeiba,インパルス,11.0,0.1247,1.372,13,0,-1.0,0.3720000000000001,-1.0,0.0,137.20000000000002,0.1247,1.372,DEBUT,LONGSHOT
202405010209,セントポーリア賞｜2024年1月28日 | 競馬データベース - netkeiba,コスモエスメラルダ,85.7,0.0282,2.417,7,0,-1.0,1.4169999999999998,-1.0,0.0,241.7,0.0282,2.417,SPECIAL,DEEP_LONGSHOT
202405010302,3歳未勝利｜2024年2月3日 | 競馬データベース - netkeiba,アルマーレシチー,67.6,0.0278,1.879,9,0,-1.0,0.879,-1.0,0.0,187.9,0.0278,1.879,MAIDEN,DEEP_LONGSHOT
202405010303,3歳未勝利｜2024年2月3日 | 競馬データベース - netkeiba,ダイクロアイト,20.6,0.0946,1.949,4,0,-1.0,0.9490000000000001,-1.0,0.0,194.9,0.0946,1.949,MAIDEN,DEEP_LONGSHOT
202405010304,3歳1勝クラス｜2024年2月3日 | 競馬データベース - netkeiba,スタンリーテソーロ,9.7,0.1393,1.351,2,0,-1.0,0.351,-1.0,0.0,135.1,0.1393,1.351,CLASS_1W,LONGSHOT
202405010306,3歳未勝利｜2024年2月3日 | 競馬データベース - netkeiba,デリシュー,6.2,0.2192,1.359,13,0,-1.0,0.359,-1.0,0.0,135.9,0.2192,1.359,MAIDEN,BALANCED
202405010307,4歳以上1勝クラス｜2024年2月3日 | 競馬データベース - netkeiba,レッドロスタム,15.4,0.1731,2.666,4,0,-1.0,1.666,-1.0,0.0,266.59999999999997,0.1731,2.666,CLASS_1W,LONGSHOT
202405010309,春菜賞｜2024年2月3日 | 競馬データベース - netkeiba,キャンシーエンゼル,30.3,0.0487,1.476,3,0,-1.0,0.476,-1.0,0.0,147.6,0.0487,1.476,SPECIAL,DEEP_LONGSHOT
202405010310,テレビ山梨杯｜2024年2月3日 | 競馬データベース - netkeiba,プレジャークルーズ,15.0,0.1196,1.794,5,0,-1.0,0.794,-1.0,0.0,179.4,0.1196,1.794,OPEN,LONGSHOT
202405010311,JCベストレース記念｜2024年2月3日 | 競馬データベース - netkeiba,レッドヴェロシティ,20.4,0.1247,2.544,3,0,-1.0,1.544,-1.0,0.0,254.4,0.1247,2.544,OPEN,DEEP_LONGSHOT
202405010401,3歳未勝利｜2024年2月4日 | 競馬データベース - netkeiba,シャトルトウショウ,45.5,0.0399,1.815,10,0,-1.0,0.815,-1.0,0.0,181.5,0.0399,1.815,MAIDEN,DEEP_LONGSHOT
202405010402,3歳未勝利｜2024年2月4日 | 競馬データベース - netkeiba,ダイタジャスティス,48.8,0.0311,1.518,4,0,-1.0,0.518,-1.0,0.0,151.8,0.0311,1.518,MAIDEN,DEEP_LONGSHOT
202405010403,3歳新馬｜2024年2月4日 | 競馬データベース - netkeiba,ライクファーザー,7.1,0.2118,1.504,2,0,-1.0,0.504,-1.0,0.0,150.4,0.2118,1.504,DEBUT,BALANCED
202405010405,3歳新馬｜2024年2月4日 | 競馬データベース - netkeiba,ダイスアローリング,38.8,0.0389,1.509,9,0,-1.0,0.5089999999999999,-1.0,0.0,150.89999999999998,0.0389,1.509,DEBUT,DEEP_LONGSHOT
202405010406,3歳未勝利｜2024年2月4日 | 競馬データベース - netkeiba,ヴァイザーブリック,28.2,0.0691,1.949,3,0,-1.0,0.9490000000000001,-1.0,0.0,194.9,0.0691,1.949,MAIDEN,DEEP_LONGSHOT
202405010407,4歳以上2勝クラス｜2024年2月4日 | 競馬データベース - netkeiba,ラエール,34.0,0.0917,3.118,7,0,-1.0,2.118,-1.0,0.0,311.8,0.0917,3.118,CLASS_2W,DEEP_LONGSHOT
202405010410,白嶺ステークス｜2024年2月4日 | 競馬データベース - netkeiba,イグザルト,17.6,0.0784,1.38,2,0,-1.0,0.3799999999999999,-1.0,0.0,138.0,0.0784,1.38,OPEN,LONGSHOT
202405010411,東京新聞杯｜2024年2月4日 | 競馬データベース - netkeiba,マテンロウスカイ,22.9,0.0579,1.326,5,0,-1.0,0.32600000000000007,-1.0,0.0,132.6,0.0579,1.326,OPEN,DEEP_LONGSHOT
202405010502,3歳新馬｜2024年2月10日 | 競馬データベース - netkeiba,レゲエビーチ,16.5,0.1142,1.884,5,0,-1.0,0.8839999999999999,-1.0,0.0,188.39999999999998,0.1142,1.884,DEBUT,LONGSHOT
202405010503,3歳未勝利｜2024年2月10日 | 競馬データベース - netkeiba,グランドフォレスト,14.6,0.1106,1.615,9,0,-1.0,0.615,-1.0,0.0,161.5,0.1106,1.615,MAIDEN,LONGSHOT
202405010505,3歳未勝利｜2024年2月10日 | 競馬データベース - netkeiba,メリージェーン,30.0,0.0518,1.554,2,0,-1.0,0.554,-1.0,0.0,155.4,0.0518,1.554,MAIDEN,DEEP_LONGSHOT
202405010507,3歳1勝クラス｜2024年2月10日 | 競馬データベース - netkeiba,シャインズオンユー,20.0,0.0843,1.686,4,0,-1.0,0.6859999999999999,-1.0,0.0,168.6,0.0843,1.686,CLASS_1W,LONGSHOT
202405010510,雲雀ステークス｜2024年2月10日 | 競馬データベース - netkeiba,イルクオーレ,11.2,0.1389,1.556,7,0,-1.0,0.556,-1.0,0.0,155.6,0.1389,1.556,OPEN,LONGSHOT
202405010512,4歳以上2勝クラス｜2024年2月10日 | 競馬データベース - netkeiba,タイセイキューティ,31.4,0.0497,1.561,12,0,-1.0,0.5609999999999999,-1.0,0.0,156.1,0.0497,1.561,CLASS_2W,DEEP_LONGSHOT
202405010601,3歳未勝利｜2024年2月11日 | 競馬データベース - netkeiba,エコロヴァルム,18.8,0.1036,1.948,3,0,-1.0,0.948,-1.0,0.0,194.79999999999998,0.1036,1.948,MAIDEN,LONGSHOT
202405010602,3歳未勝利｜2024年2月11日 | 競馬データベース - netkeiba,シングンアーメット,13.7,0.1008,1.381,13,0,-1.0,0.381,-1.0,0.0,138.1,0.1008,1.381,MAIDEN,LONGSHOT
202405010603,3歳未勝利｜2024年2月11日 | 競馬データベース - netkeiba,ランポレッキオ,28.8,0.0538,1.549,15,0,-1.0,0.5489999999999999,-1.0,0.0,154.9,0.0538,1.549,MAIDEN,DEEP_LONGSHOT
202405010604,3歳新馬｜2024年2月11日 | 競馬データベース - netkeiba,バスティオン,13.2,0.1204,1.589,10,0,-1.0,0.589,-1.0,0.0,158.9,0.1204,1.589,DEBUT,LONGSHOT
202405010605,3歳未勝利｜2024年2月11日 | 競馬データベース - netkeiba,マグナレガリア,20.6,0.1475,3.038,8,0,-1.0,2.038,-1.0,0.0,303.79999999999995,0.1475,3.038,MAIDEN,DEEP_LONGSHOT
202405010606,4歳以上1勝クラス｜2024年2月11日 | 競馬データベース - netkeiba,アイスランドポピー,16.7,0.1036,1.73,7,0,-1.0,0.73,-1.0,0.0,173.0,0.1036,1.73,CLASS_1W,LONGSHOT
202405010608,4歳以上2勝クラス｜2024年2月11日 | 競馬データベース - netkeiba,マイネルダグラス,21.6,0.1071,2.313,5,0,-1.0,1.3130000000000002,-1.0,0.0,231.3,0.1071,2.313,CLASS_2W,DEEP_LONGSHOT
202405010609,初音ステークス｜2024年2月11日 | 競馬データベース - netkeiba,ルージュアルル,8.3,0.1613,1.339,9,0,-1.0,0.33899999999999997,-1.0,0.0,133.9,0.1613,1.339,OPEN,LONGSHOT
202405010610,バレンタインS｜2024年2月11日 | 競馬データベース - netkeiba,シャンブル,13.8,0.1059,1.461,7,0,-1.0,0.4610000000000001,-1.0,0.0,146.1,0.1059,1.461,OTHER,LONGSHOT
202405010612,4歳以上2勝クラス｜2024年2月11日 | 競馬データベース - netkeiba,ドンレパルス,30.1,0.049,1.475,12,0,-1.0,0.4750000000000001,-1.0,0.0,147.5,0.049,1.475,CLASS_2W,DEEP_LONGSHOT
202405010702,3歳1勝クラス｜2024年2月17日 | 競馬データベース - netkeiba,エースアビリティ,10.3,0.1644,1.693,2,0,-1.0,0.6930000000000001,-1.0,0.0,169.3,0.1644,1.693,CLASS_1W,LONGSHOT
202405010703,3歳未勝利｜2024年2月17日 | 競馬データベース - netkeiba,ユイノコミチ,12.1,0.1181,1.429,3,0,-1.0,0.42900000000000005,-1.0,0.0,142.9,0.1181,1.429,MAIDEN,LONGSHOT
202405010705,3歳未勝利｜2024年2月17日 | 競馬データベース - netkeiba,ユイノチョウシンキ,11.7,0.161,1.884,6,0,-1.0,0.8839999999999999,-1.0,0.0,188.39999999999998,0.161,1.884,MAIDEN,LONGSHOT
202405010706,3歳未勝利｜2024年2月17日 | 競馬データベース - netkeiba,ディアクルーナ,41.9,0.0391,1.638,10,0,-1.0,0.6379999999999999,-1.0,0.0,163.79999999999998,0.0391,1.638,MAIDEN,DEEP_LONGSHOT
202405010707,4歳以上1勝クラス｜2024年2月17日 | 競馬データベース - netkeiba,エリーズダイヤ,5.6,0.2384,1.335,3,0,-1.0,0.33499999999999996,-1.0,0.0,133.5,0.2384,1.335,CLASS_1W,BALANCED
202405010708,4歳以上2勝クラス｜2024年2月17日 | 競馬データベース - netkeiba,ウインアチーヴ,40.0,0.0353,1.412,8,0,-1.0,0.4119999999999999,-1.0,0.0,141.2,0.0353,1.412,CLASS_2W,DEEP_LONGSHOT
202405010710,金蹄ステークス｜2024年2月17日 | 競馬データベース - netkeiba,ビップスコーピオン,21.3,0.067,1.427,4,0,-1.0,0.42700000000000005,-1.0,0.0,142.70000000000002,0.067,1.427,OPEN,DEEP_LONGSHOT
202405010801,3歳未勝利｜2024年2月18日 | 競馬データベース - netkeiba,インビンシブルパパ,12.6,0.144,1.814,3,0,-1.0,0.8140000000000001,-1.0,0.0,181.4,0.144,1.814,MAIDEN,LONGSHOT
202405010802,3歳未勝利｜2024年2月18日 | 競馬データベース - netkeiba,ハクシュ,22.6,0.0922,2.084,9,0,-1.0,1.084,-1.0,0.0,208.4,0.0922,2.084,MAIDEN,DEEP_LONGSHOT
202405010804,3歳未勝利｜2024年2月18日 | 競馬データベース - netkeiba,デュアルウィルダー,14.6,0.1145,1.672,3,0,-1.0,0.6719999999999999,-1.0,0.0,167.2,0.1145,1.672,MAIDEN,LONGSHOT
202405010806,4歳以上1勝クラス｜2024年2月18日 | 競馬データベース - netkeiba,ライツオブキングス,7.4,0.1795,1.328,16,0,-1.0,0.32800000000000007,-1.0,0.0,132.8,0.1795,1.328,CLASS_1W,BALANCED
202405010807,4歳以上2勝クラス｜2024年2月18日 | 競馬データベース - netkeiba,コルサファターレ,28.1,0.0544,1.529,12,0,-1.0,0.5289999999999999,-1.0,0.0,152.89999999999998,0.0544,1.529,CLASS_2W,DEEP_LONGSHOT
202405010808,4歳以上2勝クラス｜2024年2月18日 | 競馬データベース - netkeiba,プレジャークルーズ,17.2,0.0884,1.52,2,0,-1.0,0.52,-1.0,0.0,152.0,0.0884,1.52,CLASS_2W,LONGSHOT
202405010809,ヒヤシンスステークス｜2024年2月18日 | 競馬データベース - netkeiba,バロンドール,6.7,0.1981,1.327,6,0,-1.0,0.32699999999999996,-1.0,0.0,132.7,0.1981,1.327,OPEN,BALANCED
202405010810,コパノリッキーC｜2024年2月18日 | 競馬データベース - netkeiba,サウンドウォリアー,46.2,0.034,1.571,7,0,-1.0,0.571,-1.0,0.0,157.1,0.034,1.571,OTHER,DEEP_LONGSHOT
202405020102,3歳未勝利｜2024年4月20日 | 競馬データベース - netkeiba,グランプリショット,11.4,0.1246,1.42,2,0,-1.0,0.41999999999999993,-1.0,0.0,142.0,0.1246,1.42,MAIDEN,LONGSHOT
202405020103,3歳未勝利｜2024年4月20日 | 競馬データベース - netkeiba,ヒットアンドロール,58.6,0.0291,1.705,4,0,-1.0,0.7050000000000001,-1.0,0.0,170.5,0.0291,1.705,MAIDEN,DEEP_LONGSHOT
202405020105,3歳未勝利｜2024年4月20日 | 競馬データベース - netkeiba,ダノンザボルケーノ,7.5,0.1753,1.315,7,0,-1.0,0.31499999999999995,-1.0,0.0,131.5,0.1753,1.315,MAIDEN,BALANCED
202405020106,3歳1勝クラス｜2024年4月20日 | 競馬データベース - netkeiba,アデランテ,25.7,0.0527,1.354,4,0,-1.0,0.3540000000000001,-1.0,0.0,135.4,0.0527,1.354,CLASS_1W,DEEP_LONGSHOT
202405020110,湘南ステークス｜2024年4月20日 | 競馬データベース - netkeiba,シャドウフューリー,7.1,0.2328,1.653,2,0,-1.0,0.653,-1.0,0.0,165.3,0.2328,1.653,OPEN,BALANCED
202405020111,オアシスステークス｜2024年4月20日 | 競馬データベース - netkeiba,ケイアイシェルビー,20.4,0.0723,1.475,9,0,-1.0,0.4750000000000001,-1.0,0.0,147.5,0.0723,1.475,OPEN,DEEP_LONGSHOT
202405020201,3歳未勝利｜2024年4月21日 | 競馬データベース - netkeiba,アイスブレイカー,4.9,0.3033,1.486,2,0,-1.0,0.486,-1.0,0.0,148.6,0.3033,1.486,MAIDEN,BALANCED
202405020203,3歳未勝利｜2024年4月21日 | 競馬データベース - netkeiba,サクソフィーナ,8.8,0.1755,1.544,6,0,-1.0,0.544,-1.0,0.0,154.4,0.1755,1.544,MAIDEN,LONGSHOT
202405020206,3歳1勝クラス｜2024年4月21日 | 競馬データベース - netkeiba,キングヴァージル,7.7,0.1928,1.485,16,0,-1.0,0.4850000000000001,-1.0,0.0,148.5,0.1928,1.485,CLASS_1W,BALANCED
202405020210,鎌倉ステークス｜2024年4月21日 | 競馬データベース - netkeiba,コパノニコルソン,26.7,0.0826,2.205,1,1,25.7,1.205,25.7,2670.0,220.5,0.9174,-24.494999999999997,OPEN,DEEP_LONGSHOT
202405020212,4歳以上2勝クラス｜2024年4月21日 | 競馬データベース - netkeiba,フィフティシェビー,75.2,0.0229,1.722,10,0,-1.0,0.722,-1.0,0.0,172.2,0.0229,1.722,CLASS_2W,DEEP_LONGSHOT
202405020301,3歳未勝利｜2024年4月27日 | 競馬データベース - netkeiba,ゴールデンモモコ,63.7,0.0439,2.796,10,0,-1.0,1.7959999999999998,-1.0,0.0,279.59999999999997,0.0439,2.796,MAIDEN,DEEP_LONGSHOT
202405020302,3歳未勝利｜2024年4月27日 | 競馬データベース - netkeiba,ヘインズポイント,21.2,0.1232,2.612,2,0,-1.0,1.612,-1.0,0.0,261.2,0.1232,2.612,MAIDEN,DEEP_LONGSHOT
202405020304,3歳未勝利｜2024年4月27日 | 競馬データベース - netkeiba,セイウンチドリ,21.4,0.0733,1.569,3,0,-1.0,0.569,-1.0,0.0,156.9,0.0733,1.569,MAIDEN,DEEP_LONGSHOT
202405020305,3歳未勝利｜2024年4月27日 | 競馬データベース - netkeiba,ブリックバーン,25.9,0.0678,1.756,11,0,-1.0,0.756,-1.0,0.0,175.6,0.0678,1.756,MAIDEN,DEEP_LONGSHOT
202405020306,3歳1勝クラス｜2024年4月27日 | 競馬データベース - netkeiba,ジュントネフ,25.5,0.0908,2.315,3,0,-1.0,1.315,-1.0,0.0,231.5,0.0908,2.315,CLASS_1W,DEEP_LONGSHOT
202405020310,府中市70周年記念｜2024年4月27日 | 競馬データベース - netkeiba,アグラシアド,16.5,0.0847,1.398,3,0,-1.0,0.3979999999999999,-1.0,0.0,139.79999999999998,0.0847,1.398,OPEN,LONGSHOT
202405020312,4歳以上2勝クラス｜2024年4月27日 | 競馬データベース - netkeiba,ネッケツシャチョウ,5.5,0.2444,1.344,1,1,4.5,0.3440000000000001,4.5,550.0,134.4,0.7556,-4.156,CLASS_2W,BALANCED
202405020402,3歳未勝利｜2024年4月28日 | 競馬データベース - netkeiba,ゼフィールエレ,18.8,0.0797,1.498,8,0,-1.0,0.498,-1.0,0.0,149.8,0.0797,1.498,MAIDEN,LONGSHOT
202405020403,3歳未勝利｜2024年4月28日 | 競馬データベース - netkeiba,レッドラウル,16.5,0.0797,1.315,4,0,-1.0,0.31499999999999995,-1.0,0.0,131.5,0.0797,1.315,MAIDEN,LONGSHOT
202405020405,3歳未勝利｜2024年4月28日 | 競馬データベース - netkeiba,ダイスアローリング,20.9,0.0917,1.917,2,0,-1.0,0.917,-1.0,0.0,191.70000000000002,0.0917,1.917,MAIDEN,DEEP_LONGSHOT
202405020406,3歳1勝クラス｜2024年4月28日 | 競馬データベース - netkeiba,インテルメディオ,5.1,0.2556,1.304,4,0,-1.0,0.30400000000000005,-1.0,0.0,130.4,0.2556,1.304,CLASS_1W,BALANCED
202405020407,4歳以上1勝クラス｜2024年4月28日 | 競馬データベース - netkeiba,ルソルティール,28.9,0.0568,1.642,8,0,-1.0,0.6419999999999999,-1.0,0.0,164.2,0.0568,1.642,CLASS_1W,DEEP_LONGSHOT
202405020409,陣馬特別｜2024年4月28日 | 競馬データベース - netkeiba,フィデリオグリーン,80.0,0.0202,1.616,6,0,-1.0,0.6160000000000001,-1.0,0.0,161.60000000000002,0.0202,1.616,SPECIAL,DEEP_LONGSHOT
202405020411,スイートピーS｜2024年4月28日 | 競馬データベース - netkeiba,ハワイアンティアレ,4.8,0.2734,1.312,8,0,-1.0,0.31200000000000006,-1.0,0.0,131.20000000000002,0.2734,1.312,OTHER,BALANCED
202405020412,4歳以上2勝クラス｜2024年4月28日 | 競馬データベース - netkeiba,メイデンタワー,4.6,0.2851,1.311,9,0,-1.0,0.31099999999999994,-1.0,0.0,131.1,0.2851,1.311,CLASS_2W,BALANCED
202405020503,3歳未勝利｜2024年5月4日 | 競馬データベース - netkeiba,ロケットホームラン,13.8,0.1167,1.61,7,0,-1.0,0.6100000000000001,-1.0,0.0,161.0,0.1167,1.61,MAIDEN,LONGSHOT
202405020504,3歳未勝利｜2024年5月4日 | 競馬データベース - netkeiba,ニシノインヴィクタ,7.4,0.2028,1.501,1,1,6.4,0.5009999999999999,6.4,740.0,150.1,0.7972,-5.899000000000001,MAIDEN,BALANCED
202405020505,3歳未勝利｜2024年5月4日 | 競馬データベース - netkeiba,ラファールドール,26.7,0.0818,2.184,5,0,-1.0,1.1840000000000002,-1.0,0.0,218.4,0.0818,2.184,MAIDEN,DEEP_LONGSHOT
202405020506,3歳1勝クラス｜2024年5月4日 | 競馬データベース - netkeiba,アフィリオン,22.1,0.0644,1.423,8,0,-1.0,0.42300000000000004,-1.0,0.0,142.3,0.0644,1.423,CLASS_1W,DEEP_LONGSHOT
202405020509,青竜ステークス｜2024年5月4日 | 競馬データベース - netkeiba,チュウワキャリア,53.4,0.0313,1.671,7,0,-1.0,0.671,-1.0,0.0,167.1,0.0313,1.671,OPEN,DEEP_LONGSHOT
202405020510,メトロポリタンS｜2024年5月4日 | 競馬データベース - netkeiba,シュヴァリエローズ,21.0,0.0786,1.651,3,0,-1.0,0.651,-1.0,0.0,165.1,0.0786,1.651,OTHER,DEEP_LONGSHOT
202405020512,4歳以上2勝クラス｜2024年5月4日 | 競馬データベース - netkeiba,バックスクリーン,61.8,0.0214,1.323,10,0,-1.0,0.32299999999999995,-1.0,0.0,132.29999999999998,0.0214,1.323,CLASS_2W,DEEP_LONGSHOT
202405020601,3歳未勝利｜2024年5月5日 | 競馬データベース - netkeiba,ミスサラワク,23.4,0.0566,1.324,3,0,-1.0,0.32400000000000007,-1.0,0.0,132.4,0.0566,1.324,MAIDEN,DEEP_LONGSHOT
202405020602,3歳未勝利｜2024年5月5日 | 競馬データベース - netkeiba,イェルマーク,27.7,0.0579,1.604,8,0,-1.0,0.6040000000000001,-1.0,0.0,160.4,0.0579,1.604,MAIDEN,DEEP_LONGSHOT
202405020606,4歳以上1勝クラス｜2024年5月5日 | 競馬データベース - netkeiba,タイキバルドル,28.6,0.0516,1.476,12,0,-1.0,0.476,-1.0,0.0,147.6,0.0516,1.476,CLASS_1W,DEEP_LONGSHOT
202405020608,4歳以上2勝クラス｜2024年5月5日 | 競馬データベース - netkeiba,ロードプレイヤー,7.3,0.2113,1.542,5,0,-1.0,0.542,-1.0,0.0,154.20000000000002,0.2113,1.542,CLASS_2W,BALANCED
202405020610,キングカメハメハC｜2024年5月5日 | 競馬データベース - netkeiba,タマモロック,10.7,0.1314,1.406,1,1,9.7,0.4059999999999999,9.7,1070.0,140.6,0.8686,-9.293999999999999,OTHER,LONGSHOT
202405020611,NHKマイルカップ｜2024年5月5日 | 競馬データベース - netkeiba,ボンドガール,9.2,0.1585,1.458,17,0,-1.0,0.45799999999999996,-1.0,0.0,145.79999999999998,0.1585,1.458,OTHER,LONGSHOT
202405020701,3歳未勝利｜2024年5月11日 | 競馬データベース - netkeiba,マフィン,6.7,0.2029,1.359,3,0,-1.0,0.359,-1.0,0.0,135.9,0.2029,1.359,MAIDEN,BALANCED
202405020702,3歳未勝利｜2024年5月11日 | 競馬データベース - netkeiba,サトノギフテッド,7.4,0.2248,1.664,9,0,-1.0,0.6639999999999999,-1.0,0.0,166.4,0.2248,1.664,MAIDEN,BALANCED
202405020703,3歳未勝利｜2024年5月11日 | 競馬データベース - netkeiba,クーリッジテソーロ,11.2,0.1393,1.56,6,0,-1.0,0.56,-1.0,0.0,156.0,0.1393,1.56,MAIDEN,LONGSHOT
202405020704,3歳未勝利｜2024年5月11日 | 競馬データベース - netkeiba,クリノモルガナイト,33.4,0.0429,1.433,9,0,-1.0,0.43300000000000005,-1.0,0.0,143.3,0.0429,1.433,MAIDEN,DEEP_LONGSHOT
202405020706,3歳1勝クラス｜2024年5月11日 | 競馬データベース - netkeiba,コーカサスゴールド,8.5,0.1813,1.541,3,0,-1.0,0.5409999999999999,-1.0,0.0,154.1,0.1813,1.541,CLASS_1W,LONGSHOT
202405020708,4歳以上1勝クラス｜2024年5月11日 | 競馬データベース - netkeiba,エミサソウツバサ,30.9,0.0509,1.573,5,0,-1.0,0.573,-1.0,0.0,157.29999999999998,0.0509,1.573,CLASS_1W,DEEP_LONGSHOT
202405020709,国分寺特別｜2024年5月11日 | 競馬データベース - netkeiba,ロジシルバー,13.9,0.1148,1.596,2,0,-1.0,0.5960000000000001,-1.0,0.0,159.60000000000002,0.1148,1.596,SPECIAL,LONGSHOT
202405020710,六社ステークス｜2024年5月11日 | 競馬データベース - netkeiba,メイテソーロ,41.7,0.0435,1.814,10,0,-1.0,0.8140000000000001,-1.0,0.0,181.4,0.0435,1.814,OPEN,DEEP_LONGSHOT
202405020802,3歳未勝利｜2024年5月12日 | 競馬データベース - netkeiba,イグニス,43.1,0.0394,1.698,7,0,-1.0,0.698,-1.0,0.0,169.79999999999998,0.0394,1.698,MAIDEN,DEEP_LONGSHOT
202405020803,3歳未勝利｜2024年5月12日 | 競馬データベース - netkeiba,スクラマサクス,35.2,0.0418,1.471,6,0,-1.0,0.4710000000000001,-1.0,0.0,147.10000000000002,0.0418,1.471,MAIDEN,DEEP_LONGSHOT
202405020804,3歳未勝利｜2024年5月12日 | 競馬データベース - netkeiba,パロサント,14.6,0.1244,1.816,7,0,-1.0,0.8160000000000001,-1.0,0.0,181.6,0.1244,1.816,MAIDEN,LONGSHOT
202405020805,3歳未勝利｜2024年5月12日 | 競馬データベース - netkeiba,ゴールデンルーキー,32.3,0.1044,3.372,9,0,-1.0,2.372,-1.0,0.0,337.2,0.1044,3.372,MAIDEN,DEEP_LONGSHOT
202405020808,4歳以上1勝クラス｜2024年5月12日 | 競馬データベース - netkeiba,サーストンシカゴ,18.8,0.0795,1.495,7,0,-1.0,0.4950000000000001,-1.0,0.0,149.5,0.0795,1.495,CLASS_1W,LONGSHOT
202405020810,ウオッカC｜2024年5月12日 | 競馬データベース - netkeiba,ロミオボス,5.7,0.2392,1.363,3,0,-1.0,0.363,-1.0,0.0,136.3,0.2392,1.363,OTHER,BALANCED
202405020811,ヴィクトリアマイル｜2024年5月12日 | 競馬データベース - netkeiba,サウンドビバーチェ,82.7,0.0219,1.811,7,0,-1.0,0.8109999999999999,-1.0,0.0,181.1,0.0219,1.811,OTHER,DEEP_LONGSHOT
202405020902,3歳未勝利｜2024年5月18日 | 競馬データベース - netkeiba,ミラクルジニア,27.9,0.0545,1.521,6,0,-1.0,0.5209999999999999,-1.0,0.0,152.1,0.0545,1.521,MAIDEN,DEEP_LONGSHOT
202405020903,3歳未勝利｜2024年5月18日 | 競馬データベース - netkeiba,サンブノワ,10.0,0.1348,1.348,11,0,-1.0,0.3480000000000001,-1.0,0.0,134.8,0.1348,1.348,MAIDEN,LONGSHOT
202405020904,3歳未勝利｜2024年5月18日 | 競馬データベース - netkeiba,ライトニングゼウス,47.0,0.0383,1.8,9,0,-1.0,0.8,-1.0,0.0,180.0,0.0383,1.8,MAIDEN,DEEP_LONGSHOT
202405020905,3歳未勝利｜2024年5月18日 | 競馬データベース - netkeiba,クイーンズクラウン,26.1,0.0669,1.746,15,0,-1.0,0.746,-1.0,0.0,174.6,0.0669,1.746,MAIDEN,DEEP_LONGSHOT
202405020906,3歳1勝クラス｜2024年5月18日 | 競馬データベース - netkeiba,ピコニ,64.7,0.0365,2.362,3,0,-1.0,1.362,-1.0,0.0,236.20000000000002,0.0365,2.362,CLASS_1W,DEEP_LONGSHOT
202405020907,4歳以上1勝クラス｜2024年5月18日 | 競馬データベース - netkeiba,スイーツバイキング,40.7,0.0447,1.819,11,0,-1.0,0.819,-1.0,0.0,181.9,0.0447,1.819,CLASS_1W,DEEP_LONGSHOT
202405020909,カーネーションカップ｜2024年5月18日 | 競馬データベース - netkeiba,メルトユアハート,8.1,0.1818,1.473,3,0,-1.0,0.4730000000000001,-1.0,0.0,147.3,0.1818,1.473,OTHER,LONGSHOT
202405020910,高尾特別｜2024年5月18日 | 競馬データベース - netkeiba,ロードカテドラル,7.7,0.1879,1.447,3,0,-1.0,0.44700000000000006,-1.0,0.0,144.70000000000002,0.1879,1.447,SPECIAL,BALANCED
202405021001,3歳未勝利｜2024年5月19日 | 競馬データベース - netkeiba,ゴーゴーケイコ,10.7,0.1569,1.679,10,0,-1.0,0.679,-1.0,0.0,167.9,0.1569,1.679,MAIDEN,LONGSHOT
202405021003,3歳未勝利｜2024年5月19日 | 競馬データベース - netkeiba,ハッピーデービー,12.6,0.1097,1.382,10,0,-1.0,0.3819999999999999,-1.0,0.0,138.2,0.1097,1.382,MAIDEN,LONGSHOT
202405021004,3歳未勝利｜2024年5月19日 | 競馬データベース - netkeiba,テイラーテソーロ,32.6,0.0684,2.23,6,0,-1.0,1.23,-1.0,0.0,223.0,0.0684,2.23,MAIDEN,DEEP_LONGSHOT
202405021006,4歳以上1勝クラス｜2024年5月19日 | 競馬データベース - netkeiba,ホワイトクロウ,11.6,0.1426,1.654,7,0,-1.0,0.6539999999999999,-1.0,0.0,165.39999999999998,0.1426,1.654,CLASS_1W,LONGSHOT
202405021007,4歳以上1勝クラス｜2024年5月19日 | 競馬データベース - netkeiba,グルーヴビート,33.2,0.0686,2.278,2,0,-1.0,1.278,-1.0,0.0,227.8,0.0686,2.278,CLASS_1W,DEEP_LONGSHOT
202405021008,調布特別｜2024年5月19日 | 競馬データベース - netkeiba,アヴニールドブリエ,13.8,0.1239,1.71,7,0,-1.0,0.71,-1.0,0.0,171.0,0.1239,1.71,SPECIAL,LONGSHOT
202405021009,フリーウェイS｜2024年5月19日 | 競馬データベース - netkeiba,フロムダスク,15.6,0.1348,2.103,4,0,-1.0,1.1030000000000002,-1.0,0.0,210.3,0.1348,2.103,OTHER,LONGSHOT
202405021010,エアグルーヴC｜2024年5月19日 | 競馬データベース - netkeiba,ダスク,18.5,0.0852,1.576,9,0,-1.0,0.5760000000000001,-1.0,0.0,157.6,0.0852,1.576,OTHER,LONGSHOT
202405021011,優駿牝馬｜2024年5月19日 | 競馬データベース - netkeiba,ライトバック,7.9,0.1832,1.447,3,0,-1.0,0.44700000000000006,-1.0,0.0,144.70000000000002,0.1832,1.447,OTHER,BALANCED
202405021101,3歳未勝利｜2024年5月25日 | 競馬データベース - netkeiba,ゲンブ,25.5,0.0697,1.777,14,0,-1.0,0.7769999999999999,-1.0,0.0,177.7,0.0697,1.777,MAIDEN,DEEP_LONGSHOT
202405021102,3歳未勝利｜2024年5月25日 | 競馬データベース - netkeiba,ゴールデンステップ,53.8,0.0545,2.932,4,0,-1.0,1.932,-1.0,0.0,293.2,0.0545,2.932,MAIDEN,DEEP_LONGSHOT
202405021104,障害4歳以上未勝利｜2024年5月25日 | 競馬データベース - netkeiba,エバーサニーハート,79.1,0.0233,1.843,6,0,-1.0,0.843,-1.0,0.0,184.3,0.0233,1.843,JUMP,DEEP_LONGSHOT
202405021105,3歳未勝利｜2024年5月25日 | 競馬データベース - netkeiba,ビーンスターク,19.3,0.1225,2.364,4,0,-1.0,1.3639999999999999,-1.0,0.0,236.39999999999998,0.1225,2.364,MAIDEN,LONGSHOT
202405021107,3歳1勝クラス｜2024年5月25日 | 競馬データベース - netkeiba,カイトグート,8.3,0.1735,1.44,2,0,-1.0,0.43999999999999995,-1.0,0.0,144.0,0.1735,1.44,CLASS_1W,LONGSHOT
202405021110,葉山特別｜2024年5月25日 | 競馬データベース - netkeiba,グラニット,20.0,0.074,1.48,7,0,-1.0,0.48,-1.0,0.0,148.0,0.074,1.48,SPECIAL,LONGSHOT
202405021111,欅ステークス｜2024年5月25日 | 競馬データベース - netkeiba,バトルクライ,12.4,0.1548,1.92,16,0,-1.0,0.9199999999999999,-1.0,0.0,192.0,0.1548,1.92,OPEN,LONGSHOT
202405021112,4歳以上2勝クラス｜2024年5月25日 | 競馬データベース - netkeiba,ジャスパーバローズ,11.8,0.1415,1.67,4,0,-1.0,0.6699999999999999,-1.0,0.0,167.0,0.1415,1.67,CLASS_2W,LONGSHOT
202405021201,3歳未勝利｜2024年5月26日 | 競馬データベース - netkeiba,ピースヒロフェイス,15.3,0.1076,1.646,3,0,-1.0,0.6459999999999999,-1.0,0.0,164.6,0.1076,1.646,MAIDEN,LONGSHOT
202405021203,3歳未勝利｜2024年5月26日 | 競馬データベース - netkeiba,ベストディシジョン,10.6,0.1582,1.677,4,0,-1.0,0.677,-1.0,0.0,167.70000000000002,0.1582,1.677,MAIDEN,LONGSHOT
202405021206,4歳以上1勝クラス｜2024年5月26日 | 競馬データベース - netkeiba,クラウドセイル,45.4,0.0456,2.07,2,0,-1.0,1.0699999999999998,-1.0,0.0,206.99999999999997,0.0456,2.07,CLASS_1W,DEEP_LONGSHOT
202405021209,むらさき賞｜2024年5月26日 | 競馬データベース - netkeiba,シホノスペランツァ,55.1,0.0284,1.565,4,0,-1.0,0.565,-1.0,0.0,156.5,0.0284,1.565,SPECIAL,DEEP_LONGSHOT
202405021210,ディープインパクトC｜2024年5月26日 | 競馬データベース - netkeiba,マイネルカーライル,19.6,0.0913,1.789,4,0,-1.0,0.7889999999999999,-1.0,0.0,178.9,0.0913,1.789,OTHER,LONGSHOT
202405021211,東京優駿｜2024年5月26日 | 競馬データベース - netkeiba,シックスペンス,8.3,0.1822,1.512,9,0,-1.0,0.512,-1.0,0.0,151.2,0.1822,1.512,OTHER,LONGSHOT
202405030101,障害3歳以上未勝利｜2024年6月1日 | 競馬データベース - netkeiba,コルドゥーン,121.9,0.0109,1.329,7,0,-1.0,0.32899999999999996,-1.0,0.0,132.9,0.0109,1.329,JUMP,DEEP_LONGSHOT
202405030103,3歳未勝利｜2024年6月1日 | 競馬データベース - netkeiba,ローンウルフ,5.3,0.3212,1.702,9,0,-1.0,0.702,-1.0,0.0,170.2,0.3212,1.702,MAIDEN,BALANCED
202405030104,3歳未勝利｜2024年6月1日 | 競馬データベース - netkeiba,リュラグリーン,5.7,0.2299,1.31,4,0,-1.0,0.31000000000000005,-1.0,0.0,131.0,0.2299,1.31,MAIDEN,BALANCED
202405030105,2歳新馬｜2024年6月1日 | 競馬データベース - netkeiba,テイオームサシ,12.0,0.1593,1.912,8,0,-1.0,0.9119999999999999,-1.0,0.0,191.2,0.1593,1.912,DEBUT,LONGSHOT
202405030106,3歳未勝利｜2024年6月1日 | 競馬データベース - netkeiba,ヴァンセゾニエ,9.3,0.21,1.953,9,0,-1.0,0.9530000000000001,-1.0,0.0,195.3,0.21,1.953,MAIDEN,LONGSHOT
202405030108,3歳以上2勝クラス｜2024年6月1日 | 競馬データベース - netkeiba,ナックダンス,11.5,0.1205,1.386,8,0,-1.0,0.3859999999999999,-1.0,0.0,138.6,0.1205,1.386,CLASS_2W,LONGSHOT
202405030109,稲城特別｜2024年6月1日 | 競馬データベース - netkeiba,マイネルジャッカル,28.8,0.061,1.757,3,0,-1.0,0.7569999999999999,-1.0,0.0,175.7,0.061,1.757,SPECIAL,DEEP_LONGSHOT
202405030110,由比ヶ浜特別｜2024年6月1日 | 競馬データベース - netkeiba,アスクドリームモア,16.0,0.1624,2.598,6,0,-1.0,1.5979999999999999,-1.0,0.0,259.8,0.1624,2.598,SPECIAL,LONGSHOT
202405030201,3歳未勝利｜2024年6月2日 | 競馬データベース - netkeiba,ツインクルステージ,7.3,0.1951,1.424,4,0,-1.0,0.42399999999999993,-1.0,0.0,142.4,0.1951,1.424,MAIDEN,BALANCED
202405030202,3歳未勝利｜2024年6月2日 | 競馬データベース - netkeiba,ビーナスライズ,12.6,0.1032,1.3,6,0,-1.0,0.30000000000000004,-1.0,0.0,130.0,0.1032,1.3,MAIDEN,LONGSHOT
202405030203,3歳未勝利｜2024年6月2日 | 競馬データベース - netkeiba,グレンノアラシ,17.5,0.1128,1.974,9,0,-1.0,0.974,-1.0,0.0,197.4,0.1128,1.974,MAIDEN,LONGSHOT
202405030204,3歳未勝利｜2024年6月2日 | 競馬データベース - netkeiba,ノアスペシャル,8.3,0.1935,1.606,4,0,-1.0,0.6060000000000001,-1.0,0.0,160.60000000000002,0.1935,1.606,MAIDEN,LONGSHOT
202405030206,2歳新馬｜2024年6月2日 | 競馬データベース - netkeiba,レーヴドロペラ,21.3,0.0977,2.081,9,0,-1.0,1.081,-1.0,0.0,208.1,0.0977,2.081,DEBUT,DEEP_LONGSHOT
202405030207,3歳以上1勝クラス｜2024年6月2日 | 競馬データベース - netkeiba,スパークタイムリー,81.1,0.0275,2.23,4,0,-1.0,1.23,-1.0,0.0,223.0,0.0275,2.23,CLASS_1W,DEEP_LONGSHOT
202405030210,タイキシャトルC｜2024年6月2日 | 競馬データベース - netkeiba,プラチナジュビリー,6.1,0.2373,1.448,10,0,-1.0,0.44799999999999995,-1.0,0.0,144.79999999999998,0.2373,1.448,OTHER,BALANCED
202405030211,安田記念｜2024年6月2日 | 競馬データベース - netkeiba,ロマンチックウォリアー,3.6,0.3769,1.357,1,1,2.6,0.357,2.6,360.0,135.7,0.6231,-2.2430000000000003,OPEN,FAVORITE_TO_BALANCED
202405030301,障害3歳以上未勝利｜2024年6月8日 | 競馬データベース - netkeiba,プラチナムレイアー,28.5,0.0511,1.456,9,0,-1.0,0.45599999999999996,-1.0,0.0,145.6,0.0511,1.456,JUMP,DEEP_LONGSHOT
202405030303,3歳未勝利｜2024年6月8日 | 競馬データベース - netkeiba,ライトピラー,19.0,0.0871,1.655,4,0,-1.0,0.655,-1.0,0.0,165.5,0.0871,1.655,MAIDEN,LONGSHOT
202405030304,3歳未勝利｜2024年6月8日 | 競馬データベース - netkeiba,パルファンソオン,17.6,0.1183,2.082,8,0,-1.0,1.0819999999999999,-1.0,0.0,208.2,0.1183,2.082,MAIDEN,LONGSHOT
202405030305,2歳新馬｜2024年6月8日 | 競馬データベース - netkeiba,ヴィーデ,15.7,0.1271,1.995,3,0,-1.0,0.9950000000000001,-1.0,0.0,199.5,0.1271,1.995,DEBUT,LONGSHOT
202405030306,3歳未勝利｜2024年6月8日 | 競馬データベース - netkeiba,ロジゴールデン,46.8,0.0485,2.27,4,0,-1.0,1.27,-1.0,0.0,227.0,0.0485,2.27,MAIDEN,DEEP_LONGSHOT
202405030307,3歳以上1勝クラス｜2024年6月8日 | 競馬データベース - netkeiba,ミエノブラボー,22.0,0.0765,1.683,7,0,-1.0,0.683,-1.0,0.0,168.3,0.0765,1.683,CLASS_1W,DEEP_LONGSHOT
202405030308,3歳以上1勝クラス｜2024年6月8日 | 競馬データベース - netkeiba,コスモジンバック,28.3,0.0547,1.548,6,0,-1.0,0.548,-1.0,0.0,154.8,0.0547,1.548,CLASS_1W,DEEP_LONGSHOT
202405030309,芦ノ湖特別｜2024年6月8日 | 競馬データベース - netkeiba,マルチャン,11.8,0.1293,1.526,4,0,-1.0,0.526,-1.0,0.0,152.6,0.1293,1.526,SPECIAL,LONGSHOT
202405030310,青梅特別｜2024年6月8日 | 競馬データベース - netkeiba,マンノステータス,14.2,0.1398,1.985,4,0,-1.0,0.9850000000000001,-1.0,0.0,198.5,0.1398,1.985,SPECIAL,LONGSHOT
202405030311,ジューンステークス｜2024年6月8日 | 競馬データベース - netkeiba,サトノクローク,8.0,0.1747,1.398,3,0,-1.0,0.3979999999999999,-1.0,0.0,139.79999999999998,0.1747,1.398,OPEN,BALANCED
202405030402,3歳未勝利｜2024年6月9日 | 競馬データベース - netkeiba,ラッキーヤース,11.3,0.1562,1.765,1,1,10.3,0.7649999999999999,10.3,1130.0,176.5,0.8438,-9.535,MAIDEN,LONGSHOT
202405030403,3歳未勝利｜2024年6月9日 | 競馬データベース - netkeiba,タキザクラ,16.2,0.1464,2.372,4,0,-1.0,1.3719999999999999,-1.0,0.0,237.2,0.1464,2.372,MAIDEN,LONGSHOT
202405030404,3歳未勝利｜2024年6月9日 | 競馬データベース - netkeiba,ヒットアンドロール,30.4,0.0525,1.596,7,0,-1.0,0.5960000000000001,-1.0,0.0,159.60000000000002,0.0525,1.596,MAIDEN,DEEP_LONGSHOT
202405030405,2歳新馬｜2024年6月9日 | 競馬データベース - netkeiba,ウィンスタンリー,18.3,0.108,1.976,3,0,-1.0,0.976,-1.0,0.0,197.6,0.108,1.976,DEBUT,LONGSHOT
202405030406,3歳未勝利｜2024年6月9日 | 競馬データベース - netkeiba,モデルニスモ,17.3,0.1177,2.036,2,0,-1.0,1.036,-1.0,0.0,203.6,0.1177,2.036,MAIDEN,LONGSHOT
202405030407,3歳以上1勝クラス｜2024年6月9日 | 競馬データベース - netkeiba,フイノマジワリ,28.1,0.0598,1.68,7,0,-1.0,0.6799999999999999,-1.0,0.0,168.0,0.0598,1.68,CLASS_1W,DEEP_LONGSHOT
202405030408,3歳以上1勝クラス｜2024年6月9日 | 競馬データベース - netkeiba,ウイングランブルー,50.4,0.0615,3.1,10,0,-1.0,2.1,-1.0,0.0,310.0,0.0615,3.1,CLASS_1W,DEEP_LONGSHOT
202405030410,夏至ステークス｜2024年6月9日 | 競馬データベース - netkeiba,ストライク,19.1,0.0854,1.631,8,0,-1.0,0.631,-1.0,0.0,163.1,0.0854,1.631,OPEN,LONGSHOT
202405030501,3歳未勝利｜2024年6月15日 | 競馬データベース - netkeiba,ムーンライトデイ,21.7,0.0985,2.137,6,0,-1.0,1.137,-1.0,0.0,213.7,0.0985,2.137,MAIDEN,DEEP_LONGSHOT
202405030504,3歳未勝利｜2024年6月15日 | 競馬データベース - netkeiba,メイパワー,8.4,0.1869,1.57,6,0,-1.0,0.5700000000000001,-1.0,0.0,157.0,0.1869,1.57,MAIDEN,LONGSHOT
202405030505,2歳新馬｜2024年6月15日 | 競馬データベース - netkeiba,コスモコロネット,80.5,0.0168,1.352,2,0,-1.0,0.3520000000000001,-1.0,0.0,135.20000000000002,0.0168,1.352,DEBUT,DEEP_LONGSHOT
202405030506,2歳新馬｜2024年6月15日 | 競馬データベース - netkeiba,エルオレンス,13.8,0.0986,1.361,4,0,-1.0,0.361,-1.0,0.0,136.1,0.0986,1.361,DEBUT,LONGSHOT
202405030508,3歳以上1勝クラス｜2024年6月15日 | 競馬データベース - netkeiba,モスクロッサー,12.9,0.1307,1.686,7,0,-1.0,0.6859999999999999,-1.0,0.0,168.6,0.1307,1.686,CLASS_1W,LONGSHOT
202405030509,三浦特別｜2024年6月15日 | 競馬データベース - netkeiba,マルコタージュ,32.1,0.0521,1.672,5,0,-1.0,0.6719999999999999,-1.0,0.0,167.2,0.0521,1.672,SPECIAL,DEEP_LONGSHOT
202405030510,立川特別｜2024年6月15日 | 競馬データベース - netkeiba,マホロバ,22.8,0.0852,1.943,7,0,-1.0,0.9430000000000001,-1.0,0.0,194.3,0.0852,1.943,SPECIAL,DEEP_LONGSHOT
202405030512,3歳以上1勝クラス｜2024年6月15日 | 競馬データベース - netkeiba,ブライテストドーン,40.6,0.0863,3.504,13,0,-1.0,2.504,-1.0,0.0,350.4,0.0863,3.504,CLASS_1W,DEEP_LONGSHOT
202405030601,障害3歳以上未勝利｜2024年6月16日 | 競馬データベース - netkeiba,ルレーヴドゥリリ,22.1,0.1222,2.701,8,0,-1.0,1.701,-1.0,0.0,270.1,0.1222,2.701,JUMP,DEEP_LONGSHOT
202405030602,3歳未勝利｜2024年6月16日 | 競馬データベース - netkeiba,サンディビーチ,63.9,0.0316,2.019,9,0,-1.0,1.0190000000000001,-1.0,0.0,201.9,0.0316,2.019,MAIDEN,DEEP_LONGSHOT
202405030603,3歳未勝利｜2024年6月16日 | 競馬データベース - netkeiba,ブライティアダイヤ,18.3,0.1095,2.004,13,0,-1.0,1.004,-1.0,0.0,200.4,0.1095,2.004,MAIDEN,LONGSHOT
202405030605,2歳新馬｜2024年6月16日 | 競馬データベース - netkeiba,ツインピークス,15.3,0.1175,1.798,4,0,-1.0,0.798,-1.0,0.0,179.8,0.1175,1.798,DEBUT,LONGSHOT
202405030608,3歳以上1勝クラス｜2024年6月16日 | 競馬データベース - netkeiba,ベルフィーヌ,24.8,0.1175,2.914,5,0,-1.0,1.9140000000000001,-1.0,0.0,291.40000000000003,0.1175,2.914,CLASS_1W,DEEP_LONGSHOT
202405030609,町田特別｜2024年6月16日 | 競馬データベース - netkeiba,トロピカルライト,15.5,0.1128,1.748,4,0,-1.0,0.748,-1.0,0.0,174.8,0.1128,1.748,SPECIAL,LONGSHOT
202405030610,相模湖特別｜2024年6月16日 | 競馬データベース - netkeiba,サトノヴィレ,18.3,0.1161,2.125,6,0,-1.0,1.125,-1.0,0.0,212.5,0.1161,2.125,SPECIAL,LONGSHOT
202405030611,スレイプニルS｜2024年6月16日 | 競馬データベース - netkeiba,オーロイプラータ,7.4,0.207,1.532,7,0,-1.0,0.532,-1.0,0.0,153.2,0.207,1.532,OTHER,BALANCED
202405030701,3歳未勝利｜2024年6月22日 | 競馬データベース - netkeiba,アージェント,14.2,0.1896,2.692,9,0,-1.0,1.6920000000000002,-1.0,0.0,269.20000000000005,0.1896,2.692,MAIDEN,LONGSHOT
202405030702,3歳未勝利｜2024年6月22日 | 競馬データベース - netkeiba,サノノゴールド,13.5,0.1226,1.655,5,0,-1.0,0.655,-1.0,0.0,165.5,0.1226,1.655,MAIDEN,LONGSHOT
202405030705,2歳新馬｜2024年6月22日 | 競馬データベース - netkeiba,コスモキャバリエ,8.9,0.1548,1.378,5,0,-1.0,0.3779999999999999,-1.0,0.0,137.79999999999998,0.1548,1.378,DEBUT,LONGSHOT
202405030706,2歳新馬｜2024年6月22日 | 競馬データベース - netkeiba,ベラヴィットーリア,20.0,0.1138,2.276,7,0,-1.0,1.2759999999999998,-1.0,0.0,227.59999999999997,0.1138,2.276,DEBUT,LONGSHOT
202405030707,3歳以上1勝クラス｜2024年6月22日 | 競馬データベース - netkeiba,ロクシアス,24.6,0.0602,1.481,16,0,-1.0,0.4810000000000001,-1.0,0.0,148.10000000000002,0.0602,1.481,CLASS_1W,DEEP_LONGSHOT
202405030708,東京ジャンプS｜2024年6月22日 | 競馬データベース - netkeiba,ヴェイルネビュラ,15.9,0.1072,1.704,3,0,-1.0,0.704,-1.0,0.0,170.4,0.1072,1.704,OTHER,LONGSHOT
202405030709,清里特別｜2024年6月22日 | 競馬データベース - netkeiba,ランタナヒルズ,15.5,0.0846,1.311,10,0,-1.0,0.31099999999999994,-1.0,0.0,131.1,0.0846,1.311,SPECIAL,LONGSHOT
202405030710,日野特別｜2024年6月22日 | 競馬データベース - netkeiba,ネイビースター,14.8,0.1678,2.483,10,0,-1.0,1.483,-1.0,0.0,248.3,0.1678,2.483,SPECIAL,LONGSHOT
202405030712,3歳以上1勝クラス｜2024年6月22日 | 競馬データベース - netkeiba,グローリーアテイン,23.0,0.0915,2.104,10,0,-1.0,1.104,-1.0,0.0,210.4,0.0915,2.104,CLASS_1W,DEEP_LONGSHOT
202405030801,2歳未勝利｜2024年6月23日 | 競馬データベース - netkeiba,レイオーバー,30.1,0.0435,1.309,3,0,-1.0,0.30899999999999994,-1.0,0.0,130.9,0.0435,1.309,MAIDEN,DEEP_LONGSHOT
202405030803,3歳未勝利｜2024年6月23日 | 競馬データベース - netkeiba,サッチャーテソーロ,12.9,0.1081,1.394,16,0,-1.0,0.3939999999999999,-1.0,0.0,139.39999999999998,0.1081,1.394,MAIDEN,LONGSHOT
202405030808,3歳以上1勝クラス｜2024年6月23日 | 競馬データベース - netkeiba,プレジール,21.2,0.1052,2.23,12,0,-1.0,1.23,-1.0,0.0,223.0,0.1052,2.23,CLASS_1W,DEEP_LONGSHOT
202405030811,パラダイスステークス｜2024年6月23日 | 競馬データベース - netkeiba,オーキッドロマンス,6.7,0.262,1.755,1,1,5.7,0.7549999999999999,5.7,670.0,175.5,0.738,-4.945,OPEN,BALANCED
202405030812,3歳以上1勝クラス｜2024年6月23日 | 競馬データベース - netkeiba,バロン,5.8,0.2448,1.42,4,0,-1.0,0.41999999999999993,-1.0,0.0,142.0,0.2448,1.42,CLASS_1W,BALANCED
202405040101,2歳未勝利｜2024年10月5日 | 競馬データベース - netkeiba,グッバイウェーブ,50.0,0.0422,2.11,8,0,-1.0,1.1099999999999999,-1.0,0.0,211.0,0.0422,2.11,MAIDEN,DEEP_LONGSHOT
202405040102,2歳未勝利｜2024年10月5日 | 競馬データベース - netkeiba,チートメジャー,26.1,0.0814,2.125,15,0,-1.0,1.125,-1.0,0.0,212.5,0.0814,2.125,MAIDEN,DEEP_LONGSHOT
202405040103,2歳未勝利｜2024年10月5日 | 競馬データベース - netkeiba,ニシノブレイゼスト,30.8,0.0518,1.595,5,0,-1.0,0.595,-1.0,0.0,159.5,0.0518,1.595,MAIDEN,DEEP_LONGSHOT
202405040105,2歳新馬｜2024年10月5日 | 競馬データベース - netkeiba,プロスペクトパーク,17.0,0.1224,2.081,9,0,-1.0,1.081,-1.0,0.0,208.1,0.1224,2.081,DEBUT,LONGSHOT
202405040106,3歳以上1勝クラス｜2024年10月5日 | 競馬データベース - netkeiba,ベルイストワール,30.4,0.0428,1.301,3,0,-1.0,0.30099999999999993,-1.0,0.0,130.1,0.0428,1.301,CLASS_1W,DEEP_LONGSHOT
202405040107,3歳以上1勝クラス｜2024年10月5日 | 競馬データベース - netkeiba,ビートエモーション,19.2,0.0869,1.668,1,1,18.2,0.6679999999999999,18.2,1920.0,166.79999999999998,0.9131,-17.532,CLASS_1W,LONGSHOT
202405040108,3歳以上1勝クラス｜2024年10月5日 | 競馬データベース - netkeiba,オトコギアンパン,41.9,0.0449,1.881,10,0,-1.0,0.881,-1.0,0.0,188.1,0.0449,1.881,CLASS_1W,DEEP_LONGSHOT
202405040109,tvk賞｜2024年10月5日 | 競馬データベース - netkeiba,シュブリーム,60.5,0.0312,1.888,6,0,-1.0,0.8879999999999999,-1.0,0.0,188.79999999999998,0.0312,1.888,SPECIAL,DEEP_LONGSHOT
202405040110,赤富士ステークス｜2024年10月5日 | 競馬データベース - netkeiba,グラウンドビート,11.0,0.1186,1.305,7,0,-1.0,0.30499999999999994,-1.0,0.0,130.5,0.1186,1.305,OPEN,LONGSHOT
202405040111,サウジアラビアRC｜2024年10月5日 | 競馬データベース - netkeiba,シンフォーエバー,25.9,0.0662,1.715,4,0,-1.0,0.7150000000000001,-1.0,0.0,171.5,0.0662,1.715,OTHER,DEEP_LONGSHOT
202405040201,2歳未勝利｜2024年10月6日 | 競馬データベース - netkeiba,リネンフラッシュ,16.4,0.1085,1.779,6,0,-1.0,0.7789999999999999,-1.0,0.0,177.89999999999998,0.1085,1.779,MAIDEN,LONGSHOT
202405040202,2歳未勝利｜2024年10月6日 | 競馬データベース - netkeiba,ロンティケチャップ,28.8,0.1105,3.182,4,0,-1.0,2.182,-1.0,0.0,318.2,0.1105,3.182,MAIDEN,DEEP_LONGSHOT
202405040205,2歳新馬｜2024年10月6日 | 競馬データベース - netkeiba,ハウリングウィンド,14.3,0.1274,1.822,16,0,-1.0,0.8220000000000001,-1.0,0.0,182.20000000000002,0.1274,1.822,DEBUT,LONGSHOT
202405040206,3歳以上1勝クラス｜2024年10月6日 | 競馬データベース - netkeiba,ベルブリエ,34.1,0.0465,1.586,3,0,-1.0,0.5860000000000001,-1.0,0.0,158.6,0.0465,1.586,CLASS_1W,DEEP_LONGSHOT
202405040207,3歳以上1勝クラス｜2024年10月6日 | 競馬データベース - netkeiba,ロフティーイデアル,14.2,0.1087,1.544,6,0,-1.0,0.544,-1.0,0.0,154.4,0.1087,1.544,CLASS_1W,LONGSHOT
202405040212,3歳以上2勝クラス｜2024年10月6日 | 競馬データベース - netkeiba,ベネロングポイント,24.8,0.0725,1.798,3,0,-1.0,0.798,-1.0,0.0,179.8,0.0725,1.798,CLASS_2W,DEEP_LONGSHOT
202405040301,2歳未勝利｜2024年10月13日 | 競馬データベース - netkeiba,クラウンウルル,66.6,0.0286,1.905,5,0,-1.0,0.905,-1.0,0.0,190.5,0.0286,1.905,MAIDEN,DEEP_LONGSHOT
202405040303,2歳未勝利｜2024年10月13日 | 競馬データベース - netkeiba,ナムラペルル,23.3,0.0626,1.459,6,0,-1.0,0.4590000000000001,-1.0,0.0,145.9,0.0626,1.459,MAIDEN,DEEP_LONGSHOT
202405040304,2歳新馬｜2024年10月13日 | 競馬データベース - netkeiba,グレートシューター,20.3,0.0713,1.447,5,0,-1.0,0.44700000000000006,-1.0,0.0,144.70000000000002,0.0713,1.447,DEBUT,DEEP_LONGSHOT
202405040306,3歳以上1勝クラス｜2024年10月13日 | 競馬データベース - netkeiba,ウェットシーズン,5.9,0.2683,1.583,1,1,4.9,0.583,4.9,590.0,158.29999999999998,0.7317,-4.317,CLASS_1W,BALANCED
202405040308,3歳以上2勝クラス｜2024年10月13日 | 競馬データベース - netkeiba,ロードトラスト,10.6,0.1242,1.317,6,0,-1.0,0.31699999999999995,-1.0,0.0,131.7,0.1242,1.317,CLASS_2W,LONGSHOT
202405040309,東京ハイジャンプ｜2024年10月13日 | 競馬データベース - netkeiba,ニシノデイジー,6.5,0.2601,1.691,4,0,-1.0,0.6910000000000001,-1.0,0.0,169.1,0.2601,1.691,OTHER,BALANCED
202405040401,2歳未勝利｜2024年10月14日 | 競馬データベース - netkeiba,インパルアスール,29.0,0.0504,1.462,7,0,-1.0,0.46199999999999997,-1.0,0.0,146.2,0.0504,1.462,MAIDEN,DEEP_LONGSHOT
202405040403,2歳未勝利｜2024年10月14日 | 競馬データベース - netkeiba,ゴーゴーステーツ,9.0,0.1834,1.651,1,1,8.0,0.651,8.0,900.0,165.1,0.8166,-7.349,MAIDEN,LONGSHOT
202405040405,2歳新馬｜2024年10月14日 | 競馬データベース - netkeiba,シオーグ,13.0,0.1806,2.348,11,0,-1.0,1.3479999999999999,-1.0,0.0,234.79999999999998,0.1806,2.348,DEBUT,LONGSHOT
202405040406,3歳以上1勝クラス｜2024年10月14日 | 競馬データベース - netkeiba,グランプリショット,11.4,0.123,1.402,14,0,-1.0,0.4019999999999999,-1.0,0.0,140.2,0.123,1.402,CLASS_1W,LONGSHOT
202405040407,3歳以上2勝クラス｜2024年10月14日 | 競馬データベース - netkeiba,スズノマーベリック,28.7,0.0477,1.369,7,0,-1.0,0.369,-1.0,0.0,136.9,0.0477,1.369,CLASS_2W,DEEP_LONGSHOT
202405040408,3歳以上1勝クラス｜2024年10月14日 | 競馬データベース - netkeiba,シトラール,14.4,0.1225,1.764,5,0,-1.0,0.764,-1.0,0.0,176.4,0.1225,1.764,CLASS_1W,LONGSHOT
202405040409,プラタナス賞｜2024年10月14日 | 競馬データベース - netkeiba,タイヨウフレア,22.9,0.0865,1.981,7,0,-1.0,0.9810000000000001,-1.0,0.0,198.10000000000002,0.0865,1.981,SPECIAL,DEEP_LONGSHOT
202405040411,アイルランド府中牝馬｜2024年10月14日 | 競馬データベース - netkeiba,モリアーナ,8.6,0.1832,1.576,8,0,-1.0,0.5760000000000001,-1.0,0.0,157.6,0.1832,1.576,OTHER,LONGSHOT
202405040502,2歳未勝利｜2024年10月19日 | 競馬データベース - netkeiba,テリオスラキ,24.0,0.0856,2.054,11,0,-1.0,1.0539999999999998,-1.0,0.0,205.39999999999998,0.0856,2.054,MAIDEN,DEEP_LONGSHOT
202405040503,2歳未勝利｜2024年10月19日 | 競馬データベース - netkeiba,ニシノブレイゼスト,66.7,0.0329,2.194,6,0,-1.0,1.194,-1.0,0.0,219.4,0.0329,2.194,MAIDEN,DEEP_LONGSHOT
202405040505,2歳新馬｜2024年10月19日 | 競馬データベース - netkeiba,レイデアスール,30.8,0.0831,2.559,7,0,-1.0,1.5590000000000002,-1.0,0.0,255.9,0.0831,2.559,DEBUT,DEEP_LONGSHOT
202405040506,2歳新馬｜2024年10月19日 | 競馬データベース - netkeiba,ルトンワージ,14.2,0.109,1.548,7,0,-1.0,0.548,-1.0,0.0,154.8,0.109,1.548,DEBUT,LONGSHOT
202405040508,3歳以上2勝クラス｜2024年10月19日 | 競馬データベース - netkeiba,シャープソーン,22.5,0.105,2.362,7,0,-1.0,1.362,-1.0,0.0,236.20000000000002,0.105,2.362,CLASS_2W,DEEP_LONGSHOT
202405040509,アイビーステークス｜2024年10月19日 | 競馬データベース - netkeiba,パッションリッチ,29.2,0.0749,2.187,8,0,-1.0,1.1869999999999998,-1.0,0.0,218.7,0.0749,2.187,OPEN,DEEP_LONGSHOT
202405040510,神無月ステークス｜2024年10月19日 | 競馬データベース - netkeiba,ダノンブレット,6.1,0.2217,1.352,1,1,5.1,0.3520000000000001,5.1,610.0,135.20000000000002,0.7783,-4.747999999999999,OPEN,BALANCED
202405040512,3歳以上1勝クラス｜2024年10月19日 | 競馬データベース - netkeiba,ボルケーノ,9.0,0.1476,1.328,12,0,-1.0,0.32800000000000007,-1.0,0.0,132.8,0.1476,1.328,CLASS_1W,LONGSHOT
202405040602,2歳未勝利｜2024年10月20日 | 競馬データベース - netkeiba,ニシノヒナアラレ,12.2,0.1105,1.348,5,0,-1.0,0.3480000000000001,-1.0,0.0,134.8,0.1105,1.348,MAIDEN,LONGSHOT
202405040604,2歳新馬｜2024年10月20日 | 競馬データベース - netkeiba,ライズトゥザトップ,6.2,0.2489,1.543,8,0,-1.0,0.5429999999999999,-1.0,0.0,154.29999999999998,0.2489,1.543,DEBUT,BALANCED
202405040606,2歳1勝クラス｜2024年10月20日 | 競馬データベース - netkeiba,フレンドビーチ,36.2,0.0542,1.962,4,0,-1.0,0.962,-1.0,0.0,196.2,0.0542,1.962,CLASS_1W,DEEP_LONGSHOT
202405040607,3歳以上1勝クラス｜2024年10月20日 | 競馬データベース - netkeiba,ゴールデンオスカー,5.6,0.2459,1.377,1,1,4.6,0.377,4.6,560.0,137.7,0.7541,-4.223,CLASS_1W,BALANCED
202405040608,3歳以上1勝クラス｜2024年10月20日 | 競馬データベース - netkeiba,ニシノアウェイク,7.4,0.239,1.769,6,0,-1.0,0.7689999999999999,-1.0,0.0,176.89999999999998,0.239,1.769,CLASS_1W,BALANCED
202405040611,ブラジルカップ｜2024年10月20日 | 競馬データベース - netkeiba,リチュアル,5.9,0.2245,1.325,4,0,-1.0,0.32499999999999996,-1.0,0.0,132.5,0.2245,1.325,OTHER,BALANCED
202405040702,2歳未勝利｜2024年10月26日 | 競馬データベース - netkeiba,マイネルイグザルト,60.2,0.0373,2.245,10,0,-1.0,1.245,-1.0,0.0,224.5,0.0373,2.245,MAIDEN,DEEP_LONGSHOT
202405040703,2歳未勝利｜2024年10月26日 | 競馬データベース - netkeiba,プルシャプラ,57.8,0.03,1.734,5,0,-1.0,0.734,-1.0,0.0,173.4,0.03,1.734,MAIDEN,DEEP_LONGSHOT
202405040705,2歳新馬｜2024年10月26日 | 競馬データベース - netkeiba,ボンジュールアスク,44.1,0.0415,1.83,9,0,-1.0,0.8300000000000001,-1.0,0.0,183.0,0.0415,1.83,DEBUT,DEEP_LONGSHOT
202405040706,3歳以上1勝クラス｜2024年10月26日 | 競馬データベース - netkeiba,ヴァズレーヌ,15.1,0.1145,1.729,9,0,-1.0,0.7290000000000001,-1.0,0.0,172.9,0.1145,1.729,CLASS_1W,LONGSHOT
202405040707,3歳以上1勝クラス｜2024年10月26日 | 競馬データベース - netkeiba,フクノブルジュ,11.6,0.1506,1.747,1,1,10.6,0.7470000000000001,10.6,1160.0,174.70000000000002,0.8493999999999999,-9.853,CLASS_1W,LONGSHOT
202405040708,3歳以上1勝クラス｜2024年10月26日 | 競馬データベース - netkeiba,ツインクルステージ,44.6,0.0499,2.226,8,0,-1.0,1.226,-1.0,0.0,222.6,0.0499,2.226,CLASS_1W,DEEP_LONGSHOT
202405040709,伊勢佐木特別｜2024年10月26日 | 競馬データベース - netkeiba,ショウナンガロ,52.6,0.0276,1.452,9,0,-1.0,0.45199999999999996,-1.0,0.0,145.2,0.0276,1.452,SPECIAL,DEEP_LONGSHOT
202405040710,キングカメハメハM｜2024年10月26日 | 競馬データベース - netkeiba,シャイニングフジ,41.6,0.0346,1.439,7,0,-1.0,0.43900000000000006,-1.0,0.0,143.9,0.0346,1.439,OTHER,DEEP_LONGSHOT
202405040801,2歳未勝利｜2024年10月27日 | 競馬データベース - netkeiba,レイアポポ,20.0,0.0773,1.546,4,0,-1.0,0.546,-1.0,0.0,154.6,0.0773,1.546,MAIDEN,LONGSHOT
202405040802,2歳未勝利｜2024年10月27日 | 競馬データベース - netkeiba,リケアルフナ,166.8,0.0112,1.868,6,0,-1.0,0.8680000000000001,-1.0,0.0,186.8,0.0112,1.868,MAIDEN,DEEP_LONGSHOT
202405040803,2歳未勝利｜2024年10月27日 | 競馬データベース - netkeiba,ガーネットウインク,23.1,0.0643,1.485,4,0,-1.0,0.4850000000000001,-1.0,0.0,148.5,0.0643,1.485,MAIDEN,DEEP_LONGSHOT
202405040804,2歳新馬｜2024年10月27日 | 競馬データベース - netkeiba,フォルテム,32.9,0.0413,1.359,12,0,-1.0,0.359,-1.0,0.0,135.9,0.0413,1.359,DEBUT,DEEP_LONGSHOT
202405040805,2歳新馬｜2024年10月27日 | 競馬データベース - netkeiba,ブラックレイ,11.0,0.1383,1.521,7,0,-1.0,0.5209999999999999,-1.0,0.0,152.1,0.1383,1.521,DEBUT,LONGSHOT
202405040806,3歳以上1勝クラス｜2024年10月27日 | 競馬データベース - netkeiba,ドリームクルーズ,4.2,0.3225,1.354,8,0,-1.0,0.3540000000000001,-1.0,0.0,135.4,0.3225,1.354,CLASS_1W,BALANCED
202405040807,3歳以上1勝クラス｜2024年10月27日 | 競馬データベース - netkeiba,ホウオウフェイント,14.4,0.1143,1.646,4,0,-1.0,0.6459999999999999,-1.0,0.0,164.6,0.1143,1.646,CLASS_1W,LONGSHOT
202405040808,本栖湖特別｜2024年10月27日 | 競馬データベース - netkeiba,ローレルキャニオン,36.6,0.0702,2.569,5,0,-1.0,1.569,-1.0,0.0,256.9,0.0702,2.569,SPECIAL,DEEP_LONGSHOT
202405040809,国立特別｜2024年10月27日 | 競馬データベース - netkeiba,ハワイアンタイム,28.9,0.0498,1.439,7,0,-1.0,0.43900000000000006,-1.0,0.0,143.9,0.0498,1.439,SPECIAL,DEEP_LONGSHOT
202405040811,天皇賞(秋)｜2024年10月27日 | 競馬データベース - netkeiba,ベラジオオペラ,13.3,0.1157,1.539,6,0,-1.0,0.5389999999999999,-1.0,0.0,153.9,0.1157,1.539,SPECIAL,LONGSHOT
202405050101,2歳未勝利｜2024年11月2日 | 競馬データベース - netkeiba,ハコダテサンバ,35.7,0.037,1.321,5,0,-1.0,0.32099999999999995,-1.0,0.0,132.1,0.037,1.321,MAIDEN,DEEP_LONGSHOT
202405050102,2歳未勝利｜2024年11月2日 | 競馬データベース - netkeiba,オーシンブーケ,28.0,0.0467,1.308,7,0,-1.0,0.30800000000000005,-1.0,0.0,130.8,0.0467,1.308,MAIDEN,DEEP_LONGSHOT
202405050103,2歳未勝利｜2024年11月2日 | 競馬データベース - netkeiba,コスモシンテイ,37.7,0.0345,1.301,3,0,-1.0,0.30099999999999993,-1.0,0.0,130.1,0.0345,1.301,MAIDEN,DEEP_LONGSHOT
202405050104,2歳未勝利｜2024年11月2日 | 競馬データベース - netkeiba,マンボルンバ,23.3,0.0896,2.088,5,0,-1.0,1.088,-1.0,0.0,208.8,0.0896,2.088,MAIDEN,DEEP_LONGSHOT
202405050105,2歳新馬｜2024年11月2日 | 競馬データベース - netkeiba,エコログロス,19.6,0.0673,1.319,6,0,-1.0,0.31899999999999995,-1.0,0.0,131.9,0.0673,1.319,DEBUT,LONGSHOT
202405050108,秋陽ジャンプS｜2024年11月2日 | 競馬データベース - netkeiba,プラチナドリーム,83.9,0.0182,1.527,5,0,-1.0,0.5269999999999999,-1.0,0.0,152.7,0.0182,1.527,OTHER,DEEP_LONGSHOT
202405050109,神奈川新聞杯｜2024年11月2日 | 競馬データベース - netkeiba,ピュアキアン,7.1,0.1954,1.387,3,0,-1.0,0.387,-1.0,0.0,138.7,0.1954,1.387,OPEN,BALANCED
202405050112,3歳以上2勝クラス｜2024年11月2日 | 競馬データベース - netkeiba,ラーテル,48.3,0.0444,2.145,7,0,-1.0,1.145,-1.0,0.0,214.5,0.0444,2.145,CLASS_2W,DEEP_LONGSHOT
202405050203,2歳未勝利｜2024年11月3日 | 競馬データベース - netkeiba,アドマイヤフェニー,41.0,0.046,1.886,8,0,-1.0,0.8859999999999999,-1.0,0.0,188.6,0.046,1.886,MAIDEN,DEEP_LONGSHOT
202405050205,2歳新馬｜2024年11月3日 | 競馬データベース - netkeiba,ジェットエアー,30.0,0.0501,1.503,9,0,-1.0,0.5029999999999999,-1.0,0.0,150.29999999999998,0.0501,1.503,DEBUT,DEEP_LONGSHOT
202405050208,3歳以上2勝クラス｜2024年11月3日 | 競馬データベース - netkeiba,ミラキュラスライト,15.6,0.1151,1.796,4,0,-1.0,0.796,-1.0,0.0,179.6,0.1151,1.796,CLASS_2W,LONGSHOT
202405050209,百日草特別｜2024年11月3日 | 競馬データベース - netkeiba,ニシノタンギー,42.2,0.0458,1.933,7,0,-1.0,0.933,-1.0,0.0,193.3,0.0458,1.933,SPECIAL,DEEP_LONGSHOT
202405050212,3歳以上2勝クラス｜2024年11月3日 | 競馬データベース - netkeiba,テラステラ,10.9,0.1248,1.36,9,0,-1.0,0.3600000000000001,-1.0,0.0,136.0,0.1248,1.36,CLASS_2W,LONGSHOT
202405050301,2歳未勝利｜2024年11月9日 | 競馬データベース - netkeiba,ラーナローザ,10.8,0.1601,1.729,4,0,-1.0,0.7290000000000001,-1.0,0.0,172.9,0.1601,1.729,MAIDEN,LONGSHOT
202405050302,2歳未勝利｜2024年11月9日 | 競馬データベース - netkeiba,リケアダージリン,45.1,0.038,1.714,5,0,-1.0,0.714,-1.0,0.0,171.4,0.038,1.714,MAIDEN,DEEP_LONGSHOT
202405050303,2歳未勝利｜2024年11月9日 | 競馬データベース - netkeiba,ジュラ,55.8,0.0285,1.59,9,0,-1.0,0.5900000000000001,-1.0,0.0,159.0,0.0285,1.59,MAIDEN,DEEP_LONGSHOT
202405050304,2歳未勝利｜2024年11月9日 | 競馬データベース - netkeiba,ラントレイル,19.2,0.0761,1.461,10,0,-1.0,0.4610000000000001,-1.0,0.0,146.1,0.0761,1.461,MAIDEN,LONGSHOT
202405050305,2歳新馬｜2024年11月9日 | 競馬データベース - netkeiba,ノロシ,38.9,0.0517,2.011,9,0,-1.0,1.0110000000000001,-1.0,0.0,201.10000000000002,0.0517,2.011,DEBUT,DEEP_LONGSHOT
202405050306,2歳新馬｜2024年11月9日 | 競馬データベース - netkeiba,ロワゾブルー,59.4,0.0247,1.467,4,0,-1.0,0.4670000000000001,-1.0,0.0,146.70000000000002,0.0247,1.467,DEBUT,DEEP_LONGSHOT
202405050307,3歳以上1勝クラス｜2024年11月9日 | 競馬データベース - netkeiba,サトノアルペジオ,11.3,0.1252,1.415,2,0,-1.0,0.41500000000000004,-1.0,0.0,141.5,0.1252,1.415,CLASS_1W,LONGSHOT
202405050308,3歳以上2勝クラス｜2024年11月9日 | 競馬データベース - netkeiba,ライラスター,24.1,0.0543,1.309,6,0,-1.0,0.30899999999999994,-1.0,0.0,130.9,0.0543,1.309,CLASS_2W,DEEP_LONGSHOT
202405050309,オキザリス賞｜2024年11月9日 | 競馬データベース - netkeiba,ルークススペイ,12.4,0.1056,1.309,8,0,-1.0,0.30899999999999994,-1.0,0.0,130.9,0.1056,1.309,SPECIAL,LONGSHOT
202405050311,東京中日S杯武蔵野S｜2024年11月9日 | 競馬データベース - netkeiba,ペリエール,13.3,0.1218,1.62,3,0,-1.0,0.6200000000000001,-1.0,0.0,162.0,0.1218,1.62,OPEN,LONGSHOT
202405050402,2歳未勝利｜2024年11月10日 | 競馬データベース - netkeiba,セージブラッシュ,54.1,0.0351,1.899,6,0,-1.0,0.899,-1.0,0.0,189.9,0.0351,1.899,MAIDEN,DEEP_LONGSHOT
202405050404,2歳新馬｜2024年11月10日 | 競馬データベース - netkeiba,スカイスクレイパー,12.9,0.1101,1.42,10,0,-1.0,0.41999999999999993,-1.0,0.0,142.0,0.1101,1.42,DEBUT,LONGSHOT
202405050405,2歳新馬｜2024年11月10日 | 競馬データベース - netkeiba,ヤマニンパルフェ,41.7,0.0346,1.443,3,0,-1.0,0.44300000000000006,-1.0,0.0,144.3,0.0346,1.443,DEBUT,DEEP_LONGSHOT
202405050406,3歳以上1勝クラス｜2024年11月10日 | 競馬データベース - netkeiba,トクシーカイザー,12.8,0.1075,1.376,2,0,-1.0,0.3759999999999999,-1.0,0.0,137.6,0.1075,1.376,CLASS_1W,LONGSHOT
202405050408,3歳以上2勝クラス｜2024年11月10日 | 競馬データベース - netkeiba,ニシノコウフク,15.4,0.1204,1.854,6,0,-1.0,0.8540000000000001,-1.0,0.0,185.4,0.1204,1.854,CLASS_2W,LONGSHOT
202405050411,オーロカップ｜2024年11月10日 | 競馬データベース - netkeiba,シャドウフューリー,5.2,0.308,1.602,4,0,-1.0,0.6020000000000001,-1.0,0.0,160.20000000000002,0.308,1.602,OTHER,BALANCED
202405050503,2歳未勝利｜2024年11月16日 | 競馬データベース - netkeiba,フィーチャリング,58.6,0.0275,1.612,2,0,-1.0,0.6120000000000001,-1.0,0.0,161.20000000000002,0.0275,1.612,MAIDEN,DEEP_LONGSHOT
202405050505,2歳新馬｜2024年11月16日 | 競馬データベース - netkeiba,ミラクルダンサー,10.1,0.1856,1.875,4,0,-1.0,0.875,-1.0,0.0,187.5,0.1856,1.875,DEBUT,LONGSHOT
202405050506,2歳1勝クラス｜2024年11月16日 | 競馬データベース - netkeiba,ハニーアイリー,75.0,0.0299,2.242,10,0,-1.0,1.242,-1.0,0.0,224.2,0.0299,2.242,CLASS_1W,DEEP_LONGSHOT
202405050509,南武特別｜2024年11月16日 | 競馬データベース - netkeiba,ブロッケンボウ,19.6,0.0781,1.531,5,0,-1.0,0.5309999999999999,-1.0,0.0,153.1,0.0781,1.531,SPECIAL,LONGSHOT
202405050601,2歳未勝利｜2024年11月17日 | 競馬データベース - netkeiba,トリリオンボーイ,27.0,0.0567,1.531,2,0,-1.0,0.5309999999999999,-1.0,0.0,153.1,0.0567,1.531,MAIDEN,DEEP_LONGSHOT
202405050604,2歳新馬｜2024年11月17日 | 競馬データベース - netkeiba,タナハシ,9.6,0.156,1.498,8,0,-1.0,0.498,-1.0,0.0,149.8,0.156,1.498,DEBUT,LONGSHOT
202405050605,2歳新馬｜2024年11月17日 | 競馬データベース - netkeiba,ローレン,31.7,0.0536,1.699,4,0,-1.0,0.6990000000000001,-1.0,0.0,169.9,0.0536,1.699,DEBUT,DEEP_LONGSHOT
202405050609,3歳以上2勝クラス｜2024年11月17日 | 競馬データベース - netkeiba,ネイビースター,19.4,0.0855,1.659,14,0,-1.0,0.659,-1.0,0.0,165.9,0.0855,1.659,CLASS_2W,LONGSHOT
202405050701,2歳未勝利｜2024年11月23日 | 競馬データベース - netkeiba,キョウキランブ,20.3,0.1576,3.199,9,0,-1.0,2.199,-1.0,0.0,319.9,0.1576,3.199,MAIDEN,DEEP_LONGSHOT
202405050702,2歳未勝利｜2024年11月23日 | 競馬データベース - netkeiba,カシオペア,7.0,0.2,1.4,13,0,-1.0,0.3999999999999999,-1.0,0.0,140.0,0.2,1.4,MAIDEN,BALANCED
202405050703,2歳未勝利｜2024年11月23日 | 競馬データベース - netkeiba,ロワゾブルー,8.2,0.16,1.312,5,0,-1.0,0.31200000000000006,-1.0,0.0,131.20000000000002,0.16,1.312,MAIDEN,LONGSHOT
202405050704,2歳新馬｜2024年11月23日 | 競馬データベース - netkeiba,ソルレーヴ,18.0,0.0883,1.589,8,0,-1.0,0.589,-1.0,0.0,158.9,0.0883,1.589,DEBUT,LONGSHOT
202405050706,3歳以上1勝クラス｜2024年11月23日 | 競馬データベース - netkeiba,マスグラバイト,14.7,0.1159,1.704,3,0,-1.0,0.704,-1.0,0.0,170.4,0.1159,1.704,CLASS_1W,LONGSHOT
202405050708,3歳以上2勝クラス｜2024年11月23日 | 競馬データベース - netkeiba,ミッキーラッキー,8.0,0.2126,1.701,14,0,-1.0,0.7010000000000001,-1.0,0.0,170.1,0.2126,1.701,CLASS_2W,BALANCED
202405050801,2歳未勝利｜2024年11月24日 | 競馬データベース - netkeiba,ズットマツモト,17.1,0.0874,1.495,14,0,-1.0,0.4950000000000001,-1.0,0.0,149.5,0.0874,1.495,MAIDEN,LONGSHOT
202405050802,2歳未勝利｜2024年11月24日 | 競馬データベース - netkeiba,アサクサグレース,10.3,0.1489,1.534,6,0,-1.0,0.534,-1.0,0.0,153.4,0.1489,1.534,MAIDEN,LONGSHOT
202405050803,2歳未勝利｜2024年11月24日 | 競馬データベース - netkeiba,ダンツファイター,5.4,0.2734,1.476,1,1,4.4,0.476,4.4,540.0,147.6,0.7266,-3.9240000000000004,MAIDEN,BALANCED
202405050804,2歳未勝利｜2024年11月24日 | 競馬データベース - netkeiba,マーゴットフェスタ,48.6,0.0388,1.886,9,0,-1.0,0.8859999999999999,-1.0,0.0,188.6,0.0388,1.886,MAIDEN,DEEP_LONGSHOT
202405050805,2歳新馬｜2024年11月24日 | 競馬データベース - netkeiba,デルマアポロニア,24.7,0.0884,2.183,3,0,-1.0,1.1829999999999998,-1.0,0.0,218.29999999999998,0.0884,2.183,DEBUT,DEEP_LONGSHOT
202405050812,ジャパンカップ｜2024年11月24日 | 競馬データベース - netkeiba,ゴリアット,15.8,0.0903,1.427,6,0,-1.0,0.42700000000000005,-1.0,0.0,142.70000000000002,0.0903,1.427,OTHER,LONGSHOT
202406010102,3歳未勝利｜2024年1月6日 | 競馬データベース - netkeiba,ファイントパーズ,7.3,0.1888,1.378,1,1,6.3,0.3779999999999999,6.3,730.0,137.79999999999998,0.8112,-5.922,MAIDEN,BALANCED
202406010105,3歳未勝利｜2024年1月6日 | 競馬データベース - netkeiba,ジーティーオウジャ,34.3,0.0436,1.495,7,0,-1.0,0.4950000000000001,-1.0,0.0,149.5,0.0436,1.495,MAIDEN,DEEP_LONGSHOT
202406010107,3歳1勝クラス｜2024年1月6日 | 競馬データベース - netkeiba,クールベイビー,11.8,0.1306,1.541,7,0,-1.0,0.5409999999999999,-1.0,0.0,154.1,0.1306,1.541,CLASS_1W,LONGSHOT
202406010111,日刊スポ賞中山金杯｜2024年1月6日 | 競馬データベース - netkeiba,エピファニー,4.1,0.337,1.382,11,0,-1.0,0.3819999999999999,-1.0,0.0,138.2,0.337,1.382,OPEN,BALANCED
202406010202,3歳未勝利｜2024年1月7日 | 競馬データベース - netkeiba,ツインクルステージ,40.5,0.0519,2.102,10,0,-1.0,1.1019999999999999,-1.0,0.0,210.2,0.0519,2.102,MAIDEN,DEEP_LONGSHOT
202406010203,3歳未勝利｜2024年1月7日 | 競馬データベース - netkeiba,エイブラムス,8.0,0.1965,1.572,7,0,-1.0,0.5720000000000001,-1.0,0.0,157.20000000000002,0.1965,1.572,MAIDEN,BALANCED
202406010204,障害4歳以上未勝利｜2024年1月7日 | 競馬データベース - netkeiba,ルレーヴドゥリリ,13.3,0.1331,1.77,6,0,-1.0,0.77,-1.0,0.0,177.0,0.1331,1.77,JUMP,LONGSHOT
202406010206,3歳新馬｜2024年1月7日 | 競馬データベース - netkeiba,ヘヴンズクライ,9.2,0.1431,1.317,3,0,-1.0,0.31699999999999995,-1.0,0.0,131.7,0.1431,1.317,DEBUT,LONGSHOT
202406010207,3歳1勝クラス｜2024年1月7日 | 競馬データベース - netkeiba,サンダーアラート,19.2,0.0768,1.475,9,0,-1.0,0.4750000000000001,-1.0,0.0,147.5,0.0768,1.475,CLASS_1W,LONGSHOT
202406010212,4歳以上2勝クラス｜2024年1月7日 | 競馬データベース - netkeiba,トモジャミ,6.6,0.257,1.696,9,0,-1.0,0.696,-1.0,0.0,169.6,0.257,1.696,CLASS_2W,BALANCED
202406010307,4歳以上1勝クラス｜2024年1月8日 | 競馬データベース - netkeiba,リングストゥワイス,12.7,0.1658,2.106,8,0,-1.0,1.1059999999999999,-1.0,0.0,210.6,0.1658,2.106,CLASS_1W,LONGSHOT
202406010308,中山新春ジャンプS｜2024年1月8日 | 競馬データベース - netkeiba,メモリーズオブユー,8.7,0.1909,1.661,4,0,-1.0,0.661,-1.0,0.0,166.1,0.1909,1.661,OTHER,LONGSHOT
202406010402,3歳未勝利｜2024年1月13日 | 競馬データベース - netkeiba,サノノゴールド,10.8,0.2162,2.335,3,0,-1.0,1.335,-1.0,0.0,233.5,0.2162,2.335,MAIDEN,LONGSHOT
202406010403,3歳未勝利｜2024年1月13日 | 競馬データベース - netkeiba,グレートスピリット,43.2,0.0318,1.374,9,0,-1.0,0.3740000000000001,-1.0,0.0,137.4,0.0318,1.374,MAIDEN,DEEP_LONGSHOT
202406010404,3歳新馬｜2024年1月13日 | 競馬データベース - netkeiba,アスクハッピーモア,7.2,0.1859,1.338,2,0,-1.0,0.3380000000000001,-1.0,0.0,133.8,0.1859,1.338,DEBUT,BALANCED
202406010406,3歳未勝利｜2024年1月13日 | 競馬データベース - netkeiba,ベンサレム,12.1,0.1546,1.871,3,0,-1.0,0.871,-1.0,0.0,187.1,0.1546,1.871,MAIDEN,LONGSHOT
202406010407,4歳以上1勝クラス｜2024年1月13日 | 競馬データベース - netkeiba,サパテアール,4.3,0.3068,1.319,3,0,-1.0,0.31899999999999995,-1.0,0.0,131.9,0.3068,1.319,CLASS_1W,BALANCED
202406010408,4歳以上2勝クラス｜2024年1月13日 | 競馬データベース - netkeiba,ヤングワールド,5.3,0.309,1.638,4,0,-1.0,0.6379999999999999,-1.0,0.0,163.79999999999998,0.309,1.638,CLASS_2W,BALANCED
202406010409,菜の花賞｜2024年1月13日 | 競馬データベース - netkeiba,カイトグート,38.2,0.0347,1.326,7,0,-1.0,0.32600000000000007,-1.0,0.0,132.6,0.0347,1.326,SPECIAL,DEEP_LONGSHOT
202406010503,3歳新馬｜2024年1月14日 | 競馬データベース - netkeiba,サベージラヴ,22.9,0.0661,1.514,12,0,-1.0,0.514,-1.0,0.0,151.4,0.0661,1.514,DEBUT,DEEP_LONGSHOT
202406010504,3歳新馬｜2024年1月14日 | 競馬データベース - netkeiba,グランナヴィール,42.2,0.0328,1.384,7,0,-1.0,0.3839999999999999,-1.0,0.0,138.39999999999998,0.0328,1.384,DEBUT,DEEP_LONGSHOT
202406010505,3歳未勝利｜2024年1月14日 | 競馬データベース - netkeiba,グラビティブラスト,40.2,0.0445,1.789,16,0,-1.0,0.7889999999999999,-1.0,0.0,178.9,0.0445,1.789,MAIDEN,DEEP_LONGSHOT
202406010508,4歳以上2勝クラス｜2024年1月14日 | 競馬データベース - netkeiba,オセアフラッグ,26.3,0.0784,2.062,5,0,-1.0,1.0619999999999998,-1.0,0.0,206.2,0.0784,2.062,CLASS_2W,DEEP_LONGSHOT
202406010511,京成杯｜2024年1月14日 | 競馬データベース - netkeiba,グローリーアテイン,26.1,0.086,2.245,14,0,-1.0,1.245,-1.0,0.0,224.5,0.086,2.245,OPEN,DEEP_LONGSHOT
202406010601,3歳未勝利｜2024年1月20日 | 競馬データベース - netkeiba,ヨリナエスポワール,7.0,0.2059,1.441,3,0,-1.0,0.44100000000000006,-1.0,0.0,144.1,0.2059,1.441,MAIDEN,BALANCED
202406010602,3歳未勝利｜2024年1月20日 | 競馬データベース - netkeiba,カルマンフィルター,8.0,0.2425,1.94,14,0,-1.0,0.94,-1.0,0.0,194.0,0.2425,1.94,MAIDEN,BALANCED
202406010606,3歳未勝利｜2024年1月20日 | 競馬データベース - netkeiba,ロードレヴェランス,29.3,0.0549,1.609,6,0,-1.0,0.609,-1.0,0.0,160.9,0.0549,1.609,MAIDEN,DEEP_LONGSHOT
202406010609,初茜賞｜2024年1月20日 | 競馬データベース - netkeiba,スマイルオンミー,23.4,0.0744,1.741,10,0,-1.0,0.7410000000000001,-1.0,0.0,174.10000000000002,0.0744,1.741,SPECIAL,DEEP_LONGSHOT
202406010610,東雲賞｜2024年1月20日 | 競馬データベース - netkeiba,ラエール,17.6,0.103,1.813,8,0,-1.0,0.813,-1.0,0.0,181.29999999999998,0.103,1.813,SPECIAL,LONGSHOT
202406010611,初富士ステークス｜2024年1月20日 | 競馬データベース - netkeiba,ルドヴィクス,16.2,0.0872,1.413,10,0,-1.0,0.41300000000000003,-1.0,0.0,141.3,0.0872,1.413,OPEN,LONGSHOT
202406010612,4歳以上1勝クラス｜2024年1月20日 | 競馬データベース - netkeiba,サトノトルネード,4.5,0.3225,1.451,1,1,3.5,0.45100000000000007,3.5,450.0,145.1,0.6775,-3.049,CLASS_1W,BALANCED
202406010701,3歳未勝利｜2024年1月21日 | 競馬データベース - netkeiba,フォクシー,17.5,0.099,1.733,4,0,-1.0,0.7330000000000001,-1.0,0.0,173.3,0.099,1.733,MAIDEN,LONGSHOT
202406010705,3歳未勝利｜2024年1月21日 | 競馬データベース - netkeiba,ヘヴンズクライ,9.3,0.1412,1.313,9,0,-1.0,0.31299999999999994,-1.0,0.0,131.29999999999998,0.1412,1.313,MAIDEN,LONGSHOT
202406010708,4歳以上2勝クラス｜2024年1月21日 | 競馬データベース - netkeiba,パルデンス,8.6,0.1727,1.485,1,1,7.6,0.4850000000000001,7.6,860.0,148.5,0.8273,-7.114999999999999,CLASS_2W,LONGSHOT
202406010709,若竹賞｜2024年1月21日 | 競馬データベース - netkeiba,ルカランフィースト,14.7,0.1202,1.767,1,1,13.7,0.7669999999999999,13.7,1470.0,176.7,0.8798,-12.933,SPECIAL,LONGSHOT
202406020101,3歳未勝利｜2024年2月24日 | 競馬データベース - netkeiba,スケルツォ,23.0,0.0653,1.502,15,0,-1.0,0.502,-1.0,0.0,150.2,0.0653,1.502,MAIDEN,DEEP_LONGSHOT
202406020102,3歳未勝利｜2024年2月24日 | 競馬データベース - netkeiba,ロゴサウンド,29.7,0.0557,1.654,13,0,-1.0,0.6539999999999999,-1.0,0.0,165.39999999999998,0.0557,1.654,MAIDEN,DEEP_LONGSHOT
202406020105,3歳未勝利｜2024年2月24日 | 競馬データベース - netkeiba,アオイミモザ,13.8,0.1338,1.846,4,0,-1.0,0.8460000000000001,-1.0,0.0,184.60000000000002,0.1338,1.846,MAIDEN,LONGSHOT
202406020106,3歳未勝利｜2024年2月24日 | 競馬データベース - netkeiba,シャドウルパン,11.7,0.2088,2.443,4,0,-1.0,1.443,-1.0,0.0,244.3,0.2088,2.443,MAIDEN,LONGSHOT
202406020107,3歳1勝クラス｜2024年2月24日 | 競馬データベース - netkeiba,ジュンパワフル,67.6,0.0218,1.474,8,0,-1.0,0.474,-1.0,0.0,147.4,0.0218,1.474,CLASS_1W,DEEP_LONGSHOT
202406020108,4歳以上1勝クラス｜2024年2月24日 | 競馬データベース - netkeiba,ブライテストドーン,13.1,0.1358,1.779,5,0,-1.0,0.7789999999999999,-1.0,0.0,177.89999999999998,0.1358,1.779,CLASS_1W,LONGSHOT
202406020109,水仙賞｜2024年2月24日 | 競馬データベース - netkeiba,アースイオス,63.8,0.0415,2.648,7,0,-1.0,1.6480000000000001,-1.0,0.0,264.8,0.0415,2.648,SPECIAL,DEEP_LONGSHOT
202406020110,富里特別｜2024年2月24日 | 競馬データベース - netkeiba,ラエール,40.9,0.0431,1.763,11,0,-1.0,0.7629999999999999,-1.0,0.0,176.29999999999998,0.0431,1.763,SPECIAL,DEEP_LONGSHOT
202406020201,3歳未勝利｜2024年2月25日 | 競馬データベース - netkeiba,ライクファーザー,3.7,0.3654,1.352,4,0,-1.0,0.3520000000000001,-1.0,0.0,135.20000000000002,0.3654,1.352,MAIDEN,FAVORITE_TO_BALANCED
202406020203,3歳未勝利｜2024年2月25日 | 競馬データベース - netkeiba,レッドラウル,18.6,0.0901,1.676,7,0,-1.0,0.6759999999999999,-1.0,0.0,167.6,0.0901,1.676,MAIDEN,LONGSHOT
202406020205,3歳未勝利｜2024年2月25日 | 競馬データベース - netkeiba,アムンラー,21.3,0.0931,1.983,3,0,-1.0,0.9830000000000001,-1.0,0.0,198.3,0.0931,1.983,MAIDEN,DEEP_LONGSHOT
202406020207,4歳以上1勝クラス｜2024年2月25日 | 競馬データベース - netkeiba,メダルラッシュ,23.6,0.0574,1.355,10,0,-1.0,0.355,-1.0,0.0,135.5,0.0574,1.355,CLASS_1W,DEEP_LONGSHOT
202406020209,デイジー賞｜2024年2月25日 | 競馬データベース - netkeiba,ティンク,4.9,0.315,1.544,3,0,-1.0,0.544,-1.0,0.0,154.4,0.315,1.544,SPECIAL,BALANCED
202406020211,中山記念｜2024年2月25日 | 競馬データベース - netkeiba,ジオグリフ,10.0,0.1305,1.305,3,0,-1.0,0.30499999999999994,-1.0,0.0,130.5,0.1305,1.305,OPEN,LONGSHOT
202406020212,4歳以上2勝クラス｜2024年2月25日 | 競馬データベース - netkeiba,スマートアイ,6.1,0.271,1.653,9,0,-1.0,0.653,-1.0,0.0,165.3,0.271,1.653,CLASS_2W,BALANCED
202406020301,3歳未勝利｜2024年3月2日 | 競馬データベース - netkeiba,サンマルブーケ,25.2,0.0847,2.134,4,0,-1.0,1.134,-1.0,0.0,213.39999999999998,0.0847,2.134,MAIDEN,DEEP_LONGSHOT
202406020302,3歳未勝利｜2024年3月2日 | 競馬データベース - netkeiba,ナムラドーギー,16.7,0.1156,1.931,12,0,-1.0,0.931,-1.0,0.0,193.1,0.1156,1.931,MAIDEN,LONGSHOT
202406020303,3歳未勝利｜2024年3月2日 | 競馬データベース - netkeiba,ギガストーム,22.4,0.0901,2.018,6,0,-1.0,1.0179999999999998,-1.0,0.0,201.79999999999998,0.0901,2.018,MAIDEN,DEEP_LONGSHOT
202406020305,3歳未勝利｜2024年3月2日 | 競馬データベース - netkeiba,ウェイトゥザドーン,14.0,0.113,1.582,4,0,-1.0,0.5820000000000001,-1.0,0.0,158.20000000000002,0.113,1.582,MAIDEN,LONGSHOT
202406020307,4歳以上1勝クラス｜2024年3月2日 | 競馬データベース - netkeiba,トロピカルヒーロー,15.2,0.0991,1.506,4,0,-1.0,0.506,-1.0,0.0,150.6,0.0991,1.506,CLASS_1W,LONGSHOT
202406020310,上総ステークス｜2024年3月2日 | 競馬データベース - netkeiba,イーサンバーニング,16.8,0.1278,2.147,11,0,-1.0,1.1469999999999998,-1.0,0.0,214.7,0.1278,2.147,OPEN,LONGSHOT
202406020311,夕刊フジオーシャンS｜2024年3月2日 | 競馬データベース - netkeiba,バースクライ,8.7,0.176,1.531,3,0,-1.0,0.5309999999999999,-1.0,0.0,153.1,0.176,1.531,OTHER,LONGSHOT
202406020312,4歳以上2勝クラス｜2024年3月2日 | 競馬データベース - netkeiba,プラウドヘリテージ,6.1,0.2357,1.438,2,0,-1.0,0.43799999999999994,-1.0,0.0,143.79999999999998,0.2357,1.438,CLASS_2W,BALANCED
202406020401,3歳未勝利｜2024年3月3日 | 競馬データベース - netkeiba,ナミダノキス,32.3,0.056,1.809,9,0,-1.0,0.8089999999999999,-1.0,0.0,180.9,0.056,1.809,MAIDEN,DEEP_LONGSHOT
202406020402,3歳未勝利｜2024年3月3日 | 競馬データベース - netkeiba,サユリバナ,15.2,0.1251,1.902,5,0,-1.0,0.9019999999999999,-1.0,0.0,190.2,0.1251,1.902,MAIDEN,LONGSHOT
202406020406,3歳未勝利｜2024年3月3日 | 競馬データベース - netkeiba,ユキワリザクラ,18.0,0.1026,1.847,1,1,17.0,0.847,17.0,1800.0,184.7,0.8974,-16.153,MAIDEN,LONGSHOT
202406020407,4歳以上1勝クラス｜2024年3月3日 | 競馬データベース - netkeiba,ベイビールビオ,19.7,0.0803,1.582,2,0,-1.0,0.5820000000000001,-1.0,0.0,158.20000000000002,0.0803,1.582,CLASS_1W,LONGSHOT
202406020408,4歳以上2勝クラス｜2024年3月3日 | 競馬データベース - netkeiba,ステラバルセロナ,35.8,0.0555,1.987,6,0,-1.0,0.9870000000000001,-1.0,0.0,198.70000000000002,0.0555,1.987,CLASS_2W,DEEP_LONGSHOT
202406020410,総武ステークス｜2024年3月3日 | 競馬データベース - netkeiba,デリカダ,9.9,0.1648,1.632,6,0,-1.0,0.6319999999999999,-1.0,0.0,163.2,0.1648,1.632,OPEN,LONGSHOT
202406020411,報知弥生ディープ記念｜2024年3月3日 | 競馬データベース - netkeiba,コスモキュランダ,34.9,0.0501,1.748,1,1,33.9,0.748,33.9,3490.0,174.8,0.9499,-33.152,OPEN,DEEP_LONGSHOT
202406020412,4歳以上2勝クラス｜2024年3月3日 | 競馬データベース - netkeiba,キョウエイカンフ,8.4,0.1655,1.39,5,0,-1.0,0.3899999999999999,-1.0,0.0,139.0,0.1655,1.39,CLASS_2W,LONGSHOT
202406020502,3歳未勝利｜2024年3月9日 | 競馬データベース - netkeiba,ダイチジェム,16.4,0.091,1.492,11,0,-1.0,0.492,-1.0,0.0,149.2,0.091,1.492,MAIDEN,LONGSHOT
202406020503,3歳未勝利｜2024年3月9日 | 競馬データベース - netkeiba,サッチャーテソーロ,21.9,0.0999,2.188,5,0,-1.0,1.1880000000000002,-1.0,0.0,218.8,0.0999,2.188,MAIDEN,DEEP_LONGSHOT
202406020505,3歳未勝利｜2024年3月9日 | 競馬データベース - netkeiba,ヴィントシュティレ,6.4,0.212,1.357,4,0,-1.0,0.357,-1.0,0.0,135.7,0.212,1.357,MAIDEN,BALANCED
202406020506,3歳未勝利｜2024年3月9日 | 競馬データベース - netkeiba,ランドマックス,7.8,0.1695,1.322,3,0,-1.0,0.32200000000000006,-1.0,0.0,132.20000000000002,0.1695,1.322,MAIDEN,BALANCED
202406020507,3歳1勝クラス｜2024年3月9日 | 競馬データベース - netkeiba,サトノオラシオン,7.9,0.2304,1.82,8,0,-1.0,0.8200000000000001,-1.0,0.0,182.0,0.2304,1.82,CLASS_1W,BALANCED
202406020509,鎌ケ谷特別｜2024年3月9日 | 競馬データベース - netkeiba,エリンアキレウス,8.1,0.1777,1.439,10,0,-1.0,0.43900000000000006,-1.0,0.0,143.9,0.1777,1.439,SPECIAL,LONGSHOT
202406020511,中山牝馬ステークス｜2024年3月9日 | 競馬データベース - netkeiba,ヒップホップソウル,6.0,0.2416,1.45,16,0,-1.0,0.44999999999999996,-1.0,0.0,145.0,0.2416,1.45,OPEN,BALANCED
202406020512,4歳以上2勝クラス｜2024年3月9日 | 競馬データベース - netkeiba,トールキン,6.5,0.2595,1.687,5,0,-1.0,0.687,-1.0,0.0,168.70000000000002,0.2595,1.687,CLASS_2W,BALANCED
202406020601,3歳未勝利｜2024年3月10日 | 競馬データベース - netkeiba,ムーンライトデイ,6.7,0.213,1.427,7,0,-1.0,0.42700000000000005,-1.0,0.0,142.70000000000002,0.213,1.427,MAIDEN,BALANCED
202406020602,3歳未勝利｜2024年3月10日 | 競馬データベース - netkeiba,フェスティヴルディ,42.2,0.0334,1.409,4,0,-1.0,0.40900000000000003,-1.0,0.0,140.9,0.0334,1.409,MAIDEN,DEEP_LONGSHOT
202406020604,障害4歳以上未勝利｜2024年3月10日 | 競馬データベース - netkeiba,カイトレッド,8.6,0.1629,1.401,4,0,-1.0,0.401,-1.0,0.0,140.1,0.1629,1.401,JUMP,LONGSHOT
202406020607,3歳1勝クラス｜2024年3月10日 | 競馬データベース - netkeiba,レザンノワール,7.9,0.1763,1.393,5,0,-1.0,0.393,-1.0,0.0,139.3,0.1763,1.393,CLASS_1W,BALANCED
202406020701,3歳未勝利｜2024年3月16日 | 競馬データベース - netkeiba,イーストオブエデン,7.2,0.2455,1.768,14,0,-1.0,0.768,-1.0,0.0,176.8,0.2455,1.768,MAIDEN,BALANCED
202406020702,3歳未勝利｜2024年3月16日 | 競馬データベース - netkeiba,サノノゴールド,9.6,0.1665,1.598,4,0,-1.0,0.5980000000000001,-1.0,0.0,159.8,0.1665,1.598,MAIDEN,LONGSHOT
202406020703,3歳未勝利｜2024年3月16日 | 競馬データベース - netkeiba,ヴェサリウス,12.3,0.1598,1.966,2,0,-1.0,0.966,-1.0,0.0,196.6,0.1598,1.966,MAIDEN,LONGSHOT
202406020704,3歳未勝利｜2024年3月16日 | 競馬データベース - netkeiba,ワオン,27.8,0.0557,1.548,5,0,-1.0,0.548,-1.0,0.0,154.8,0.0557,1.548,MAIDEN,DEEP_LONGSHOT
202406020705,3歳未勝利｜2024年3月16日 | 競馬データベース - netkeiba,グランドブレーカー,63.9,0.0274,1.751,13,0,-1.0,0.7509999999999999,-1.0,0.0,175.1,0.0274,1.751,MAIDEN,DEEP_LONGSHOT
202406020706,3歳1勝クラス｜2024年3月16日 | 競馬データベース - netkeiba,グローリーアテイン,14.6,0.1338,1.953,3,0,-1.0,0.9530000000000001,-1.0,0.0,195.3,0.1338,1.953,CLASS_1W,LONGSHOT
202406020708,ペガサスジャンプS｜2024年3月16日 | 競馬データベース - netkeiba,アサクサゲンキ,7.2,0.2129,1.533,2,0,-1.0,0.5329999999999999,-1.0,0.0,153.29999999999998,0.2129,1.533,OTHER,BALANCED
202406020709,館山特別｜2024年3月16日 | 競馬データベース - netkeiba,ボーンイングランデ,28.2,0.0688,1.94,10,0,-1.0,0.94,-1.0,0.0,194.0,0.0688,1.94,SPECIAL,DEEP_LONGSHOT
202406020712,4歳以上2勝クラス｜2024年3月16日 | 競馬データベース - netkeiba,ヤングワールド,5.1,0.3207,1.636,14,0,-1.0,0.6359999999999999,-1.0,0.0,163.6,0.3207,1.636,CLASS_2W,BALANCED
202406020803,3歳未勝利｜2024年3月17日 | 競馬データベース - netkeiba,ラファールドール,31.2,0.1051,3.279,3,0,-1.0,2.279,-1.0,0.0,327.9,0.1051,3.279,MAIDEN,DEEP_LONGSHOT
202406020804,3歳1勝クラス｜2024年3月17日 | 競馬データベース - netkeiba,バロン,14.6,0.1677,2.448,4,0,-1.0,1.448,-1.0,0.0,244.79999999999998,0.1677,2.448,CLASS_1W,LONGSHOT
202406020805,3歳未勝利｜2024年3月17日 | 競馬データベース - netkeiba,アムンラー,21.7,0.0671,1.456,5,0,-1.0,0.45599999999999996,-1.0,0.0,145.6,0.0671,1.456,MAIDEN,DEEP_LONGSHOT
202406020808,4歳以上2勝クラス｜2024年3月17日 | 競馬データベース - netkeiba,ボルタドマール,36.3,0.08,2.904,2,0,-1.0,1.904,-1.0,0.0,290.4,0.08,2.904,CLASS_2W,DEEP_LONGSHOT
202406020812,4歳以上2勝クラス｜2024年3月17日 | 競馬データベース - netkeiba,シャンバラ,8.6,0.177,1.522,7,0,-1.0,0.522,-1.0,0.0,152.2,0.177,1.522,CLASS_2W,LONGSHOT
202406030102,3歳未勝利｜2024年3月23日 | 競馬データベース - netkeiba,シャドウルパン,13.6,0.1133,1.541,4,0,-1.0,0.5409999999999999,-1.0,0.0,154.1,0.1133,1.541,MAIDEN,LONGSHOT
202406030105,3歳1勝クラス｜2024年3月23日 | 競馬データベース - netkeiba,クールベイビー,13.3,0.127,1.689,5,0,-1.0,0.6890000000000001,-1.0,0.0,168.9,0.127,1.689,CLASS_1W,LONGSHOT
202406030106,3歳1勝クラス｜2024年3月23日 | 競馬データベース - netkeiba,アルマーレシチー,25.2,0.0615,1.55,4,0,-1.0,0.55,-1.0,0.0,155.0,0.0615,1.55,CLASS_1W,DEEP_LONGSHOT
202406030109,ブラッドストーンS｜2024年3月23日 | 競馬データベース - netkeiba,シアージスト,4.2,0.3457,1.452,1,1,3.2,0.45199999999999996,3.2,420.0,145.2,0.6543,-2.748,OTHER,BALANCED
202406030201,3歳未勝利｜2024年3月24日 | 競馬データベース - netkeiba,ノルディア,7.8,0.1742,1.359,13,0,-1.0,0.359,-1.0,0.0,135.9,0.1742,1.359,MAIDEN,BALANCED
202406030204,障害4歳以上未勝利｜2024年3月24日 | 競馬データベース - netkeiba,シゲルヒラトリ,20.1,0.0973,1.956,2,0,-1.0,0.956,-1.0,0.0,195.6,0.0973,1.956,JUMP,DEEP_LONGSHOT
202406030206,3歳1勝クラス｜2024年3月24日 | 競馬データベース - netkeiba,マイネルディレクト,5.7,0.2425,1.382,4,0,-1.0,0.3819999999999999,-1.0,0.0,138.2,0.2425,1.382,CLASS_1W,BALANCED
202406030207,4歳以上1勝クラス｜2024年3月24日 | 競馬データベース - netkeiba,ジーククローネ,20.1,0.1013,2.036,7,0,-1.0,1.036,-1.0,0.0,203.6,0.1013,2.036,CLASS_1W,DEEP_LONGSHOT
202406030208,ミモザ賞｜2024年3月24日 | 競馬データベース - netkeiba,エリカリーシャン,20.9,0.0652,1.363,4,0,-1.0,0.363,-1.0,0.0,136.3,0.0652,1.363,SPECIAL,DEEP_LONGSHOT
202406030210,春興ステークス｜2024年3月24日 | 競馬データベース - netkeiba,ラケマーダ,14.1,0.097,1.368,3,0,-1.0,0.3680000000000001,-1.0,0.0,136.8,0.097,1.368,OPEN,LONGSHOT
202406030301,3歳未勝利｜2024年3月30日 | 競馬データベース - netkeiba,ビーナスライズ,15.3,0.0989,1.513,3,0,-1.0,0.5129999999999999,-1.0,0.0,151.29999999999998,0.0989,1.513,MAIDEN,LONGSHOT
202406030302,3歳未勝利｜2024年3月30日 | 競馬データベース - netkeiba,ダイユウグラフ,69.5,0.0192,1.334,13,0,-1.0,0.3340000000000001,-1.0,0.0,133.4,0.0192,1.334,MAIDEN,DEEP_LONGSHOT
202406030303,3歳未勝利｜2024年3月30日 | 競馬データベース - netkeiba,レオボヌール,47.3,0.0383,1.812,3,0,-1.0,0.812,-1.0,0.0,181.20000000000002,0.0383,1.812,MAIDEN,DEEP_LONGSHOT
202406030306,3歳未勝利｜2024年3月30日 | 競馬データベース - netkeiba,ダイアヴィック,27.1,0.0883,2.393,8,0,-1.0,1.3929999999999998,-1.0,0.0,239.29999999999998,0.0883,2.393,MAIDEN,DEEP_LONGSHOT
202406030307,4歳以上1勝クラス｜2024年3月30日 | 競馬データベース - netkeiba,スペシャリスト,19.5,0.0775,1.511,5,0,-1.0,0.5109999999999999,-1.0,0.0,151.1,0.0775,1.511,CLASS_1W,LONGSHOT
202406030308,4歳以上2勝クラス｜2024年3月30日 | 競馬データベース - netkeiba,ボルタドマール,29.9,0.0616,1.842,12,0,-1.0,0.8420000000000001,-1.0,0.0,184.20000000000002,0.0616,1.842,CLASS_2W,DEEP_LONGSHOT
202406030311,ダービー卿チャレンジ｜2024年3月30日 | 競馬データベース - netkeiba,ニシノスーベニア,6.7,0.2108,1.412,4,0,-1.0,0.4119999999999999,-1.0,0.0,141.2,0.2108,1.412,OTHER,BALANCED
202406030312,4歳以上1勝クラス｜2024年3月30日 | 競馬データベース - netkeiba,ゲキザル,9.5,0.1609,1.529,2,0,-1.0,0.5289999999999999,-1.0,0.0,152.89999999999998,0.1609,1.529,CLASS_1W,LONGSHOT
202406030402,3歳未勝利｜2024年3月31日 | 競馬データベース - netkeiba,レオスパーク,33.8,0.0789,2.667,7,0,-1.0,1.6669999999999998,-1.0,0.0,266.7,0.0789,2.667,MAIDEN,DEEP_LONGSHOT
202406030403,3歳未勝利｜2024年3月31日 | 競馬データベース - netkeiba,ブルズアイ,10.4,0.1922,1.999,4,0,-1.0,0.9990000000000001,-1.0,0.0,199.9,0.1922,1.999,MAIDEN,LONGSHOT
202406030404,障害4歳以上未勝利｜2024年3月31日 | 競馬データベース - netkeiba,ルレーヴドゥリリ,30.7,0.0558,1.713,3,0,-1.0,0.7130000000000001,-1.0,0.0,171.3,0.0558,1.713,JUMP,DEEP_LONGSHOT
202406030407,3歳1勝クラス｜2024年3月31日 | 競馬データベース - netkeiba,レゲエビーチ,15.9,0.0843,1.34,6,0,-1.0,0.3400000000000001,-1.0,0.0,134.0,0.0843,1.34,CLASS_1W,LONGSHOT
202406030408,4歳以上1勝クラス｜2024年3月31日 | 競馬データベース - netkeiba,アンタノバラード,11.8,0.1117,1.318,5,0,-1.0,0.31800000000000006,-1.0,0.0,131.8,0.1117,1.318,CLASS_1W,LONGSHOT
202406030409,安房特別｜2024年3月31日 | 競馬データベース - netkeiba,マイネルメサイア,9.0,0.1717,1.545,5,0,-1.0,0.5449999999999999,-1.0,0.0,154.5,0.1717,1.545,SPECIAL,LONGSHOT
202406030410,アリエスステークス｜2024年3月31日 | 競馬データベース - netkeiba,ヘニータイフーン,11.9,0.2072,2.466,14,0,-1.0,1.4660000000000002,-1.0,0.0,246.60000000000002,0.2072,2.466,OPEN,LONGSHOT
202406030411,美浦ステークス｜2024年3月31日 | 競馬データベース - netkeiba,アレグロモデラート,9.0,0.1702,1.532,15,0,-1.0,0.532,-1.0,0.0,153.2,0.1702,1.532,OPEN,LONGSHOT
202406030412,4歳以上2勝クラス｜2024年3月31日 | 競馬データベース - netkeiba,アイファースキャン,14.9,0.0901,1.342,15,0,-1.0,0.3420000000000001,-1.0,0.0,134.20000000000002,0.0901,1.342,CLASS_2W,LONGSHOT
202406030501,3歳未勝利｜2024年4月6日 | 競馬データベース - netkeiba,クーデピンヌ,27.4,0.076,2.082,10,0,-1.0,1.0819999999999999,-1.0,0.0,208.2,0.076,2.082,MAIDEN,DEEP_LONGSHOT
202406030502,3歳未勝利｜2024年4月6日 | 競馬データベース - netkeiba,ガラシュ,8.1,0.235,1.903,13,0,-1.0,0.903,-1.0,0.0,190.3,0.235,1.903,MAIDEN,LONGSHOT
202406030503,3歳未勝利｜2024年4月6日 | 競馬データベース - netkeiba,ローンウルフ,6.2,0.2533,1.57,6,0,-1.0,0.5700000000000001,-1.0,0.0,157.0,0.2533,1.57,MAIDEN,BALANCED
202406030505,3歳未勝利｜2024年4月6日 | 競馬データベース - netkeiba,ダイユウハミルトン,10.0,0.185,1.85,12,0,-1.0,0.8500000000000001,-1.0,0.0,185.0,0.185,1.85,MAIDEN,LONGSHOT
202406030506,3歳未勝利｜2024年4月6日 | 競馬データベース - netkeiba,プルメリアクヒオ,56.2,0.0262,1.472,2,0,-1.0,0.472,-1.0,0.0,147.2,0.0262,1.472,MAIDEN,DEEP_LONGSHOT
202406030507,3歳1勝クラス｜2024年4月6日 | 競馬データベース - netkeiba,スティックバイミー,31.8,0.0502,1.596,5,0,-1.0,0.5960000000000001,-1.0,0.0,159.60000000000002,0.0502,1.596,CLASS_1W,DEEP_LONGSHOT
202406030508,4歳以上1勝クラス｜2024年4月6日 | 競馬データベース - netkeiba,ローレルキャニオン,11.8,0.1161,1.37,7,0,-1.0,0.3700000000000001,-1.0,0.0,137.0,0.1161,1.37,CLASS_1W,LONGSHOT
202406030510,船橋ステークス｜2024年4月6日 | 競馬データベース - netkeiba,サウザンサニー,4.6,0.3441,1.583,1,1,3.6,0.583,3.6,459.99999999999994,158.29999999999998,0.6558999999999999,-3.0170000000000003,OPEN,BALANCED
202406030511,ニュージーランドT｜2024年4月6日 | 競馬データベース - netkeiba,スパークリシャール,22.9,0.0627,1.436,10,0,-1.0,0.43599999999999994,-1.0,0.0,143.6,0.0627,1.436,OTHER,DEEP_LONGSHOT
202406030512,4歳以上1勝クラス｜2024年4月6日 | 競馬データベース - netkeiba,サクラファシナンテ,38.5,0.0366,1.409,4,0,-1.0,0.40900000000000003,-1.0,0.0,140.9,0.0366,1.409,CLASS_1W,DEEP_LONGSHOT
202406030601,3歳未勝利｜2024年4月7日 | 競馬データベース - netkeiba,ペレストリーナ,34.7,0.0467,1.62,7,0,-1.0,0.6200000000000001,-1.0,0.0,162.0,0.0467,1.62,MAIDEN,DEEP_LONGSHOT
202406030603,3歳未勝利｜2024年4月7日 | 競馬データベース - netkeiba,クールソル,19.0,0.0923,1.754,10,0,-1.0,0.754,-1.0,0.0,175.4,0.0923,1.754,MAIDEN,LONGSHOT
202406030604,3歳未勝利｜2024年4月7日 | 競馬データベース - netkeiba,エフォートレス,9.6,0.1644,1.578,2,0,-1.0,0.5780000000000001,-1.0,0.0,157.8,0.1644,1.578,MAIDEN,LONGSHOT
202406030605,3歳未勝利｜2024年4月7日 | 競馬データベース - netkeiba,スターシャワー,12.0,0.154,1.848,3,0,-1.0,0.8480000000000001,-1.0,0.0,184.8,0.154,1.848,MAIDEN,LONGSHOT
202406030606,3歳1勝クラス｜2024年4月7日 | 競馬データベース - netkeiba,ネオシルバー,11.8,0.1292,1.525,8,0,-1.0,0.5249999999999999,-1.0,0.0,152.5,0.1292,1.525,CLASS_1W,LONGSHOT
202406030607,3歳1勝クラス｜2024年4月7日 | 競馬データベース - netkeiba,フォーディアライフ,13.6,0.1072,1.458,5,0,-1.0,0.45799999999999996,-1.0,0.0,145.79999999999998,0.1072,1.458,CLASS_1W,LONGSHOT
202406030609,印西特別｜2024年4月7日 | 競馬データベース - netkeiba,ダスク,8.7,0.1766,1.536,1,1,7.7,0.536,7.7,869.9999999999999,153.6,0.8234,-7.164,SPECIAL,LONGSHOT
202406030610,鹿野山特別｜2024年4月7日 | 競馬データベース - netkeiba,スズカハービン,13.3,0.1401,1.863,13,0,-1.0,0.863,-1.0,0.0,186.3,0.1401,1.863,SPECIAL,LONGSHOT
202406030702,3歳未勝利｜2024年4月13日 | 競馬データベース - netkeiba,ミーハ,12.5,0.1406,1.758,9,0,-1.0,0.758,-1.0,0.0,175.8,0.1406,1.758,MAIDEN,LONGSHOT
202406030703,3歳未勝利｜2024年4月13日 | 競馬データベース - netkeiba,キングクレオール,23.6,0.102,2.407,1,1,22.6,1.407,22.6,2360.0,240.7,0.898,-21.193,MAIDEN,DEEP_LONGSHOT
202406030704,3歳未勝利｜2024年4月13日 | 競馬データベース - netkeiba,グッドイナフ,69.9,0.0272,1.901,9,0,-1.0,0.901,-1.0,0.0,190.1,0.0272,1.901,MAIDEN,DEEP_LONGSHOT
202406030706,3歳1勝クラス｜2024年4月13日 | 競馬データベース - netkeiba,シャパリュ,25.6,0.069,1.766,4,0,-1.0,0.766,-1.0,0.0,176.6,0.069,1.766,CLASS_1W,DEEP_LONGSHOT
202406030707,4歳以上1勝クラス｜2024年4月13日 | 競馬データベース - netkeiba,オールアイズオン,45.1,0.0291,1.312,8,0,-1.0,0.31200000000000006,-1.0,0.0,131.20000000000002,0.0291,1.312,CLASS_1W,DEEP_LONGSHOT
202406030709,山藤賞｜2024年4月13日 | 競馬データベース - netkeiba,レッドテリオス,30.3,0.0702,2.127,3,0,-1.0,1.1269999999999998,-1.0,0.0,212.7,0.0702,2.127,SPECIAL,DEEP_LONGSHOT
202406030710,下総ステークス｜2024年4月13日 | 競馬データベース - netkeiba,ストライク,12.6,0.121,1.525,2,0,-1.0,0.5249999999999999,-1.0,0.0,152.5,0.121,1.525,OPEN,LONGSHOT
202406030711,中山グランドジャンプ｜2024年4月13日 | 競馬データベース - netkeiba,ニシノデイジー,14.2,0.1851,2.628,3,0,-1.0,1.6280000000000001,-1.0,0.0,262.8,0.1851,2.628,OTHER,LONGSHOT
202406030802,3歳未勝利｜2024年4月14日 | 競馬データベース - netkeiba,オメガレジェンド,25.0,0.0748,1.87,7,0,-1.0,0.8700000000000001,-1.0,0.0,187.0,0.0748,1.87,MAIDEN,DEEP_LONGSHOT
202406030803,3歳未勝利｜2024年4月14日 | 競馬データベース - netkeiba,フィージビリティー,23.8,0.0761,1.811,2,0,-1.0,0.8109999999999999,-1.0,0.0,181.1,0.0761,1.811,MAIDEN,DEEP_LONGSHOT
202406030804,3歳未勝利｜2024年4月14日 | 競馬データベース - netkeiba,ブラックバラード,8.0,0.2086,1.669,2,0,-1.0,0.669,-1.0,0.0,166.9,0.2086,1.669,MAIDEN,BALANCED
202406030805,3歳1勝クラス｜2024年4月14日 | 競馬データベース - netkeiba,トーアアイギス,13.1,0.1773,2.323,3,0,-1.0,1.323,-1.0,0.0,232.29999999999998,0.1773,2.323,CLASS_1W,LONGSHOT
202406030806,4歳以上1勝クラス｜2024年4月14日 | 競馬データベース - netkeiba,ヒルズカーン,8.0,0.2234,1.787,9,0,-1.0,0.7869999999999999,-1.0,0.0,178.7,0.2234,1.787,CLASS_1W,BALANCED
202406030807,4歳以上1勝クラス｜2024年4月14日 | 競馬データベース - netkeiba,ゴットリープ,14.7,0.0888,1.305,14,0,-1.0,0.30499999999999994,-1.0,0.0,130.5,0.0888,1.305,CLASS_1W,LONGSHOT
202406030808,野島崎特別｜2024年4月14日 | 競馬データベース - netkeiba,エトワールマタン,50.3,0.0389,1.957,7,0,-1.0,0.9570000000000001,-1.0,0.0,195.70000000000002,0.0389,1.957,SPECIAL,DEEP_LONGSHOT
202406030812,春雷ステークス｜2024年4月14日 | 競馬データベース - netkeiba,ヤクシマ,19.7,0.1008,1.986,13,0,-1.0,0.986,-1.0,0.0,198.6,0.1008,1.986,OPEN,LONGSHOT
202406040101,障害3歳以上未勝利｜2024年9月7日 | 競馬データベース - netkeiba,ルレーヴドゥリリ,11.9,0.1785,2.124,2,0,-1.0,1.124,-1.0,0.0,212.4,0.1785,2.124,JUMP,LONGSHOT
202406040103,2歳未勝利｜2024年9月7日 | 競馬データベース - netkeiba,カージオイド,35.4,0.0696,2.464,2,0,-1.0,1.464,-1.0,0.0,246.4,0.0696,2.464,MAIDEN,DEEP_LONGSHOT
202406040105,2歳新馬｜2024年9月7日 | 競馬データベース - netkeiba,コウセイケンタロス,101.6,0.0163,1.656,5,0,-1.0,0.6559999999999999,-1.0,0.0,165.6,0.0163,1.656,DEBUT,DEEP_LONGSHOT
202406040107,3歳以上1勝クラス｜2024年9月7日 | 競馬データベース - netkeiba,ヤルダバオト,58.9,0.0236,1.39,9,0,-1.0,0.3899999999999999,-1.0,0.0,139.0,0.0236,1.39,CLASS_1W,DEEP_LONGSHOT
202406040109,アスター賞｜2024年9月7日 | 競馬データベース - netkeiba,チョングク,41.7,0.0649,2.706,8,0,-1.0,1.706,-1.0,0.0,270.6,0.0649,2.706,SPECIAL,DEEP_LONGSHOT
202406040201,2歳未勝利｜2024年9月8日 | 競馬データベース - netkeiba,ユリヤテソーロ,45.7,0.0482,2.203,4,0,-1.0,1.2029999999999998,-1.0,0.0,220.29999999999998,0.0482,2.203,MAIDEN,DEEP_LONGSHOT
202406040202,2歳未勝利｜2024年9月8日 | 競馬データベース - netkeiba,ハクサンミラクル,58.5,0.0376,2.2,6,0,-1.0,1.2000000000000002,-1.0,0.0,220.00000000000003,0.0376,2.2,MAIDEN,DEEP_LONGSHOT
202406040203,2歳新馬｜2024年9月8日 | 競馬データベース - netkeiba,ダイヤノエース,10.9,0.1341,1.462,5,0,-1.0,0.46199999999999997,-1.0,0.0,146.2,0.1341,1.462,DEBUT,LONGSHOT
202406040204,3歳以上1勝クラス｜2024年9月8日 | 競馬データベース - netkeiba,サンダーアリュール,10.1,0.2308,2.331,15,0,-1.0,1.331,-1.0,0.0,233.1,0.2308,2.331,CLASS_1W,LONGSHOT
202406040205,2歳新馬｜2024年9月8日 | 競馬データベース - netkeiba,ダイヤモンド,6.0,0.249,1.494,4,0,-1.0,0.494,-1.0,0.0,149.4,0.249,1.494,DEBUT,BALANCED
202406040208,3歳以上1勝クラス｜2024年9月8日 | 競馬データベース - netkeiba,ブライテストドーン,5.8,0.263,1.525,6,0,-1.0,0.5249999999999999,-1.0,0.0,152.5,0.263,1.525,CLASS_1W,BALANCED
202406040209,白井特別｜2024年9月8日 | 競馬データベース - netkeiba,ルーチェロッサ,57.7,0.0256,1.477,4,0,-1.0,0.4770000000000001,-1.0,0.0,147.70000000000002,0.0256,1.477,SPECIAL,DEEP_LONGSHOT
202406040210,セプテンバーS｜2024年9月8日 | 競馬データベース - netkeiba,アシャカタカ,4.3,0.3196,1.374,3,0,-1.0,0.3740000000000001,-1.0,0.0,137.4,0.3196,1.374,OTHER,BALANCED
202406040211,京成杯オータムハンデ｜2024年9月8日 | 競馬データベース - netkeiba,サンライズロナウド,10.7,0.1527,1.634,3,0,-1.0,0.6339999999999999,-1.0,0.0,163.39999999999998,0.1527,1.634,OPEN,LONGSHOT
202406040212,3歳以上2勝クラス｜2024年9月8日 | 競馬データベース - netkeiba,ヤングワールド,25.7,0.1097,2.819,15,0,-1.0,1.819,-1.0,0.0,281.9,0.1097,2.819,CLASS_2W,DEEP_LONGSHOT
202406040301,2歳未勝利｜2024年9月14日 | 競馬データベース - netkeiba,ユリ,8.3,0.1706,1.416,13,0,-1.0,0.4159999999999999,-1.0,0.0,141.6,0.1706,1.416,MAIDEN,LONGSHOT
202406040302,2歳未勝利｜2024年9月14日 | 競馬データベース - netkeiba,シャイニーシップ,8.6,0.1653,1.422,1,1,7.6,0.42199999999999993,7.6,860.0,142.2,0.8347,-7.178,MAIDEN,LONGSHOT
202406040304,2歳新馬｜2024年9月14日 | 競馬データベース - netkeiba,ガイ,11.5,0.1229,1.413,8,0,-1.0,0.41300000000000003,-1.0,0.0,141.3,0.1229,1.413,DEBUT,LONGSHOT
202406040305,2歳新馬｜2024年9月14日 | 競馬データベース - netkeiba,コスモブレイズ,34.1,0.045,1.534,3,0,-1.0,0.534,-1.0,0.0,153.4,0.045,1.534,DEBUT,DEEP_LONGSHOT
202406040308,3歳以上1勝クラス｜2024年9月14日 | 競馬データベース - netkeiba,ムーランブルー,8.6,0.1758,1.512,13,0,-1.0,0.512,-1.0,0.0,151.2,0.1758,1.512,CLASS_1W,LONGSHOT
202406040312,3歳以上1勝クラス｜2024年9月14日 | 競馬データベース - netkeiba,グローリーアテイン,18.4,0.0721,1.327,14,0,-1.0,0.32699999999999996,-1.0,0.0,132.7,0.0721,1.327,CLASS_1W,LONGSHOT
202406040401,2歳未勝利｜2024年9月15日 | 競馬データベース - netkeiba,クリアクォーツ,24.9,0.0872,2.171,4,0,-1.0,1.1709999999999998,-1.0,0.0,217.1,0.0872,2.171,MAIDEN,DEEP_LONGSHOT
202406040407,3歳以上1勝クラス｜2024年9月15日 | 競馬データベース - netkeiba,マイネルディレクト,5.7,0.2399,1.367,2,0,-1.0,0.367,-1.0,0.0,136.7,0.2399,1.367,CLASS_1W,BALANCED
202406040501,障害3歳以上未勝利｜2024年9月16日 | 競馬データベース - netkeiba,ソルトロング,75.7,0.0303,2.294,6,0,-1.0,1.294,-1.0,0.0,229.4,0.0303,2.294,JUMP,DEEP_LONGSHOT
202406040503,2歳未勝利｜2024年9月16日 | 競馬データベース - netkeiba,ウインレアリゼ,27.3,0.076,2.075,6,0,-1.0,1.0750000000000002,-1.0,0.0,207.50000000000003,0.076,2.075,MAIDEN,DEEP_LONGSHOT
202406040504,2歳未勝利｜2024年9月16日 | 競馬データベース - netkeiba,マイネルトラオム,57.1,0.0259,1.479,5,0,-1.0,0.4790000000000001,-1.0,0.0,147.9,0.0259,1.479,MAIDEN,DEEP_LONGSHOT
202406040505,2歳新馬｜2024年9月16日 | 競馬データベース - netkeiba,ベストシーン,25.3,0.0539,1.364,2,0,-1.0,0.3640000000000001,-1.0,0.0,136.4,0.0539,1.364,DEBUT,DEEP_LONGSHOT
202406040506,2歳新馬｜2024年9月16日 | 競馬データベース - netkeiba,ムコウジマドリーム,10.2,0.2087,2.129,5,0,-1.0,1.129,-1.0,0.0,212.9,0.2087,2.129,DEBUT,LONGSHOT
202406040507,3歳以上1勝クラス｜2024年9月16日 | 競馬データベース - netkeiba,レボルシオン,15.0,0.0907,1.36,10,0,-1.0,0.3600000000000001,-1.0,0.0,136.0,0.0907,1.36,CLASS_1W,LONGSHOT
202406040509,鋸山特別｜2024年9月16日 | 競馬データベース - netkeiba,トーセンクライスト,17.4,0.1683,2.928,3,0,-1.0,1.928,-1.0,0.0,292.8,0.1683,2.928,SPECIAL,LONGSHOT
202406040510,習志野特別｜2024年9月16日 | 競馬データベース - netkeiba,メルトユアハート,8.1,0.1897,1.537,8,0,-1.0,0.5369999999999999,-1.0,0.0,153.7,0.1897,1.537,SPECIAL,LONGSHOT
202406040601,2歳未勝利｜2024年9月21日 | 競馬データベース - netkeiba,リネンドライブ,46.6,0.0768,3.579,7,0,-1.0,2.579,-1.0,0.0,357.90000000000003,0.0768,3.579,MAIDEN,DEEP_LONGSHOT
202406040602,2歳未勝利｜2024年9月21日 | 競馬データベース - netkeiba,ハイタイド,27.0,0.0548,1.48,9,0,-1.0,0.48,-1.0,0.0,148.0,0.0548,1.48,MAIDEN,DEEP_LONGSHOT
202406040603,2歳新馬｜2024年9月21日 | 競馬データベース - netkeiba,ミラクルミッキー,4.1,0.332,1.361,12,0,-1.0,0.361,-1.0,0.0,136.1,0.332,1.361,DEBUT,BALANCED
202406040605,2歳新馬｜2024年9月21日 | 競馬データベース - netkeiba,ザカリナン,21.7,0.073,1.584,6,0,-1.0,0.5840000000000001,-1.0,0.0,158.4,0.073,1.584,DEBUT,DEEP_LONGSHOT
202406040607,3歳以上1勝クラス｜2024年9月21日 | 競馬データベース - netkeiba,ホルトバージ,7.4,0.1809,1.339,7,0,-1.0,0.33899999999999997,-1.0,0.0,133.9,0.1809,1.339,CLASS_1W,BALANCED
202406040608,清秋ジャンプS｜2024年9月21日 | 競馬データベース - netkeiba,アスターディゴン,13.5,0.1201,1.621,8,0,-1.0,0.621,-1.0,0.0,162.1,0.1201,1.621,OTHER,LONGSHOT
202406040609,カンナステークス｜2024年9月21日 | 競馬データベース - netkeiba,ナムラトロム,56.8,0.0396,2.249,5,0,-1.0,1.249,-1.0,0.0,224.9,0.0396,2.249,OPEN,DEEP_LONGSHOT
202406040610,九十九里特別｜2024年9月21日 | 競馬データベース - netkeiba,スズカハービン,57.2,0.0241,1.379,11,0,-1.0,0.379,-1.0,0.0,137.9,0.0241,1.379,SPECIAL,DEEP_LONGSHOT
202406040611,ながつきステークス｜2024年9月21日 | 競馬データベース - netkeiba,ジュンウィンダム,6.9,0.2053,1.417,2,0,-1.0,0.41700000000000004,-1.0,0.0,141.70000000000002,0.2053,1.417,OPEN,BALANCED
202406040702,2歳未勝利｜2024年9月22日 | 競馬データベース - netkeiba,ユリヤテソーロ,22.2,0.0652,1.447,10,0,-1.0,0.44700000000000006,-1.0,0.0,144.70000000000002,0.0652,1.447,MAIDEN,DEEP_LONGSHOT
202406040704,2歳新馬｜2024年9月22日 | 競馬データベース - netkeiba,クインズマドレーヌ,5.2,0.2619,1.362,12,0,-1.0,0.3620000000000001,-1.0,0.0,136.20000000000002,0.2619,1.362,DEBUT,BALANCED
202406040705,2歳新馬｜2024年9月22日 | 競馬データベース - netkeiba,シーフライト,92.4,0.0152,1.404,6,0,-1.0,0.4039999999999999,-1.0,0.0,140.39999999999998,0.0152,1.404,DEBUT,DEEP_LONGSHOT
202406040706,3歳以上1勝クラス｜2024年9月22日 | 競馬データベース - netkeiba,スライスヘリテージ,13.8,0.1064,1.468,5,0,-1.0,0.46799999999999997,-1.0,0.0,146.8,0.1064,1.468,CLASS_1W,LONGSHOT
202406040709,木更津特別｜2024年9月22日 | 競馬データベース - netkeiba,ボルタドマール,46.4,0.0442,2.051,13,0,-1.0,1.0510000000000002,-1.0,0.0,205.10000000000002,0.0442,2.051,SPECIAL,DEEP_LONGSHOT
202406040710,内房ステークス｜2024年9月22日 | 競馬データベース - netkeiba,ヨリノサファイヤ,15.3,0.0902,1.38,12,0,-1.0,0.3799999999999999,-1.0,0.0,138.0,0.0902,1.38,OPEN,LONGSHOT
202406040711,産経賞オールカマー｜2024年9月22日 | 競馬データベース - netkeiba,ラーグルフ,39.5,0.0524,2.07,7,0,-1.0,1.0699999999999998,-1.0,0.0,206.99999999999997,0.0524,2.07,SPECIAL,DEEP_LONGSHOT
202406040712,3歳以上2勝クラス｜2024年9月22日 | 競馬データベース - netkeiba,ショウナンアビアス,13.3,0.1624,2.16,3,0,-1.0,1.1600000000000001,-1.0,0.0,216.0,0.1624,2.16,CLASS_2W,LONGSHOT
202406040801,障害3歳以上未勝利｜2024年9月28日 | 競馬データベース - netkeiba,サンマルグレイト,13.2,0.1068,1.41,3,0,-1.0,0.4099999999999999,-1.0,0.0,141.0,0.1068,1.41,JUMP,LONGSHOT
202406040804,2歳未勝利｜2024年9月28日 | 競馬データベース - netkeiba,キャピタルリッチ,9.4,0.1585,1.49,10,0,-1.0,0.49,-1.0,0.0,149.0,0.1585,1.49,MAIDEN,LONGSHOT
202406040805,2歳新馬｜2024年9月28日 | 競馬データベース - netkeiba,クレオズニードル,10.3,0.1277,1.315,1,1,9.3,0.31499999999999995,9.3,1030.0,131.5,0.8723,-8.985000000000001,DEBUT,LONGSHOT
202406040807,3歳以上1勝クラス｜2024年9月28日 | 競馬データベース - netkeiba,ミツカネヴィーナス,9.5,0.1517,1.441,3,0,-1.0,0.44100000000000006,-1.0,0.0,144.1,0.1517,1.441,CLASS_1W,LONGSHOT
202406040809,芙蓉ステークス｜2024年9月28日 | 競馬データベース - netkeiba,ゴーゴータカシ,9.5,0.1913,1.817,5,0,-1.0,0.817,-1.0,0.0,181.7,0.1913,1.817,OPEN,LONGSHOT
202406040810,茨城新聞杯｜2024年9月28日 | 競馬データベース - netkeiba,ディオアステリア,9.0,0.1825,1.642,9,0,-1.0,0.6419999999999999,-1.0,0.0,164.2,0.1825,1.642,OPEN,LONGSHOT
202406040811,秋風ステークス｜2024年9月28日 | 競馬データベース - netkeiba,バトルハーデン,29.5,0.0614,1.811,10,0,-1.0,0.8109999999999999,-1.0,0.0,181.1,0.0614,1.811,OPEN,DEEP_LONGSHOT
202406040902,2歳未勝利｜2024年9月29日 | 競馬データベース - netkeiba,ミズイロホルトゥス,22.3,0.1013,2.259,3,0,-1.0,1.259,-1.0,0.0,225.89999999999998,0.1013,2.259,MAIDEN,DEEP_LONGSHOT
202406040904,3歳以上1勝クラス｜2024年9月29日 | 競馬データベース - netkeiba,グローリーアテイン,33.1,0.0572,1.893,15,0,-1.0,0.893,-1.0,0.0,189.3,0.0572,1.893,CLASS_1W,DEEP_LONGSHOT
202406040907,3歳以上1勝クラス｜2024年9月29日 | 競馬データベース - netkeiba,タナサンブラック,16.3,0.0849,1.384,6,0,-1.0,0.3839999999999999,-1.0,0.0,138.39999999999998,0.0849,1.384,CLASS_1W,LONGSHOT
202406040909,サフラン賞｜2024年9月29日 | 競馬データベース - netkeiba,クリノメイ,18.4,0.1092,2.009,1,1,17.4,1.009,17.4,1839.9999999999998,200.89999999999998,0.8908,-16.391,SPECIAL,LONGSHOT
202406050101,2歳未勝利｜2024年11月30日 | 競馬データベース - netkeiba,サンラグナベルデ,7.6,0.1781,1.354,9,0,-1.0,0.3540000000000001,-1.0,0.0,135.4,0.1781,1.354,MAIDEN,BALANCED
202406050104,2歳未勝利｜2024年11月30日 | 競馬データベース - netkeiba,ファミーユウルーズ,20.0,0.0711,1.422,7,0,-1.0,0.42199999999999993,-1.0,0.0,142.2,0.0711,1.422,MAIDEN,LONGSHOT
202406050106,2歳新馬｜2024年11月30日 | 競馬データベース - netkeiba,タイキクリエイター,18.7,0.0874,1.634,6,0,-1.0,0.6339999999999999,-1.0,0.0,163.39999999999998,0.0874,1.634,DEBUT,LONGSHOT
202406050108,イルミネーションJS｜2024年11月30日 | 競馬データベース - netkeiba,ネビーイーム,6.8,0.2504,1.703,2,0,-1.0,0.7030000000000001,-1.0,0.0,170.3,0.2504,1.703,OTHER,BALANCED
202406050206,2歳1勝クラス｜2024年12月1日 | 競馬データベース - netkeiba,ヴァリアントマーチ,34.4,0.0394,1.355,9,0,-1.0,0.355,-1.0,0.0,135.5,0.0394,1.355,CLASS_1W,DEEP_LONGSHOT
202406050209,南総ステークス｜2024年12月1日 | 競馬データベース - netkeiba,タガノシャーンス,15.7,0.1129,1.773,6,0,-1.0,0.7729999999999999,-1.0,0.0,177.29999999999998,0.1129,1.773,OPEN,LONGSHOT
202406050210,市川ステークス｜2024年12月1日 | 競馬データベース - netkeiba,バンドマスター,11.5,0.121,1.392,3,0,-1.0,0.3919999999999999,-1.0,0.0,139.2,0.121,1.392,OPEN,LONGSHOT
202406050211,ラピスラズリS｜2024年12月1日 | 競馬データベース - netkeiba,サウザンサニー,5.1,0.2681,1.367,8,0,-1.0,0.367,-1.0,0.0,136.7,0.2681,1.367,OTHER,BALANCED
202406050302,2歳未勝利｜2024年12月7日 | 競馬データベース - netkeiba,セミコンダクター,16.3,0.0884,1.441,12,0,-1.0,0.44100000000000006,-1.0,0.0,144.1,0.0884,1.441,MAIDEN,LONGSHOT
202406050305,2歳新馬｜2024年12月7日 | 競馬データベース - netkeiba,スリーセンス,11.4,0.1173,1.337,5,0,-1.0,0.33699999999999997,-1.0,0.0,133.7,0.1173,1.337,DEBUT,LONGSHOT
202406050306,2歳新馬｜2024年12月7日 | 競馬データベース - netkeiba,シナツヒメ,29.5,0.0466,1.375,2,0,-1.0,0.375,-1.0,0.0,137.5,0.0466,1.375,DEBUT,DEEP_LONGSHOT
202406050308,3歳以上1勝クラス｜2024年12月7日 | 競馬データベース - netkeiba,ホウオウベルクソン,12.0,0.1372,1.646,11,0,-1.0,0.6459999999999999,-1.0,0.0,164.6,0.1372,1.646,CLASS_1W,LONGSHOT
202406050310,アクアラインS｜2024年12月7日 | 競馬データベース - netkeiba,グランフォーブル,5.8,0.2256,1.308,10,0,-1.0,0.30800000000000005,-1.0,0.0,130.8,0.2256,1.308,OTHER,BALANCED
202406050311,常総ステークス｜2024年12月7日 | 競馬データベース - netkeiba,エレクトリックブギ,19.2,0.0697,1.338,11,0,-1.0,0.3380000000000001,-1.0,0.0,133.8,0.0697,1.338,OPEN,LONGSHOT
202406050401,2歳未勝利｜2024年12月8日 | 競馬データベース - netkeiba,ノーブルオーク,21.4,0.0769,1.646,13,0,-1.0,0.6459999999999999,-1.0,0.0,164.6,0.0769,1.646,MAIDEN,DEEP_LONGSHOT
202406050404,障害3歳以上未勝利｜2024年12月8日 | 競馬データベース - netkeiba,アルカンサス,14.3,0.1083,1.549,4,0,-1.0,0.5489999999999999,-1.0,0.0,154.9,0.1083,1.549,JUMP,LONGSHOT
202406050405,2歳新馬｜2024年12月8日 | 競馬データベース - netkeiba,スイートグルーヴ,6.0,0.2219,1.331,4,0,-1.0,0.33099999999999996,-1.0,0.0,133.1,0.2219,1.331,DEBUT,BALANCED
202406050407,2歳1勝クラス｜2024年12月8日 | 競馬データベース - netkeiba,マタミカンサン,65.4,0.0202,1.321,5,0,-1.0,0.32099999999999995,-1.0,0.0,132.1,0.0202,1.321,CLASS_1W,DEEP_LONGSHOT
202406050408,3歳以上1勝クラス｜2024年12月8日 | 競馬データベース - netkeiba,シーリュウシー,8.0,0.1801,1.441,2,0,-1.0,0.44100000000000006,-1.0,0.0,144.1,0.1801,1.441,CLASS_1W,BALANCED
202406050410,師走ステークス｜2024年12月8日 | 競馬データベース - netkeiba,チュウワハート,8.3,0.1723,1.43,4,0,-1.0,0.42999999999999994,-1.0,0.0,143.0,0.1723,1.43,OPEN,LONGSHOT
202406050504,2歳未勝利｜2024年12月14日 | 競馬データベース - netkeiba,ショーモッシュ,26.4,0.0658,1.737,15,0,-1.0,0.7370000000000001,-1.0,0.0,173.70000000000002,0.0658,1.737,MAIDEN,DEEP_LONGSHOT
202406050508,3歳以上1勝クラス｜2024年12月14日 | 競馬データベース - netkeiba,アスプリージャ,11.7,0.1128,1.32,10,0,-1.0,0.32000000000000006,-1.0,0.0,132.0,0.1128,1.32,CLASS_1W,LONGSHOT
202406050509,ひいらぎ賞｜2024年12月14日 | 競馬データベース - netkeiba,ティラトーレ,12.9,0.179,2.309,4,0,-1.0,1.3090000000000002,-1.0,0.0,230.9,0.179,2.309,SPECIAL,LONGSHOT
202406050510,霞ヶ浦特別｜2024年12月14日 | 競馬データベース - netkeiba,ネイビースター,28.5,0.0567,1.616,4,0,-1.0,0.6160000000000001,-1.0,0.0,161.60000000000002,0.0567,1.616,SPECIAL,DEEP_LONGSHOT
202406050601,2歳未勝利｜2024年12月15日 | 競馬データベース - netkeiba,ハナナラツボミ,32.4,0.0544,1.763,5,0,-1.0,0.7629999999999999,-1.0,0.0,176.29999999999998,0.0544,1.763,MAIDEN,DEEP_LONGSHOT
202406050604,障害3歳以上未勝利｜2024年12月15日 | 競馬データベース - netkeiba,アメリカンエール,23.1,0.0765,1.767,8,0,-1.0,0.7669999999999999,-1.0,0.0,176.7,0.0765,1.767,JUMP,DEEP_LONGSHOT
202406050607,2歳未勝利｜2024年12月15日 | 競馬データベース - netkeiba,ジェイエルマスター,6.6,0.2108,1.391,6,0,-1.0,0.391,-1.0,0.0,139.1,0.2108,1.391,MAIDEN,BALANCED
202406050611,ディセンバーS｜2024年12月15日 | 競馬データベース - netkeiba,コンクシェル,7.3,0.1812,1.323,10,0,-1.0,0.32299999999999995,-1.0,0.0,132.29999999999998,0.1812,1.323,OTHER,BALANCED
202406050701,2歳未勝利｜2024年12月21日 | 競馬データベース - netkeiba,ダイヤモンドピラー,33.2,0.0557,1.849,11,0,-1.0,0.849,-1.0,0.0,184.9,0.0557,1.849,MAIDEN,DEEP_LONGSHOT
202406050702,2歳未勝利｜2024年12月21日 | 競馬データベース - netkeiba,コンアフェット,45.4,0.0295,1.339,1,1,44.4,0.33899999999999997,44.4,4540.0,133.9,0.9705,-44.061,MAIDEN,DEEP_LONGSHOT
202406050704,2歳未勝利｜2024年12月21日 | 競馬データベース - netkeiba,コスモシェルベット,25.3,0.0594,1.503,9,0,-1.0,0.5029999999999999,-1.0,0.0,150.29999999999998,0.0594,1.503,MAIDEN,DEEP_LONGSHOT
202406050705,2歳新馬｜2024年12月21日 | 競馬データベース - netkeiba,タイセイプランセス,21.8,0.0696,1.517,4,0,-1.0,0.5169999999999999,-1.0,0.0,151.7,0.0696,1.517,DEBUT,DEEP_LONGSHOT
202406050706,2歳新馬｜2024年12月21日 | 競馬データベース - netkeiba,レヴァントリ,9.2,0.2367,2.178,8,0,-1.0,1.178,-1.0,0.0,217.79999999999998,0.2367,2.178,DEBUT,LONGSHOT
202406050707,2歳1勝クラス｜2024年12月21日 | 競馬データベース - netkeiba,アンズアメ,15.9,0.1046,1.663,3,0,-1.0,0.663,-1.0,0.0,166.3,0.1046,1.663,CLASS_1W,LONGSHOT
202406050710,中山大障害｜2024年12月21日 | 競馬データベース - netkeiba,ヴェイルネビュラ,35.5,0.0604,2.144,5,0,-1.0,1.1440000000000001,-1.0,0.0,214.4,0.0604,2.144,JUMP,DEEP_LONGSHOT
202406050801,2歳未勝利｜2024年12月22日 | 競馬データベース - netkeiba,ハイタッチマドンナ,33.1,0.0769,2.545,13,0,-1.0,1.545,-1.0,0.0,254.5,0.0769,2.545,MAIDEN,DEEP_LONGSHOT
202406050804,2歳未勝利｜2024年12月22日 | 競馬データベース - netkeiba,ジュラ,98.0,0.0135,1.323,9,0,-1.0,0.32299999999999995,-1.0,0.0,132.29999999999998,0.0135,1.323,MAIDEN,DEEP_LONGSHOT
202406050805,2歳新馬｜2024年12月22日 | 競馬データベース - netkeiba,グレーデール,12.9,0.1775,2.29,14,0,-1.0,1.29,-1.0,0.0,229.0,0.1775,2.29,DEBUT,LONGSHOT
202406050806,2歳新馬｜2024年12月22日 | 競馬データベース - netkeiba,バットスティンガー,22.9,0.0808,1.85,9,0,-1.0,0.8500000000000001,-1.0,0.0,185.0,0.0808,1.85,DEBUT,DEEP_LONGSHOT
202406050810,オルフェーヴルC｜2024年12月22日 | 競馬データベース - netkeiba,サロニコス,6.5,0.2171,1.411,7,0,-1.0,0.41100000000000003,-1.0,0.0,141.1,0.2171,1.411,OTHER,BALANCED
202406050812,フェアウェルS｜2024年12月22日 | 競馬データベース - netkeiba,ミユキアイラブユー,12.4,0.1532,1.9,3,0,-1.0,0.8999999999999999,-1.0,0.0,190.0,0.1532,1.9,OTHER,LONGSHOT
202406050901,2歳未勝利｜2024年12月28日 | 競馬データベース - netkeiba,ビレッジルミエール,19.4,0.0706,1.37,8,0,-1.0,0.3700000000000001,-1.0,0.0,137.0,0.0706,1.37,MAIDEN,LONGSHOT
202406050902,2歳未勝利｜2024年12月28日 | 競馬データベース - netkeiba,ジェシーテソーロ,9.4,0.1695,1.593,2,0,-1.0,0.593,-1.0,0.0,159.3,0.1695,1.593,MAIDEN,LONGSHOT
202406050903,2歳未勝利｜2024年12月28日 | 競馬データベース - netkeiba,チェンジオブハート,7.6,0.1719,1.306,2,0,-1.0,0.30600000000000005,-1.0,0.0,130.6,0.1719,1.306,MAIDEN,BALANCED
202406050906,2歳新馬｜2024年12月28日 | 競馬データベース - netkeiba,ナックメテオ,59.3,0.0227,1.346,11,0,-1.0,0.3460000000000001,-1.0,0.0,134.60000000000002,0.0227,1.346,DEBUT,DEEP_LONGSHOT
202406050909,ベストウィッシュC｜2024年12月28日 | 競馬データベース - netkeiba,ルーラルハピネス,20.1,0.0728,1.463,2,0,-1.0,0.4630000000000001,-1.0,0.0,146.3,0.0728,1.463,OTHER,DEEP_LONGSHOT
202406050911,ホープフルステークス｜2024年12月28日 | 競馬データベース - netkeiba,ヤマニンブークリエ,18.2,0.0929,1.691,14,0,-1.0,0.6910000000000001,-1.0,0.0,169.1,0.0929,1.691,OPEN,LONGSHOT
202407010101,3歳未勝利｜2024年3月9日 | 競馬データベース - netkeiba,ヴェラベレッツァ,17.9,0.0796,1.425,13,0,-1.0,0.42500000000000004,-1.0,0.0,142.5,0.0796,1.425,MAIDEN,LONGSHOT
202407010102,3歳未勝利｜2024年3月9日 | 競馬データベース - netkeiba,メリージェーン,5.4,0.2476,1.337,1,1,4.4,0.33699999999999997,4.4,540.0,133.7,0.7524,-4.063000000000001,MAIDEN,BALANCED
202407010104,3歳未勝利｜2024年3月9日 | 競馬データベース - netkeiba,レイドデザート,12.2,0.1242,1.515,5,0,-1.0,0.5149999999999999,-1.0,0.0,151.5,0.1242,1.515,MAIDEN,LONGSHOT
202407010107,4歳以上1勝クラス｜2024年3月9日 | 競馬データベース - netkeiba,ノートルプロメス,14.4,0.1087,1.565,3,0,-1.0,0.565,-1.0,0.0,156.5,0.1087,1.565,CLASS_1W,LONGSHOT
202407010108,4歳以上1勝クラス｜2024年3月9日 | 競馬データベース - netkeiba,マテンロウジョイ,13.1,0.1566,2.051,6,0,-1.0,1.0510000000000002,-1.0,0.0,205.10000000000002,0.1566,2.051,CLASS_1W,LONGSHOT
202407010109,伊良湖特別｜2024年3月9日 | 競馬データベース - netkeiba,ヒビキ,6.1,0.2307,1.407,7,0,-1.0,0.40700000000000003,-1.0,0.0,140.7,0.2307,1.407,SPECIAL,BALANCED
202407010110,恋路ケ浜特別｜2024年3月9日 | 競馬データベース - netkeiba,ベリーヴィーナス,16.0,0.0888,1.421,9,0,-1.0,0.42100000000000004,-1.0,0.0,142.1,0.0888,1.421,SPECIAL,LONGSHOT
202407010202,3歳未勝利｜2024年3月10日 | 競馬データベース - netkeiba,ミッキードラマー,4.8,0.2793,1.341,1,1,3.8,0.34099999999999997,3.8,480.0,134.1,0.7207,-3.4589999999999996,MAIDEN,BALANCED
202407010204,3歳未勝利｜2024年3月10日 | 競馬データベース - netkeiba,スズノレイライン,33.3,0.0615,2.048,7,0,-1.0,1.048,-1.0,0.0,204.8,0.0615,2.048,MAIDEN,DEEP_LONGSHOT
202407010205,3歳未勝利｜2024年3月10日 | 競馬データベース - netkeiba,ボスコヴェローチェ,42.3,0.0552,2.335,10,0,-1.0,1.335,-1.0,0.0,233.5,0.0552,2.335,MAIDEN,DEEP_LONGSHOT
202407010206,4歳以上1勝クラス｜2024年3月10日 | 競馬データベース - netkeiba,パルメリータ,6.5,0.2052,1.334,8,0,-1.0,0.3340000000000001,-1.0,0.0,133.4,0.2052,1.334,CLASS_1W,BALANCED
202407010207,4歳以上1勝クラス｜2024年3月10日 | 競馬データベース - netkeiba,アクートゥス,13.4,0.1167,1.564,5,0,-1.0,0.5640000000000001,-1.0,0.0,156.4,0.1167,1.564,CLASS_1W,LONGSHOT
202407010208,4歳以上1勝クラス｜2024年3月10日 | 競馬データベース - netkeiba,フェスティヴビーム,18.4,0.1022,1.88,4,0,-1.0,0.8799999999999999,-1.0,0.0,188.0,0.1022,1.88,CLASS_1W,LONGSHOT
202407010210,昇竜ステークス｜2024年3月10日 | 競馬データベース - netkeiba,エンブレムボム,65.0,0.0262,1.703,7,0,-1.0,0.7030000000000001,-1.0,0.0,170.3,0.0262,1.703,OPEN,DEEP_LONGSHOT
202407010211,金鯱賞｜2024年3月10日 | 競馬データベース - netkeiba,ヤマニンサルバム,10.2,0.1531,1.562,10,0,-1.0,0.562,-1.0,0.0,156.20000000000002,0.1531,1.562,SPECIAL,LONGSHOT
202407010301,3歳未勝利｜2024年3月16日 | 競馬データベース - netkeiba,アルムラジャスタン,38.8,0.051,1.979,13,0,-1.0,0.9790000000000001,-1.0,0.0,197.9,0.051,1.979,MAIDEN,DEEP_LONGSHOT
202407010302,3歳未勝利｜2024年3月16日 | 競馬データベース - netkeiba,クアトロジャック,32.5,0.05,1.625,13,0,-1.0,0.625,-1.0,0.0,162.5,0.05,1.625,MAIDEN,DEEP_LONGSHOT
202407010305,3歳未勝利｜2024年3月16日 | 競馬データベース - netkeiba,レオボヌール,78.3,0.0266,2.083,9,0,-1.0,1.0830000000000002,-1.0,0.0,208.3,0.0266,2.083,MAIDEN,DEEP_LONGSHOT
202407010306,4歳以上1勝クラス｜2024年3月16日 | 競馬データベース - netkeiba,ナンヨーウイング,94.1,0.0192,1.807,5,0,-1.0,0.8069999999999999,-1.0,0.0,180.7,0.0192,1.807,CLASS_1W,DEEP_LONGSHOT
202407010307,4歳以上1勝クラス｜2024年3月16日 | 競馬データベース - netkeiba,ニホンピロマリブ,41.6,0.0746,3.103,4,0,-1.0,2.103,-1.0,0.0,310.3,0.0746,3.103,CLASS_1W,DEEP_LONGSHOT
202407010308,4歳以上1勝クラス｜2024年3月16日 | 競馬データベース - netkeiba,タミオスター,37.2,0.0398,1.481,4,0,-1.0,0.4810000000000001,-1.0,0.0,148.10000000000002,0.0398,1.481,CLASS_1W,DEEP_LONGSHOT
202407010309,弥富特別｜2024年3月16日 | 競馬データベース - netkeiba,メイショウコガシラ,4.8,0.328,1.574,1,1,3.8,0.5740000000000001,3.8,480.0,157.4,0.6719999999999999,-3.226,SPECIAL,BALANCED
202407010310,豊橋ステークス｜2024年3月16日 | 競馬データベース - netkeiba,ビヨンドザヴァレー,14.1,0.103,1.452,2,0,-1.0,0.45199999999999996,-1.0,0.0,145.2,0.103,1.452,OPEN,LONGSHOT
202407010312,4歳以上1勝クラス｜2024年3月16日 | 競馬データベース - netkeiba,モズアンタレス,12.6,0.133,1.676,6,0,-1.0,0.6759999999999999,-1.0,0.0,167.6,0.133,1.676,CLASS_1W,LONGSHOT
202407010401,3歳未勝利｜2024年3月17日 | 競馬データベース - netkeiba,カンバーランド,32.4,0.0422,1.367,3,0,-1.0,0.367,-1.0,0.0,136.7,0.0422,1.367,MAIDEN,DEEP_LONGSHOT
202407010402,3歳未勝利｜2024年3月17日 | 競馬データベース - netkeiba,サユリバナ,10.4,0.1387,1.442,12,0,-1.0,0.44199999999999995,-1.0,0.0,144.2,0.1387,1.442,MAIDEN,LONGSHOT
202407010405,3歳未勝利｜2024年3月17日 | 競馬データベース - netkeiba,ゲインサポート,40.4,0.049,1.98,13,0,-1.0,0.98,-1.0,0.0,198.0,0.049,1.98,MAIDEN,DEEP_LONGSHOT
202407010411,名古屋城ステークス｜2024年3月17日 | 競馬データベース - netkeiba,テーオーリカード,5.3,0.2946,1.561,2,0,-1.0,0.5609999999999999,-1.0,0.0,156.1,0.2946,1.561,OPEN,BALANCED
202407010501,3歳未勝利｜2024年3月23日 | 競馬データベース - netkeiba,ブラックドレス,4.6,0.2864,1.317,1,1,3.6,0.31699999999999995,3.6,459.99999999999994,131.7,0.7136,-3.2830000000000004,MAIDEN,BALANCED
202407010507,4歳以上1勝クラス｜2024年3月23日 | 競馬データベース - netkeiba,エイシンジェンマ,7.6,0.2472,1.879,6,0,-1.0,0.879,-1.0,0.0,187.9,0.2472,1.879,CLASS_1W,BALANCED
202407010509,金山特別｜2024年3月23日 | 競馬データベース - netkeiba,メイショウオオミネ,50.2,0.0375,1.882,6,0,-1.0,0.8819999999999999,-1.0,0.0,188.2,0.0375,1.882,SPECIAL,DEEP_LONGSHOT
202407010512,4歳以上1勝クラス｜2024年3月23日 | 競馬データベース - netkeiba,オブシディアン,19.6,0.0723,1.417,6,0,-1.0,0.41700000000000004,-1.0,0.0,141.70000000000002,0.0723,1.417,CLASS_1W,LONGSHOT
202407010601,3歳未勝利｜2024年3月24日 | 競馬データベース - netkeiba,エブリモーメント,8.2,0.2255,1.849,11,0,-1.0,0.849,-1.0,0.0,184.9,0.2255,1.849,MAIDEN,LONGSHOT
202407010603,3歳未勝利｜2024年3月24日 | 競馬データベース - netkeiba,モーニングヤマト,84.7,0.0212,1.796,14,0,-1.0,0.796,-1.0,0.0,179.6,0.0212,1.796,MAIDEN,DEEP_LONGSHOT
202407010607,4歳以上1勝クラス｜2024年3月24日 | 競馬データベース - netkeiba,ブラックノワール,28.1,0.0574,1.613,6,0,-1.0,0.613,-1.0,0.0,161.3,0.0574,1.613,CLASS_1W,DEEP_LONGSHOT
202407010610,ロードカナロアC｜2024年3月24日 | 競馬データベース - netkeiba,テーオーレガシー,14.7,0.0945,1.389,6,0,-1.0,0.389,-1.0,0.0,138.9,0.0945,1.389,OTHER,LONGSHOT
202407010612,鈴鹿特別｜2024年3月24日 | 競馬データベース - netkeiba,カゲマル,11.4,0.1174,1.338,9,0,-1.0,0.3380000000000001,-1.0,0.0,133.8,0.1174,1.338,SPECIAL,LONGSHOT
202407020103,3歳未勝利｜2024年8月10日 | 競馬データベース - netkeiba,トルタディメーレ,27.3,0.0517,1.411,7,0,-1.0,0.41100000000000003,-1.0,0.0,141.1,0.0517,1.411,MAIDEN,DEEP_LONGSHOT
202407020104,障害3歳以上オープン｜2024年8月10日 | 競馬データベース - netkeiba,ギガバッケン,20.5,0.1151,2.36,5,0,-1.0,1.3599999999999999,-1.0,0.0,236.0,0.1151,2.36,JUMP,DEEP_LONGSHOT
202407020106,3歳未勝利｜2024年8月10日 | 競馬データベース - netkeiba,フルオブサクセス,29.0,0.0575,1.668,9,0,-1.0,0.6679999999999999,-1.0,0.0,166.79999999999998,0.0575,1.668,MAIDEN,DEEP_LONGSHOT
202407020107,3歳未勝利｜2024年8月10日 | 競馬データベース - netkeiba,アーバンエア,9.3,0.1567,1.457,8,0,-1.0,0.4570000000000001,-1.0,0.0,145.70000000000002,0.1567,1.457,MAIDEN,LONGSHOT
202407020111,関ケ原ステークス｜2024年8月10日 | 競馬データベース - netkeiba,エターナルヴィテス,31.4,0.0499,1.567,7,0,-1.0,0.567,-1.0,0.0,156.7,0.0499,1.567,OPEN,DEEP_LONGSHOT
202407020201,2歳未勝利｜2024年8月11日 | 競馬データベース - netkeiba,ゼンダンスバシリ,58.3,0.0457,2.664,4,0,-1.0,1.6640000000000001,-1.0,0.0,266.40000000000003,0.0457,2.664,MAIDEN,DEEP_LONGSHOT
202407020203,3歳未勝利｜2024年8月11日 | 競馬データベース - netkeiba,ワイドモヒート,4.0,0.342,1.368,12,0,-1.0,0.3680000000000001,-1.0,0.0,136.8,0.342,1.368,MAIDEN,FAVORITE_TO_BALANCED
202407020204,3歳未勝利｜2024年8月11日 | 競馬データベース - netkeiba,イイデカンタロウ,28.5,0.057,1.624,11,0,-1.0,0.6240000000000001,-1.0,0.0,162.4,0.057,1.624,MAIDEN,DEEP_LONGSHOT
202407020205,2歳新馬｜2024年8月11日 | 競馬データベース - netkeiba,ルージュシークエル,12.7,0.1668,2.118,2,0,-1.0,1.1179999999999999,-1.0,0.0,211.79999999999998,0.1668,2.118,DEBUT,LONGSHOT
202407020207,3歳以上1勝クラス｜2024年8月11日 | 競馬データベース - netkeiba,ブラックサンライズ,27.9,0.0508,1.417,8,0,-1.0,0.41700000000000004,-1.0,0.0,141.70000000000002,0.0508,1.417,CLASS_1W,DEEP_LONGSHOT
202407020208,3歳以上1勝クラス｜2024年8月11日 | 競馬データベース - netkeiba,グランドセントラル,21.5,0.0803,1.726,4,0,-1.0,0.726,-1.0,0.0,172.6,0.0803,1.726,CLASS_1W,DEEP_LONGSHOT
202407020209,鞍ケ池特別｜2024年8月11日 | 競馬データベース - netkeiba,ダイシンビヨンド,60.2,0.0327,1.969,2,0,-1.0,0.9690000000000001,-1.0,0.0,196.9,0.0327,1.969,SPECIAL,DEEP_LONGSHOT
202407020210,三河ステークス｜2024年8月11日 | 競馬データベース - netkeiba,ナリタフォルテ,22.7,0.0578,1.312,6,0,-1.0,0.31200000000000006,-1.0,0.0,131.20000000000002,0.0578,1.312,OPEN,DEEP_LONGSHOT
202407020301,2歳未勝利｜2024年8月17日 | 競馬データベース - netkeiba,テイエムバゴオウ,54.4,0.0276,1.501,5,0,-1.0,0.5009999999999999,-1.0,0.0,150.1,0.0276,1.501,MAIDEN,DEEP_LONGSHOT
202407020303,3歳未勝利｜2024年8月17日 | 競馬データベース - netkeiba,ジーティームテキ,10.2,0.1588,1.62,4,0,-1.0,0.6200000000000001,-1.0,0.0,162.0,0.1588,1.62,MAIDEN,LONGSHOT
202407020304,3歳未勝利｜2024年8月17日 | 競馬データベース - netkeiba,マックスセレナーデ,3.8,0.3489,1.326,1,1,2.8,0.32600000000000007,2.8,380.0,132.6,0.6511,-2.4739999999999998,MAIDEN,FAVORITE_TO_BALANCED
202407020305,2歳新馬｜2024年8月17日 | 競馬データベース - netkeiba,シドニーホバート,11.4,0.1288,1.468,4,0,-1.0,0.46799999999999997,-1.0,0.0,146.8,0.1288,1.468,DEBUT,LONGSHOT
202407020306,2歳新馬｜2024年8月17日 | 競馬データベース - netkeiba,メイショウヤシマ,29.1,0.0694,2.02,8,0,-1.0,1.02,-1.0,0.0,202.0,0.0694,2.02,DEBUT,DEEP_LONGSHOT
202407020308,3歳以上1勝クラス｜2024年8月17日 | 競馬データベース - netkeiba,ハイグッドワールド,14.8,0.1258,1.862,4,0,-1.0,0.8620000000000001,-1.0,0.0,186.20000000000002,0.1258,1.862,CLASS_1W,LONGSHOT
202407020309,御在所特別｜2024年8月17日 | 競馬データベース - netkeiba,フラッシュフリーズ,24.6,0.0563,1.385,4,0,-1.0,0.385,-1.0,0.0,138.5,0.0563,1.385,SPECIAL,DEEP_LONGSHOT
202407020310,四日市特別｜2024年8月17日 | 競馬データベース - netkeiba,キャプテンネキ,7.8,0.2084,1.626,10,0,-1.0,0.6259999999999999,-1.0,0.0,162.6,0.2084,1.626,SPECIAL,BALANCED
202407020401,障害3歳以上未勝利｜2024年8月18日 | 競馬データベース - netkeiba,タイセイスラッガー,60.6,0.0402,2.436,10,0,-1.0,1.436,-1.0,0.0,243.6,0.0402,2.436,JUMP,DEEP_LONGSHOT
202407020403,2歳未勝利｜2024年8月18日 | 競馬データベース - netkeiba,アルマリアルト,104.5,0.0355,3.71,5,0,-1.0,2.71,-1.0,0.0,371.0,0.0355,3.71,MAIDEN,DEEP_LONGSHOT
202407020405,2歳新馬｜2024年8月18日 | 競馬データベース - netkeiba,ビップデイジー,18.5,0.0762,1.41,1,1,17.5,0.4099999999999999,17.5,1850.0,141.0,0.9238,-17.09,DEBUT,LONGSHOT
202407020406,3歳未勝利｜2024年8月18日 | 競馬データベース - netkeiba,モズマーヴェリック,8.0,0.1998,1.598,1,1,7.0,0.5980000000000001,7.0,800.0,159.8,0.8002,-6.402,MAIDEN,BALANCED
202407020407,3歳以上1勝クラス｜2024年8月18日 | 競馬データベース - netkeiba,リエータメンテ,13.3,0.1007,1.339,12,0,-1.0,0.33899999999999997,-1.0,0.0,133.9,0.1007,1.339,CLASS_1W,LONGSHOT
202407020409,濃尾特別｜2024年8月18日 | 競馬データベース - netkeiba,オーケーカルメン,10.7,0.145,1.551,3,0,-1.0,0.5509999999999999,-1.0,0.0,155.1,0.145,1.551,SPECIAL,LONGSHOT
202407020411,CBC賞｜2024年8月18日 | 競馬データベース - netkeiba,グランテスト,6.5,0.2438,1.585,3,0,-1.0,0.585,-1.0,0.0,158.5,0.2438,1.585,SPECIAL,BALANCED
202407020502,3歳未勝利｜2024年8月24日 | 競馬データベース - netkeiba,プレジャー,15.1,0.1239,1.871,3,0,-1.0,0.871,-1.0,0.0,187.1,0.1239,1.871,MAIDEN,LONGSHOT
202407020504,小倉サマージャンプ｜2024年8月24日 | 競馬データベース - netkeiba,メイショウハチク,46.9,0.0724,3.396,3,0,-1.0,2.396,-1.0,0.0,339.59999999999997,0.0724,3.396,OTHER,DEEP_LONGSHOT
202407020505,2歳新馬｜2024年8月24日 | 競馬データベース - netkeiba,レイザリオ,4.4,0.3056,1.345,7,0,-1.0,0.345,-1.0,0.0,134.5,0.3056,1.345,DEBUT,BALANCED
202407020506,3歳未勝利｜2024年8月24日 | 競馬データベース - netkeiba,メイショウエレジー,26.6,0.0701,1.865,5,0,-1.0,0.865,-1.0,0.0,186.5,0.0701,1.865,MAIDEN,DEEP_LONGSHOT
202407020507,3歳未勝利｜2024年8月24日 | 競馬データベース - netkeiba,シークレットレーン,12.6,0.1315,1.657,11,0,-1.0,0.657,-1.0,0.0,165.7,0.1315,1.657,MAIDEN,LONGSHOT
202407020509,揖斐川特別｜2024年8月24日 | 競馬データベース - netkeiba,ラブカ,58.7,0.0254,1.491,9,0,-1.0,0.4910000000000001,-1.0,0.0,149.10000000000002,0.0254,1.491,SPECIAL,DEEP_LONGSHOT
202407020510,清洲特別｜2024年8月24日 | 競馬データベース - netkeiba,プレヴィスト,7.2,0.2317,1.668,14,0,-1.0,0.6679999999999999,-1.0,0.0,166.79999999999998,0.2317,1.668,SPECIAL,BALANCED
202407020512,3歳以上1勝クラス｜2024年8月24日 | 競馬データベース - netkeiba,メイショウノブカ,11.0,0.1261,1.387,2,0,-1.0,0.387,-1.0,0.0,138.7,0.1261,1.387,CLASS_1W,LONGSHOT
202407020602,3歳未勝利｜2024年8月25日 | 競馬データベース - netkeiba,トゥラッタッタ,12.0,0.159,1.908,5,0,-1.0,0.9079999999999999,-1.0,0.0,190.79999999999998,0.159,1.908,MAIDEN,LONGSHOT
202407020604,3歳未勝利｜2024年8月25日 | 競馬データベース - netkeiba,テーオーロバート,14.7,0.1016,1.494,7,0,-1.0,0.494,-1.0,0.0,149.4,0.1016,1.494,MAIDEN,LONGSHOT
202407020609,大府特別｜2024年8月25日 | 競馬データベース - netkeiba,レッドベルアーム,32.1,0.0555,1.782,7,0,-1.0,0.782,-1.0,0.0,178.2,0.0555,1.782,SPECIAL,DEEP_LONGSHOT
202407020610,長久手特別｜2024年8月25日 | 競馬データベース - netkeiba,コイニョウボウ,34.3,0.0402,1.379,6,0,-1.0,0.379,-1.0,0.0,137.9,0.0402,1.379,SPECIAL,DEEP_LONGSHOT
202407020612,3歳以上1勝クラス｜2024年8月25日 | 競馬データベース - netkeiba,ストライクオン,39.1,0.0402,1.572,15,0,-1.0,0.5720000000000001,-1.0,0.0,157.20000000000002,0.0402,1.572,CLASS_1W,DEEP_LONGSHOT
202407020702,2歳未勝利｜2024年8月31日 | 競馬データベース - netkeiba,サンライズブレイク,12.8,0.1711,2.19,6,0,-1.0,1.19,-1.0,0.0,219.0,0.1711,2.19,MAIDEN,LONGSHOT
202407020708,3歳以上1勝クラス｜2024年8月31日 | 競馬データベース - netkeiba,アルムエアフォルク,20.2,0.1054,2.129,2,0,-1.0,1.129,-1.0,0.0,212.9,0.1054,2.129,CLASS_1W,DEEP_LONGSHOT
202407020709,香嵐渓特別｜2024年8月31日 | 競馬データベース - netkeiba,グラヴィテ,27.0,0.0754,2.036,5,0,-1.0,1.036,-1.0,0.0,203.6,0.0754,2.036,SPECIAL,DEEP_LONGSHOT
202407020711,長篠ステークス｜2024年8月31日 | 競馬データベース - netkeiba,ヤマニンアンフィル,6.4,0.2163,1.384,4,0,-1.0,0.3839999999999999,-1.0,0.0,138.39999999999998,0.2163,1.384,OPEN,BALANCED
202407020808,3歳以上1勝クラス｜2024年9月1日 | 競馬データベース - netkeiba,イツモニコニコ,11.2,0.1744,1.953,7,0,-1.0,0.9530000000000001,-1.0,0.0,195.3,0.1744,1.953,CLASS_1W,LONGSHOT
202407020810,桶狭間ステークス｜2024年9月1日 | 競馬データベース - netkeiba,フェルヴェンテ,12.3,0.1355,1.667,10,0,-1.0,0.667,-1.0,0.0,166.70000000000002,0.1355,1.667,OPEN,LONGSHOT
202407020811,小倉2歳ステークス｜2024年9月1日 | 競馬データベース - netkeiba,エイシンワンド,4.1,0.3205,1.314,1,1,3.1,0.31400000000000006,3.1,409.99999999999994,131.4,0.6795,-2.786,OPEN,BALANCED
202407030101,2歳未勝利｜2024年9月7日 | 競馬データベース - netkeiba,テイエムバゴオウ,11.5,0.1177,1.354,8,0,-1.0,0.3540000000000001,-1.0,0.0,135.4,0.1177,1.354,MAIDEN,LONGSHOT
202407030102,2歳未勝利｜2024年9月7日 | 競馬データベース - netkeiba,ヴォルクメア,14.1,0.1778,2.507,6,0,-1.0,1.5070000000000001,-1.0,0.0,250.70000000000002,0.1778,2.507,MAIDEN,LONGSHOT
202407030103,2歳未勝利｜2024年9月7日 | 競馬データベース - netkeiba,メイショウヤシマ,41.1,0.0862,3.543,4,0,-1.0,2.543,-1.0,0.0,354.3,0.0862,3.543,MAIDEN,DEEP_LONGSHOT
202407030104,2歳新馬｜2024年9月7日 | 競馬データベース - netkeiba,ハルフロンティア,26.8,0.0542,1.453,4,0,-1.0,0.45300000000000007,-1.0,0.0,145.3,0.0542,1.453,DEBUT,DEEP_LONGSHOT
202407030105,2歳新馬｜2024年9月7日 | 競馬データベース - netkeiba,フクキタテーラー,49.6,0.0267,1.324,8,0,-1.0,0.32400000000000007,-1.0,0.0,132.4,0.0267,1.324,DEBUT,DEEP_LONGSHOT
202407030106,3歳以上1勝クラス｜2024年9月7日 | 競馬データベース - netkeiba,スパークルジョイ,21.0,0.0745,1.564,3,0,-1.0,0.5640000000000001,-1.0,0.0,156.4,0.0745,1.564,CLASS_1W,DEEP_LONGSHOT
202407030107,3歳以上1勝クラス｜2024年9月7日 | 競馬データベース - netkeiba,タイセイミニスター,37.8,0.0506,1.913,5,0,-1.0,0.913,-1.0,0.0,191.3,0.0506,1.913,CLASS_1W,DEEP_LONGSHOT
202407030108,3歳以上1勝クラス｜2024年9月7日 | 競馬データベース - netkeiba,フェリーニ,7.1,0.1949,1.384,7,0,-1.0,0.3839999999999999,-1.0,0.0,138.39999999999998,0.1949,1.384,CLASS_1W,BALANCED
202407030109,浜名湖特別｜2024年9月7日 | 競馬データベース - netkeiba,タガノカイ,13.3,0.1282,1.705,2,0,-1.0,0.7050000000000001,-1.0,0.0,170.5,0.1282,1.705,SPECIAL,LONGSHOT
202407030110,ムーンライトハンデ｜2024年9月7日 | 競馬データベース - netkeiba,ルシフェル,4.9,0.317,1.553,3,0,-1.0,0.5529999999999999,-1.0,0.0,155.29999999999998,0.317,1.553,OTHER,BALANCED
202407030111,エニフステークス｜2024年9月7日 | 競馬データベース - netkeiba,コパノニコルソン,37.0,0.0549,2.031,7,0,-1.0,1.0310000000000001,-1.0,0.0,203.10000000000002,0.0549,2.031,OPEN,DEEP_LONGSHOT
202407030112,3歳以上2勝クラス｜2024年9月7日 | 競馬データベース - netkeiba,オースミメッシーナ,38.9,0.0354,1.377,9,0,-1.0,0.377,-1.0,0.0,137.7,0.0354,1.377,CLASS_2W,DEEP_LONGSHOT
202407030201,障害3歳以上未勝利｜2024年9月8日 | 競馬データベース - netkeiba,ポリトナリティー,29.2,0.1007,2.94,8,0,-1.0,1.94,-1.0,0.0,294.0,0.1007,2.94,JUMP,DEEP_LONGSHOT
202407030203,2歳未勝利｜2024年9月8日 | 競馬データベース - netkeiba,シティオブロンドン,33.0,0.0711,2.346,7,0,-1.0,1.346,-1.0,0.0,234.60000000000002,0.0711,2.346,MAIDEN,DEEP_LONGSHOT
202407030204,2歳新馬｜2024年9月8日 | 競馬データベース - netkeiba,メイショウバスク,66.4,0.0342,2.271,7,0,-1.0,1.271,-1.0,0.0,227.1,0.0342,2.271,DEBUT,DEEP_LONGSHOT
202407030206,3歳以上1勝クラス｜2024年9月8日 | 競馬データベース - netkeiba,ブラックドレス,32.0,0.096,3.072,7,0,-1.0,2.072,-1.0,0.0,307.2,0.096,3.072,CLASS_1W,DEEP_LONGSHOT
202407030207,3歳以上1勝クラス｜2024年9月8日 | 競馬データベース - netkeiba,メイショウフィガロ,115.1,0.0118,1.358,7,0,-1.0,0.3580000000000001,-1.0,0.0,135.8,0.0118,1.358,CLASS_1W,DEEP_LONGSHOT
202407030208,3歳以上1勝クラス｜2024年9月8日 | 競馬データベース - netkeiba,メイショウヒュウガ,23.5,0.0797,1.873,7,0,-1.0,0.873,-1.0,0.0,187.3,0.0797,1.873,CLASS_1W,DEEP_LONGSHOT
202407030209,天竜川特別｜2024年9月8日 | 競馬データベース - netkeiba,メジェド,26.1,0.0599,1.563,13,0,-1.0,0.563,-1.0,0.0,156.29999999999998,0.0599,1.563,SPECIAL,DEEP_LONGSHOT
202407030211,産経賞セントウルS｜2024年9月8日 | 競馬データベース - netkeiba,トウシンマカオ,6.4,0.2179,1.395,1,1,5.4,0.395,5.4,640.0,139.5,0.7821,-5.005000000000001,SPECIAL,BALANCED
202407030212,3歳以上1勝クラス｜2024年9月8日 | 競馬データベース - netkeiba,メイプルギャング,18.7,0.0847,1.584,5,0,-1.0,0.5840000000000001,-1.0,0.0,158.4,0.0847,1.584,CLASS_1W,LONGSHOT
202407030301,2歳未勝利｜2024年9月14日 | 競馬データベース - netkeiba,ランワールドワン,51.2,0.0401,2.053,7,0,-1.0,1.053,-1.0,0.0,205.29999999999998,0.0401,2.053,MAIDEN,DEEP_LONGSHOT
202407030302,2歳未勝利｜2024年9月14日 | 競馬データベース - netkeiba,ハッピールンナ,73.1,0.0216,1.579,5,0,-1.0,0.579,-1.0,0.0,157.9,0.0216,1.579,MAIDEN,DEEP_LONGSHOT
202407030310,恵那特別｜2024年9月14日 | 競馬データベース - netkeiba,クリノグローリー,19.0,0.1115,2.118,7,0,-1.0,1.1179999999999999,-1.0,0.0,211.79999999999998,0.1115,2.118,SPECIAL,LONGSHOT
202407030312,3歳以上1勝クラス｜2024年9月14日 | 競馬データベース - netkeiba,タイセイレスポンス,4.1,0.3194,1.31,5,0,-1.0,0.31000000000000005,-1.0,0.0,131.0,0.3194,1.31,CLASS_1W,BALANCED
202407030401,障害3歳以上未勝利｜2024年9月15日 | 競馬データベース - netkeiba,カイトレッド,9.2,0.1677,1.543,2,0,-1.0,0.5429999999999999,-1.0,0.0,154.29999999999998,0.1677,1.543,JUMP,LONGSHOT
202407030402,2歳未勝利｜2024年9月15日 | 競馬データベース - netkeiba,サファリ,22.3,0.1363,3.039,2,0,-1.0,2.039,-1.0,0.0,303.90000000000003,0.1363,3.039,MAIDEN,DEEP_LONGSHOT
202407030405,2歳新馬｜2024年9月15日 | 競馬データベース - netkeiba,キントラダンサー,14.2,0.0938,1.332,2,0,-1.0,0.3320000000000001,-1.0,0.0,133.20000000000002,0.0938,1.332,DEBUT,LONGSHOT
202407030406,3歳以上1勝クラス｜2024年9月15日 | 競馬データベース - netkeiba,ハイウェイスター,14.4,0.1107,1.594,6,0,-1.0,0.5940000000000001,-1.0,0.0,159.4,0.1107,1.594,CLASS_1W,LONGSHOT
202407030408,3歳以上1勝クラス｜2024年9月15日 | 競馬データベース - netkeiba,フラッシング,17.0,0.1167,1.984,6,0,-1.0,0.984,-1.0,0.0,198.4,0.1167,1.984,CLASS_1W,LONGSHOT
202407030409,茶臼山高原特別｜2024年9月15日 | 競馬データベース - netkeiba,ライフセービング,30.8,0.0706,2.174,6,0,-1.0,1.174,-1.0,0.0,217.4,0.0706,2.174,SPECIAL,DEEP_LONGSHOT
202407030411,関西TVローズS｜2024年9月15日 | 競馬データベース - netkeiba,カニキュル,17.7,0.0878,1.554,8,0,-1.0,0.554,-1.0,0.0,155.4,0.0878,1.554,OTHER,LONGSHOT
202407030502,2歳未勝利｜2024年9月16日 | 競馬データベース - netkeiba,パワーストーン,44.9,0.029,1.302,1,1,43.9,0.30200000000000005,43.9,4490.0,130.20000000000002,0.971,-43.598,MAIDEN,DEEP_LONGSHOT
202407030503,2歳未勝利｜2024年9月16日 | 競馬データベース - netkeiba,シャインバオバブ,43.4,0.0388,1.684,9,0,-1.0,0.6839999999999999,-1.0,0.0,168.4,0.0388,1.684,MAIDEN,DEEP_LONGSHOT
202407030504,2歳新馬｜2024年9月16日 | 競馬データベース - netkeiba,ヒロノランド,26.5,0.0642,1.701,7,0,-1.0,0.7010000000000001,-1.0,0.0,170.1,0.0642,1.701,DEBUT,DEEP_LONGSHOT
202407030506,3歳以上1勝クラス｜2024年9月16日 | 競馬データベース - netkeiba,ローガンパス,7.5,0.2395,1.796,12,0,-1.0,0.796,-1.0,0.0,179.6,0.2395,1.796,CLASS_1W,BALANCED
202407030509,長良川特別｜2024年9月16日 | 競馬データベース - netkeiba,グルーヴビート,18.5,0.1068,1.976,3,0,-1.0,0.976,-1.0,0.0,197.6,0.1068,1.976,SPECIAL,LONGSHOT
202407030510,桑名特別｜2024年9月16日 | 競馬データベース - netkeiba,テラメリタ,14.7,0.101,1.485,7,0,-1.0,0.4850000000000001,-1.0,0.0,148.5,0.101,1.485,SPECIAL,LONGSHOT
202407030511,JRA70THアニバ｜2024年9月16日 | 競馬データベース - netkeiba,コルドンルージュ,5.2,0.2523,1.312,14,0,-1.0,0.31200000000000006,-1.0,0.0,131.20000000000002,0.2523,1.312,OTHER,BALANCED
202407030512,3歳以上1勝クラス｜2024年9月16日 | 競馬データベース - netkeiba,ロードリレーション,33.4,0.042,1.403,7,0,-1.0,0.403,-1.0,0.0,140.3,0.042,1.403,CLASS_1W,DEEP_LONGSHOT
202407030601,2歳未勝利｜2024年9月21日 | 競馬データベース - netkeiba,メイショウバスク,25.8,0.0779,2.01,2,0,-1.0,1.0099999999999998,-1.0,0.0,200.99999999999997,0.0779,2.01,MAIDEN,DEEP_LONGSHOT
202407030603,2歳未勝利｜2024年9月21日 | 競馬データベース - netkeiba,ブレイジングスター,22.8,0.0579,1.32,8,0,-1.0,0.32000000000000006,-1.0,0.0,132.0,0.0579,1.32,MAIDEN,DEEP_LONGSHOT
202407030606,3歳以上1勝クラス｜2024年9月21日 | 競馬データベース - netkeiba,グランオース,11.6,0.1335,1.549,1,1,10.6,0.5489999999999999,10.6,1160.0,154.9,0.8665,-10.051,CLASS_1W,LONGSHOT
202407030608,野路菊ステークス｜2024年9月21日 | 競馬データベース - netkeiba,スーパーチャンド,111.6,0.022,2.455,5,0,-1.0,1.455,-1.0,0.0,245.5,0.022,2.455,OPEN,DEEP_LONGSHOT
202407030609,3歳以上1勝クラス｜2024年9月21日 | 競馬データベース - netkeiba,アメリカンチケット,4.6,0.3229,1.485,1,1,3.6,0.4850000000000001,3.6,459.99999999999994,148.5,0.6771,-3.115,CLASS_1W,BALANCED
202407030611,伊賀ステークス｜2024年9月21日 | 競馬データベース - netkeiba,カズゴルティス,7.2,0.2562,1.845,9,0,-1.0,0.845,-1.0,0.0,184.5,0.2562,1.845,OPEN,BALANCED
202407030612,3歳以上2勝クラス｜2024年9月21日 | 競馬データベース - netkeiba,サンダーアラート,7.9,0.1668,1.318,7,0,-1.0,0.31800000000000006,-1.0,0.0,131.8,0.1668,1.318,CLASS_2W,BALANCED
202407030701,障害3歳以上未勝利｜2024年9月22日 | 競馬データベース - netkeiba,ユキノエリザベス,17.3,0.1116,1.931,10,0,-1.0,0.931,-1.0,0.0,193.1,0.1116,1.931,JUMP,LONGSHOT
202407030704,2歳新馬｜2024年9月22日 | 競馬データベース - netkeiba,メイショウセオト,10.0,0.2204,2.204,4,0,-1.0,1.2040000000000002,-1.0,0.0,220.4,0.2204,2.204,DEBUT,LONGSHOT
202407030705,2歳新馬｜2024年9月22日 | 競馬データベース - netkeiba,サンライズアレス,11.5,0.1137,1.308,10,0,-1.0,0.30800000000000005,-1.0,0.0,130.8,0.1137,1.308,DEBUT,LONGSHOT
202407030706,3歳以上1勝クラス｜2024年9月22日 | 競馬データベース - netkeiba,ツッチーフェイス,31.8,0.0512,1.628,8,0,-1.0,0.6279999999999999,-1.0,0.0,162.79999999999998,0.0512,1.628,CLASS_1W,DEEP_LONGSHOT
202407030707,3歳以上1勝クラス｜2024年9月22日 | 競馬データベース - netkeiba,ルクスアドラー,14.9,0.1378,2.053,7,0,-1.0,1.053,-1.0,0.0,205.29999999999998,0.1378,2.053,CLASS_1W,LONGSHOT
202407030708,3歳以上1勝クラス｜2024年9月22日 | 競馬データベース - netkeiba,タイセイミニスター,23.2,0.0619,1.436,4,0,-1.0,0.43599999999999994,-1.0,0.0,143.6,0.0619,1.436,CLASS_1W,DEEP_LONGSHOT
202407030709,夕月特別｜2024年9月22日 | 競馬データベース - netkeiba,リラボニート,15.3,0.1198,1.833,4,0,-1.0,0.833,-1.0,0.0,183.29999999999998,0.1198,1.833,SPECIAL,LONGSHOT
202407030710,志摩ステークス｜2024年9月22日 | 競馬データベース - netkeiba,ミルトクレイモー,7.5,0.2457,1.843,1,1,6.5,0.843,6.5,750.0,184.3,0.7543,-5.657,OPEN,BALANCED
202407030711,神戸新聞杯｜2024年9月22日 | 競馬データベース - netkeiba,メイショウタバル,5.4,0.2471,1.334,1,1,4.4,0.3340000000000001,4.4,540.0,133.4,0.7529,-4.066000000000001,OPEN,BALANCED
202407030712,3歳以上2勝クラス｜2024年9月22日 | 競馬データベース - netkeiba,スペシャルナンバー,15.8,0.0979,1.547,4,0,-1.0,0.5469999999999999,-1.0,0.0,154.7,0.0979,1.547,CLASS_2W,LONGSHOT
202407030801,2歳未勝利｜2024年9月28日 | 競馬データベース - netkeiba,テイエムバゴオウ,102.1,0.0153,1.562,3,0,-1.0,0.562,-1.0,0.0,156.20000000000002,0.0153,1.562,MAIDEN,DEEP_LONGSHOT
202407030803,2歳未勝利｜2024年9月28日 | 競馬データベース - netkeiba,マジェスティルール,37.5,0.0382,1.432,5,0,-1.0,0.43199999999999994,-1.0,0.0,143.2,0.0382,1.432,MAIDEN,DEEP_LONGSHOT
202407030804,2歳新馬｜2024年9月28日 | 競馬データベース - netkeiba,シュパネントウィル,13.6,0.1068,1.452,2,0,-1.0,0.45199999999999996,-1.0,0.0,145.2,0.1068,1.452,DEBUT,LONGSHOT
202407030805,2歳新馬｜2024年9月28日 | 競馬データベース - netkeiba,ジャックオダモ,10.0,0.1387,1.387,12,0,-1.0,0.387,-1.0,0.0,138.7,0.1387,1.387,DEBUT,LONGSHOT
202407030806,3歳以上1勝クラス｜2024年9月28日 | 競馬データベース - netkeiba,ヴィアダクト,22.1,0.0866,1.914,10,0,-1.0,0.9139999999999999,-1.0,0.0,191.4,0.0866,1.914,CLASS_1W,DEEP_LONGSHOT
202407030807,3歳以上1勝クラス｜2024年9月28日 | 競馬データベース - netkeiba,ベトルス,10.3,0.157,1.617,3,0,-1.0,0.617,-1.0,0.0,161.7,0.157,1.617,CLASS_1W,LONGSHOT
202407030812,3歳以上1勝クラス｜2024年9月28日 | 競馬データベース - netkeiba,エフエイト,10.2,0.1958,1.997,2,0,-1.0,0.9970000000000001,-1.0,0.0,199.70000000000002,0.1958,1.997,CLASS_1W,LONGSHOT
202407030901,2歳未勝利｜2024年9月29日 | 競馬データベース - netkeiba,ホワイトアッシュ,44.3,0.0337,1.493,8,0,-1.0,0.4930000000000001,-1.0,0.0,149.3,0.0337,1.493,MAIDEN,DEEP_LONGSHOT
202407030902,2歳未勝利｜2024年9月29日 | 競馬データベース - netkeiba,サンライズアレス,30.4,0.0932,2.833,5,0,-1.0,1.8330000000000002,-1.0,0.0,283.3,0.0932,2.833,MAIDEN,DEEP_LONGSHOT
202407030903,2歳新馬｜2024年9月29日 | 競馬データベース - netkeiba,アメリカンビーチ,4.5,0.3283,1.477,5,0,-1.0,0.4770000000000001,-1.0,0.0,147.70000000000002,0.3283,1.477,DEBUT,BALANCED
202407030904,3歳以上1勝クラス｜2024年9月29日 | 競馬データベース - netkeiba,ベファーナ,25.4,0.0752,1.91,4,0,-1.0,0.9099999999999999,-1.0,0.0,191.0,0.0752,1.91,CLASS_1W,DEEP_LONGSHOT
202407030909,常滑特別｜2024年9月29日 | 競馬データベース - netkeiba,デルマグレムリン,63.3,0.0211,1.336,8,0,-1.0,0.3360000000000001,-1.0,0.0,133.6,0.0211,1.336,SPECIAL,DEEP_LONGSHOT
202407040102,3歳以上1勝クラス｜2024年11月30日 | 競馬データベース - netkeiba,パワポケビー,9.0,0.1786,1.607,7,0,-1.0,0.607,-1.0,0.0,160.7,0.1786,1.607,CLASS_1W,LONGSHOT
202407040103,3歳以上1勝クラス｜2024年11月30日 | 競馬データベース - netkeiba,ベルイストワール,4.8,0.2841,1.364,10,0,-1.0,0.3640000000000001,-1.0,0.0,136.4,0.2841,1.364,CLASS_1W,BALANCED
202407040105,2歳新馬｜2024年11月30日 | 競馬データベース - netkeiba,イリバーレ,39.0,0.0457,1.782,4,0,-1.0,0.782,-1.0,0.0,178.2,0.0457,1.782,DEBUT,DEEP_LONGSHOT
202407040106,3歳以上1勝クラス｜2024年11月30日 | 競馬データベース - netkeiba,ダンツビガー,10.7,0.1463,1.565,3,0,-1.0,0.565,-1.0,0.0,156.5,0.1463,1.565,CLASS_1W,LONGSHOT
202407040109,犬山特別｜2024年11月30日 | 競馬データベース - netkeiba,ルージュアベリア,6.8,0.2262,1.538,4,0,-1.0,0.538,-1.0,0.0,153.8,0.2262,1.538,SPECIAL,BALANCED
202407040111,飛騨ステークス｜2024年11月30日 | 競馬データベース - netkeiba,リサリサ,5.6,0.2359,1.321,10,0,-1.0,0.32099999999999995,-1.0,0.0,132.1,0.2359,1.321,OPEN,BALANCED
202407040112,3歳以上1勝クラス｜2024年11月30日 | 競馬データベース - netkeiba,モアナフリューゲル,24.8,0.0541,1.342,14,0,-1.0,0.3420000000000001,-1.0,0.0,134.20000000000002,0.0541,1.342,CLASS_1W,DEEP_LONGSHOT
202407040201,2歳未勝利｜2024年12月1日 | 競馬データベース - netkeiba,タナハシ,36.8,0.0609,2.241,7,0,-1.0,1.241,-1.0,0.0,224.10000000000002,0.0609,2.241,MAIDEN,DEEP_LONGSHOT
202407040203,3歳以上1勝クラス｜2024年12月1日 | 競馬データベース - netkeiba,リリーアロー,50.9,0.0377,1.919,5,0,-1.0,0.919,-1.0,0.0,191.9,0.0377,1.919,CLASS_1W,DEEP_LONGSHOT
202407040204,2歳未勝利｜2024年12月1日 | 競馬データベース - netkeiba,シドニーホバート,7.1,0.1835,1.303,2,0,-1.0,0.30299999999999994,-1.0,0.0,130.29999999999998,0.1835,1.303,MAIDEN,BALANCED
202407040205,2歳未勝利｜2024年12月1日 | 競馬データベース - netkeiba,オデット,108.2,0.0146,1.58,5,0,-1.0,0.5800000000000001,-1.0,0.0,158.0,0.0146,1.58,MAIDEN,DEEP_LONGSHOT
202407040206,3歳以上1勝クラス｜2024年12月1日 | 競馬データベース - netkeiba,トルーマンテソーロ,6.9,0.24,1.656,9,0,-1.0,0.6559999999999999,-1.0,0.0,165.6,0.24,1.656,CLASS_1W,BALANCED
202407040208,3歳以上1勝クラス｜2024年12月1日 | 競馬データベース - netkeiba,グローリーアテイン,88.7,0.016,1.419,14,0,-1.0,0.41900000000000004,-1.0,0.0,141.9,0.016,1.419,CLASS_1W,DEEP_LONGSHOT
202407040209,こうやまき賞｜2024年12月1日 | 競馬データベース - netkeiba,サウンドバッハ,138.2,0.011,1.52,6,0,-1.0,0.52,-1.0,0.0,152.0,0.011,1.52,SPECIAL,DEEP_LONGSHOT
202407040210,クロフネC｜2024年12月1日 | 競馬データベース - netkeiba,ルージュスタニング,5.7,0.244,1.391,5,0,-1.0,0.391,-1.0,0.0,139.1,0.244,1.391,OTHER,BALANCED
202407040212,栄特別｜2024年12月1日 | 競馬データベース - netkeiba,グラヴィス,10.8,0.1325,1.431,3,0,-1.0,0.43100000000000005,-1.0,0.0,143.1,0.1325,1.431,SPECIAL,LONGSHOT
202407040301,2歳未勝利｜2024年12月7日 | 競馬データベース - netkeiba,マンノミューズ,37.3,0.1012,3.775,3,0,-1.0,2.775,-1.0,0.0,377.5,0.1012,3.775,MAIDEN,DEEP_LONGSHOT
202407040302,3歳以上1勝クラス｜2024年12月7日 | 競馬データベース - netkeiba,ドリームクルーズ,21.9,0.1222,2.676,5,0,-1.0,1.6760000000000002,-1.0,0.0,267.6,0.1222,2.676,CLASS_1W,DEEP_LONGSHOT
202407040303,3歳以上1勝クラス｜2024年12月7日 | 競馬データベース - netkeiba,ブルーペクトライト,26.2,0.099,2.594,4,0,-1.0,1.5939999999999999,-1.0,0.0,259.4,0.099,2.594,CLASS_1W,DEEP_LONGSHOT
202407040304,2歳未勝利｜2024年12月7日 | 競馬データベース - netkeiba,ヴィーデ,15.5,0.1297,2.01,4,0,-1.0,1.0099999999999998,-1.0,0.0,200.99999999999997,0.1297,2.01,MAIDEN,LONGSHOT
202407040306,3歳以上1勝クラス｜2024年12月7日 | 競馬データベース - netkeiba,ヒットアンドロール,19.4,0.084,1.63,7,0,-1.0,0.6299999999999999,-1.0,0.0,163.0,0.084,1.63,CLASS_1W,LONGSHOT
202407040307,3歳以上1勝クラス｜2024年12月7日 | 競馬データベース - netkeiba,ショウナンガチ,4.3,0.3139,1.35,6,0,-1.0,0.3500000000000001,-1.0,0.0,135.0,0.3139,1.35,CLASS_1W,BALANCED
202407040310,鳴海特別｜2024年12月7日 | 競馬データベース - netkeiba,プレイサーゴールド,22.9,0.0584,1.337,6,0,-1.0,0.33699999999999997,-1.0,0.0,133.7,0.0584,1.337,SPECIAL,DEEP_LONGSHOT
202407040312,3歳以上1勝クラス｜2024年12月7日 | 競馬データベース - netkeiba,アイルドリアン,5.5,0.254,1.397,1,1,4.5,0.397,4.5,550.0,139.7,0.746,-4.103,CLASS_1W,BALANCED
202407040401,2歳未勝利｜2024年12月8日 | 競馬データベース - netkeiba,ヘッズアップ,95.8,0.0179,1.715,9,0,-1.0,0.7150000000000001,-1.0,0.0,171.5,0.0179,1.715,MAIDEN,DEEP_LONGSHOT
202407040402,2歳未勝利｜2024年12月8日 | 競馬データベース - netkeiba,メリトーリアス,10.5,0.1298,1.363,15,0,-1.0,0.363,-1.0,0.0,136.3,0.1298,1.363,MAIDEN,LONGSHOT
202407040403,3歳以上1勝クラス｜2024年12月8日 | 競馬データベース - netkeiba,ソーニャシュニク,15.9,0.1283,2.04,3,0,-1.0,1.04,-1.0,0.0,204.0,0.1283,2.04,CLASS_1W,LONGSHOT
202407040404,2歳未勝利｜2024年12月8日 | 競馬データベース - netkeiba,シーク,23.3,0.0638,1.487,5,0,-1.0,0.4870000000000001,-1.0,0.0,148.70000000000002,0.0638,1.487,MAIDEN,DEEP_LONGSHOT
202407040405,2歳新馬｜2024年12月8日 | 競馬データベース - netkeiba,スパイラルビジョン,11.4,0.1716,1.956,9,0,-1.0,0.956,-1.0,0.0,195.6,0.1716,1.956,DEBUT,LONGSHOT
202407040406,3歳以上1勝クラス｜2024年12月8日 | 競馬データベース - netkeiba,アルプスオジョー,36.2,0.0571,2.067,9,0,-1.0,1.0670000000000002,-1.0,0.0,206.70000000000002,0.0571,2.067,CLASS_1W,DEEP_LONGSHOT
202407040407,3歳以上1勝クラス｜2024年12月8日 | 競馬データベース - netkeiba,スズカミエール,16.1,0.1079,1.737,1,1,15.1,0.7370000000000001,15.1,1610.0000000000002,173.70000000000002,0.8921,-14.363,CLASS_1W,LONGSHOT
202407040408,3歳以上1勝クラス｜2024年12月8日 | 競馬データベース - netkeiba,フレイムジョーカー,16.2,0.0834,1.351,2,0,-1.0,0.351,-1.0,0.0,135.1,0.0834,1.351,CLASS_1W,LONGSHOT
202407040410,名古屋日刊スポーツ杯｜2024年12月8日 | 競馬データベース - netkeiba,ナヴォーナ,12.9,0.1117,1.441,1,1,11.9,0.44100000000000006,11.9,1290.0,144.1,0.8883,-11.459,OPEN,LONGSHOT
202407040501,2歳未勝利｜2024年12月14日 | 競馬データベース - netkeiba,クリプトス,11.3,0.1233,1.393,6,0,-1.0,0.393,-1.0,0.0,139.3,0.1233,1.393,MAIDEN,LONGSHOT
202407040502,3歳以上1勝クラス｜2024年12月14日 | 競馬データベース - netkeiba,ホウオウシンデレラ,18.6,0.0721,1.341,5,0,-1.0,0.34099999999999997,-1.0,0.0,134.1,0.0721,1.341,CLASS_1W,LONGSHOT
202407040503,3歳以上1勝クラス｜2024年12月14日 | 競馬データベース - netkeiba,トロピカルヒーロー,17.3,0.111,1.92,12,0,-1.0,0.9199999999999999,-1.0,0.0,192.0,0.111,1.92,CLASS_1W,LONGSHOT
202407040505,2歳未勝利｜2024年12月14日 | 競馬データベース - netkeiba,エキサイトバイオ,38.2,0.0614,2.345,4,0,-1.0,1.3450000000000002,-1.0,0.0,234.50000000000003,0.0614,2.345,MAIDEN,DEEP_LONGSHOT
202407040507,3歳以上1勝クラス｜2024年12月14日 | 競馬データベース - netkeiba,エリカヴェネチア,17.0,0.0853,1.45,8,0,-1.0,0.44999999999999996,-1.0,0.0,145.0,0.0853,1.45,CLASS_1W,LONGSHOT
202407040508,ヤングJSFR中京1｜2024年12月14日 | 競馬データベース - netkeiba,ショウナンガチ,7.2,0.1833,1.32,5,0,-1.0,0.32000000000000006,-1.0,0.0,132.0,0.1833,1.32,OTHER,BALANCED
202407040509,報知杯中京2歳S｜2024年12月14日 | 競馬データベース - netkeiba,ハイファイスピード,18.7,0.0854,1.597,7,0,-1.0,0.597,-1.0,0.0,159.7,0.0854,1.597,OPEN,LONGSHOT
202407040511,尾頭橋ステークス｜2024年12月14日 | 競馬データベース - netkeiba,メイショウコガシラ,5.3,0.3121,1.654,4,0,-1.0,0.6539999999999999,-1.0,0.0,165.39999999999998,0.3121,1.654,OPEN,BALANCED
202407040602,3歳以上1勝クラス｜2024年12月15日 | 競馬データベース - netkeiba,レイワホマレ,10.3,0.1302,1.341,8,0,-1.0,0.34099999999999997,-1.0,0.0,134.1,0.1302,1.341,CLASS_1W,LONGSHOT
202407040603,3歳以上1勝クラス｜2024年12月15日 | 競馬データベース - netkeiba,ゲインサポート,19.4,0.1465,2.842,10,0,-1.0,1.842,-1.0,0.0,284.2,0.1465,2.842,CLASS_1W,LONGSHOT
202407040605,2歳新馬｜2024年12月15日 | 競馬データベース - netkeiba,テーオーライマン,18.1,0.109,1.973,9,0,-1.0,0.9730000000000001,-1.0,0.0,197.3,0.109,1.973,DEBUT,LONGSHOT
202407040606,3歳以上1勝クラス｜2024年12月15日 | 競馬データベース - netkeiba,ラキアレクサンダー,27.1,0.056,1.518,12,0,-1.0,0.518,-1.0,0.0,151.8,0.056,1.518,CLASS_1W,DEEP_LONGSHOT
202407040607,3歳以上1勝クラス｜2024年12月15日 | 競馬データベース - netkeiba,マイレーヌ,10.5,0.1411,1.482,4,0,-1.0,0.482,-1.0,0.0,148.2,0.1411,1.482,CLASS_1W,LONGSHOT
202407040609,寒椿賞｜2024年12月15日 | 競馬データベース - netkeiba,ピーチマカロン,61.9,0.0344,2.129,6,0,-1.0,1.129,-1.0,0.0,212.9,0.0344,2.129,SPECIAL,DEEP_LONGSHOT
202407040610,一宮特別｜2024年12月15日 | 競馬データベース - netkeiba,アスカノミライ,54.4,0.0277,1.507,7,0,-1.0,0.5069999999999999,-1.0,0.0,150.7,0.0277,1.507,SPECIAL,DEEP_LONGSHOT
202408010102,3歳未勝利｜2024年1月6日 | 競馬データベース - netkeiba,ハーバーライト,9.0,0.147,1.323,1,1,8.0,0.32299999999999995,8.0,900.0,132.29999999999998,0.853,-7.677,MAIDEN,LONGSHOT
202408010106,3歳1勝クラス｜2024年1月6日 | 競馬データベース - netkeiba,セントキルダ,62.7,0.0252,1.58,4,0,-1.0,0.5800000000000001,-1.0,0.0,158.0,0.0252,1.58,CLASS_1W,DEEP_LONGSHOT
202408010111,スポニチ賞京都金杯｜2024年1月6日 | 競馬データベース - netkeiba,トゥードジボン,5.4,0.2909,1.571,3,0,-1.0,0.571,-1.0,0.0,157.1,0.2909,1.571,OPEN,BALANCED
202408010112,4歳以上1勝クラス｜2024年1月6日 | 競馬データベース - netkeiba,ルクスビッグスター,11.5,0.1288,1.481,2,0,-1.0,0.4810000000000001,-1.0,0.0,148.10000000000002,0.1288,1.481,CLASS_1W,LONGSHOT
202408010203,3歳未勝利｜2024年1月7日 | 競馬データベース - netkeiba,マーベリックシチー,15.3,0.0936,1.432,11,0,-1.0,0.43199999999999994,-1.0,0.0,143.2,0.0936,1.432,MAIDEN,LONGSHOT
202408010204,4歳以上1勝クラス｜2024年1月7日 | 競馬データベース - netkeiba,デアデルマーレ,15.0,0.0879,1.318,9,0,-1.0,0.31800000000000006,-1.0,0.0,131.8,0.0879,1.318,CLASS_1W,LONGSHOT
202408010205,3歳未勝利｜2024年1月7日 | 競馬データベース - netkeiba,ロードトレゾール,8.7,0.1886,1.641,16,0,-1.0,0.641,-1.0,0.0,164.1,0.1886,1.641,MAIDEN,LONGSHOT
202408010207,4歳以上1勝クラス｜2024年1月7日 | 競馬データベース - netkeiba,タッチャブル,17.0,0.1258,2.139,12,0,-1.0,1.1389999999999998,-1.0,0.0,213.89999999999998,0.1258,2.139,CLASS_1W,LONGSHOT
202408010301,3歳未勝利｜2024年1月8日 | 競馬データベース - netkeiba,ボビーニクビッタケ,10.5,0.1982,2.081,6,0,-1.0,1.081,-1.0,0.0,208.1,0.1982,2.081,MAIDEN,LONGSHOT
202408010303,3歳新馬｜2024年1月8日 | 競馬データベース - netkeiba,アルナイル,6.3,0.2289,1.442,2,0,-1.0,0.44199999999999995,-1.0,0.0,144.2,0.2289,1.442,DEBUT,BALANCED
202408010305,3歳新馬｜2024年1月8日 | 競馬データベース - netkeiba,クラージュミノル,17.2,0.083,1.428,15,0,-1.0,0.42799999999999994,-1.0,0.0,142.79999999999998,0.083,1.428,DEBUT,LONGSHOT
202408010307,4歳以上1勝クラス｜2024年1月8日 | 競馬データベース - netkeiba,ブルーペクトライト,7.8,0.1715,1.338,7,0,-1.0,0.3380000000000001,-1.0,0.0,133.8,0.1715,1.338,CLASS_1W,BALANCED
202408010308,4歳以上1勝クラス｜2024年1月8日 | 競馬データベース - netkeiba,エティエンヌ,10.3,0.1858,1.914,1,1,9.3,0.9139999999999999,9.3,1030.0,191.4,0.8142,-8.386000000000001,CLASS_1W,LONGSHOT
202408010309,蹴上特別｜2024年1月8日 | 競馬データベース - netkeiba,メイショウコガシラ,4.7,0.3186,1.497,8,0,-1.0,0.4970000000000001,-1.0,0.0,149.70000000000002,0.3186,1.497,SPECIAL,BALANCED
202408010310,寿ステークス｜2024年1月8日 | 競馬データベース - netkeiba,デコラシオン,8.7,0.2112,1.837,5,0,-1.0,0.837,-1.0,0.0,183.7,0.2112,1.837,OPEN,LONGSHOT
202408010403,3歳未勝利｜2024年1月13日 | 競馬データベース - netkeiba,アストラカ,11.7,0.1793,2.098,4,0,-1.0,1.0979999999999999,-1.0,0.0,209.79999999999998,0.1793,2.098,MAIDEN,LONGSHOT
202408010405,3歳未勝利｜2024年1月13日 | 競馬データベース - netkeiba,ウインキャロライン,5.5,0.2387,1.313,7,0,-1.0,0.31299999999999994,-1.0,0.0,131.29999999999998,0.2387,1.313,MAIDEN,BALANCED
202408010406,3歳未勝利｜2024年1月13日 | 競馬データベース - netkeiba,マテンロウノカゼ,12.4,0.1494,1.853,10,0,-1.0,0.853,-1.0,0.0,185.3,0.1494,1.853,MAIDEN,LONGSHOT
202408010408,4歳以上1勝クラス｜2024年1月13日 | 競馬データベース - netkeiba,バシレウスシチー,35.7,0.0425,1.517,13,0,-1.0,0.5169999999999999,-1.0,0.0,151.7,0.0425,1.517,CLASS_1W,DEEP_LONGSHOT
202408010409,五条坂特別｜2024年1月13日 | 競馬データベース - netkeiba,サンライズグルーヴ,26.2,0.0586,1.535,9,0,-1.0,0.5349999999999999,-1.0,0.0,153.5,0.0586,1.535,SPECIAL,DEEP_LONGSHOT
202408010411,淀短距離ステークス｜2024年1月13日 | 競馬データベース - netkeiba,カルネアサーダ,11.7,0.1141,1.335,4,0,-1.0,0.33499999999999996,-1.0,0.0,133.5,0.1141,1.335,OPEN,LONGSHOT
202408010501,3歳未勝利｜2024年1月14日 | 競馬データベース - netkeiba,カンカール,14.8,0.0893,1.322,8,0,-1.0,0.32200000000000006,-1.0,0.0,132.20000000000002,0.0893,1.322,MAIDEN,LONGSHOT
202408010502,3歳未勝利｜2024年1月14日 | 競馬データベース - netkeiba,フェヴリエ,16.8,0.0809,1.359,2,0,-1.0,0.359,-1.0,0.0,135.9,0.0809,1.359,MAIDEN,LONGSHOT
202408010503,3歳新馬｜2024年1月14日 | 競馬データベース - netkeiba,アルニラム,13.3,0.119,1.583,4,0,-1.0,0.583,-1.0,0.0,158.29999999999998,0.119,1.583,DEBUT,LONGSHOT
202408010508,4歳以上2勝クラス｜2024年1月14日 | 競馬データベース - netkeiba,カンザシ,14.8,0.1258,1.862,8,0,-1.0,0.8620000000000001,-1.0,0.0,186.20000000000002,0.1258,1.862,CLASS_2W,LONGSHOT
202408010509,逢坂山特別｜2024年1月14日 | 競馬データベース - netkeiba,オオキニ,31.9,0.0434,1.384,10,0,-1.0,0.3839999999999999,-1.0,0.0,138.39999999999998,0.0434,1.384,SPECIAL,DEEP_LONGSHOT
202408010510,雅ステークス｜2024年1月14日 | 競馬データベース - netkeiba,ルーカスミノル,41.6,0.0501,2.084,8,0,-1.0,1.084,-1.0,0.0,208.4,0.0501,2.084,OPEN,DEEP_LONGSHOT
202408010601,3歳未勝利｜2024年1月20日 | 競馬データベース - netkeiba,メイショウオオコ,31.6,0.0474,1.498,4,0,-1.0,0.498,-1.0,0.0,149.8,0.0474,1.498,MAIDEN,DEEP_LONGSHOT
202408010602,3歳未勝利｜2024年1月20日 | 競馬データベース - netkeiba,フォージドブリック,13.8,0.1369,1.889,5,0,-1.0,0.889,-1.0,0.0,188.9,0.1369,1.889,MAIDEN,LONGSHOT
202408010607,4歳以上1勝クラス｜2024年1月20日 | 競馬データベース - netkeiba,ドンアチェカ,24.9,0.0692,1.723,4,0,-1.0,0.7230000000000001,-1.0,0.0,172.3,0.0692,1.723,CLASS_1W,DEEP_LONGSHOT
202408010609,若駒ステークス｜2024年1月20日 | 競馬データベース - netkeiba,エルフストラック,56.0,0.0301,1.686,4,0,-1.0,0.6859999999999999,-1.0,0.0,168.6,0.0301,1.686,OPEN,DEEP_LONGSHOT
202408010611,石清水ステークス｜2024年1月20日 | 競馬データベース - netkeiba,ホウオウラスカーズ,13.7,0.1073,1.47,7,0,-1.0,0.47,-1.0,0.0,147.0,0.1073,1.47,OPEN,LONGSHOT
202408010612,3歳未勝利｜2024年1月20日 | 競馬データベース - netkeiba,ライジングアロー,15.2,0.1169,1.777,5,0,-1.0,0.7769999999999999,-1.0,0.0,177.7,0.1169,1.777,MAIDEN,LONGSHOT
202408010701,3歳未勝利｜2024年1月21日 | 競馬データベース - netkeiba,タイセイシンガー,120.4,0.0114,1.373,10,0,-1.0,0.373,-1.0,0.0,137.3,0.0114,1.373,MAIDEN,DEEP_LONGSHOT
202408010703,3歳未勝利｜2024年1月21日 | 競馬データベース - netkeiba,リネアグローリア,21.6,0.1038,2.242,2,0,-1.0,1.242,-1.0,0.0,224.2,0.1038,2.242,MAIDEN,DEEP_LONGSHOT
202408010704,3歳未勝利｜2024年1月21日 | 競馬データベース - netkeiba,ピュアスマイル,27.5,0.0599,1.647,4,0,-1.0,0.647,-1.0,0.0,164.7,0.0599,1.647,MAIDEN,DEEP_LONGSHOT
202408010706,3歳1勝クラス｜2024年1月21日 | 競馬データベース - netkeiba,クロダブシ,33.0,0.0442,1.459,5,0,-1.0,0.4590000000000001,-1.0,0.0,145.9,0.0442,1.459,CLASS_1W,DEEP_LONGSHOT
202408010707,4歳以上1勝クラス｜2024年1月21日 | 競馬データベース - netkeiba,ローレルキャニオン,14.5,0.1143,1.657,10,0,-1.0,0.657,-1.0,0.0,165.7,0.1143,1.657,CLASS_1W,LONGSHOT
202408010709,北大路特別｜2024年1月21日 | 競馬データベース - netkeiba,ショショローザ,64.1,0.0249,1.596,10,0,-1.0,0.5960000000000001,-1.0,0.0,159.60000000000002,0.0249,1.596,SPECIAL,DEEP_LONGSHOT
202408010710,羅生門ステークス｜2024年1月21日 | 競馬データベース - netkeiba,アルムラトゥール,7.3,0.2315,1.69,5,0,-1.0,0.69,-1.0,0.0,169.0,0.2315,1.69,OPEN,BALANCED
202408010711,東海テレビ杯東海S｜2024年1月21日 | 競馬データベース - netkeiba,オーロイプラータ,24.4,0.071,1.732,5,0,-1.0,0.732,-1.0,0.0,173.2,0.071,1.732,OPEN,DEEP_LONGSHOT
202408010712,4歳以上2勝クラス｜2024年1月21日 | 競馬データベース - netkeiba,アスクビギンアゲン,28.9,0.0492,1.422,6,0,-1.0,0.42199999999999993,-1.0,0.0,142.2,0.0492,1.422,CLASS_2W,DEEP_LONGSHOT
202408020101,3歳未勝利｜2024年1月27日 | 競馬データベース - netkeiba,クリノルイーズ,15.2,0.1277,1.941,6,0,-1.0,0.9410000000000001,-1.0,0.0,194.1,0.1277,1.941,MAIDEN,LONGSHOT
202408020102,3歳未勝利｜2024年1月27日 | 競馬データベース - netkeiba,スカイウィンザー,65.4,0.0367,2.4,9,0,-1.0,1.4,-1.0,0.0,240.0,0.0367,2.4,MAIDEN,DEEP_LONGSHOT
202408020106,3歳1勝クラス｜2024年1月27日 | 競馬データベース - netkeiba,テルセイラ,75.6,0.0334,2.525,7,0,-1.0,1.525,-1.0,0.0,252.5,0.0334,2.525,CLASS_1W,DEEP_LONGSHOT
202408020107,4歳以上1勝クラス｜2024年1月27日 | 競馬データベース - netkeiba,タマモネモフィラ,17.7,0.107,1.894,3,0,-1.0,0.8939999999999999,-1.0,0.0,189.39999999999998,0.107,1.894,CLASS_1W,LONGSHOT
202408020109,4歳以上2勝クラス｜2024年1月27日 | 競馬データベース - netkeiba,エティエンヌ,14.4,0.0956,1.377,1,1,13.4,0.377,13.4,1440.0,137.7,0.9044,-13.023,CLASS_2W,LONGSHOT
202408020110,許波多特別｜2024年1月27日 | 競馬データベース - netkeiba,ダンツエスプリ,49.7,0.028,1.392,6,0,-1.0,0.3919999999999999,-1.0,0.0,139.2,0.028,1.392,SPECIAL,DEEP_LONGSHOT
202408020111,舞鶴ステークス｜2024年1月27日 | 競馬データベース - netkeiba,サンセットクラウド,23.0,0.0667,1.534,10,0,-1.0,0.534,-1.0,0.0,153.4,0.0667,1.534,OPEN,DEEP_LONGSHOT
202408020201,3歳未勝利｜2024年1月28日 | 競馬データベース - netkeiba,リリーエクスプレス,23.9,0.0918,2.194,8,0,-1.0,1.194,-1.0,0.0,219.4,0.0918,2.194,MAIDEN,DEEP_LONGSHOT
202408020202,3歳未勝利｜2024年1月28日 | 競馬データベース - netkeiba,レグロスヴァーグ,11.7,0.1697,1.985,2,0,-1.0,0.9850000000000001,-1.0,0.0,198.5,0.1697,1.985,MAIDEN,LONGSHOT
202408020203,3歳未勝利｜2024年1月28日 | 競馬データベース - netkeiba,ピンネシリ,40.7,0.0444,1.807,5,0,-1.0,0.8069999999999999,-1.0,0.0,180.7,0.0444,1.807,MAIDEN,DEEP_LONGSHOT
202408020204,3歳1勝クラス｜2024年1月28日 | 競馬データベース - netkeiba,クリノオリーブ,8.5,0.159,1.352,6,0,-1.0,0.3520000000000001,-1.0,0.0,135.20000000000002,0.159,1.352,CLASS_1W,LONGSHOT
202408020205,3歳新馬｜2024年1月28日 | 競馬データベース - netkeiba,パシフィックルート,4.8,0.2945,1.414,1,1,3.8,0.4139999999999999,3.8,480.0,141.4,0.7055,-3.386,DEBUT,BALANCED
202408020206,3歳未勝利｜2024年1月28日 | 競馬データベース - netkeiba,ドゥーカスコーリ,38.9,0.0486,1.891,8,0,-1.0,0.891,-1.0,0.0,189.1,0.0486,1.891,MAIDEN,DEEP_LONGSHOT
202408020207,4歳以上1勝クラス｜2024年1月28日 | 競馬データベース - netkeiba,ポンサン,39.7,0.0336,1.334,5,0,-1.0,0.3340000000000001,-1.0,0.0,133.4,0.0336,1.334,CLASS_1W,DEEP_LONGSHOT
202408020208,4歳以上1勝クラス｜2024年1月28日 | 競馬データベース - netkeiba,シゲルミライ,15.8,0.1046,1.653,7,0,-1.0,0.653,-1.0,0.0,165.3,0.1046,1.653,CLASS_1W,LONGSHOT
202408020209,大津特別｜2024年1月28日 | 競馬データベース - netkeiba,メイショウシロガネ,30.3,0.047,1.424,7,0,-1.0,0.42399999999999993,-1.0,0.0,142.4,0.047,1.424,SPECIAL,DEEP_LONGSHOT
202408020302,3歳未勝利｜2024年2月3日 | 競馬データベース - netkeiba,ユウトザキンパツ,50.7,0.03,1.521,3,0,-1.0,0.5209999999999999,-1.0,0.0,152.1,0.03,1.521,MAIDEN,DEEP_LONGSHOT
202408020305,3歳未勝利｜2024年2月3日 | 競馬データベース - netkeiba,ヘザルフェン,10.0,0.2307,2.307,5,0,-1.0,1.307,-1.0,0.0,230.7,0.2307,2.307,MAIDEN,LONGSHOT
202408020306,3歳1勝クラス｜2024年2月3日 | 競馬データベース - netkeiba,ドルチアーリア,23.3,0.0564,1.314,5,0,-1.0,0.31400000000000006,-1.0,0.0,131.4,0.0564,1.314,CLASS_1W,DEEP_LONGSHOT
202408020308,4歳以上2勝クラス｜2024年2月3日 | 競馬データベース - netkeiba,ルーフ,6.0,0.2227,1.336,9,0,-1.0,0.3360000000000001,-1.0,0.0,133.6,0.2227,1.336,CLASS_2W,BALANCED
202408020309,橿原ステークス｜2024年2月3日 | 競馬データベース - netkeiba,カフジテトラゴン,20.5,0.0703,1.441,14,0,-1.0,0.44100000000000006,-1.0,0.0,144.1,0.0703,1.441,OPEN,DEEP_LONGSHOT
202408020311,アルデバランS｜2024年2月3日 | 競馬データベース - netkeiba,タイセイドレフォン,16.8,0.0837,1.406,5,0,-1.0,0.4059999999999999,-1.0,0.0,140.6,0.0837,1.406,OTHER,LONGSHOT
202408020401,3歳未勝利｜2024年2月4日 | 競馬データベース - netkeiba,ライーナシェリー,77.0,0.0288,2.218,5,0,-1.0,1.218,-1.0,0.0,221.8,0.0288,2.218,MAIDEN,DEEP_LONGSHOT
202408020402,3歳未勝利｜2024年2月4日 | 競馬データベース - netkeiba,クイーンオブリリー,67.5,0.0368,2.484,6,0,-1.0,1.484,-1.0,0.0,248.4,0.0368,2.484,MAIDEN,DEEP_LONGSHOT
202408020403,3歳未勝利｜2024年2月4日 | 競馬データベース - netkeiba,クーアフュルスト,27.1,0.0623,1.688,5,0,-1.0,0.688,-1.0,0.0,168.79999999999998,0.0623,1.688,MAIDEN,DEEP_LONGSHOT
202408020404,3歳未勝利｜2024年2月4日 | 競馬データベース - netkeiba,ピオニエーレ,41.3,0.0755,3.118,3,0,-1.0,2.118,-1.0,0.0,311.8,0.0755,3.118,MAIDEN,DEEP_LONGSHOT
202408020406,3歳未勝利｜2024年2月4日 | 競馬データベース - netkeiba,グランレザンドール,64.3,0.0291,1.871,9,0,-1.0,0.871,-1.0,0.0,187.1,0.0291,1.871,MAIDEN,DEEP_LONGSHOT
202408020407,4歳以上1勝クラス｜2024年2月4日 | 競馬データベース - netkeiba,ヒラリーステップ,29.9,0.0489,1.462,8,0,-1.0,0.46199999999999997,-1.0,0.0,146.2,0.0489,1.462,CLASS_1W,DEEP_LONGSHOT
202408020408,4歳以上2勝クラス｜2024年2月4日 | 競馬データベース - netkeiba,ゲンパチムサシ,58.5,0.0539,3.153,4,0,-1.0,2.153,-1.0,0.0,315.3,0.0539,3.153,CLASS_2W,DEEP_LONGSHOT
202408020409,山城ステークス｜2024年2月4日 | 競馬データベース - netkeiba,タガノペカ,9.4,0.1739,1.635,8,0,-1.0,0.635,-1.0,0.0,163.5,0.1739,1.635,OPEN,LONGSHOT
202408020411,きさらぎ賞｜2024年2月4日 | 競馬データベース - netkeiba,レガーロデルシエロ,15.7,0.1218,1.912,8,0,-1.0,0.9119999999999999,-1.0,0.0,191.2,0.1218,1.912,SPECIAL,LONGSHOT
202408020502,3歳未勝利｜2024年2月10日 | 競馬データベース - netkeiba,タキ,25.1,0.0593,1.488,6,0,-1.0,0.488,-1.0,0.0,148.8,0.0593,1.488,MAIDEN,DEEP_LONGSHOT
202408020503,3歳未勝利｜2024年2月10日 | 競馬データベース - netkeiba,シンボリノエル,17.8,0.0894,1.591,12,0,-1.0,0.591,-1.0,0.0,159.1,0.0894,1.591,MAIDEN,LONGSHOT
202408020506,3歳未勝利｜2024年2月10日 | 競馬データベース - netkeiba,ソニックロプロス,24.4,0.1172,2.86,5,0,-1.0,1.8599999999999999,-1.0,0.0,286.0,0.1172,2.86,MAIDEN,DEEP_LONGSHOT
202408020507,4歳以上1勝クラス｜2024年2月10日 | 競馬データベース - netkeiba,ヤエベニシダレ,67.4,0.0213,1.436,7,0,-1.0,0.43599999999999994,-1.0,0.0,143.6,0.0213,1.436,CLASS_1W,DEEP_LONGSHOT
202408020508,4歳以上1勝クラス｜2024年2月10日 | 競馬データベース - netkeiba,リトルミム,12.4,0.106,1.314,7,0,-1.0,0.31400000000000006,-1.0,0.0,131.4,0.106,1.314,CLASS_1W,LONGSHOT
202408020510,飛鳥ステークス｜2024年2月10日 | 競馬データベース - netkeiba,マテンロウアレス,49.2,0.0302,1.486,7,0,-1.0,0.486,-1.0,0.0,148.6,0.0302,1.486,OPEN,DEEP_LONGSHOT
202408020511,洛陽ステークス｜2024年2月10日 | 競馬データベース - netkeiba,リューベック,7.0,0.1859,1.301,10,0,-1.0,0.30099999999999993,-1.0,0.0,130.1,0.1859,1.301,OPEN,BALANCED
202408020601,3歳未勝利｜2024年2月11日 | 競馬データベース - netkeiba,スマッシュスルー,16.0,0.0999,1.598,10,0,-1.0,0.5980000000000001,-1.0,0.0,159.8,0.0999,1.598,MAIDEN,LONGSHOT
202408020602,3歳未勝利｜2024年2月11日 | 競馬データベース - netkeiba,リリーエクスプレス,33.5,0.0432,1.447,4,0,-1.0,0.44700000000000006,-1.0,0.0,144.70000000000002,0.0432,1.447,MAIDEN,DEEP_LONGSHOT
202408020603,3歳新馬｜2024年2月11日 | 競馬データベース - netkeiba,ガウラスパーク,5.0,0.2785,1.392,1,1,4.0,0.3919999999999999,4.0,500.0,139.2,0.7215,-3.608,DEBUT,BALANCED
202408020604,3歳1勝クラス｜2024年2月11日 | 競馬データベース - netkeiba,モズパシュート,24.3,0.0542,1.317,5,0,-1.0,0.31699999999999995,-1.0,0.0,131.7,0.0542,1.317,CLASS_1W,DEEP_LONGSHOT
202408020606,3歳未勝利｜2024年2月11日 | 競馬データベース - netkeiba,ジョセフィーナ,31.8,0.0413,1.313,1,1,30.8,0.31299999999999994,30.8,3180.0,131.29999999999998,0.9587,-30.487000000000002,MAIDEN,DEEP_LONGSHOT
202408020607,4歳以上1勝クラス｜2024年2月11日 | 競馬データベース - netkeiba,ウイニンググレイス,20.9,0.0728,1.522,3,0,-1.0,0.522,-1.0,0.0,152.2,0.0728,1.522,CLASS_1W,DEEP_LONGSHOT
202408020608,4歳以上1勝クラス｜2024年2月11日 | 競馬データベース - netkeiba,サスケ,6.6,0.2028,1.338,5,0,-1.0,0.3380000000000001,-1.0,0.0,133.8,0.2028,1.338,CLASS_1W,BALANCED
202408020609,春日特別｜2024年2月11日 | 競馬データベース - netkeiba,トーホウガレオン,47.4,0.0343,1.626,8,0,-1.0,0.6259999999999999,-1.0,0.0,162.6,0.0343,1.626,SPECIAL,DEEP_LONGSHOT
202408020612,4歳以上2勝クラス｜2024年2月11日 | 競馬データベース - netkeiba,サイレンスゴールド,18.8,0.0838,1.575,10,0,-1.0,0.575,-1.0,0.0,157.5,0.0838,1.575,CLASS_2W,LONGSHOT
202408020701,3歳未勝利｜2024年2月17日 | 競馬データベース - netkeiba,ボビーニクビッタケ,38.0,0.0413,1.569,3,0,-1.0,0.569,-1.0,0.0,156.9,0.0413,1.569,MAIDEN,DEEP_LONGSHOT
202408020702,3歳未勝利｜2024年2月17日 | 競馬データベース - netkeiba,マテンロウマルス,33.0,0.0423,1.396,12,0,-1.0,0.3959999999999999,-1.0,0.0,139.6,0.0423,1.396,MAIDEN,DEEP_LONGSHOT
202408020704,3歳新馬｜2024年2月17日 | 競馬データベース - netkeiba,ウィレムスタット,14.2,0.1278,1.815,14,0,-1.0,0.815,-1.0,0.0,181.5,0.1278,1.815,DEBUT,LONGSHOT
202408020711,京都牝馬ステークス｜2024年2月17日 | 競馬データベース - netkeiba,メイケイエール,7.6,0.1725,1.311,10,0,-1.0,0.31099999999999994,-1.0,0.0,131.1,0.1725,1.311,OPEN,BALANCED
202408020712,4歳以上2勝クラス｜2024年2月17日 | 競馬データベース - netkeiba,スペクトログラム,12.5,0.1636,2.045,9,0,-1.0,1.045,-1.0,0.0,204.5,0.1636,2.045,CLASS_2W,LONGSHOT
202408020801,3歳未勝利｜2024年2月18日 | 競馬データベース - netkeiba,ゴーゴーケイコ,19.4,0.1074,2.084,9,0,-1.0,1.084,-1.0,0.0,208.4,0.1074,2.084,MAIDEN,LONGSHOT
202408020802,3歳未勝利｜2024年2月18日 | 競馬データベース - netkeiba,リュウノシンクウハ,13.7,0.1705,2.336,3,0,-1.0,1.3359999999999999,-1.0,0.0,233.6,0.1705,2.336,MAIDEN,LONGSHOT
202408020803,3歳未勝利｜2024年2月18日 | 競馬データベース - netkeiba,ジーティーパワー,5.0,0.2651,1.326,3,0,-1.0,0.32600000000000007,-1.0,0.0,132.6,0.2651,1.326,MAIDEN,BALANCED
202408020807,4歳以上1勝クラス｜2024年2月18日 | 競馬データベース - netkeiba,ペネトレイトゴー,43.2,0.0396,1.711,3,0,-1.0,0.7110000000000001,-1.0,0.0,171.1,0.0396,1.711,CLASS_1W,DEEP_LONGSHOT
202408020808,4歳以上1勝クラス｜2024年2月18日 | 競馬データベース - netkeiba,シゲルミライ,18.8,0.0768,1.444,6,0,-1.0,0.44399999999999995,-1.0,0.0,144.4,0.0768,1.444,CLASS_1W,LONGSHOT
202408020812,4歳以上2勝クラス｜2024年2月18日 | 競馬データベース - netkeiba,ミツルハピネス,26.7,0.052,1.388,4,0,-1.0,0.3879999999999999,-1.0,0.0,138.79999999999998,0.052,1.388,CLASS_2W,DEEP_LONGSHOT
202408030101,3歳未勝利｜2024年4月20日 | 競馬データベース - netkeiba,プレゼンティーア,10.7,0.1524,1.631,6,0,-1.0,0.631,-1.0,0.0,163.1,0.1524,1.631,MAIDEN,LONGSHOT
202408030102,3歳未勝利｜2024年4月20日 | 競馬データベース - netkeiba,メイショウムカバキ,47.6,0.0303,1.442,15,0,-1.0,0.44199999999999995,-1.0,0.0,144.2,0.0303,1.442,MAIDEN,DEEP_LONGSHOT
202408030104,3歳未勝利｜2024年4月20日 | 競馬データベース - netkeiba,ショウナンダダン,52.6,0.0294,1.546,6,0,-1.0,0.546,-1.0,0.0,154.6,0.0294,1.546,MAIDEN,DEEP_LONGSHOT
202408030106,4歳以上1勝クラス｜2024年4月20日 | 競馬データベース - netkeiba,アランヴェリテ,35.5,0.0481,1.708,3,0,-1.0,0.708,-1.0,0.0,170.79999999999998,0.0481,1.708,CLASS_1W,DEEP_LONGSHOT
202408030109,あやめ賞｜2024年4月20日 | 競馬データベース - netkeiba,モンディーン,19.6,0.0692,1.356,7,0,-1.0,0.3560000000000001,-1.0,0.0,135.60000000000002,0.0692,1.356,SPECIAL,LONGSHOT
202408030110,観月橋ステークス｜2024年4月20日 | 競馬データベース - netkeiba,バリアントバイオ,12.2,0.1397,1.704,4,0,-1.0,0.704,-1.0,0.0,170.4,0.1397,1.704,OPEN,LONGSHOT
202408030111,天王山ステークス｜2024年4月20日 | 競馬データベース - netkeiba,パラシュラーマ,5.6,0.2489,1.394,2,0,-1.0,0.3939999999999999,-1.0,0.0,139.39999999999998,0.2489,1.394,OPEN,BALANCED
202408030201,3歳未勝利｜2024年4月21日 | 競馬データベース - netkeiba,タガノエクレール,50.3,0.0388,1.952,2,0,-1.0,0.952,-1.0,0.0,195.2,0.0388,1.952,MAIDEN,DEEP_LONGSHOT
202408030202,3歳未勝利｜2024年4月21日 | 競馬データベース - netkeiba,ユーベルメンシュ,34.6,0.0612,2.118,16,0,-1.0,1.1179999999999999,-1.0,0.0,211.79999999999998,0.0612,2.118,MAIDEN,DEEP_LONGSHOT
202408030203,3歳未勝利｜2024年4月21日 | 競馬データベース - netkeiba,クセノポン,4.5,0.2921,1.314,5,0,-1.0,0.31400000000000006,-1.0,0.0,131.4,0.2921,1.314,MAIDEN,BALANCED
202408030208,4歳以上1勝クラス｜2024年4月21日 | 競馬データベース - netkeiba,クールジャーマン,27.5,0.0487,1.339,6,0,-1.0,0.33899999999999997,-1.0,0.0,133.9,0.0487,1.339,CLASS_1W,DEEP_LONGSHOT
202408030209,比良山特別｜2024年4月21日 | 競馬データベース - netkeiba,タガノカイ,45.1,0.032,1.443,6,0,-1.0,0.44300000000000006,-1.0,0.0,144.3,0.032,1.443,SPECIAL,DEEP_LONGSHOT
202408030210,センテニアルパークS｜2024年4月21日 | 競馬データベース - netkeiba,ヒヅルジョウ,33.7,0.0536,1.806,5,0,-1.0,0.806,-1.0,0.0,180.6,0.0536,1.806,OTHER,DEEP_LONGSHOT
202408030211,読売マイラーズカップ｜2024年4月21日 | 競馬データベース - netkeiba,コレペティトール,13.9,0.1225,1.703,8,0,-1.0,0.7030000000000001,-1.0,0.0,170.3,0.1225,1.703,OTHER,LONGSHOT
202408030212,4歳以上2勝クラス｜2024年4月21日 | 競馬データベース - netkeiba,ディアサクセサー,6.0,0.2313,1.388,3,0,-1.0,0.3879999999999999,-1.0,0.0,138.79999999999998,0.2313,1.388,CLASS_2W,BALANCED
202408030301,3歳未勝利｜2024年4月27日 | 競馬データベース - netkeiba,ナムラミック,25.0,0.0544,1.36,8,0,-1.0,0.3600000000000001,-1.0,0.0,136.0,0.0544,1.36,MAIDEN,DEEP_LONGSHOT
202408030302,3歳未勝利｜2024年4月27日 | 競馬データベース - netkeiba,ソルアマゾン,40.0,0.0449,1.796,7,0,-1.0,0.796,-1.0,0.0,179.6,0.0449,1.796,MAIDEN,DEEP_LONGSHOT
202408030303,3歳未勝利｜2024年4月27日 | 競馬データベース - netkeiba,カズヴィトシャ,13.0,0.1258,1.635,10,0,-1.0,0.635,-1.0,0.0,163.5,0.1258,1.635,MAIDEN,LONGSHOT
202408030304,3歳未勝利｜2024年4月27日 | 競馬データベース - netkeiba,マコトジャーベ,29.4,0.0902,2.652,7,0,-1.0,1.6520000000000001,-1.0,0.0,265.2,0.0902,2.652,MAIDEN,DEEP_LONGSHOT
202408030306,4歳以上1勝クラス｜2024年4月27日 | 競馬データベース - netkeiba,ローレルキャニオン,12.6,0.1562,1.968,1,1,11.6,0.968,11.6,1260.0,196.8,0.8438,-10.632,CLASS_1W,LONGSHOT
202408030309,矢車賞｜2024年4月27日 | 競馬データベース - netkeiba,チルカーノ,4.6,0.2883,1.326,1,1,3.6,0.32600000000000007,3.6,459.99999999999994,132.6,0.7117,-3.274,SPECIAL,BALANCED
202408030401,3歳未勝利｜2024年4月28日 | 競馬データベース - netkeiba,カーロアヴァンティ,13.9,0.0949,1.319,2,0,-1.0,0.31899999999999995,-1.0,0.0,131.9,0.0949,1.319,MAIDEN,LONGSHOT
202408030402,3歳未勝利｜2024年4月28日 | 競馬データベース - netkeiba,クリノオリオン,54.0,0.0241,1.301,8,0,-1.0,0.30099999999999993,-1.0,0.0,130.1,0.0241,1.301,MAIDEN,DEEP_LONGSHOT
202408030403,3歳未勝利｜2024年4月28日 | 競馬データベース - netkeiba,ルージュリリカル,6.4,0.2065,1.322,3,0,-1.0,0.32200000000000006,-1.0,0.0,132.20000000000002,0.2065,1.322,MAIDEN,BALANCED
202408030404,3歳未勝利｜2024年4月28日 | 競馬データベース - netkeiba,エイシンローテイト,60.5,0.0353,2.136,9,0,-1.0,1.1360000000000001,-1.0,0.0,213.60000000000002,0.0353,2.136,MAIDEN,DEEP_LONGSHOT
202408030405,3歳1勝クラス｜2024年4月28日 | 競馬データベース - netkeiba,ドッビアーコ,10.5,0.1995,2.095,5,0,-1.0,1.0950000000000002,-1.0,0.0,209.50000000000003,0.1995,2.095,CLASS_1W,LONGSHOT
202408030407,4歳以上1勝クラス｜2024年4月28日 | 競馬データベース - netkeiba,ヒルノデプラーツ,11.5,0.1583,1.82,4,0,-1.0,0.8200000000000001,-1.0,0.0,182.0,0.1583,1.82,CLASS_1W,LONGSHOT
202408030409,六波羅特別｜2024年4月28日 | 競馬データベース - netkeiba,メジェド,6.8,0.201,1.367,3,0,-1.0,0.367,-1.0,0.0,136.7,0.201,1.367,SPECIAL,BALANCED
202408030410,ライスシャワーC｜2024年4月28日 | 競馬データベース - netkeiba,ミルトクレイモー,5.6,0.2499,1.399,2,0,-1.0,0.399,-1.0,0.0,139.9,0.2499,1.399,OTHER,BALANCED
202408030411,天皇賞(春)｜2024年4月28日 | 競馬データベース - netkeiba,ディープボンド,27.5,0.0483,1.328,3,0,-1.0,0.32800000000000007,-1.0,0.0,132.8,0.0483,1.328,SPECIAL,DEEP_LONGSHOT
202408030502,3歳未勝利｜2024年5月4日 | 競馬データベース - netkeiba,ドラゴンキッド,34.2,0.0467,1.597,10,0,-1.0,0.597,-1.0,0.0,159.7,0.0467,1.597,MAIDEN,DEEP_LONGSHOT
202408030504,3歳未勝利｜2024年5月4日 | 競馬データベース - netkeiba,カラヲヤブレ,9.8,0.1905,1.867,9,0,-1.0,0.867,-1.0,0.0,186.7,0.1905,1.867,MAIDEN,LONGSHOT
202408030506,3歳1勝クラス｜2024年5月4日 | 競馬データベース - netkeiba,アスタールテニウム,14.3,0.1244,1.779,12,0,-1.0,0.7789999999999999,-1.0,0.0,177.89999999999998,0.1244,1.779,CLASS_1W,LONGSHOT
202408030507,3歳1勝クラス｜2024年5月4日 | 競馬データベース - netkeiba,ヤマニンアラクリア,194.1,0.0077,1.495,5,0,-1.0,0.4950000000000001,-1.0,0.0,149.5,0.0077,1.495,CLASS_1W,DEEP_LONGSHOT
202408030508,4歳以上1勝クラス｜2024年5月4日 | 競馬データベース - netkeiba,ゼットスティール,19.3,0.0947,1.828,6,0,-1.0,0.8280000000000001,-1.0,0.0,182.8,0.0947,1.828,CLASS_1W,LONGSHOT
202408030509,鴨川特別｜2024年5月4日 | 競馬データベース - netkeiba,トーアライデン,13.5,0.1113,1.503,3,0,-1.0,0.5029999999999999,-1.0,0.0,150.29999999999998,0.1113,1.503,SPECIAL,LONGSHOT
202408030601,3歳未勝利｜2024年5月5日 | 競馬データベース - netkeiba,ヴァーニャ,14.8,0.125,1.85,7,0,-1.0,0.8500000000000001,-1.0,0.0,185.0,0.125,1.85,MAIDEN,LONGSHOT
202408030610,橘ステークス｜2024年5月5日 | 競馬データベース - netkeiba,ガロンヌ,8.6,0.178,1.531,1,1,7.6,0.5309999999999999,7.6,860.0,153.1,0.8220000000000001,-7.069,OPEN,LONGSHOT
202408030612,4歳以上1勝クラス｜2024年5月5日 | 競馬データベース - netkeiba,ドライグ,4.9,0.2835,1.389,12,0,-1.0,0.389,-1.0,0.0,138.9,0.2835,1.389,CLASS_1W,BALANCED
202408030703,3歳未勝利｜2024年5月11日 | 競馬データベース - netkeiba,ジュウオウ,38.2,0.0389,1.486,11,0,-1.0,0.486,-1.0,0.0,148.6,0.0389,1.486,MAIDEN,DEEP_LONGSHOT
202408030705,3歳未勝利｜2024年5月11日 | 競馬データベース - netkeiba,ヘザルフェン,4.4,0.3193,1.405,3,0,-1.0,0.405,-1.0,0.0,140.5,0.3193,1.405,MAIDEN,BALANCED
202408030708,京都ハイジャンプ｜2024年5月11日 | 競馬データベース - netkeiba,トライフォーリアル,3.8,0.3662,1.392,6,0,-1.0,0.3919999999999999,-1.0,0.0,139.2,0.3662,1.392,OTHER,FAVORITE_TO_BALANCED
202408030802,3歳未勝利｜2024年5月12日 | 競馬データベース - netkeiba,フローラルセント,4.7,0.3032,1.425,5,0,-1.0,0.42500000000000004,-1.0,0.0,142.5,0.3032,1.425,MAIDEN,BALANCED
202408030803,3歳未勝利｜2024年5月12日 | 競馬データベース - netkeiba,プエルタセクレタ,12.4,0.1276,1.582,13,0,-1.0,0.5820000000000001,-1.0,0.0,158.20000000000002,0.1276,1.582,MAIDEN,LONGSHOT
202408030804,3歳未勝利｜2024年5月12日 | 競馬データベース - netkeiba,タガノヘラクレス,11.5,0.1659,1.908,1,1,10.5,0.9079999999999999,10.5,1150.0,190.79999999999998,0.8341000000000001,-9.592,MAIDEN,LONGSHOT
202408030806,4歳以上1勝クラス｜2024年5月12日 | 競馬データベース - netkeiba,キャロルビアンカ,100.7,0.015,1.51,7,0,-1.0,0.51,-1.0,0.0,151.0,0.015,1.51,CLASS_1W,DEEP_LONGSHOT
202408030808,4歳以上1勝クラス｜2024年5月12日 | 競馬データベース - netkeiba,インクルードダイヤ,12.2,0.1232,1.503,10,0,-1.0,0.5029999999999999,-1.0,0.0,150.29999999999998,0.1232,1.503,CLASS_1W,LONGSHOT
202408030809,白川特別｜2024年5月12日 | 競馬データベース - netkeiba,マケルナマサムネ,91.2,0.0242,2.207,6,0,-1.0,1.2069999999999999,-1.0,0.0,220.7,0.0242,2.207,SPECIAL,DEEP_LONGSHOT
202408030811,栗東ステークス｜2024年5月12日 | 競馬データベース - netkeiba,エルバリオ,26.9,0.0607,1.633,10,0,-1.0,0.633,-1.0,0.0,163.3,0.0607,1.633,OPEN,DEEP_LONGSHOT
202408030812,4歳以上2勝クラス｜2024年5月12日 | 競馬データベース - netkeiba,クリノグローリー,4.7,0.2963,1.393,2,0,-1.0,0.393,-1.0,0.0,139.3,0.2963,1.393,CLASS_2W,BALANCED
202408030904,3歳未勝利｜2024年5月18日 | 競馬データベース - netkeiba,ルージュリリカル,19.2,0.0683,1.311,13,0,-1.0,0.31099999999999994,-1.0,0.0,131.1,0.0683,1.311,MAIDEN,LONGSHOT
202408030906,3歳1勝クラス｜2024年5月18日 | 競馬データベース - netkeiba,ゴールドサーベル,25.4,0.0548,1.392,12,0,-1.0,0.3919999999999999,-1.0,0.0,139.2,0.0548,1.392,CLASS_1W,DEEP_LONGSHOT
202408030909,メルボルントロフィー｜2024年5月18日 | 競馬データベース - netkeiba,ビーグラッド,12.0,0.1658,1.99,6,0,-1.0,0.99,-1.0,0.0,199.0,0.1658,1.99,OTHER,LONGSHOT
202408030910,シドニートロフィー｜2024年5月18日 | 競馬データベース - netkeiba,ロードマンハイム,6.5,0.2246,1.46,2,0,-1.0,0.45999999999999996,-1.0,0.0,146.0,0.2246,1.46,OTHER,BALANCED
202408030911,平安ステークス｜2024年5月18日 | 競馬データベース - netkeiba,スレイマン,4.9,0.323,1.583,10,0,-1.0,0.583,-1.0,0.0,158.29999999999998,0.323,1.583,OPEN,BALANCED
202408031002,3歳未勝利｜2024年5月19日 | 競馬データベース - netkeiba,アウローラルミエル,33.3,0.0467,1.555,13,0,-1.0,0.5549999999999999,-1.0,0.0,155.5,0.0467,1.555,MAIDEN,DEEP_LONGSHOT
202408031004,3歳未勝利｜2024年5月19日 | 競馬データベース - netkeiba,サウンドヴェール,27.4,0.0563,1.543,10,0,-1.0,0.5429999999999999,-1.0,0.0,154.29999999999998,0.0563,1.543,MAIDEN,DEEP_LONGSHOT
202408031101,3歳未勝利｜2024年5月25日 | 競馬データベース - netkeiba,アルシャリフ,19.1,0.0986,1.883,13,0,-1.0,0.883,-1.0,0.0,188.3,0.0986,1.883,MAIDEN,LONGSHOT
202408031110,桃山ステークス｜2024年5月25日 | 競馬データベース - netkeiba,タガノエスコート,7.7,0.2078,1.6,6,0,-1.0,0.6000000000000001,-1.0,0.0,160.0,0.2078,1.6,OPEN,BALANCED
202408031111,葵ステークス｜2024年5月25日 | 競馬データベース - netkeiba,オーキッドロマンス,6.6,0.249,1.643,10,0,-1.0,0.643,-1.0,0.0,164.3,0.249,1.643,OPEN,BALANCED
202408031112,4歳以上2勝クラス｜2024年5月25日 | 競馬データベース - netkeiba,フルメタルボディー,6.8,0.2296,1.561,14,0,-1.0,0.5609999999999999,-1.0,0.0,156.1,0.2296,1.561,CLASS_2W,BALANCED
202408031201,3歳未勝利｜2024年5月26日 | 競馬データベース - netkeiba,ハイウェイスター,8.5,0.1604,1.363,2,0,-1.0,0.363,-1.0,0.0,136.3,0.1604,1.363,MAIDEN,LONGSHOT
202408031204,障害4歳以上未勝利｜2024年5月26日 | 競馬データベース - netkeiba,タマモエース,16.6,0.1206,2.002,4,0,-1.0,1.0019999999999998,-1.0,0.0,200.2,0.1206,2.002,JUMP,LONGSHOT
202408031206,3歳1勝クラス｜2024年5月26日 | 競馬データベース - netkeiba,アスクナサニエル,14.5,0.0983,1.425,8,0,-1.0,0.42500000000000004,-1.0,0.0,142.5,0.0983,1.425,CLASS_1W,LONGSHOT
202408031207,4歳以上1勝クラス｜2024年5月26日 | 競馬データベース - netkeiba,セルケト,24.8,0.0573,1.421,7,0,-1.0,0.42100000000000004,-1.0,0.0,142.1,0.0573,1.421,CLASS_1W,DEEP_LONGSHOT
202408031210,安土城ステークス｜2024年5月26日 | 競馬データベース - netkeiba,シングザットソング,5.1,0.2664,1.359,3,0,-1.0,0.359,-1.0,0.0,135.9,0.2664,1.359,OPEN,BALANCED
202408031212,渡月橋ステークス｜2024年5月26日 | 競馬データベース - netkeiba,シロン,6.9,0.1996,1.377,3,0,-1.0,0.377,-1.0,0.0,137.7,0.1996,1.377,OPEN,BALANCED
202408040102,3歳未勝利｜2024年6月1日 | 競馬データベース - netkeiba,トゥラッタッタ,17.9,0.1146,2.051,5,0,-1.0,1.0510000000000002,-1.0,0.0,205.10000000000002,0.1146,2.051,MAIDEN,LONGSHOT
202408040104,3歳未勝利｜2024年6月1日 | 競馬データベース - netkeiba,ダノンモンテローザ,9.9,0.1735,1.718,16,0,-1.0,0.718,-1.0,0.0,171.8,0.1735,1.718,MAIDEN,LONGSHOT
202408040105,2歳新馬｜2024年6月1日 | 競馬データベース - netkeiba,ヴェーヌドール,9.5,0.1408,1.338,4,0,-1.0,0.3380000000000001,-1.0,0.0,133.8,0.1408,1.338,DEBUT,LONGSHOT
202408040107,3歳以上1勝クラス｜2024年6月1日 | 競馬データベース - netkeiba,ダンスフェイマス,69.1,0.0248,1.714,8,0,-1.0,0.714,-1.0,0.0,171.4,0.0248,1.714,CLASS_1W,DEEP_LONGSHOT
202408040108,聖護院特別｜2024年6月1日 | 競馬データベース - netkeiba,ブレバ,95.2,0.0157,1.495,7,0,-1.0,0.4950000000000001,-1.0,0.0,149.5,0.0157,1.495,SPECIAL,DEEP_LONGSHOT
202408040110,若狭湾特別｜2024年6月1日 | 競馬データベース - netkeiba,ダイシンクローバー,67.0,0.023,1.541,9,0,-1.0,0.5409999999999999,-1.0,0.0,154.1,0.023,1.541,SPECIAL,DEEP_LONGSHOT
202408040112,3歳以上2勝クラス｜2024年6月1日 | 競馬データベース - netkeiba,ヤングワールド,12.2,0.1608,1.962,11,0,-1.0,0.962,-1.0,0.0,196.2,0.1608,1.962,CLASS_2W,LONGSHOT
202408040201,障害3歳以上オープン｜2024年6月2日 | 競馬データベース - netkeiba,タマモワカムシャ,14.4,0.1015,1.462,5,0,-1.0,0.46199999999999997,-1.0,0.0,146.2,0.1015,1.462,JUMP,LONGSHOT
202408040203,3歳未勝利｜2024年6月2日 | 競馬データベース - netkeiba,ペルセイズ,12.6,0.1122,1.414,5,0,-1.0,0.4139999999999999,-1.0,0.0,141.4,0.1122,1.414,MAIDEN,LONGSHOT
202408040204,3歳未勝利｜2024年6月2日 | 競馬データベース - netkeiba,トーマスフレア,39.6,0.0371,1.469,9,0,-1.0,0.4690000000000001,-1.0,0.0,146.9,0.0371,1.469,MAIDEN,DEEP_LONGSHOT
202408040206,3歳未勝利｜2024年6月2日 | 競馬データベース - netkeiba,メイショウコナン,30.3,0.0545,1.651,3,0,-1.0,0.651,-1.0,0.0,165.1,0.0545,1.651,MAIDEN,DEEP_LONGSHOT
202408040207,3歳以上1勝クラス｜2024年6月2日 | 競馬データベース - netkeiba,ウールデュボヌール,14.6,0.1243,1.815,8,0,-1.0,0.815,-1.0,0.0,181.5,0.1243,1.815,CLASS_1W,LONGSHOT
202408040208,3歳以上1勝クラス｜2024年6月2日 | 競馬データベース - netkeiba,バンベルク,35.9,0.0447,1.605,3,0,-1.0,0.605,-1.0,0.0,160.5,0.0447,1.605,CLASS_1W,DEEP_LONGSHOT
202408040209,祇園特別｜2024年6月2日 | 競馬データベース - netkeiba,ガリレイ,24.8,0.0568,1.409,5,0,-1.0,0.40900000000000003,-1.0,0.0,140.9,0.0568,1.409,SPECIAL,DEEP_LONGSHOT
202408040211,松風月ステークス｜2024年6月2日 | 競馬データベース - netkeiba,マニバドラ,4.7,0.3512,1.651,2,0,-1.0,0.651,-1.0,0.0,165.1,0.3512,1.651,OPEN,BALANCED
202408040301,3歳未勝利｜2024年6月8日 | 競馬データベース - netkeiba,タガノエクレール,8.9,0.1588,1.413,1,1,7.9,0.41300000000000003,7.9,890.0,141.3,0.8412,-7.487,MAIDEN,LONGSHOT
202408040303,3歳未勝利｜2024年6月8日 | 競馬データベース - netkeiba,トゥラッタッタ,7.7,0.2254,1.736,4,0,-1.0,0.736,-1.0,0.0,173.6,0.2254,1.736,MAIDEN,BALANCED
202408040306,3歳未勝利｜2024年6月8日 | 競馬データベース - netkeiba,サンブノワ,24.2,0.0823,1.992,5,0,-1.0,0.992,-1.0,0.0,199.2,0.0823,1.992,MAIDEN,DEEP_LONGSHOT
202408040308,3歳以上2勝クラス｜2024年6月8日 | 競馬データベース - netkeiba,ランスオブサターン,26.4,0.0508,1.341,5,0,-1.0,0.34099999999999997,-1.0,0.0,134.1,0.0508,1.341,CLASS_2W,DEEP_LONGSHOT
202408040309,一乗寺特別｜2024年6月8日 | 競馬データベース - netkeiba,ラウダブル,12.0,0.1357,1.628,5,0,-1.0,0.6279999999999999,-1.0,0.0,162.79999999999998,0.1357,1.628,SPECIAL,LONGSHOT
202408040310,長浜特別｜2024年6月8日 | 競馬データベース - netkeiba,シゲルソロソロ,6.2,0.2207,1.368,5,0,-1.0,0.3680000000000001,-1.0,0.0,136.8,0.2207,1.368,SPECIAL,BALANCED
202408040401,障害3歳以上未勝利｜2024年6月9日 | 競馬データベース - netkeiba,デザートスター,40.0,0.0442,1.768,8,0,-1.0,0.768,-1.0,0.0,176.8,0.0442,1.768,JUMP,DEEP_LONGSHOT
202408040403,3歳未勝利｜2024年6月9日 | 競馬データベース - netkeiba,クリティカルヒット,12.1,0.1547,1.872,6,0,-1.0,0.8720000000000001,-1.0,0.0,187.20000000000002,0.1547,1.872,MAIDEN,LONGSHOT
202408040405,2歳新馬｜2024年6月9日 | 競馬データベース - netkeiba,ハックルベリー,75.5,0.0192,1.45,5,0,-1.0,0.44999999999999996,-1.0,0.0,145.0,0.0192,1.45,DEBUT,DEEP_LONGSHOT
202408040406,3歳未勝利｜2024年6月9日 | 競馬データベース - netkeiba,ダノンアトラス,10.6,0.1261,1.337,3,0,-1.0,0.33699999999999997,-1.0,0.0,133.7,0.1261,1.337,MAIDEN,LONGSHOT
202408040407,3歳以上1勝クラス｜2024年6月9日 | 競馬データベース - netkeiba,シャスティフォル,36.9,0.0426,1.572,15,0,-1.0,0.5720000000000001,-1.0,0.0,157.20000000000002,0.0426,1.572,CLASS_1W,DEEP_LONGSHOT
202408040409,常盤特別｜2024年6月9日 | 競馬データベース - netkeiba,ローレルキャニオン,13.7,0.2039,2.793,2,0,-1.0,1.7930000000000001,-1.0,0.0,279.3,0.2039,2.793,SPECIAL,LONGSHOT
202408040410,安芸ステークス｜2024年6月9日 | 競馬データベース - netkeiba,ダイリュウホマレ,12.4,0.1073,1.331,7,0,-1.0,0.33099999999999996,-1.0,0.0,133.1,0.1073,1.331,OPEN,LONGSHOT
202408040411,三宮ステークス｜2024年6月9日 | 競馬データベース - netkeiba,レガーメペスカ,9.4,0.1717,1.614,10,0,-1.0,0.6140000000000001,-1.0,0.0,161.4,0.1717,1.614,OPEN,LONGSHOT
202408040412,3歳以上1勝クラス｜2024年6月9日 | 競馬データベース - netkeiba,イツモニコニコ,10.0,0.1334,1.334,2,0,-1.0,0.3340000000000001,-1.0,0.0,133.4,0.1334,1.334,CLASS_1W,LONGSHOT
202408040501,障害3歳以上オープン｜2024年6月15日 | 競馬データベース - netkeiba,クラップサンダー,12.1,0.1528,1.849,5,0,-1.0,0.849,-1.0,0.0,184.9,0.1528,1.849,JUMP,LONGSHOT
202408040503,3歳未勝利｜2024年6月15日 | 競馬データベース - netkeiba,バラスルビー,58.4,0.0315,1.84,15,0,-1.0,0.8400000000000001,-1.0,0.0,184.0,0.0315,1.84,MAIDEN,DEEP_LONGSHOT
202408040506,3歳未勝利｜2024年6月15日 | 競馬データベース - netkeiba,ナスカラインズ,55.7,0.024,1.337,12,0,-1.0,0.33699999999999997,-1.0,0.0,133.7,0.024,1.337,MAIDEN,DEEP_LONGSHOT
202408040507,3歳以上1勝クラス｜2024年6月15日 | 競馬データベース - netkeiba,ダイシンビヨンド,11.9,0.1139,1.355,4,0,-1.0,0.355,-1.0,0.0,135.5,0.1139,1.355,CLASS_1W,LONGSHOT
202408040508,3歳以上1勝クラス｜2024年6月15日 | 競馬データベース - netkeiba,パシアンジャン,14.9,0.1281,1.909,2,0,-1.0,0.909,-1.0,0.0,190.9,0.1281,1.909,CLASS_1W,LONGSHOT
202408040509,稲荷特別｜2024年6月15日 | 競馬データベース - netkeiba,マイネルメモリー,13.7,0.1126,1.543,1,1,12.7,0.5429999999999999,12.7,1370.0,154.29999999999998,0.8874,-12.157,SPECIAL,LONGSHOT
202408040512,3歳以上1勝クラス｜2024年6月15日 | 競馬データベース - netkeiba,ザウリ,16.1,0.1194,1.922,3,0,-1.0,0.9219999999999999,-1.0,0.0,192.2,0.1194,1.922,CLASS_1W,LONGSHOT
202408040601,3歳未勝利｜2024年6月16日 | 競馬データベース - netkeiba,セキテイレア,28.1,0.0573,1.61,6,0,-1.0,0.6100000000000001,-1.0,0.0,161.0,0.0573,1.61,MAIDEN,DEEP_LONGSHOT
202408040602,3歳未勝利｜2024年6月16日 | 競馬データベース - netkeiba,サトノスフィア,36.0,0.0523,1.883,16,0,-1.0,0.883,-1.0,0.0,188.3,0.0523,1.883,MAIDEN,DEEP_LONGSHOT
202408040605,2歳新馬｜2024年6月16日 | 競馬データベース - netkeiba,イサナ,8.0,0.1798,1.438,4,0,-1.0,0.43799999999999994,-1.0,0.0,143.79999999999998,0.1798,1.438,DEBUT,BALANCED
202408040606,3歳以上1勝クラス｜2024年6月16日 | 競馬データベース - netkeiba,メイショウノブカ,11.2,0.1205,1.35,9,0,-1.0,0.3500000000000001,-1.0,0.0,135.0,0.1205,1.35,CLASS_1W,LONGSHOT
202408040607,3歳以上1勝クラス｜2024年6月16日 | 競馬データベース - netkeiba,グルーヴビート,6.4,0.2122,1.358,7,0,-1.0,0.3580000000000001,-1.0,0.0,135.8,0.2122,1.358,CLASS_1W,BALANCED
202408040609,皆生特別｜2024年6月16日 | 競馬データベース - netkeiba,メタルスピード,24.9,0.0761,1.895,4,0,-1.0,0.895,-1.0,0.0,189.5,0.0761,1.895,SPECIAL,DEEP_LONGSHOT
202408040610,天橋立ステークス｜2024年6月16日 | 競馬データベース - netkeiba,ペプチドソレイユ,5.9,0.2219,1.309,1,1,4.9,0.30899999999999994,4.9,590.0,130.9,0.7781,-4.591,OPEN,BALANCED
202408040611,マーメイドステークス｜2024年6月16日 | 競馬データベース - netkeiba,ミッキーゴージャス,7.5,0.1962,1.472,13,0,-1.0,0.472,-1.0,0.0,147.2,0.1962,1.472,OPEN,BALANCED
202408040612,3歳以上2勝クラス｜2024年6月16日 | 競馬データベース - netkeiba,ダイメイセブン,23.1,0.0839,1.938,2,0,-1.0,0.938,-1.0,0.0,193.79999999999998,0.0839,1.938,CLASS_2W,DEEP_LONGSHOT
202408040701,2歳未勝利｜2024年6月22日 | 競馬データベース - netkeiba,ヴェーヌドール,32.2,0.1467,4.724,3,0,-1.0,3.724,-1.0,0.0,472.40000000000003,0.1467,4.724,MAIDEN,DEEP_LONGSHOT
202408040702,3歳未勝利｜2024年6月22日 | 競馬データベース - netkeiba,ナムラリーナ,15.2,0.1115,1.695,3,0,-1.0,0.6950000000000001,-1.0,0.0,169.5,0.1115,1.695,MAIDEN,LONGSHOT
202408040703,3歳未勝利｜2024年6月22日 | 競馬データベース - netkeiba,カーロアヴァンティ,6.5,0.2351,1.528,7,0,-1.0,0.528,-1.0,0.0,152.8,0.2351,1.528,MAIDEN,BALANCED
202408040705,2歳新馬｜2024年6月22日 | 競馬データベース - netkeiba,モンテディアーナ,8.8,0.1533,1.349,3,0,-1.0,0.349,-1.0,0.0,134.9,0.1533,1.349,DEBUT,LONGSHOT
202408040707,3歳以上1勝クラス｜2024年6月22日 | 競馬データベース - netkeiba,ダズリングダンス,12.2,0.119,1.452,12,0,-1.0,0.45199999999999996,-1.0,0.0,145.2,0.119,1.452,CLASS_1W,LONGSHOT
202408040708,3歳以上1勝クラス｜2024年6月22日 | 競馬データベース - netkeiba,クリノキングマン,35.3,0.0485,1.712,1,1,34.3,0.712,34.3,3529.9999999999995,171.2,0.9515,-33.587999999999994,CLASS_1W,DEEP_LONGSHOT
202408040712,3歳以上1勝クラス｜2024年6月22日 | 競馬データベース - netkeiba,テーオーダグラス,19.4,0.0974,1.89,2,0,-1.0,0.8899999999999999,-1.0,0.0,189.0,0.0974,1.89,CLASS_1W,LONGSHOT
202408040802,3歳未勝利｜2024年6月23日 | 競馬データベース - netkeiba,ガブリエルアクア,14.8,0.1027,1.52,5,0,-1.0,0.52,-1.0,0.0,152.0,0.1027,1.52,MAIDEN,LONGSHOT
202408040803,3歳未勝利｜2024年6月23日 | 競馬データベース - netkeiba,マックスセレナーデ,5.2,0.2575,1.339,7,0,-1.0,0.33899999999999997,-1.0,0.0,133.9,0.2575,1.339,MAIDEN,BALANCED
202408040805,2歳新馬｜2024年6月23日 | 競馬データベース - netkeiba,ウインポセイドン,14.9,0.1184,1.764,4,0,-1.0,0.764,-1.0,0.0,176.4,0.1184,1.764,DEBUT,LONGSHOT
202408040808,木屋町特別｜2024年6月23日 | 競馬データベース - netkeiba,ハイディージェン,34.9,0.0523,1.825,2,0,-1.0,0.825,-1.0,0.0,182.5,0.0523,1.825,SPECIAL,DEEP_LONGSHOT
202408040809,瀬田特別｜2024年6月23日 | 競馬データベース - netkeiba,シンプリーオーサム,22.3,0.0858,1.913,3,0,-1.0,0.913,-1.0,0.0,191.3,0.0858,1.913,SPECIAL,DEEP_LONGSHOT
202408040811,宝塚記念｜2024年6月23日 | 競馬データベース - netkeiba,ローシャムパーク,10.5,0.1238,1.3,5,0,-1.0,0.30000000000000004,-1.0,0.0,130.0,0.1238,1.3,OPEN,LONGSHOT
202408050101,2歳未勝利｜2024年10月5日 | 競馬データベース - netkeiba,セントールビースト,7.0,0.206,1.442,2,0,-1.0,0.44199999999999995,-1.0,0.0,144.2,0.206,1.442,MAIDEN,BALANCED
202408050103,2歳未勝利｜2024年10月5日 | 競馬データベース - netkeiba,ジャスタパーティー,30.6,0.0444,1.359,7,0,-1.0,0.359,-1.0,0.0,135.9,0.0444,1.359,MAIDEN,DEEP_LONGSHOT
202408050108,3歳以上2勝クラス｜2024年10月5日 | 競馬データベース - netkeiba,ペネトレイトゴー,38.0,0.0706,2.683,7,0,-1.0,1.6829999999999998,-1.0,0.0,268.29999999999995,0.0706,2.683,CLASS_2W,DEEP_LONGSHOT
202408050110,大山崎ステークス｜2024年10月5日 | 競馬データベース - netkeiba,ダイリュウホマレ,12.3,0.1115,1.371,10,0,-1.0,0.371,-1.0,0.0,137.1,0.1115,1.371,OPEN,LONGSHOT
202408050111,夕刊フジ杯オパールS｜2024年10月5日 | 競馬データベース - netkeiba,グランテスト,5.5,0.3029,1.666,4,0,-1.0,0.6659999999999999,-1.0,0.0,166.6,0.3029,1.666,OPEN,BALANCED
202408050112,3歳以上2勝クラス｜2024年10月5日 | 競馬データベース - netkeiba,リミットバスター,7.6,0.2316,1.76,6,0,-1.0,0.76,-1.0,0.0,176.0,0.2316,1.76,CLASS_2W,BALANCED
202408050201,2歳未勝利｜2024年10月6日 | 競馬データベース - netkeiba,ショウナンアトレ,73.1,0.0419,3.063,2,0,-1.0,2.063,-1.0,0.0,306.3,0.0419,3.063,MAIDEN,DEEP_LONGSHOT
202408050203,2歳新馬｜2024年10月6日 | 競馬データベース - netkeiba,メイショウタイピン,5.8,0.2398,1.391,3,0,-1.0,0.391,-1.0,0.0,139.1,0.2398,1.391,DEBUT,BALANCED
202408050205,2歳新馬｜2024年10月6日 | 競馬データベース - netkeiba,レッドギフテッド,7.0,0.1889,1.322,9,0,-1.0,0.32200000000000006,-1.0,0.0,132.20000000000002,0.1889,1.322,DEBUT,BALANCED
202408050206,3歳以上1勝クラス｜2024年10月6日 | 競馬データベース - netkeiba,ウインラウダ,22.8,0.0856,1.952,7,0,-1.0,0.952,-1.0,0.0,195.2,0.0856,1.952,CLASS_1W,DEEP_LONGSHOT
202408050208,3歳以上2勝クラス｜2024年10月6日 | 競馬データベース - netkeiba,スターペスカオリ,78.4,0.0198,1.552,7,0,-1.0,0.552,-1.0,0.0,155.20000000000002,0.0198,1.552,CLASS_2W,DEEP_LONGSHOT
202408050302,2歳未勝利｜2024年10月12日 | 競馬データベース - netkeiba,タガノビギニング,24.4,0.1217,2.969,6,0,-1.0,1.9689999999999999,-1.0,0.0,296.9,0.1217,2.969,MAIDEN,DEEP_LONGSHOT
202408050304,2歳新馬｜2024年10月12日 | 競馬データベース - netkeiba,ルヴァロワール,12.8,0.117,1.498,16,0,-1.0,0.498,-1.0,0.0,149.8,0.117,1.498,DEBUT,LONGSHOT
202408050305,2歳新馬｜2024年10月12日 | 競馬データベース - netkeiba,エテルノレガーメ,13.3,0.1349,1.794,5,0,-1.0,0.794,-1.0,0.0,179.4,0.1349,1.794,DEBUT,LONGSHOT
202408050308,紫菊賞｜2024年10月12日 | 競馬データベース - netkeiba,スーパーチャンド,65.8,0.037,2.435,5,0,-1.0,1.435,-1.0,0.0,243.5,0.037,2.435,SPECIAL,DEEP_LONGSHOT
202408050309,3歳以上2勝クラス｜2024年10月12日 | 競馬データベース - netkeiba,クリノフィガロ,24.1,0.1088,2.622,5,0,-1.0,1.6219999999999999,-1.0,0.0,262.2,0.1088,2.622,CLASS_2W,DEEP_LONGSHOT
202408050311,大阪スポーツ杯｜2024年10月12日 | 競馬データベース - netkeiba,クールミラボー,14.3,0.1082,1.547,9,0,-1.0,0.5469999999999999,-1.0,0.0,154.7,0.1082,1.547,OPEN,LONGSHOT
202408050403,2歳未勝利｜2024年10月13日 | 競馬データベース - netkeiba,マテンロウアトラス,13.0,0.1361,1.769,7,0,-1.0,0.7689999999999999,-1.0,0.0,176.89999999999998,0.1361,1.769,MAIDEN,LONGSHOT
202408050406,3歳以上1勝クラス｜2024年10月13日 | 競馬データベース - netkeiba,ピストンボーイ,10.7,0.1616,1.729,9,0,-1.0,0.7290000000000001,-1.0,0.0,172.9,0.1616,1.729,CLASS_1W,LONGSHOT
202408050408,もみじステークス｜2024年10月13日 | 競馬データベース - netkeiba,アスゴッド,29.4,0.0522,1.535,4,0,-1.0,0.5349999999999999,-1.0,0.0,153.5,0.0522,1.535,OPEN,DEEP_LONGSHOT
202408050411,秋華賞｜2024年10月13日 | 競馬データベース - netkeiba,ミアネーロ,13.5,0.1227,1.656,6,0,-1.0,0.6559999999999999,-1.0,0.0,165.6,0.1227,1.656,SPECIAL,LONGSHOT
202408050412,亀岡特別｜2024年10月13日 | 競馬データベース - netkeiba,シンエン,13.4,0.1183,1.585,4,0,-1.0,0.585,-1.0,0.0,158.5,0.1183,1.585,SPECIAL,LONGSHOT
202408050501,2歳未勝利｜2024年10月19日 | 競馬データベース - netkeiba,レイザリオ,12.9,0.1197,1.544,4,0,-1.0,0.544,-1.0,0.0,154.4,0.1197,1.544,MAIDEN,LONGSHOT
202408050503,2歳未勝利｜2024年10月19日 | 競馬データベース - netkeiba,セイフウサツキ,20.3,0.0787,1.598,5,0,-1.0,0.5980000000000001,-1.0,0.0,159.8,0.0787,1.598,MAIDEN,DEEP_LONGSHOT
202408050506,3歳以上1勝クラス｜2024年10月19日 | 競馬データベース - netkeiba,デザートスター,48.3,0.0586,2.83,5,0,-1.0,1.83,-1.0,0.0,283.0,0.0586,2.83,CLASS_1W,DEEP_LONGSHOT
202408050510,宝ケ池特別｜2024年10月19日 | 競馬データベース - netkeiba,フィールザオーラ,69.1,0.0318,2.197,4,0,-1.0,1.197,-1.0,0.0,219.70000000000002,0.0318,2.197,SPECIAL,DEEP_LONGSHOT
202408050601,2歳未勝利｜2024年10月20日 | 競馬データベース - netkeiba,カンタカナリート,37.3,0.075,2.798,4,0,-1.0,1.798,-1.0,0.0,279.8,0.075,2.798,MAIDEN,DEEP_LONGSHOT
202408050605,2歳新馬｜2024年10月20日 | 競馬データベース - netkeiba,ピュアコレクション,33.1,0.0488,1.615,9,0,-1.0,0.615,-1.0,0.0,161.5,0.0488,1.615,DEBUT,DEEP_LONGSHOT
202408050606,3歳以上1勝クラス｜2024年10月20日 | 競馬データベース - netkeiba,シーリュウシー,29.2,0.078,2.278,6,0,-1.0,1.278,-1.0,0.0,227.8,0.078,2.278,CLASS_1W,DEEP_LONGSHOT
202408050609,清滝特別｜2024年10月20日 | 競馬データベース - netkeiba,ローレルキャニオン,6.0,0.2813,1.688,5,0,-1.0,0.688,-1.0,0.0,168.79999999999998,0.2813,1.688,SPECIAL,BALANCED
202408050610,キセキC｜2024年10月20日 | 競馬データベース - netkeiba,バトルハーデン,6.5,0.2196,1.427,9,0,-1.0,0.42700000000000005,-1.0,0.0,142.70000000000002,0.2196,1.427,OTHER,BALANCED
202408050611,菊花賞｜2024年10月20日 | 競馬データベース - netkeiba,ショウナンラプンタ,23.6,0.0586,1.383,4,0,-1.0,0.383,-1.0,0.0,138.3,0.0586,1.383,SPECIAL,DEEP_LONGSHOT
202408050612,桂川ステークス｜2024年10月20日 | 競馬データベース - netkeiba,イチネンエーグミ,16.2,0.0951,1.541,7,0,-1.0,0.5409999999999999,-1.0,0.0,154.1,0.0951,1.541,OPEN,LONGSHOT
202408050702,2歳未勝利｜2024年10月26日 | 競馬データベース - netkeiba,ハヤテノツバサ,14.5,0.1152,1.67,6,0,-1.0,0.6699999999999999,-1.0,0.0,167.0,0.1152,1.67,MAIDEN,LONGSHOT
202408050703,2歳未勝利｜2024年10月26日 | 競馬データベース - netkeiba,ミルトライディーン,11.4,0.1436,1.637,9,0,-1.0,0.637,-1.0,0.0,163.7,0.1436,1.637,MAIDEN,LONGSHOT
202408050704,2歳新馬｜2024年10月26日 | 競馬データベース - netkeiba,ヤマニンチェルキ,13.4,0.1833,2.456,8,0,-1.0,1.456,-1.0,0.0,245.6,0.1833,2.456,DEBUT,LONGSHOT
202408050706,3歳以上1勝クラス｜2024年10月26日 | 競馬データベース - netkeiba,ケイアイアルタイル,14.1,0.1236,1.743,7,0,-1.0,0.7430000000000001,-1.0,0.0,174.3,0.1236,1.743,CLASS_1W,LONGSHOT
202408050708,萩ステークス｜2024年10月26日 | 競馬データベース - netkeiba,スーパーチャンド,137.0,0.0118,1.617,5,0,-1.0,0.617,-1.0,0.0,161.7,0.0118,1.617,OPEN,DEEP_LONGSHOT
202408050712,3歳以上2勝クラス｜2024年10月26日 | 競馬データベース - netkeiba,ヴィンテージボンド,7.8,0.2369,1.848,1,1,6.8,0.8480000000000001,6.8,780.0,184.8,0.7631,-5.952,CLASS_2W,BALANCED
202408050801,2歳未勝利｜2024年10月27日 | 競馬データベース - netkeiba,ゴッドペイズリー,76.8,0.0234,1.797,9,0,-1.0,0.7969999999999999,-1.0,0.0,179.7,0.0234,1.797,MAIDEN,DEEP_LONGSHOT
202408050803,2歳未勝利｜2024年10月27日 | 競馬データベース - netkeiba,ディープサミット,9.2,0.1808,1.663,3,0,-1.0,0.663,-1.0,0.0,166.3,0.1808,1.663,MAIDEN,LONGSHOT
202408050804,2歳新馬｜2024年10月27日 | 競馬データベース - netkeiba,カナルビーグル,14.1,0.1113,1.569,3,0,-1.0,0.569,-1.0,0.0,156.9,0.1113,1.569,DEBUT,LONGSHOT
202408050809,北野特別｜2024年10月27日 | 競馬データベース - netkeiba,サクセスドレーク,17.7,0.079,1.398,5,0,-1.0,0.3979999999999999,-1.0,0.0,139.79999999999998,0.079,1.398,SPECIAL,LONGSHOT
202408050810,古都ステークス｜2024年10月27日 | 競馬データベース - netkeiba,モンテディオ,96.8,0.0149,1.442,8,0,-1.0,0.44199999999999995,-1.0,0.0,144.2,0.0149,1.442,OPEN,DEEP_LONGSHOT
202408050811,カシオペアステークス｜2024年10月27日 | 競馬データベース - netkeiba,ニホンピロキーフ,4.6,0.2844,1.308,5,0,-1.0,0.30800000000000005,-1.0,0.0,130.8,0.2844,1.308,OPEN,BALANCED
202408050812,3歳以上2勝クラス｜2024年10月27日 | 競馬データベース - netkeiba,ブループリマドンナ,16.4,0.0854,1.401,4,0,-1.0,0.401,-1.0,0.0,140.1,0.0854,1.401,CLASS_2W,LONGSHOT
202408060101,2歳未勝利｜2024年11月2日 | 競馬データベース - netkeiba,ナリタボニー,46.2,0.05,2.31,7,0,-1.0,1.31,-1.0,0.0,231.0,0.05,2.31,MAIDEN,DEEP_LONGSHOT
202408060102,2歳未勝利｜2024年11月2日 | 競馬データベース - netkeiba,モズノセイギ,45.4,0.0501,2.275,5,0,-1.0,1.275,-1.0,0.0,227.5,0.0501,2.275,MAIDEN,DEEP_LONGSHOT
202408060103,2歳未勝利｜2024年11月2日 | 競馬データベース - netkeiba,ビップディラン,55.7,0.026,1.448,7,0,-1.0,0.44799999999999995,-1.0,0.0,144.79999999999998,0.026,1.448,MAIDEN,DEEP_LONGSHOT
202408060104,2歳未勝利｜2024年11月2日 | 競馬データベース - netkeiba,オーウェンズバレー,29.6,0.0536,1.587,7,0,-1.0,0.587,-1.0,0.0,158.7,0.0536,1.587,MAIDEN,DEEP_LONGSHOT
202408060107,3歳以上1勝クラス｜2024年11月2日 | 競馬データベース - netkeiba,エアサンサーラ,5.7,0.2443,1.393,1,1,4.7,0.393,4.7,570.0,139.3,0.7557,-4.307,CLASS_1W,BALANCED
202408060110,貴船ステークス｜2024年11月2日 | 競馬データベース - netkeiba,ドンレパルス,14.2,0.1151,1.634,3,0,-1.0,0.6339999999999999,-1.0,0.0,163.39999999999998,0.1151,1.634,OPEN,LONGSHOT
202408060111,KBSファンタジーS｜2024年11月2日 | 競馬データベース - netkeiba,ダンツエラン,9.5,0.1493,1.418,1,1,8.5,0.4179999999999999,8.5,950.0,141.79999999999998,0.8507,-8.082,OTHER,LONGSHOT
202408060112,3歳以上2勝クラス｜2024年11月2日 | 競馬データベース - netkeiba,ドンアチェカ,44.4,0.0388,1.723,3,0,-1.0,0.7230000000000001,-1.0,0.0,172.3,0.0388,1.723,CLASS_2W,DEEP_LONGSHOT
202408060203,2歳未勝利｜2024年11月3日 | 競馬データベース - netkeiba,テーオーミリカン,20.0,0.0787,1.574,4,0,-1.0,0.5740000000000001,-1.0,0.0,157.4,0.0787,1.574,MAIDEN,LONGSHOT
202408060205,2歳新馬｜2024年11月3日 | 競馬データベース - netkeiba,ウォータークラーク,11.8,0.1152,1.359,1,1,10.8,0.359,10.8,1180.0,135.9,0.8848,-10.441,DEBUT,LONGSHOT
202408060206,3歳以上1勝クラス｜2024年11月3日 | 競馬データベース - netkeiba,キャロルビアンカ,46.7,0.0387,1.807,5,0,-1.0,0.8069999999999999,-1.0,0.0,180.7,0.0387,1.807,CLASS_1W,DEEP_LONGSHOT
202408060207,3歳以上2勝クラス｜2024年11月3日 | 競馬データベース - netkeiba,ツークフォーゲル,5.7,0.2542,1.449,4,0,-1.0,0.44900000000000007,-1.0,0.0,144.9,0.2542,1.449,CLASS_2W,BALANCED
202408060210,醍醐ステークス｜2024年11月3日 | 競馬データベース - netkeiba,ウォータールグラン,14.6,0.0941,1.374,6,0,-1.0,0.3740000000000001,-1.0,0.0,137.4,0.0941,1.374,OPEN,LONGSHOT
202408060211,みやこステークス｜2024年11月3日 | 競馬データベース - netkeiba,ドゥラエレーデ,6.1,0.2484,1.515,11,0,-1.0,0.5149999999999999,-1.0,0.0,151.5,0.2484,1.515,OPEN,BALANCED
202408060302,2歳未勝利｜2024年11月9日 | 競馬データベース - netkeiba,スピントロニクス,5.7,0.2624,1.496,9,0,-1.0,0.496,-1.0,0.0,149.6,0.2624,1.496,MAIDEN,BALANCED
202408060303,2歳未勝利｜2024年11月9日 | 競馬データベース - netkeiba,ネオクイーン,28.0,0.0768,2.15,8,0,-1.0,1.15,-1.0,0.0,215.0,0.0768,2.15,MAIDEN,DEEP_LONGSHOT
202408060304,2歳新馬｜2024年11月9日 | 競馬データベース - netkeiba,プリンセッサ,7.5,0.1901,1.426,2,0,-1.0,0.42599999999999993,-1.0,0.0,142.6,0.1901,1.426,DEBUT,BALANCED
202408060305,2歳新馬｜2024年11月9日 | 競馬データベース - netkeiba,メイショウイチモン,30.9,0.0625,1.931,8,0,-1.0,0.931,-1.0,0.0,193.1,0.0625,1.931,DEBUT,DEEP_LONGSHOT
202408060307,3歳以上1勝クラス｜2024年11月9日 | 競馬データベース - netkeiba,エブライト,18.7,0.088,1.646,10,0,-1.0,0.6459999999999999,-1.0,0.0,164.6,0.088,1.646,CLASS_1W,LONGSHOT
202408060308,京都ジャンプS｜2024年11月9日 | 競馬データベース - netkeiba,メイショウアツイタ,66.0,0.0363,2.396,7,0,-1.0,1.396,-1.0,0.0,239.6,0.0363,2.396,OTHER,DEEP_LONGSHOT
202408060309,修学院ステークス｜2024年11月9日 | 競馬データベース - netkeiba,ショーモン,16.8,0.0989,1.662,14,0,-1.0,0.6619999999999999,-1.0,0.0,166.2,0.0989,1.662,OPEN,LONGSHOT
202408060310,室町ステークス｜2024年11月9日 | 競馬データベース - netkeiba,ステラフィオーレ,5.5,0.2424,1.333,15,0,-1.0,0.33299999999999996,-1.0,0.0,133.29999999999998,0.2424,1.333,OPEN,BALANCED
202408060311,デイリー杯2歳S｜2024年11月9日 | 競馬データベース - netkeiba,サウンドバッハ,62.2,0.0273,1.698,5,0,-1.0,0.698,-1.0,0.0,169.79999999999998,0.0273,1.698,OPEN,DEEP_LONGSHOT
202408060312,3歳以上2勝クラス｜2024年11月9日 | 競馬データベース - netkeiba,ダンツエスプリ,21.0,0.076,1.596,2,0,-1.0,0.5960000000000001,-1.0,0.0,159.60000000000002,0.076,1.596,CLASS_2W,DEEP_LONGSHOT
202408060401,2歳未勝利｜2024年11月10日 | 競馬データベース - netkeiba,ダイシンリンク,29.5,0.0442,1.304,5,0,-1.0,0.30400000000000005,-1.0,0.0,130.4,0.0442,1.304,MAIDEN,DEEP_LONGSHOT
202408060402,2歳未勝利｜2024年11月10日 | 競馬データベース - netkeiba,タマモジャスミン,82.6,0.0205,1.693,3,0,-1.0,0.6930000000000001,-1.0,0.0,169.3,0.0205,1.693,MAIDEN,DEEP_LONGSHOT
202408060405,2歳新馬｜2024年11月10日 | 競馬データベース - netkeiba,ヤマニンソレアード,29.6,0.0486,1.439,7,0,-1.0,0.43900000000000006,-1.0,0.0,143.9,0.0486,1.439,DEBUT,DEEP_LONGSHOT
202408060407,3歳以上2勝クラス｜2024年11月10日 | 競馬データベース - netkeiba,オーバーザドリーム,57.3,0.0259,1.484,8,0,-1.0,0.484,-1.0,0.0,148.4,0.0259,1.484,CLASS_2W,DEEP_LONGSHOT
202408060409,黄菊賞｜2024年11月10日 | 競馬データベース - netkeiba,マハートマーベル,87.1,0.02,1.742,7,0,-1.0,0.742,-1.0,0.0,174.2,0.02,1.742,SPECIAL,DEEP_LONGSHOT
202408060410,ラッキーライラックC｜2024年11月10日 | 競馬データベース - netkeiba,メイショウコガシラ,16.1,0.1229,1.979,10,0,-1.0,0.9790000000000001,-1.0,0.0,197.9,0.1229,1.979,OTHER,LONGSHOT
202408060411,エリザベス女王杯｜2024年11月10日 | 競馬データベース - netkeiba,ホールネス,8.7,0.262,2.279,3,0,-1.0,1.279,-1.0,0.0,227.89999999999998,0.262,2.279,OPEN,LONGSHOT
202408060412,ドンカスターカップ｜2024年11月10日 | 競馬データベース - netkeiba,モズアンタレス,6.6,0.2447,1.615,5,0,-1.0,0.615,-1.0,0.0,161.5,0.2447,1.615,OTHER,BALANCED
202408060503,2歳未勝利｜2024年11月16日 | 競馬データベース - netkeiba,ダブルシルバー,17.0,0.0797,1.355,9,0,-1.0,0.355,-1.0,0.0,135.5,0.0797,1.355,MAIDEN,LONGSHOT
202408060504,2歳未勝利｜2024年11月16日 | 競馬データベース - netkeiba,セイフウサツキ,11.5,0.1179,1.356,7,0,-1.0,0.3560000000000001,-1.0,0.0,135.60000000000002,0.1179,1.356,MAIDEN,LONGSHOT
202408060506,2歳新馬｜2024年11月16日 | 競馬データベース - netkeiba,メイショウズイウン,12.6,0.132,1.663,4,0,-1.0,0.663,-1.0,0.0,166.3,0.132,1.663,DEBUT,LONGSHOT
202408060508,3歳以上2勝クラス｜2024年11月16日 | 競馬データベース - netkeiba,エンセリオ,16.9,0.1021,1.725,11,0,-1.0,0.7250000000000001,-1.0,0.0,172.5,0.1021,1.725,CLASS_2W,LONGSHOT
202408060509,秋明菊賞｜2024年11月16日 | 競馬データベース - netkeiba,ハリーケーン,70.8,0.0187,1.324,9,0,-1.0,0.32400000000000007,-1.0,0.0,132.4,0.0187,1.324,SPECIAL,DEEP_LONGSHOT
202408060510,近江特別｜2024年11月16日 | 競馬データベース - netkeiba,ハーバーライト,7.0,0.2031,1.422,10,0,-1.0,0.42199999999999993,-1.0,0.0,142.2,0.2031,1.422,SPECIAL,BALANCED
202408060511,アンドロメダS｜2024年11月16日 | 競馬データベース - netkeiba,トップナイフ,6.3,0.2329,1.467,3,0,-1.0,0.4670000000000001,-1.0,0.0,146.70000000000002,0.2329,1.467,OTHER,BALANCED
202408060602,2歳未勝利｜2024年11月17日 | 競馬データベース - netkeiba,レイヤー,38.8,0.0637,2.472,10,0,-1.0,1.472,-1.0,0.0,247.2,0.0637,2.472,MAIDEN,DEEP_LONGSHOT
202408060607,3歳以上1勝クラス｜2024年11月17日 | 競馬データベース - netkeiba,マジックブルー,12.4,0.1176,1.458,5,0,-1.0,0.45799999999999996,-1.0,0.0,145.79999999999998,0.1176,1.458,CLASS_1W,LONGSHOT
202408060609,比叡ステークス｜2024年11月17日 | 競馬データベース - netkeiba,アスターブジエ,16.2,0.1109,1.797,6,0,-1.0,0.7969999999999999,-1.0,0.0,179.7,0.1109,1.797,OPEN,LONGSHOT
202408060610,グランアレグリアC｜2024年11月17日 | 競馬データベース - netkeiba,タマモダイジョッキ,11.6,0.1145,1.328,4,0,-1.0,0.32800000000000007,-1.0,0.0,132.8,0.1145,1.328,OTHER,LONGSHOT
202408060612,壬生特別｜2024年11月17日 | 競馬データベース - netkeiba,ジャスティンアース,9.7,0.1583,1.536,8,0,-1.0,0.536,-1.0,0.0,153.6,0.1583,1.536,SPECIAL,LONGSHOT
202408060701,2歳未勝利｜2024年11月23日 | 競馬データベース - netkeiba,サラダ,14.1,0.1158,1.633,9,0,-1.0,0.633,-1.0,0.0,163.3,0.1158,1.633,MAIDEN,LONGSHOT
202408060702,2歳未勝利｜2024年11月23日 | 競馬データベース - netkeiba,シーク,28.7,0.0831,2.385,12,0,-1.0,1.3849999999999998,-1.0,0.0,238.49999999999997,0.0831,2.385,MAIDEN,DEEP_LONGSHOT
202408060703,2歳未勝利｜2024年11月23日 | 競馬データベース - netkeiba,テーオーミリカン,19.2,0.0779,1.496,8,0,-1.0,0.496,-1.0,0.0,149.6,0.0779,1.496,MAIDEN,LONGSHOT
202408060704,障害3歳以上未勝利｜2024年11月23日 | 競馬データベース - netkeiba,コンテナワールド,13.9,0.1285,1.786,4,0,-1.0,0.786,-1.0,0.0,178.6,0.1285,1.786,JUMP,LONGSHOT
202408060707,3歳以上1勝クラス｜2024年11月23日 | 競馬データベース - netkeiba,メイショウヤーキス,6.3,0.2067,1.302,6,0,-1.0,0.30200000000000005,-1.0,0.0,130.20000000000002,0.2067,1.302,CLASS_1W,BALANCED
202408060708,3歳以上1勝クラス｜2024年11月23日 | 競馬データベース - netkeiba,メイショウコナン,18.9,0.1192,2.253,3,0,-1.0,1.2530000000000001,-1.0,0.0,225.3,0.1192,2.253,CLASS_1W,LONGSHOT
202408060709,栂尾特別｜2024年11月23日 | 競馬データベース - netkeiba,ヘヴンリーハンド,54.2,0.0295,1.599,4,0,-1.0,0.599,-1.0,0.0,159.9,0.0295,1.599,SPECIAL,DEEP_LONGSHOT
202408060710,コントレイルM｜2024年11月23日 | 競馬データベース - netkeiba,ダンツエスプリ,35.0,0.0624,2.184,7,0,-1.0,1.1840000000000002,-1.0,0.0,218.4,0.0624,2.184,OTHER,DEEP_LONGSHOT
202408060711,ラジオN杯京都2歳S｜2024年11月23日 | 競馬データベース - netkeiba,テイクイットオール,47.5,0.0291,1.382,6,0,-1.0,0.3819999999999999,-1.0,0.0,138.2,0.0291,1.382,OPEN,DEEP_LONGSHOT
202408060802,2歳未勝利｜2024年11月24日 | 競馬データベース - netkeiba,ピコビジュー,11.6,0.1267,1.47,6,0,-1.0,0.47,-1.0,0.0,147.0,0.1267,1.47,MAIDEN,LONGSHOT
202408060803,2歳未勝利｜2024年11月24日 | 競馬データベース - netkeiba,オーケーダイナ,16.6,0.0815,1.353,8,0,-1.0,0.353,-1.0,0.0,135.3,0.0815,1.353,MAIDEN,LONGSHOT
202408060807,3歳以上1勝クラス｜2024年11月24日 | 競馬データベース - netkeiba,アレンテージョ,4.5,0.2965,1.334,7,0,-1.0,0.3340000000000001,-1.0,0.0,133.4,0.2965,1.334,CLASS_1W,BALANCED
202408060808,3歳以上2勝クラス｜2024年11月24日 | 競馬データベース - netkeiba,カリフォルニア,11.6,0.1222,1.418,16,0,-1.0,0.4179999999999999,-1.0,0.0,141.79999999999998,0.1222,1.418,CLASS_2W,LONGSHOT
202408060812,京阪杯｜2024年11月24日 | 競馬データベース - netkeiba,ビッグシーザー,4.7,0.336,1.579,1,1,3.7,0.579,3.7,470.0,157.9,0.6639999999999999,-3.1210000000000004,OPEN,BALANCED
202408070101,2歳未勝利｜2024年11月30日 | 競馬データベース - netkeiba,バレオリア,15.8,0.0924,1.46,4,0,-1.0,0.45999999999999996,-1.0,0.0,146.0,0.0924,1.46,MAIDEN,LONGSHOT
202408070103,2歳未勝利｜2024年11月30日 | 競馬データベース - netkeiba,ダイシンレアレア,16.0,0.1498,2.397,2,0,-1.0,1.3969999999999998,-1.0,0.0,239.7,0.1498,2.397,MAIDEN,LONGSHOT
202408070104,2歳新馬｜2024年11月30日 | 競馬データベース - netkeiba,リメンバーヒム,51.6,0.0282,1.455,5,0,-1.0,0.45500000000000007,-1.0,0.0,145.5,0.0282,1.455,DEBUT,DEEP_LONGSHOT
202408070105,2歳新馬｜2024年11月30日 | 競馬データベース - netkeiba,セシアンベリル,13.7,0.1064,1.458,9,0,-1.0,0.45799999999999996,-1.0,0.0,145.79999999999998,0.1064,1.458,DEBUT,LONGSHOT
202408070107,3歳以上1勝クラス｜2024年11月30日 | 競馬データベース - netkeiba,トーレ,21.0,0.0936,1.966,3,0,-1.0,0.966,-1.0,0.0,196.6,0.0936,1.966,CLASS_1W,DEEP_LONGSHOT
202408070111,チャレンジカップ｜2024年11月30日 | 競馬データベース - netkeiba,ダノンエアズロック,4.7,0.3003,1.411,7,0,-1.0,0.41100000000000003,-1.0,0.0,141.1,0.3003,1.411,OTHER,BALANCED
202408070112,3歳以上2勝クラス｜2024年11月30日 | 競馬データベース - netkeiba,ルーチェロッサ,83.3,0.0292,2.432,7,0,-1.0,1.432,-1.0,0.0,243.2,0.0292,2.432,CLASS_2W,DEEP_LONGSHOT
202408070202,2歳未勝利｜2024年12月1日 | 競馬データベース - netkeiba,ジャニーヌ,23.2,0.0683,1.585,7,0,-1.0,0.585,-1.0,0.0,158.5,0.0683,1.585,MAIDEN,DEEP_LONGSHOT
202408070203,2歳未勝利｜2024年12月1日 | 競馬データベース - netkeiba,ハイアップグレード,30.7,0.0738,2.266,6,0,-1.0,1.266,-1.0,0.0,226.6,0.0738,2.266,MAIDEN,DEEP_LONGSHOT
202408070204,障害3歳以上未勝利｜2024年12月1日 | 競馬データベース - netkeiba,アルデドゥオーモ,13.9,0.1743,2.423,5,0,-1.0,1.423,-1.0,0.0,242.3,0.1743,2.423,JUMP,LONGSHOT
202408070205,2歳新馬｜2024年12月1日 | 競馬データベース - netkeiba,エンチャントリバー,47.7,0.0285,1.359,5,0,-1.0,0.359,-1.0,0.0,135.9,0.0285,1.359,DEBUT,DEEP_LONGSHOT
202408070206,2歳新馬｜2024年12月1日 | 競馬データベース - netkeiba,ニホンピロカミーノ,28.4,0.0725,2.059,6,0,-1.0,1.0590000000000002,-1.0,0.0,205.9,0.0725,2.059,DEBUT,DEEP_LONGSHOT
202408070207,3歳以上1勝クラス｜2024年12月1日 | 競馬データベース - netkeiba,ワイノナオミ,6.5,0.2274,1.478,4,0,-1.0,0.478,-1.0,0.0,147.8,0.2274,1.478,CLASS_1W,BALANCED
202408070209,聚楽第特別｜2024年12月1日 | 競馬データベース - netkeiba,ウインメイフラワー,43.7,0.0321,1.403,9,0,-1.0,0.403,-1.0,0.0,140.3,0.0321,1.403,SPECIAL,DEEP_LONGSHOT
202408070210,嵯峨野ステークス｜2024年12月1日 | 競馬データベース - netkeiba,ワイドアラジン,39.1,0.0494,1.932,11,0,-1.0,0.9319999999999999,-1.0,0.0,193.2,0.0494,1.932,OPEN,DEEP_LONGSHOT
202408070211,ギャラクシーS｜2024年12月1日 | 競馬データベース - netkeiba,パウオレ,14.9,0.1095,1.632,13,0,-1.0,0.6319999999999999,-1.0,0.0,163.2,0.1095,1.632,OTHER,LONGSHOT
202408070301,2歳未勝利｜2024年12月7日 | 競馬データベース - netkeiba,ナリタヒカリ,14.9,0.1079,1.608,2,0,-1.0,0.6080000000000001,-1.0,0.0,160.8,0.1079,1.608,MAIDEN,LONGSHOT
202408070302,2歳未勝利｜2024年12月7日 | 競馬データベース - netkeiba,キンセンオー,53.8,0.0558,3.002,4,0,-1.0,2.002,-1.0,0.0,300.2,0.0558,3.002,MAIDEN,DEEP_LONGSHOT
202408070303,2歳未勝利｜2024年12月7日 | 競馬データベース - netkeiba,モーリシャスアロマ,30.7,0.069,2.118,9,0,-1.0,1.1179999999999999,-1.0,0.0,211.79999999999998,0.069,2.118,MAIDEN,DEEP_LONGSHOT
202408070304,障害3歳以上オープン｜2024年12月7日 | 競馬データベース - netkeiba,ナリノモンターニュ,12.4,0.1617,2.005,2,0,-1.0,1.005,-1.0,0.0,200.5,0.1617,2.005,JUMP,LONGSHOT
202408070305,2歳新馬｜2024年12月7日 | 競馬データベース - netkeiba,レジポッセ,24.2,0.0661,1.6,5,0,-1.0,0.6000000000000001,-1.0,0.0,160.0,0.0661,1.6,DEBUT,DEEP_LONGSHOT
202408070306,2歳新馬｜2024年12月7日 | 競馬データベース - netkeiba,メイショウアイナ,25.0,0.0839,2.098,4,0,-1.0,1.0979999999999999,-1.0,0.0,209.79999999999998,0.0839,2.098,DEBUT,DEEP_LONGSHOT
202408070307,2歳未勝利｜2024年12月7日 | 競馬データベース - netkeiba,ダイヤノエース,59.4,0.022,1.307,8,0,-1.0,0.30699999999999994,-1.0,0.0,130.7,0.022,1.307,MAIDEN,DEEP_LONGSHOT
202408070309,エリカ賞｜2024年12月7日 | 競馬データベース - netkeiba,トリポリタニア,18.9,0.1116,2.109,4,0,-1.0,1.109,-1.0,0.0,210.9,0.1116,2.109,SPECIAL,LONGSHOT
202408070310,花見小路特別｜2024年12月7日 | 競馬データベース - netkeiba,ダディーズトリップ,18.0,0.081,1.458,4,0,-1.0,0.45799999999999996,-1.0,0.0,145.79999999999998,0.081,1.458,SPECIAL,LONGSHOT
202408070311,リゲルステークス｜2024年12月7日 | 競馬データベース - netkeiba,シリウスコルト,23.9,0.0563,1.346,11,0,-1.0,0.3460000000000001,-1.0,0.0,134.60000000000002,0.0563,1.346,OPEN,DEEP_LONGSHOT
202408070312,3歳以上2勝クラス｜2024年12月7日 | 競馬データベース - netkeiba,ショウナンハウル,15.3,0.0987,1.51,10,0,-1.0,0.51,-1.0,0.0,151.0,0.0987,1.51,CLASS_2W,LONGSHOT
202408070403,2歳未勝利｜2024年12月8日 | 競馬データベース - netkeiba,ゲレル,18.1,0.1464,2.65,7,0,-1.0,1.65,-1.0,0.0,265.0,0.1464,2.65,MAIDEN,LONGSHOT
202408070404,2歳新馬｜2024年12月8日 | 競馬データベース - netkeiba,シャインステラ,10.6,0.1734,1.838,16,0,-1.0,0.8380000000000001,-1.0,0.0,183.8,0.1734,1.838,DEBUT,LONGSHOT
202408070405,2歳新馬｜2024年12月8日 | 競馬データベース - netkeiba,ギフテッドアベリア,25.1,0.0567,1.423,7,0,-1.0,0.42300000000000004,-1.0,0.0,142.3,0.0567,1.423,DEBUT,DEEP_LONGSHOT
202408070406,2歳1勝クラス｜2024年12月8日 | 競馬データベース - netkeiba,フェニーチェドーロ,14.6,0.1552,2.266,6,0,-1.0,1.266,-1.0,0.0,226.6,0.1552,2.266,CLASS_1W,LONGSHOT
202408070408,3歳以上2勝クラス｜2024年12月8日 | 競馬データベース - netkeiba,ヘルメース,27.6,0.0559,1.543,10,0,-1.0,0.5429999999999999,-1.0,0.0,154.29999999999998,0.0559,1.543,CLASS_2W,DEEP_LONGSHOT
202408070409,オリオンステークス｜2024年12月8日 | 競馬データベース - netkeiba,オープンファイア,17.5,0.0942,1.648,8,0,-1.0,0.6479999999999999,-1.0,0.0,164.79999999999998,0.0942,1.648,OPEN,LONGSHOT
202408070410,ブエナビスタC｜2024年12月8日 | 競馬データベース - netkeiba,レアンダー,43.9,0.0609,2.674,8,0,-1.0,1.674,-1.0,0.0,267.4,0.0609,2.674,OTHER,DEEP_LONGSHOT
202408070501,2歳未勝利｜2024年12月14日 | 競馬データベース - netkeiba,ミキノバカラ,12.6,0.1127,1.42,8,0,-1.0,0.41999999999999993,-1.0,0.0,142.0,0.1127,1.42,MAIDEN,LONGSHOT
202408070502,2歳未勝利｜2024年12月14日 | 競馬データベース - netkeiba,ヒフミバンダム,21.6,0.0681,1.471,1,1,20.6,0.4710000000000001,20.6,2160.0,147.10000000000002,0.9319,-20.129,MAIDEN,DEEP_LONGSHOT
202408070503,2歳未勝利｜2024年12月14日 | 競馬データベース - netkeiba,スキャットメロディ,65.8,0.0211,1.388,8,0,-1.0,0.3879999999999999,-1.0,0.0,138.79999999999998,0.0211,1.388,MAIDEN,DEEP_LONGSHOT
202408070504,障害3歳以上オープン｜2024年12月14日 | 競馬データベース - netkeiba,エンデュミオン,14.4,0.1353,1.948,3,0,-1.0,0.948,-1.0,0.0,194.79999999999998,0.1353,1.948,JUMP,LONGSHOT
202408070505,2歳新馬｜2024年12月14日 | 競馬データベース - netkeiba,ジーティーハート,12.9,0.1241,1.601,10,0,-1.0,0.601,-1.0,0.0,160.1,0.1241,1.601,DEBUT,LONGSHOT
202408070506,2歳新馬｜2024年12月14日 | 競馬データベース - netkeiba,ベルトネ,11.4,0.1771,2.019,2,0,-1.0,1.0190000000000001,-1.0,0.0,201.9,0.1771,2.019,DEBUT,LONGSHOT
202408070508,3歳以上1勝クラス｜2024年12月14日 | 競馬データベース - netkeiba,ソルアマゾン,62.2,0.0257,1.599,10,0,-1.0,0.599,-1.0,0.0,159.9,0.0257,1.599,CLASS_1W,DEEP_LONGSHOT
202408070509,深草特別｜2024年12月14日 | 競馬データベース - netkeiba,エブリモーメント,12.5,0.1223,1.529,8,0,-1.0,0.5289999999999999,-1.0,0.0,152.89999999999998,0.1223,1.529,SPECIAL,LONGSHOT
202408070510,出町特別｜2024年12月14日 | 競馬データベース - netkeiba,チカミリオン,16.5,0.0807,1.332,6,0,-1.0,0.3320000000000001,-1.0,0.0,133.20000000000002,0.0807,1.332,SPECIAL,LONGSHOT
202408070511,タンザナイトS｜2024年12月14日 | 競馬データベース - netkeiba,バースクライ,8.2,0.1757,1.441,3,0,-1.0,0.44100000000000006,-1.0,0.0,144.1,0.1757,1.441,OTHER,LONGSHOT
202408070601,2歳未勝利｜2024年12月15日 | 競馬データベース - netkeiba,バレオリア,20.2,0.0897,1.812,10,0,-1.0,0.812,-1.0,0.0,181.20000000000002,0.0897,1.812,MAIDEN,DEEP_LONGSHOT
202408070602,2歳未勝利｜2024年12月15日 | 競馬データベース - netkeiba,メイショウタイピン,38.0,0.0681,2.588,4,0,-1.0,1.588,-1.0,0.0,258.8,0.0681,2.588,MAIDEN,DEEP_LONGSHOT
202408070603,2歳未勝利｜2024年12月15日 | 競馬データベース - netkeiba,レインオンミー,31.0,0.0593,1.838,14,0,-1.0,0.8380000000000001,-1.0,0.0,183.8,0.0593,1.838,MAIDEN,DEEP_LONGSHOT
202408070604,2歳未勝利｜2024年12月15日 | 競馬データベース - netkeiba,ハミルトン,19.0,0.1237,2.35,6,0,-1.0,1.35,-1.0,0.0,235.0,0.1237,2.35,MAIDEN,LONGSHOT
202408070605,2歳新馬｜2024年12月15日 | 競馬データベース - netkeiba,ワインクーラー,11.9,0.117,1.392,4,0,-1.0,0.3919999999999999,-1.0,0.0,139.2,0.117,1.392,DEBUT,LONGSHOT
202408070609,小倉山特別｜2024年12月15日 | 競馬データベース - netkeiba,メジャークオリティ,90.7,0.0145,1.315,9,0,-1.0,0.31499999999999995,-1.0,0.0,131.5,0.0145,1.315,SPECIAL,DEEP_LONGSHOT
202408070610,サリオスC｜2024年12月15日 | 競馬データベース - netkeiba,ガンウルフ,26.5,0.0538,1.426,5,0,-1.0,0.42599999999999993,-1.0,0.0,142.6,0.0538,1.426,OTHER,DEEP_LONGSHOT
202408070612,東山ステークス｜2024年12月15日 | 競馬データベース - netkeiba,レベレンシア,11.2,0.1191,1.334,4,0,-1.0,0.3340000000000001,-1.0,0.0,133.4,0.1191,1.334,OPEN,LONGSHOT
202408070701,2歳未勝利｜2024年12月21日 | 競馬データベース - netkeiba,レッドボブ,13.3,0.1312,1.745,4,0,-1.0,0.7450000000000001,-1.0,0.0,174.5,0.1312,1.745,MAIDEN,LONGSHOT
202408070702,2歳未勝利｜2024年12月21日 | 競馬データベース - netkeiba,サファリ,20.6,0.0705,1.452,8,0,-1.0,0.45199999999999996,-1.0,0.0,145.2,0.0705,1.452,MAIDEN,DEEP_LONGSHOT
202408070703,2歳未勝利｜2024年12月21日 | 競馬データベース - netkeiba,ロードシュヴァリエ,38.9,0.0483,1.879,1,1,37.9,0.879,37.9,3890.0,187.9,0.9517,-37.021,MAIDEN,DEEP_LONGSHOT
202408070704,2歳未勝利｜2024年12月21日 | 競馬データベース - netkeiba,ロットブラータ,12.8,0.1365,1.747,2,0,-1.0,0.7470000000000001,-1.0,0.0,174.70000000000002,0.1365,1.747,MAIDEN,LONGSHOT
202408070706,2歳新馬｜2024年12月21日 | 競馬データベース - netkeiba,トウタツ,26.0,0.059,1.534,1,1,25.0,0.534,25.0,2600.0,153.4,0.9410000000000001,-24.466,DEBUT,DEEP_LONGSHOT
202408070709,万両賞｜2024年12月21日 | 競馬データベース - netkeiba,インブロリオ,5.8,0.2572,1.492,8,0,-1.0,0.492,-1.0,0.0,149.2,0.2572,1.492,SPECIAL,BALANCED
202408070710,御陵ステークス｜2024年12月21日 | 競馬データベース - netkeiba,ヴィンテージボンド,8.6,0.2315,1.991,9,0,-1.0,0.9910000000000001,-1.0,0.0,199.10000000000002,0.2315,1.991,OPEN,LONGSHOT
202408070712,3歳以上2勝クラス｜2024年12月21日 | 競馬データベース - netkeiba,エメリヨン,13.1,0.1095,1.434,6,0,-1.0,0.43399999999999994,-1.0,0.0,143.4,0.1095,1.434,CLASS_2W,LONGSHOT
202408070803,2歳未勝利｜2024年12月22日 | 競馬データベース - netkeiba,ウィンストン,4.4,0.3071,1.351,1,1,3.4,0.351,3.4,440.00000000000006,135.1,0.6929000000000001,-3.049,MAIDEN,BALANCED
202408070804,2歳新馬｜2024年12月22日 | 競馬データベース - netkeiba,テルアスワッド,7.9,0.1766,1.395,2,0,-1.0,0.395,-1.0,0.0,139.5,0.1766,1.395,DEBUT,BALANCED
202408070805,障害3歳以上未勝利｜2024年12月22日 | 競馬データベース - netkeiba,アルデドゥオーモ,27.5,0.0587,1.614,6,0,-1.0,0.6140000000000001,-1.0,0.0,161.4,0.0587,1.614,JUMP,DEEP_LONGSHOT
202408070808,3歳以上2勝クラス｜2024年12月22日 | 競馬データベース - netkeiba,アストラカ,14.4,0.0928,1.336,8,0,-1.0,0.3360000000000001,-1.0,0.0,133.6,0.0928,1.336,CLASS_2W,LONGSHOT
202408070810,サンタクロースS｜2024年12月22日 | 競馬データベース - netkeiba,シュタールヴィント,16.3,0.0808,1.317,3,0,-1.0,0.31699999999999995,-1.0,0.0,131.7,0.0808,1.317,OTHER,LONGSHOT
202408070901,2歳未勝利｜2024年12月28日 | 競馬データベース - netkeiba,ダイシンリンク,13.7,0.1139,1.56,1,1,12.7,0.56,12.7,1370.0,156.0,0.8861,-12.139999999999999,MAIDEN,LONGSHOT
202408070904,障害3歳以上未勝利｜2024年12月28日 | 競馬データベース - netkeiba,シュハリ,8.8,0.2117,1.863,12,0,-1.0,0.863,-1.0,0.0,186.3,0.2117,1.863,JUMP,LONGSHOT
202408070911,ベテルギウスS｜2024年12月28日 | 競馬データベース - netkeiba,サンライズアリオン,11.8,0.1217,1.436,13,0,-1.0,0.43599999999999994,-1.0,0.0,143.6,0.1217,1.436,OTHER,LONGSHOT
202409010103,3歳未勝利｜2024年2月24日 | 競馬データベース - netkeiba,イエローサファイア,60.1,0.0387,2.326,7,0,-1.0,1.326,-1.0,0.0,232.6,0.0387,2.326,MAIDEN,DEEP_LONGSHOT
202409010104,3歳未勝利｜2024年2月24日 | 競馬データベース - netkeiba,メイショウヤスマサ,26.8,0.0491,1.316,7,0,-1.0,0.31600000000000006,-1.0,0.0,131.6,0.0491,1.316,MAIDEN,DEEP_LONGSHOT
202409010105,3歳未勝利｜2024年2月24日 | 競馬データベース - netkeiba,ヘザルフェン,8.2,0.2397,1.966,5,0,-1.0,0.966,-1.0,0.0,196.6,0.2397,1.966,MAIDEN,LONGSHOT
202409010110,伊丹ステークス｜2024年2月24日 | 競馬データベース - netkeiba,イーサンバーニング,12.3,0.1372,1.688,9,0,-1.0,0.688,-1.0,0.0,168.79999999999998,0.1372,1.688,OPEN,LONGSHOT
202409010111,仁川ステークス｜2024年2月24日 | 競馬データベース - netkeiba,バハルダール,7.8,0.1784,1.392,16,0,-1.0,0.3919999999999999,-1.0,0.0,139.2,0.1784,1.392,OPEN,BALANCED
202409010112,4歳以上2勝クラス｜2024年2月24日 | 競馬データベース - netkeiba,ショウナンマッハ,10.1,0.1303,1.316,8,0,-1.0,0.31600000000000006,-1.0,0.0,131.6,0.1303,1.316,CLASS_2W,LONGSHOT
202409010203,3歳未勝利｜2024年2月25日 | 競馬データベース - netkeiba,レオボヌール,34.0,0.0447,1.52,6,0,-1.0,0.52,-1.0,0.0,152.0,0.0447,1.52,MAIDEN,DEEP_LONGSHOT
202409010205,3歳1勝クラス｜2024年2月25日 | 競馬データベース - netkeiba,ネグレスコ,11.8,0.1379,1.627,1,1,10.8,0.627,10.8,1180.0,162.7,0.8621,-10.173,CLASS_1W,LONGSHOT
202409010206,4歳以上1勝クラス｜2024年2月25日 | 競馬データベース - netkeiba,アナザーエース,32.6,0.0406,1.324,2,0,-1.0,0.32400000000000007,-1.0,0.0,132.4,0.0406,1.324,CLASS_1W,DEEP_LONGSHOT
202409010209,松籟ステークス｜2024年2月25日 | 競馬データベース - netkeiba,ホウオウエクレール,8.0,0.1968,1.574,6,0,-1.0,0.5740000000000001,-1.0,0.0,157.4,0.1968,1.574,OPEN,BALANCED
202409010210,マーガレットS｜2024年2月25日 | 競馬データベース - netkeiba,ビッグドリーム,4.2,0.3152,1.324,8,0,-1.0,0.32400000000000007,-1.0,0.0,132.4,0.3152,1.324,OTHER,BALANCED
202409010301,3歳未勝利｜2024年3月2日 | 競馬データベース - netkeiba,ハイウェイスター,4.9,0.2885,1.414,6,0,-1.0,0.4139999999999999,-1.0,0.0,141.4,0.2885,1.414,MAIDEN,BALANCED
202409010303,3歳未勝利｜2024年3月2日 | 競馬データベース - netkeiba,ミレフォス,13.3,0.1001,1.331,8,0,-1.0,0.33099999999999996,-1.0,0.0,133.1,0.1001,1.331,MAIDEN,LONGSHOT
202409010304,3歳未勝利｜2024年3月2日 | 競馬データベース - netkeiba,グランスカーレット,25.4,0.0567,1.44,18,0,-1.0,0.43999999999999995,-1.0,0.0,144.0,0.0567,1.44,MAIDEN,DEEP_LONGSHOT
202409010305,3歳未勝利｜2024年3月2日 | 競馬データベース - netkeiba,アルマーザアミール,34.1,0.0686,2.339,12,0,-1.0,1.339,-1.0,0.0,233.9,0.0686,2.339,MAIDEN,DEEP_LONGSHOT
202409010306,3歳1勝クラス｜2024年3月2日 | 競馬データベース - netkeiba,ポルポラジール,27.1,0.0552,1.496,2,0,-1.0,0.496,-1.0,0.0,149.6,0.0552,1.496,CLASS_1W,DEEP_LONGSHOT
202409010307,4歳以上1勝クラス｜2024年3月2日 | 競馬データベース - netkeiba,アズマサクラエモン,175.9,0.0074,1.302,8,0,-1.0,0.30200000000000005,-1.0,0.0,130.20000000000002,0.0074,1.302,CLASS_1W,DEEP_LONGSHOT
202409010310,なにわステークス｜2024年3月2日 | 競馬データベース - netkeiba,コパノパサディナ,6.9,0.2474,1.707,1,1,5.9,0.7070000000000001,5.9,690.0,170.70000000000002,0.7525999999999999,-5.1930000000000005,OPEN,BALANCED
202409010312,4歳以上2勝クラス｜2024年3月2日 | 競馬データベース - netkeiba,コナブラック,14.1,0.1272,1.794,3,0,-1.0,0.794,-1.0,0.0,179.4,0.1272,1.794,CLASS_2W,LONGSHOT
202409010401,3歳未勝利｜2024年3月3日 | 競馬データベース - netkeiba,コンスピリート,12.3,0.1257,1.546,11,0,-1.0,0.546,-1.0,0.0,154.6,0.1257,1.546,MAIDEN,LONGSHOT
202409010403,3歳未勝利｜2024年3月3日 | 競馬データベース - netkeiba,リリーエクスプレス,10.6,0.2028,2.15,6,0,-1.0,1.15,-1.0,0.0,215.0,0.2028,2.15,MAIDEN,LONGSHOT
202409010404,3歳未勝利｜2024年3月3日 | 競馬データベース - netkeiba,バラン,94.8,0.015,1.422,6,0,-1.0,0.42199999999999993,-1.0,0.0,142.2,0.015,1.422,MAIDEN,DEEP_LONGSHOT
202409010405,3歳1勝クラス｜2024年3月3日 | 競馬データベース - netkeiba,パドマ,5.7,0.2373,1.353,4,0,-1.0,0.353,-1.0,0.0,135.3,0.2373,1.353,CLASS_1W,BALANCED
202409010406,4歳以上1勝クラス｜2024年3月3日 | 競馬データベース - netkeiba,フィッシュポンド,48.0,0.0332,1.594,6,0,-1.0,0.5940000000000001,-1.0,0.0,159.4,0.0332,1.594,CLASS_1W,DEEP_LONGSHOT
202409010407,4歳以上1勝クラス｜2024年3月3日 | 競馬データベース - netkeiba,マケルナマサムネ,25.9,0.1346,3.486,4,0,-1.0,2.486,-1.0,0.0,348.6,0.1346,3.486,CLASS_1W,DEEP_LONGSHOT
202409010408,アルメリア賞｜2024年3月3日 | 競馬データベース - netkeiba,コパノアントニオ,126.3,0.0148,1.869,6,0,-1.0,0.869,-1.0,0.0,186.9,0.0148,1.869,SPECIAL,DEEP_LONGSHOT
202409010503,3歳未勝利｜2024年3月9日 | 競馬データベース - netkeiba,アクロポリス,13.6,0.1479,2.011,8,0,-1.0,1.0110000000000001,-1.0,0.0,201.10000000000002,0.1479,2.011,MAIDEN,LONGSHOT
202409010507,4歳以上1勝クラス｜2024年3月9日 | 競馬データベース - netkeiba,グラングスト,11.7,0.1986,2.324,9,0,-1.0,1.3239999999999998,-1.0,0.0,232.39999999999998,0.1986,2.324,CLASS_1W,LONGSHOT
202409010508,阪神スプリングJ｜2024年3月9日 | 競馬データベース - netkeiba,マッスルビーチ,33.7,0.0639,2.153,7,0,-1.0,1.153,-1.0,0.0,215.3,0.0639,2.153,OTHER,DEEP_LONGSHOT
202409010509,ゆきやなぎ賞｜2024年3月9日 | 競馬データベース - netkeiba,ウールデュボヌール,14.2,0.1271,1.805,6,0,-1.0,0.8049999999999999,-1.0,0.0,180.5,0.1271,1.805,SPECIAL,LONGSHOT
202409010510,難波ステークス｜2024年3月9日 | 競馬データベース - netkeiba,ポッドボレット,12.6,0.1299,1.637,9,0,-1.0,0.637,-1.0,0.0,163.7,0.1299,1.637,OPEN,LONGSHOT
202409010511,コーラルステークス｜2024年3月9日 | 競馬データベース - netkeiba,メタマックス,9.5,0.1872,1.778,11,0,-1.0,0.778,-1.0,0.0,177.8,0.1872,1.778,OPEN,LONGSHOT
202409010512,4歳以上2勝クラス｜2024年3月9日 | 競馬データベース - netkeiba,カレンマックナイト,18.6,0.0766,1.425,13,0,-1.0,0.42500000000000004,-1.0,0.0,142.5,0.0766,1.425,CLASS_2W,LONGSHOT
202409010604,3歳未勝利｜2024年3月10日 | 競馬データベース - netkeiba,ソルアマゾン,15.8,0.1149,1.815,9,0,-1.0,0.815,-1.0,0.0,181.5,0.1149,1.815,MAIDEN,LONGSHOT
202409010606,3歳1勝クラス｜2024年3月10日 | 競馬データベース - netkeiba,ロードフォアエース,5.1,0.2606,1.329,1,1,4.1,0.32899999999999996,4.1,509.99999999999994,132.9,0.7394000000000001,-3.771,CLASS_1W,BALANCED
202409010607,4歳以上1勝クラス｜2024年3月10日 | 競馬データベース - netkeiba,ダイシンビヨンド,8.9,0.1576,1.403,3,0,-1.0,0.403,-1.0,0.0,140.3,0.1576,1.403,CLASS_1W,LONGSHOT
202409010611,フィリーズレビュー｜2024年3月10日 | 競馬データベース - netkeiba,カルチャーデイ,15.0,0.1129,1.694,7,0,-1.0,0.694,-1.0,0.0,169.4,0.1129,1.694,OTHER,LONGSHOT
202409010701,3歳未勝利｜2024年3月16日 | 競馬データベース - netkeiba,ニホンピロケイ,29.8,0.0458,1.365,6,0,-1.0,0.365,-1.0,0.0,136.5,0.0458,1.365,MAIDEN,DEEP_LONGSHOT
202409010702,3歳未勝利｜2024年3月16日 | 競馬データベース - netkeiba,アラタマフェーヴル,9.5,0.1397,1.327,5,0,-1.0,0.32699999999999996,-1.0,0.0,132.7,0.1397,1.327,MAIDEN,LONGSHOT
202409010704,3歳未勝利｜2024年3月16日 | 競馬データベース - netkeiba,ロサンゼルス,26.3,0.0925,2.433,9,0,-1.0,1.4329999999999998,-1.0,0.0,243.29999999999998,0.0925,2.433,MAIDEN,DEEP_LONGSHOT
202409010708,4歳以上2勝クラス｜2024年3月16日 | 競馬データベース - netkeiba,テレパシー,15.7,0.0903,1.418,9,0,-1.0,0.4179999999999999,-1.0,0.0,141.79999999999998,0.0903,1.418,CLASS_2W,LONGSHOT
202409010710,淀屋橋ステークス｜2024年3月16日 | 競馬データベース - netkeiba,ウォータールグラン,6.0,0.2551,1.531,4,0,-1.0,0.5309999999999999,-1.0,0.0,153.1,0.2551,1.531,OPEN,BALANCED
202409010711,若葉ステークス｜2024年3月16日 | 競馬データベース - netkeiba,ミラキュラスドラマ,19.8,0.0695,1.376,6,0,-1.0,0.3759999999999999,-1.0,0.0,137.6,0.0695,1.376,OPEN,LONGSHOT
202409010801,3歳未勝利｜2024年3月17日 | 競馬データベース - netkeiba,ミルフルール,20.6,0.0783,1.613,5,0,-1.0,0.613,-1.0,0.0,161.3,0.0783,1.613,MAIDEN,DEEP_LONGSHOT
202409010802,3歳未勝利｜2024年3月17日 | 競馬データベース - netkeiba,クリノキングマン,28.6,0.0549,1.57,3,0,-1.0,0.5700000000000001,-1.0,0.0,157.0,0.0549,1.57,MAIDEN,DEEP_LONGSHOT
202409010803,3歳未勝利｜2024年3月17日 | 競馬データベース - netkeiba,ホームアンドドライ,11.9,0.1511,1.798,10,0,-1.0,0.798,-1.0,0.0,179.8,0.1511,1.798,MAIDEN,LONGSHOT
202409010804,障害4歳以上未勝利｜2024年3月17日 | 競馬データベース - netkeiba,ゴールドブリーズ,6.6,0.2553,1.685,3,0,-1.0,0.685,-1.0,0.0,168.5,0.2553,1.685,JUMP,BALANCED
202409010805,3歳未勝利｜2024年3月17日 | 競馬データベース - netkeiba,テーオーエジソン,39.8,0.0405,1.612,8,0,-1.0,0.6120000000000001,-1.0,0.0,161.20000000000002,0.0405,1.612,MAIDEN,DEEP_LONGSHOT
202409010807,4歳以上1勝クラス｜2024年3月17日 | 競馬データベース - netkeiba,ブライトサイン,25.8,0.0509,1.313,5,0,-1.0,0.31299999999999994,-1.0,0.0,131.29999999999998,0.0509,1.313,CLASS_1W,DEEP_LONGSHOT
202409010808,4歳以上1勝クラス｜2024年3月17日 | 競馬データベース - netkeiba,エリカグロリア,48.3,0.0583,2.816,7,0,-1.0,1.8159999999999998,-1.0,0.0,281.59999999999997,0.0583,2.816,CLASS_1W,DEEP_LONGSHOT
202409010809,山陽特別｜2024年3月17日 | 競馬データベース - netkeiba,ガリレイ,20.3,0.1146,2.326,6,0,-1.0,1.326,-1.0,0.0,232.6,0.1146,2.326,SPECIAL,DEEP_LONGSHOT
202409010812,4歳以上2勝クラス｜2024年3月17日 | 競馬データベース - netkeiba,アウグスト,14.4,0.1169,1.683,5,0,-1.0,0.683,-1.0,0.0,168.3,0.1169,1.683,CLASS_2W,LONGSHOT
202409020102,3歳未勝利｜2024年3月23日 | 競馬データベース - netkeiba,ウインメラナイト,14.0,0.1113,1.558,4,0,-1.0,0.558,-1.0,0.0,155.8,0.1113,1.558,MAIDEN,LONGSHOT
202409020103,3歳未勝利｜2024年3月23日 | 競馬データベース - netkeiba,スターチスブーケ,28.6,0.0844,2.414,10,0,-1.0,1.4140000000000001,-1.0,0.0,241.4,0.0844,2.414,MAIDEN,DEEP_LONGSHOT
202409020104,障害4歳以上未勝利｜2024年3月23日 | 競馬データベース - netkeiba,タマモエース,14.0,0.1672,2.341,4,0,-1.0,1.3410000000000002,-1.0,0.0,234.10000000000002,0.1672,2.341,JUMP,LONGSHOT
202409020105,3歳未勝利｜2024年3月23日 | 競馬データベース - netkeiba,オメガナビゲーター,14.0,0.1149,1.609,6,0,-1.0,0.609,-1.0,0.0,160.9,0.1149,1.609,MAIDEN,LONGSHOT
202409020106,3歳未勝利｜2024年3月23日 | 競馬データベース - netkeiba,メイショウマツリ,75.0,0.0204,1.53,10,0,-1.0,0.53,-1.0,0.0,153.0,0.0204,1.53,MAIDEN,DEEP_LONGSHOT
202409020110,丹波特別｜2024年3月23日 | 競馬データベース - netkeiba,サイモンメガライズ,132.5,0.0126,1.67,6,0,-1.0,0.6699999999999999,-1.0,0.0,167.0,0.0126,1.67,SPECIAL,DEEP_LONGSHOT
202409020111,毎日杯｜2024年3月23日 | 競馬データベース - netkeiba,サトノシュトラーセ,7.7,0.1708,1.315,6,0,-1.0,0.31499999999999995,-1.0,0.0,131.5,0.1708,1.315,OPEN,BALANCED
202409020201,3歳未勝利｜2024年3月24日 | 競馬データベース - netkeiba,カプシーヌ,38.4,0.0583,2.239,14,0,-1.0,1.2389999999999999,-1.0,0.0,223.89999999999998,0.0583,2.239,MAIDEN,DEEP_LONGSHOT
202409020206,3歳1勝クラス｜2024年3月24日 | 競馬データベース - netkeiba,フォーディアライフ,9.1,0.2059,1.874,10,0,-1.0,0.8740000000000001,-1.0,0.0,187.4,0.2059,1.874,CLASS_1W,LONGSHOT
202409020210,御堂筋ステークス｜2024年3月24日 | 競馬データベース - netkeiba,ヴァーンフリート,18.4,0.0856,1.575,7,0,-1.0,0.575,-1.0,0.0,157.5,0.0856,1.575,OPEN,LONGSHOT
202409020211,六甲ステークス｜2024年3月24日 | 競馬データベース - netkeiba,オニャンコポン,6.5,0.2298,1.494,9,0,-1.0,0.494,-1.0,0.0,149.4,0.2298,1.494,OPEN,BALANCED
202409020212,4歳以上2勝クラス｜2024年3月24日 | 競馬データベース - netkeiba,コパノオースティン,26.5,0.069,1.829,4,0,-1.0,0.829,-1.0,0.0,182.9,0.069,1.829,CLASS_2W,DEEP_LONGSHOT
202409020301,3歳未勝利｜2024年3月30日 | 競馬データベース - netkeiba,クリティカルヒット,25.7,0.1011,2.598,5,0,-1.0,1.5979999999999999,-1.0,0.0,259.8,0.1011,2.598,MAIDEN,DEEP_LONGSHOT
202409020304,3歳未勝利｜2024年3月30日 | 競馬データベース - netkeiba,スナークサファイア,42.0,0.0459,1.928,7,0,-1.0,0.9279999999999999,-1.0,0.0,192.79999999999998,0.0459,1.928,MAIDEN,DEEP_LONGSHOT
202409020305,3歳1勝クラス｜2024年3月30日 | 競馬データベース - netkeiba,ポルポラジール,4.5,0.306,1.377,2,0,-1.0,0.377,-1.0,0.0,137.7,0.306,1.377,CLASS_1W,BALANCED
202409020308,三木ホースランドJS｜2024年3月30日 | 競馬データベース - netkeiba,ニューツーリズム,17.8,0.0751,1.337,5,0,-1.0,0.33699999999999997,-1.0,0.0,133.7,0.0751,1.337,OTHER,LONGSHOT
202409020309,アザレア賞｜2024年3月30日 | 競馬データベース - netkeiba,スノーブリザード,62.9,0.0267,1.679,4,0,-1.0,0.679,-1.0,0.0,167.9,0.0267,1.679,SPECIAL,DEEP_LONGSHOT
202409020311,ポラリスステークス｜2024年3月30日 | 競馬データベース - netkeiba,サクセスローレル,16.2,0.1034,1.675,10,0,-1.0,0.675,-1.0,0.0,167.5,0.1034,1.675,OPEN,LONGSHOT
202409020312,4歳以上2勝クラス｜2024年3月30日 | 競馬データベース - netkeiba,タイキドミニオン,14.4,0.0967,1.392,14,0,-1.0,0.3919999999999999,-1.0,0.0,139.2,0.0967,1.392,CLASS_2W,LONGSHOT
202409020402,3歳未勝利｜2024年3月31日 | 競馬データベース - netkeiba,ゼンノツキヨミ,26.8,0.0638,1.71,9,0,-1.0,0.71,-1.0,0.0,171.0,0.0638,1.71,MAIDEN,DEEP_LONGSHOT
202409020404,3歳未勝利｜2024年3月31日 | 競馬データベース - netkeiba,マテンロウマルス,40.7,0.0523,2.129,8,0,-1.0,1.129,-1.0,0.0,212.9,0.0523,2.129,MAIDEN,DEEP_LONGSHOT
202409020406,4歳以上1勝クラス｜2024年3月31日 | 競馬データベース - netkeiba,ヒロシクン,78.7,0.0176,1.385,9,0,-1.0,0.385,-1.0,0.0,138.5,0.0176,1.385,CLASS_1W,DEEP_LONGSHOT
202409020407,4歳以上2勝クラス｜2024年3月31日 | 競馬データベース - netkeiba,ベンダバリラビア,10.8,0.1253,1.353,7,0,-1.0,0.353,-1.0,0.0,135.3,0.1253,1.353,CLASS_2W,LONGSHOT
202409020409,バイオレットS｜2024年3月31日 | 競馬データベース - netkeiba,ニホンピロカラット,17.1,0.083,1.419,4,0,-1.0,0.41900000000000004,-1.0,0.0,141.9,0.083,1.419,OTHER,LONGSHOT
202409020410,キタサンブラックC｜2024年3月31日 | 競馬データベース - netkeiba,ジャスティンエース,17.5,0.0857,1.5,14,0,-1.0,0.5,-1.0,0.0,150.0,0.0857,1.5,OTHER,LONGSHOT
202409020411,大阪杯｜2024年3月31日 | 競馬データベース - netkeiba,タスティエーラ,4.4,0.304,1.338,11,0,-1.0,0.3380000000000001,-1.0,0.0,133.8,0.304,1.338,OPEN,BALANCED
202409020412,陽春ステークス｜2024年3月31日 | 競馬データベース - netkeiba,ジュンウィンダム,4.3,0.3283,1.412,3,0,-1.0,0.4119999999999999,-1.0,0.0,141.2,0.3283,1.412,OPEN,BALANCED
202409020501,3歳未勝利｜2024年4月6日 | 競馬データベース - netkeiba,マベルシュシュット,16.0,0.1118,1.789,5,0,-1.0,0.7889999999999999,-1.0,0.0,178.9,0.1118,1.789,MAIDEN,LONGSHOT
202409020502,3歳未勝利｜2024年4月6日 | 競馬データベース - netkeiba,テーオーロビンソン,52.8,0.0273,1.441,16,0,-1.0,0.44100000000000006,-1.0,0.0,144.1,0.0273,1.441,MAIDEN,DEEP_LONGSHOT
202409020503,3歳未勝利｜2024年4月6日 | 競馬データベース - netkeiba,レイドデザート,34.8,0.0688,2.394,2,0,-1.0,1.3940000000000001,-1.0,0.0,239.4,0.0688,2.394,MAIDEN,DEEP_LONGSHOT
202409020504,3歳未勝利｜2024年4月6日 | 競馬データベース - netkeiba,ヘザルフェン,7.7,0.3137,2.415,3,0,-1.0,1.415,-1.0,0.0,241.5,0.3137,2.415,MAIDEN,BALANCED
202409020505,3歳1勝クラス｜2024年4月6日 | 競馬データベース - netkeiba,リューデスハイム,5.8,0.2438,1.414,2,0,-1.0,0.4139999999999999,-1.0,0.0,141.4,0.2438,1.414,CLASS_1W,BALANCED
202409020506,3歳1勝クラス｜2024年4月6日 | 競馬データベース - netkeiba,ビップジーニー,97.0,0.0197,1.911,6,0,-1.0,0.911,-1.0,0.0,191.1,0.0197,1.911,CLASS_1W,DEEP_LONGSHOT
202409020507,4歳以上1勝クラス｜2024年4月6日 | 競馬データベース - netkeiba,グレイスオブゴッド,29.9,0.0459,1.372,7,0,-1.0,0.3720000000000001,-1.0,0.0,137.20000000000002,0.0459,1.372,CLASS_1W,DEEP_LONGSHOT
202409020509,白鷺特別｜2024年4月6日 | 競馬データベース - netkeiba,レヴォルタード,24.0,0.0601,1.442,3,0,-1.0,0.44199999999999995,-1.0,0.0,144.2,0.0601,1.442,SPECIAL,DEEP_LONGSHOT
202409020511,サンスポ杯阪神牝馬S｜2024年4月6日 | 競馬データベース - netkeiba,モリアーナ,9.0,0.1741,1.567,3,0,-1.0,0.567,-1.0,0.0,156.7,0.1741,1.567,OPEN,LONGSHOT
202409020601,3歳未勝利｜2024年4月7日 | 競馬データベース - netkeiba,ココシャンパーニュ,20.1,0.0782,1.572,5,0,-1.0,0.5720000000000001,-1.0,0.0,157.20000000000002,0.0782,1.572,MAIDEN,DEEP_LONGSHOT
202409020602,3歳未勝利｜2024年4月7日 | 競馬データベース - netkeiba,アスクデビューモア,32.4,0.0449,1.455,6,0,-1.0,0.45500000000000007,-1.0,0.0,145.5,0.0449,1.455,MAIDEN,DEEP_LONGSHOT
202409020603,3歳未勝利｜2024年4月7日 | 競馬データベース - netkeiba,リリーエクスプレス,6.4,0.276,1.766,1,1,5.4,0.766,5.4,640.0,176.6,0.724,-4.634,MAIDEN,BALANCED
202409020606,4歳以上1勝クラス｜2024年4月7日 | 競馬データベース - netkeiba,アナザーエース,35.1,0.0563,1.976,8,0,-1.0,0.976,-1.0,0.0,197.6,0.0563,1.976,CLASS_1W,DEEP_LONGSHOT
202409020609,忘れな草賞｜2024年4月7日 | 競馬データベース - netkeiba,ヒヒーン,17.3,0.1083,1.874,3,0,-1.0,0.8740000000000001,-1.0,0.0,187.4,0.1083,1.874,SPECIAL,LONGSHOT
202409020610,ダイワスカーレットC｜2024年4月7日 | 競馬データベース - netkeiba,モズロックンロール,10.7,0.1312,1.404,13,0,-1.0,0.4039999999999999,-1.0,0.0,140.39999999999998,0.1312,1.404,OTHER,LONGSHOT
202409020704,3歳未勝利｜2024年4月13日 | 競馬データベース - netkeiba,フリーダムレイン,11.7,0.1212,1.418,5,0,-1.0,0.4179999999999999,-1.0,0.0,141.79999999999998,0.1212,1.418,MAIDEN,LONGSHOT
202409020705,3歳未勝利｜2024年4月13日 | 競馬データベース - netkeiba,エコテーラー,4.0,0.3289,1.316,3,0,-1.0,0.31600000000000006,-1.0,0.0,131.6,0.3289,1.316,MAIDEN,FAVORITE_TO_BALANCED
202409020708,4歳以上1勝クラス｜2024年4月13日 | 競馬データベース - netkeiba,ダノンヒューマ,13.2,0.1058,1.397,1,1,12.2,0.397,12.2,1320.0,139.7,0.8942,-11.802999999999999,CLASS_1W,LONGSHOT
202409020710,天満橋ステークス｜2024年4月13日 | 競馬データベース - netkeiba,イチネンエーグミ,11.9,0.1368,1.628,6,0,-1.0,0.6279999999999999,-1.0,0.0,162.79999999999998,0.1368,1.628,OPEN,LONGSHOT
202409020803,3歳未勝利｜2024年4月14日 | 競馬データベース - netkeiba,メイショウフウドウ,8.4,0.1855,1.558,7,0,-1.0,0.558,-1.0,0.0,155.8,0.1855,1.558,MAIDEN,LONGSHOT
202409020806,3歳1勝クラス｜2024年4月14日 | 競馬データベース - netkeiba,クリノスピネル,137.9,0.0096,1.324,6,0,-1.0,0.32400000000000007,-1.0,0.0,132.4,0.0096,1.324,CLASS_1W,DEEP_LONGSHOT
202409020809,三木特別｜2024年4月14日 | 競馬データベース - netkeiba,タガノシャーンス,5.5,0.3047,1.676,2,0,-1.0,0.6759999999999999,-1.0,0.0,167.6,0.3047,1.676,SPECIAL,BALANCED
202409020810,立雲峡ステークス｜2024年4月14日 | 競馬データベース - netkeiba,ヴィアルークス,11.1,0.1173,1.302,8,0,-1.0,0.30200000000000005,-1.0,0.0,130.20000000000002,0.1173,1.302,OPEN,LONGSHOT
202410010101,3歳未勝利｜2024年1月13日 | 競馬データベース - netkeiba,ビーコング,7.9,0.1699,1.342,3,0,-1.0,0.3420000000000001,-1.0,0.0,134.20000000000002,0.1699,1.342,MAIDEN,BALANCED
202410010102,3歳未勝利｜2024年1月13日 | 競馬データベース - netkeiba,レディアマゾネス,28.2,0.0552,1.557,4,0,-1.0,0.5569999999999999,-1.0,0.0,155.7,0.0552,1.557,MAIDEN,DEEP_LONGSHOT
202410010103,3歳未勝利｜2024年1月13日 | 競馬データベース - netkeiba,ラインアルファ,15.9,0.085,1.352,4,0,-1.0,0.3520000000000001,-1.0,0.0,135.20000000000002,0.085,1.352,MAIDEN,LONGSHOT
202410010104,障害4歳以上未勝利｜2024年1月13日 | 競馬データベース - netkeiba,ワイドレッジャドロ,11.3,0.1901,2.148,8,0,-1.0,1.1480000000000001,-1.0,0.0,214.8,0.1901,2.148,JUMP,LONGSHOT
202410010105,障害4歳以上未勝利｜2024年1月13日 | 競馬データベース - netkeiba,スマイルスルー,10.4,0.1639,1.705,2,0,-1.0,0.7050000000000001,-1.0,0.0,170.5,0.1639,1.705,JUMP,LONGSHOT
202410010109,響灘特別｜2024年1月13日 | 競馬データベース - netkeiba,ランスオブサターン,13.4,0.1126,1.509,8,0,-1.0,0.5089999999999999,-1.0,0.0,150.89999999999998,0.1126,1.509,SPECIAL,LONGSHOT
202410010111,愛知杯｜2024年1月13日 | 競馬データベース - netkeiba,ルージュスティリア,15.9,0.0875,1.391,8,0,-1.0,0.391,-1.0,0.0,139.1,0.0875,1.391,OPEN,LONGSHOT
202410010201,3歳未勝利｜2024年1月14日 | 競馬データベース - netkeiba,ハイウェイスター,4.2,0.3111,1.307,3,0,-1.0,0.30699999999999994,-1.0,0.0,130.7,0.3111,1.307,MAIDEN,BALANCED
202410010202,3歳未勝利｜2024年1月14日 | 競馬データベース - netkeiba,ロードトレイル,8.4,0.18,1.512,2,0,-1.0,0.512,-1.0,0.0,151.2,0.18,1.512,MAIDEN,LONGSHOT
202410010208,4歳以上1勝クラス｜2024年1月14日 | 競馬データベース - netkeiba,ニシノパプルブリリ,23.0,0.0618,1.421,4,0,-1.0,0.42100000000000004,-1.0,0.0,142.1,0.0618,1.421,CLASS_1W,DEEP_LONGSHOT
202410010209,玄海特別｜2024年1月14日 | 競馬データベース - netkeiba,ホウオウユニコーン,37.9,0.0447,1.694,8,0,-1.0,0.694,-1.0,0.0,169.4,0.0447,1.694,SPECIAL,DEEP_LONGSHOT
202410010212,4歳以上1勝クラス｜2024年1月14日 | 競馬データベース - netkeiba,ニシノコウダイ,8.2,0.171,1.402,1,1,7.2,0.4019999999999999,7.2,819.9999999999999,140.2,0.829,-6.798,CLASS_1W,LONGSHOT
202410010303,3歳未勝利｜2024年1月20日 | 競馬データベース - netkeiba,ラインアルファ,11.4,0.1646,1.876,4,0,-1.0,0.8759999999999999,-1.0,0.0,187.6,0.1646,1.876,MAIDEN,LONGSHOT
202410010304,障害4歳以上未勝利｜2024年1月20日 | 競馬データベース - netkeiba,ニシノフウジン,35.8,0.0663,2.374,3,0,-1.0,1.374,-1.0,0.0,237.4,0.0663,2.374,JUMP,DEEP_LONGSHOT
202410010305,障害4歳以上オープン｜2024年1月20日 | 競馬データベース - netkeiba,エンデュミオン,4.2,0.3513,1.475,3,0,-1.0,0.4750000000000001,-1.0,0.0,147.5,0.3513,1.475,JUMP,BALANCED
202410010307,4歳以上1勝クラス｜2024年1月20日 | 競馬データベース - netkeiba,トリオンファルマン,7.6,0.2046,1.555,11,0,-1.0,0.5549999999999999,-1.0,0.0,155.5,0.2046,1.555,CLASS_1W,BALANCED
202410010309,萌黄賞｜2024年1月20日 | 競馬データベース - netkeiba,グレースルージュ,13.8,0.1199,1.655,6,0,-1.0,0.655,-1.0,0.0,165.5,0.1199,1.655,SPECIAL,LONGSHOT
202410010401,3歳未勝利｜2024年1月21日 | 競馬データベース - netkeiba,ギルトエッジ,26.9,0.054,1.453,6,0,-1.0,0.45300000000000007,-1.0,0.0,145.3,0.054,1.453,MAIDEN,DEEP_LONGSHOT
202410010406,3歳未勝利｜2024年1月21日 | 競馬データベース - netkeiba,ジェロニモス,5.5,0.2375,1.306,4,0,-1.0,0.30600000000000005,-1.0,0.0,130.6,0.2375,1.306,MAIDEN,BALANCED
202410010409,八幡特別｜2024年1月21日 | 競馬データベース - netkeiba,ブルーグロット,14.1,0.107,1.509,12,0,-1.0,0.5089999999999999,-1.0,0.0,150.89999999999998,0.107,1.509,SPECIAL,LONGSHOT
202410010501,3歳未勝利｜2024年1月27日 | 競馬データベース - netkeiba,グランレザンドール,26.4,0.0606,1.6,9,0,-1.0,0.6000000000000001,-1.0,0.0,160.0,0.0606,1.6,MAIDEN,DEEP_LONGSHOT
202410010504,障害4歳以上未勝利｜2024年1月27日 | 競馬データベース - netkeiba,プラチナムレイアー,11.6,0.1167,1.354,10,0,-1.0,0.3540000000000001,-1.0,0.0,135.4,0.1167,1.354,JUMP,LONGSHOT
202410010505,3歳未勝利｜2024年1月27日 | 競馬データベース - netkeiba,ジョニール,10.4,0.156,1.622,13,0,-1.0,0.6220000000000001,-1.0,0.0,162.20000000000002,0.156,1.622,MAIDEN,LONGSHOT
202410010508,牛若丸ジャンプS｜2024年1月27日 | 競馬データベース - netkeiba,サイード,15.4,0.1048,1.614,2,0,-1.0,0.6140000000000001,-1.0,0.0,161.4,0.1048,1.614,OTHER,LONGSHOT
202410010509,足立山特別｜2024年1月27日 | 競馬データベース - netkeiba,グルーヴビート,15.8,0.0837,1.322,4,0,-1.0,0.32200000000000006,-1.0,0.0,132.20000000000002,0.0837,1.322,SPECIAL,LONGSHOT
202410010512,4歳以上1勝クラス｜2024年1月27日 | 競馬データベース - netkeiba,ゴルトリッチ,6.4,0.236,1.51,3,0,-1.0,0.51,-1.0,0.0,151.0,0.236,1.51,CLASS_1W,BALANCED
202410010604,障害4歳以上未勝利｜2024年1月28日 | 競馬データベース - netkeiba,シゲルヒラトリ,39.7,0.0405,1.608,5,0,-1.0,0.6080000000000001,-1.0,0.0,160.8,0.0405,1.608,JUMP,DEEP_LONGSHOT
202410010606,3歳未勝利｜2024年1月28日 | 競馬データベース - netkeiba,ヴェストラン,60.6,0.0231,1.4,11,0,-1.0,0.3999999999999999,-1.0,0.0,140.0,0.0231,1.4,MAIDEN,DEEP_LONGSHOT
202410010607,4歳以上1勝クラス｜2024年1月28日 | 競馬データベース - netkeiba,ヴィラーゴスリーブ,12.4,0.1326,1.644,9,0,-1.0,0.6439999999999999,-1.0,0.0,164.39999999999998,0.1326,1.644,CLASS_1W,LONGSHOT
202410010608,4歳以上1勝クラス｜2024年1月28日 | 競馬データベース - netkeiba,コナブラック,23.4,0.0643,1.505,1,1,22.4,0.5049999999999999,22.4,2340.0,150.5,0.9357,-21.895,CLASS_1W,DEEP_LONGSHOT
202410010611,巌流島ステークス｜2024年1月28日 | 競馬データベース - netkeiba,アドヴァイス,12.2,0.1342,1.637,9,0,-1.0,0.637,-1.0,0.0,163.7,0.1342,1.637,OPEN,LONGSHOT
202410010612,4歳以上1勝クラス｜2024年1月28日 | 競馬データベース - netkeiba,アルファヒディ,33.3,0.0424,1.412,13,0,-1.0,0.4119999999999999,-1.0,0.0,141.2,0.0424,1.412,CLASS_1W,DEEP_LONGSHOT
202410010703,3歳未勝利｜2024年2月3日 | 競馬データベース - netkeiba,オオゾラヒバリ,16.1,0.1022,1.645,5,0,-1.0,0.645,-1.0,0.0,164.5,0.1022,1.645,MAIDEN,LONGSHOT
202410010706,3歳未勝利｜2024年2月3日 | 競馬データベース - netkeiba,ハイディージェン,33.1,0.0545,1.804,2,0,-1.0,0.804,-1.0,0.0,180.4,0.0545,1.804,MAIDEN,DEEP_LONGSHOT
202410010709,かささぎ賞｜2024年2月3日 | 競馬データベース - netkeiba,クリノハレルヤ,7.4,0.1838,1.36,3,0,-1.0,0.3600000000000001,-1.0,0.0,136.0,0.1838,1.36,SPECIAL,BALANCED
202410010711,別府特別｜2024年2月3日 | 競馬データベース - netkeiba,ヴァモスロード,11.4,0.1671,1.905,1,1,10.4,0.905,10.4,1140.0,190.5,0.8329,-9.495000000000001,SPECIAL,LONGSHOT
202410010801,3歳未勝利｜2024年2月4日 | 競馬データベース - netkeiba,ハイウェイスター,6.8,0.2267,1.542,7,0,-1.0,0.542,-1.0,0.0,154.20000000000002,0.2267,1.542,MAIDEN,BALANCED
202410010803,4歳以上1勝クラス｜2024年2月4日 | 競馬データベース - netkeiba,コスモジョセフ,14.1,0.095,1.34,7,0,-1.0,0.3400000000000001,-1.0,0.0,134.0,0.095,1.34,CLASS_1W,LONGSHOT
202410010804,障害4歳以上未勝利｜2024年2月4日 | 競馬データベース - netkeiba,ビッグスコール,30.8,0.0598,1.842,12,0,-1.0,0.8420000000000001,-1.0,0.0,184.20000000000002,0.0598,1.842,JUMP,DEEP_LONGSHOT
202410010806,3歳未勝利｜2024年2月4日 | 競馬データベース - netkeiba,トラペジスト,4.9,0.2711,1.328,1,1,3.9,0.32800000000000007,3.9,490.00000000000006,132.8,0.7289,-3.572,MAIDEN,BALANCED
202410010807,3歳未勝利｜2024年2月4日 | 競馬データベース - netkeiba,サンウリエル,5.9,0.227,1.339,3,0,-1.0,0.33899999999999997,-1.0,0.0,133.9,0.227,1.339,MAIDEN,BALANCED
202410010809,合馬特別｜2024年2月4日 | 競馬データベース - netkeiba,スズカキング,16.4,0.1033,1.694,9,0,-1.0,0.694,-1.0,0.0,169.4,0.1033,1.694,SPECIAL,LONGSHOT
202410010810,由布院特別｜2024年2月4日 | 競馬データベース - netkeiba,テイエムシニスター,11.5,0.1582,1.819,5,0,-1.0,0.819,-1.0,0.0,181.9,0.1582,1.819,SPECIAL,LONGSHOT
202410010812,4歳以上1勝クラス｜2024年2月4日 | 競馬データベース - netkeiba,ディナトセレーネ,7.4,0.2048,1.516,8,0,-1.0,0.516,-1.0,0.0,151.6,0.2048,1.516,CLASS_1W,BALANCED
202410020101,3歳未勝利｜2024年2月10日 | 競馬データベース - netkeiba,フェイマスグラース,8.2,0.1596,1.309,10,0,-1.0,0.30899999999999994,-1.0,0.0,130.9,0.1596,1.309,MAIDEN,LONGSHOT
202410020102,3歳未勝利｜2024年2月10日 | 競馬データベース - netkeiba,アスクヒロイズガイ,9.4,0.1649,1.55,9,0,-1.0,0.55,-1.0,0.0,155.0,0.1649,1.55,MAIDEN,LONGSHOT
202410020103,3歳未勝利｜2024年2月10日 | 競馬データベース - netkeiba,サンプルメリア,10.9,0.1238,1.349,3,0,-1.0,0.349,-1.0,0.0,134.9,0.1238,1.349,MAIDEN,LONGSHOT
202410020104,障害4歳以上未勝利｜2024年2月10日 | 競馬データベース - netkeiba,ジロー,14.1,0.1057,1.49,7,0,-1.0,0.49,-1.0,0.0,149.0,0.1057,1.49,JUMP,LONGSHOT
202410020106,3歳未勝利｜2024年2月10日 | 競馬データベース - netkeiba,レトロタイプ,5.3,0.2679,1.42,5,0,-1.0,0.41999999999999993,-1.0,0.0,142.0,0.2679,1.42,MAIDEN,BALANCED
202410020111,紫川特別｜2024年2月10日 | 競馬データベース - netkeiba,ヴィンテージボンド,27.9,0.077,2.148,3,0,-1.0,1.1480000000000001,-1.0,0.0,214.8,0.077,2.148,SPECIAL,DEEP_LONGSHOT
202410020203,4歳以上1勝クラス｜2024年2月11日 | 競馬データベース - netkeiba,ディアドコス,12.3,0.1103,1.357,9,0,-1.0,0.357,-1.0,0.0,135.7,0.1103,1.357,CLASS_1W,LONGSHOT
202410020204,障害4歳以上未勝利｜2024年2月11日 | 競馬データベース - netkeiba,スズカワールド,12.8,0.1697,2.172,7,0,-1.0,1.1720000000000002,-1.0,0.0,217.20000000000002,0.1697,2.172,JUMP,LONGSHOT
202410020205,3歳未勝利｜2024年2月11日 | 競馬データベース - netkeiba,サンデーダイヤ,42.3,0.0326,1.379,8,0,-1.0,0.379,-1.0,0.0,137.9,0.0326,1.379,MAIDEN,DEEP_LONGSHOT
202410020206,3歳未勝利｜2024年2月11日 | 競馬データベース - netkeiba,マイネルズコット,18.6,0.0801,1.49,14,0,-1.0,0.49,-1.0,0.0,149.0,0.0801,1.49,MAIDEN,LONGSHOT
202410020208,4歳以上1勝クラス｜2024年2月11日 | 競馬データベース - netkeiba,インテンソ,18.7,0.0947,1.771,7,0,-1.0,0.7709999999999999,-1.0,0.0,177.1,0.0947,1.771,CLASS_1W,LONGSHOT
202410020209,あすなろ賞｜2024年2月11日 | 競馬データベース - netkeiba,マイネルレグルス,14.4,0.1005,1.447,10,0,-1.0,0.44700000000000006,-1.0,0.0,144.70000000000002,0.1005,1.447,SPECIAL,LONGSHOT
202410020301,3歳未勝利｜2024年2月17日 | 競馬データベース - netkeiba,ミランカ,19.4,0.0748,1.451,5,0,-1.0,0.45100000000000007,-1.0,0.0,145.1,0.0748,1.451,MAIDEN,LONGSHOT
202410020304,障害4歳以上オープン｜2024年2月17日 | 競馬データベース - netkeiba,スワヤンブナート,3.5,0.3857,1.35,2,0,-1.0,0.3500000000000001,-1.0,0.0,135.0,0.3857,1.35,JUMP,FAVORITE_TO_BALANCED
202410020305,障害4歳以上未勝利｜2024年2月17日 | 競馬データベース - netkeiba,エナジーポコアポコ,38.1,0.0412,1.57,4,0,-1.0,0.5700000000000001,-1.0,0.0,157.0,0.0412,1.57,JUMP,DEEP_LONGSHOT
202410020310,皿倉山特別｜2024年2月17日 | 競馬データベース - netkeiba,サトノクローク,6.3,0.2249,1.417,1,1,5.3,0.41700000000000004,5.3,630.0,141.70000000000002,0.7751,-4.883,SPECIAL,BALANCED
202410020311,小倉城ステークス｜2024年2月17日 | 競馬データベース - netkeiba,コパノニコルソン,7.5,0.1975,1.481,9,0,-1.0,0.4810000000000001,-1.0,0.0,148.10000000000002,0.1975,1.481,OPEN,BALANCED
202410020312,4歳以上1勝クラス｜2024年2月17日 | 競馬データベース - netkeiba,ゴルトリッチ,4.6,0.3085,1.419,4,0,-1.0,0.41900000000000004,-1.0,0.0,141.9,0.3085,1.419,CLASS_1W,BALANCED
202410020405,3歳未勝利｜2024年2月18日 | 競馬データベース - netkeiba,メイショウマドロス,25.7,0.0515,1.324,5,0,-1.0,0.32400000000000007,-1.0,0.0,132.4,0.0515,1.324,MAIDEN,DEEP_LONGSHOT
202410020406,4歳以上1勝クラス｜2024年2月18日 | 競馬データベース - netkeiba,リオンエトワール,19.3,0.1056,2.038,10,0,-1.0,1.0379999999999998,-1.0,0.0,203.79999999999998,0.1056,2.038,CLASS_1W,LONGSHOT
202410020412,4歳以上1勝クラス｜2024年2月18日 | 競馬データベース - netkeiba,ヴァルトラウテ,5.7,0.2571,1.465,11,0,-1.0,0.4650000000000001,-1.0,0.0,146.5,0.2571,1.465,CLASS_1W,BALANCED
202410020501,3歳未勝利｜2024年2月24日 | 競馬データベース - netkeiba,カリフォルニア,34.1,0.0491,1.674,2,0,-1.0,0.6739999999999999,-1.0,0.0,167.4,0.0491,1.674,MAIDEN,DEEP_LONGSHOT
202410020502,3歳未勝利｜2024年2月24日 | 競馬データベース - netkeiba,ホーギー,16.5,0.0831,1.371,8,0,-1.0,0.371,-1.0,0.0,137.1,0.0831,1.371,MAIDEN,LONGSHOT
202410020504,障害4歳以上未勝利｜2024年2月24日 | 競馬データベース - netkeiba,シゲルヒラトリ,18.2,0.0987,1.796,3,0,-1.0,0.796,-1.0,0.0,179.6,0.0987,1.796,JUMP,LONGSHOT
202410020506,4歳以上1勝クラス｜2024年2月24日 | 競馬データベース - netkeiba,スズカキング,30.1,0.0455,1.37,5,0,-1.0,0.3700000000000001,-1.0,0.0,137.0,0.0455,1.37,CLASS_1W,DEEP_LONGSHOT
202410020508,春麗ジャンプS｜2024年2月24日 | 競馬データベース - netkeiba,タイキフロリゼル,74.8,0.0202,1.511,4,0,-1.0,0.5109999999999999,-1.0,0.0,151.1,0.0202,1.511,OTHER,DEEP_LONGSHOT
202410020510,筑後川特別｜2024年2月24日 | 競馬データベース - netkeiba,メイショウコボケ,11.9,0.168,1.999,8,0,-1.0,0.9990000000000001,-1.0,0.0,199.9,0.168,1.999,SPECIAL,LONGSHOT
202410020601,3歳未勝利｜2024年2月25日 | 競馬データベース - netkeiba,パッカパッカブー,5.8,0.2489,1.444,4,0,-1.0,0.44399999999999995,-1.0,0.0,144.4,0.2489,1.444,MAIDEN,BALANCED
202410020603,4歳以上1勝クラス｜2024年2月25日 | 競馬データベース - netkeiba,ニルアドミラリ,15.3,0.0873,1.336,2,0,-1.0,0.3360000000000001,-1.0,0.0,133.6,0.0873,1.336,CLASS_1W,LONGSHOT
202410020604,障害4歳以上未勝利｜2024年2月25日 | 競馬データベース - netkeiba,キールロワイヤル,6.6,0.2272,1.5,9,0,-1.0,0.5,-1.0,0.0,150.0,0.2272,1.5,JUMP,BALANCED
202410020607,4歳以上1勝クラス｜2024年2月25日 | 競馬データベース - netkeiba,マケルナマサムネ,8.3,0.162,1.345,4,0,-1.0,0.345,-1.0,0.0,134.5,0.162,1.345,CLASS_1W,LONGSHOT
202410020609,ネモフィラ賞｜2024年2月25日 | 競馬データベース - netkeiba,バスタードサフラン,9.6,0.1654,1.588,9,0,-1.0,0.5880000000000001,-1.0,0.0,158.8,0.1654,1.588,SPECIAL,LONGSHOT
202410020610,国東特別｜2024年2月25日 | 競馬データベース - netkeiba,シャドウソニック,11.9,0.1348,1.604,1,1,10.9,0.6040000000000001,10.9,1190.0,160.4,0.8652,-10.296,SPECIAL,LONGSHOT
202410020611,下関ステークス｜2024年2月25日 | 競馬データベース - netkeiba,カンチェンジュンガ,7.7,0.1803,1.388,1,1,6.7,0.3879999999999999,6.7,770.0,138.79999999999998,0.8197,-6.312,OPEN,BALANCED
202410020703,3歳未勝利｜2024年3月2日 | 競馬データベース - netkeiba,ライスネイチャ,39.3,0.0401,1.576,10,0,-1.0,0.5760000000000001,-1.0,0.0,157.6,0.0401,1.576,MAIDEN,DEEP_LONGSHOT
202410020708,4歳以上1勝クラス｜2024年3月2日 | 競馬データベース - netkeiba,イリスレーン,7.8,0.1829,1.427,13,0,-1.0,0.42700000000000005,-1.0,0.0,142.70000000000002,0.1829,1.427,CLASS_1W,BALANCED
202410020711,早鞆特別｜2024年3月2日 | 競馬データベース - netkeiba,アイファーテイオー,5.0,0.2679,1.34,1,1,4.0,0.3400000000000001,4.0,500.0,134.0,0.7321,-3.66,SPECIAL,BALANCED
202410020801,3歳未勝利｜2024年3月3日 | 競馬データベース - netkeiba,ナックアテナ,30.8,0.0506,1.558,17,0,-1.0,0.558,-1.0,0.0,155.8,0.0506,1.558,MAIDEN,DEEP_LONGSHOT
202410020802,3歳未勝利｜2024年3月3日 | 競馬データベース - netkeiba,サウンドノバ,28.2,0.0489,1.379,10,0,-1.0,0.379,-1.0,0.0,137.9,0.0489,1.379,MAIDEN,DEEP_LONGSHOT
202410020807,4歳以上1勝クラス｜2024年3月3日 | 競馬データベース - netkeiba,ニシノトレンディー,10.7,0.1788,1.913,14,0,-1.0,0.913,-1.0,0.0,191.3,0.1788,1.913,CLASS_1W,LONGSHOT
202410020809,脊振山特別｜2024年3月3日 | 競馬データベース - netkeiba,マイネルジャッカル,18.8,0.0735,1.382,3,0,-1.0,0.3819999999999999,-1.0,0.0,138.2,0.0735,1.382,SPECIAL,LONGSHOT
202410020811,関門橋ステークス｜2024年3月3日 | 競馬データベース - netkeiba,シホノスペランツァ,6.0,0.2173,1.304,6,0,-1.0,0.30400000000000005,-1.0,0.0,130.4,0.2173,1.304,OPEN,BALANCED
202410020812,4歳以上1勝クラス｜2024年3月3日 | 競馬データベース - netkeiba,ナチュラルリバー,13.2,0.1464,1.932,5,0,-1.0,0.9319999999999999,-1.0,0.0,193.2,0.1464,1.932,CLASS_1W,LONGSHOT
202410030101,2歳未勝利｜2024年6月29日 | 競馬データベース - netkeiba,ポンペルモ,42.0,0.0484,2.033,6,0,-1.0,1.033,-1.0,0.0,203.29999999999998,0.0484,2.033,MAIDEN,DEEP_LONGSHOT
202410030102,3歳未勝利｜2024年6月29日 | 競馬データベース - netkeiba,タイヘイノヨ,22.4,0.0868,1.944,10,0,-1.0,0.944,-1.0,0.0,194.4,0.0868,1.944,MAIDEN,DEEP_LONGSHOT
202410030103,3歳未勝利｜2024年6月29日 | 競馬データベース - netkeiba,ブルボンクイーン,4.3,0.3224,1.386,1,1,3.3,0.3859999999999999,3.3,430.0,138.6,0.6776,-2.9139999999999997,MAIDEN,BALANCED
202410030105,2歳新馬｜2024年6月29日 | 競馬データベース - netkeiba,アウダース,11.8,0.1254,1.48,12,0,-1.0,0.48,-1.0,0.0,148.0,0.1254,1.48,DEBUT,LONGSHOT
202410030107,3歳未勝利｜2024年6月29日 | 競馬データベース - netkeiba,ソルアマゾン,12.3,0.1222,1.503,9,0,-1.0,0.5029999999999999,-1.0,0.0,150.29999999999998,0.1222,1.503,MAIDEN,LONGSHOT
202410030108,3歳以上1勝クラス｜2024年6月29日 | 競馬データベース - netkeiba,パシフィックルート,17.1,0.1517,2.594,7,0,-1.0,1.5939999999999999,-1.0,0.0,259.4,0.1517,2.594,CLASS_1W,LONGSHOT
202410030110,熊本城特別｜2024年6月29日 | 競馬データベース - netkeiba,ライジングラパス,17.5,0.075,1.312,7,0,-1.0,0.31200000000000006,-1.0,0.0,131.20000000000002,0.075,1.312,SPECIAL,LONGSHOT
202410030112,3歳以上1勝クラス｜2024年6月29日 | 競馬データベース - netkeiba,モカラエース,41.7,0.0347,1.447,11,0,-1.0,0.44700000000000006,-1.0,0.0,144.70000000000002,0.0347,1.447,CLASS_1W,DEEP_LONGSHOT
202410030201,障害3歳以上未勝利｜2024年6月30日 | 競馬データベース - netkeiba,ネッスンドルマ,6.9,0.2635,1.818,5,0,-1.0,0.8180000000000001,-1.0,0.0,181.8,0.2635,1.818,JUMP,BALANCED
202410030203,3歳未勝利｜2024年6月30日 | 競馬データベース - netkeiba,ゲインサポート,15.9,0.0834,1.326,5,0,-1.0,0.32600000000000007,-1.0,0.0,132.6,0.0834,1.326,MAIDEN,LONGSHOT
202410030204,3歳未勝利｜2024年6月30日 | 競馬データベース - netkeiba,ワイドモヒート,34.6,0.0578,2.0,4,0,-1.0,1.0,-1.0,0.0,200.0,0.0578,2.0,MAIDEN,DEEP_LONGSHOT
202410030205,2歳新馬｜2024年6月30日 | 競馬データベース - netkeiba,ムゾラシカ,23.9,0.0701,1.675,6,0,-1.0,0.675,-1.0,0.0,167.5,0.0701,1.675,DEBUT,DEEP_LONGSHOT
202410030206,2歳新馬｜2024年6月30日 | 競馬データベース - netkeiba,マルモリマジック,38.7,0.0426,1.649,6,0,-1.0,0.649,-1.0,0.0,164.9,0.0426,1.649,DEBUT,DEEP_LONGSHOT
202410030209,柳川特別｜2024年6月30日 | 競馬データベース - netkeiba,マルベリーシチー,36.8,0.0451,1.66,10,0,-1.0,0.6599999999999999,-1.0,0.0,166.0,0.0451,1.66,SPECIAL,DEEP_LONGSHOT
202410030210,薩摩ステークス｜2024年6月30日 | 競馬データベース - netkeiba,メイショウコガシラ,7.3,0.2365,1.726,9,0,-1.0,0.726,-1.0,0.0,172.6,0.2365,1.726,OPEN,BALANCED
202410030211,TV西日本北九州記念｜2024年6月30日 | 競馬データベース - netkeiba,サーマルウインド,4.5,0.3415,1.537,12,0,-1.0,0.5369999999999999,-1.0,0.0,153.7,0.3415,1.537,OPEN,BALANCED
202410030301,障害3歳以上未勝利｜2024年7月6日 | 競馬データベース - netkeiba,マテンロウジョイ,12.0,0.165,1.98,4,0,-1.0,0.98,-1.0,0.0,198.0,0.165,1.98,JUMP,LONGSHOT
202410030302,2歳未勝利｜2024年7月6日 | 競馬データベース - netkeiba,オーシンエス,10.1,0.1658,1.675,3,0,-1.0,0.675,-1.0,0.0,167.5,0.1658,1.675,MAIDEN,LONGSHOT
202410030304,障害3歳以上オープン｜2024年7月6日 | 競馬データベース - netkeiba,スリーケイエヌ,50.3,0.0568,2.857,5,0,-1.0,1.8570000000000002,-1.0,0.0,285.70000000000005,0.0568,2.857,JUMP,DEEP_LONGSHOT
202410030305,2歳新馬｜2024年7月6日 | 競馬データベース - netkeiba,ゴッドペイズリー,51.8,0.0466,2.414,6,0,-1.0,1.4140000000000001,-1.0,0.0,241.4,0.0466,2.414,DEBUT,DEEP_LONGSHOT
202410030308,3歳以上1勝クラス｜2024年7月6日 | 競馬データベース - netkeiba,フラッシングレート,7.1,0.2287,1.624,11,0,-1.0,0.6240000000000001,-1.0,0.0,162.4,0.2287,1.624,CLASS_1W,BALANCED
202410030310,西部スポニチ賞｜2024年7月6日 | 競馬データベース - netkeiba,プレイリードリーム,17.6,0.096,1.69,4,0,-1.0,0.69,-1.0,0.0,169.0,0.096,1.69,SPECIAL,LONGSHOT
202410030401,2歳未勝利｜2024年7月7日 | 競馬データベース - netkeiba,ニシノサンストーン,19.4,0.0762,1.478,5,0,-1.0,0.478,-1.0,0.0,147.8,0.0762,1.478,MAIDEN,LONGSHOT
202410030403,3歳未勝利｜2024年7月7日 | 競馬データベース - netkeiba,ナムラスカー,24.4,0.0753,1.837,12,0,-1.0,0.837,-1.0,0.0,183.7,0.0753,1.837,MAIDEN,DEEP_LONGSHOT
202410030404,3歳未勝利｜2024年7月7日 | 競馬データベース - netkeiba,ナムラリーナ,23.2,0.0757,1.756,3,0,-1.0,0.756,-1.0,0.0,175.6,0.0757,1.756,MAIDEN,DEEP_LONGSHOT
202410030405,2歳新馬｜2024年7月7日 | 競馬データベース - netkeiba,ポセイドンバローズ,22.7,0.0987,2.24,6,0,-1.0,1.2400000000000002,-1.0,0.0,224.00000000000003,0.0987,2.24,DEBUT,DEEP_LONGSHOT
202410030408,3歳以上1勝クラス｜2024年7月7日 | 競馬データベース - netkeiba,プレヴィスト,5.3,0.2492,1.321,1,1,4.3,0.32099999999999995,4.3,530.0,132.1,0.7508,-3.979,CLASS_1W,BALANCED
202410030411,プロキオンステークス｜2024年7月7日 | 競馬データベース - netkeiba,ブルーサン,27.9,0.0601,1.677,14,0,-1.0,0.677,-1.0,0.0,167.70000000000002,0.0601,1.677,OPEN,DEEP_LONGSHOT
202410030412,3歳以上1勝クラス｜2024年7月7日 | 競馬データベース - netkeiba,セレッソデアモール,33.6,0.0468,1.572,5,0,-1.0,0.5720000000000001,-1.0,0.0,157.20000000000002,0.0468,1.572,CLASS_1W,DEEP_LONGSHOT
202410030604,3歳未勝利｜2024年7月14日 | 競馬データベース - netkeiba,ホットハートビート,17.9,0.1152,2.062,3,0,-1.0,1.0619999999999998,-1.0,0.0,206.2,0.1152,2.062,MAIDEN,LONGSHOT
202410030606,2歳新馬｜2024年7月14日 | 競馬データベース - netkeiba,ブレイジングスター,7.9,0.1771,1.399,5,0,-1.0,0.399,-1.0,0.0,139.9,0.1771,1.399,DEBUT,BALANCED
202410030607,3歳未勝利｜2024年7月14日 | 競馬データベース - netkeiba,ヨッシーステージ,15.9,0.0819,1.302,8,0,-1.0,0.30200000000000005,-1.0,0.0,130.20000000000002,0.0819,1.302,MAIDEN,LONGSHOT
202410030608,3歳以上1勝クラス｜2024年7月14日 | 競馬データベース - netkeiba,ニシノトキメキ,14.5,0.1229,1.782,3,0,-1.0,0.782,-1.0,0.0,178.2,0.1229,1.782,CLASS_1W,LONGSHOT
202410030609,青島特別｜2024年7月14日 | 競馬データベース - netkeiba,レディントン,10.5,0.1251,1.314,10,0,-1.0,0.31400000000000006,-1.0,0.0,131.4,0.1251,1.314,SPECIAL,LONGSHOT
202410030702,3歳未勝利｜2024年7月20日 | 競馬データベース - netkeiba,コスモベラエステラ,10.1,0.1613,1.629,3,0,-1.0,0.629,-1.0,0.0,162.9,0.1613,1.629,MAIDEN,LONGSHOT
202410030703,3歳未勝利｜2024年7月20日 | 競馬データベース - netkeiba,ファセリア,27.9,0.0716,1.998,9,0,-1.0,0.998,-1.0,0.0,199.8,0.0716,1.998,MAIDEN,DEEP_LONGSHOT
202410030704,障害3歳以上未勝利｜2024年7月20日 | 競馬データベース - netkeiba,ゴーツウキリシマ,61.9,0.0325,2.012,6,0,-1.0,1.012,-1.0,0.0,201.2,0.0325,2.012,JUMP,DEEP_LONGSHOT
202410030706,3歳未勝利｜2024年7月20日 | 競馬データベース - netkeiba,アルシャリフ,44.0,0.0385,1.694,16,0,-1.0,0.694,-1.0,0.0,169.4,0.0385,1.694,MAIDEN,DEEP_LONGSHOT
202410030707,3歳以上1勝クラス｜2024年7月20日 | 競馬データベース - netkeiba,スナークサファイア,15.9,0.0891,1.417,8,0,-1.0,0.41700000000000004,-1.0,0.0,141.70000000000002,0.0891,1.417,CLASS_1W,LONGSHOT
202410030709,ひまわり賞｜2024年7月20日 | 競馬データベース - netkeiba,ニシノサンストーン,50.4,0.0519,2.616,7,0,-1.0,1.616,-1.0,0.0,261.6,0.0519,2.616,SPECIAL,DEEP_LONGSHOT
202410030801,2歳未勝利｜2024年7月21日 | 競馬データベース - netkeiba,ショウナンアトレ,23.6,0.0974,2.299,5,0,-1.0,1.299,-1.0,0.0,229.9,0.0974,2.299,MAIDEN,DEEP_LONGSHOT
202410030806,3歳未勝利｜2024年7月21日 | 競馬データベース - netkeiba,レーウィン,5.2,0.2611,1.358,1,1,4.2,0.3580000000000001,4.2,520.0,135.8,0.7389,-3.842,MAIDEN,BALANCED
202410030807,3歳以上1勝クラス｜2024年7月21日 | 競馬データベース - netkeiba,レッドテンペスト,48.6,0.0296,1.439,11,0,-1.0,0.43900000000000006,-1.0,0.0,143.9,0.0296,1.439,CLASS_1W,DEEP_LONGSHOT
202410030808,3歳以上1勝クラス｜2024年7月21日 | 競馬データベース - netkeiba,イミュータブル,7.0,0.2352,1.646,3,0,-1.0,0.6459999999999999,-1.0,0.0,164.6,0.2352,1.646,CLASS_1W,BALANCED
202410030809,宗像特別｜2024年7月21日 | 競馬データベース - netkeiba,エルディアブロ,16.0,0.0948,1.517,6,0,-1.0,0.5169999999999999,-1.0,0.0,151.7,0.0948,1.517,SPECIAL,LONGSHOT
202410030811,中京記念｜2024年7月21日 | 競馬データベース - netkeiba,エルトンバローズ,4.6,0.3399,1.564,3,0,-1.0,0.5640000000000001,-1.0,0.0,156.4,0.3399,1.564,OPEN,BALANCED
