finishing_position,frame_number,horse_number,horse_name,weight_carried,jockey,race_time,margin_raw,odds,favorite_rank,trainer,horse_id,race_id,race_title,scraped_at,sex,age,horse_weight,horse_weight_diff,target_win,target_place,avg_finish_last5,avg_finish_last3,avg_speed_index_last5,recent_form_score,rest_days,last_finish,speed_index,stamina_index,acceleration_index,consistency_index,closing_speed
1.0,4,4,オメガリッチマン,60.0,高田潤,3:25.2,,3.5,2.0,[西] 安田翔伍,2020102800,202405030101,障害3歳以上未勝利｜2024年6月1日 | 競馬データベース - netkeiba,2026-05-19T11:25:14.161316,牡,4,446.0,-2.0,1,1,4.6,5.0,0.0,0.1786,0,8,0.0,0.0,0.0,0.1786,0.0
2.0,1,1,プリモスペランツァ,60.0,田村太雅,3:25.4,1.1/2,3.1,1.0,[西] 中竹和也,2019100108,202405030101,障害3歳以上未勝利｜2024年6月1日 | 競馬データベース - netkeiba,2026-05-19T11:25:14.161316,牡,5,500.0,-6.0,0,1,3.4,2.67,37.7,0.2273,0,1,37.7,37.7,37.7,0.2273,37.7
3.0,8,10,ヴラディア,60.0,上野翔,3:25.6,1,19.9,7.0,[東] 小西一男,2019105578,202405030101,障害3歳以上未勝利｜2024年6月1日 | 競馬データベース - netkeiba,2026-05-19T11:25:14.161316,牡,5,496.0,2.0,0,1,6.8,5.67,0.0,0.1282,0,5,0.0,0.0,0.0,0.1282,0.0
4.0,5,5,インディゴブラック,60.0,小坂忠士,3:25.7,1/2,10.0,6.0,[西] 奥村豊,2019105143,202405030101,障害3歳以上未勝利｜2024年6月1日 | 競馬データベース - netkeiba,2026-05-19T11:25:14.161316,セ,5,512.0,2.0,0,0,6.2,8.0,40.4,0.1389,0,15,40.4,40.4,40.4,0.1389,40.4
5.0,2,2,インプレス,60.0,小牧加矢,3:26.4,4,5.1,3.0,[西] 佐々木晶,2019104899,202405030101,障害3歳以上未勝利｜2024年6月1日 | 競馬データベース - netkeiba,2026-05-19T11:25:14.161316,牡,5,526.0,-12.0,0,0,1.4,1.67,0.0,0.4167,0,1,0.0,0.0,0.0,0.4167,0.0
6.0,7,7,キタノブレイド,60.0,石神深一,3:27.2,5,6.4,4.0,[東] 萱野浩二,2019100510,202405030101,障害3歳以上未勝利｜2024年6月1日 | 競馬データベース - netkeiba,2026-05-19T11:25:14.161316,牡,5,476.0,4.0,0,0,9.6,10.33,38.78,0.0943,0,6,38.78,38.78,38.78,0.0943,38.78
7.0,3,3,コルドゥーン,60.0,伴啓太,3:27.9,4,121.9,8.0,[東] 石栗龍彦,2016103092,202405030101,障害3歳以上未勝利｜2024年6月1日 | 競馬データベース - netkeiba,2026-05-19T11:25:14.161316,牡,8,474.0,12.0,0,0,7.75,11.5,0.0,0.1143,0,10,0.0,0.0,0.0,0.1143,0.0
8.0,7,8,フジフォンテ,60.0,大江原圭,3:28.8,5,163.3,10.0,[東] 粕谷昌央,2019105759,202405030101,障害3歳以上未勝利｜2024年6月1日 | 競馬データベース - netkeiba,2026-05-19T11:25:14.161316,牡,5,464.0,-4.0,0,0,5.2,4.33,0.0,0.1613,0,7,0.0,0.0,0.0,0.1613,0.0
9.0,6,6,スペキュレーター,60.0,江田勇亮,3:30.1,8,146.9,9.0,[東] 伊藤伸一,2019102792,202405030101,障害3歳以上未勝利｜2024年6月1日 | 競馬データベース - netkeiba,2026-05-19T11:25:14.161316,牡,5,506.0,22.0,0,0,7.6,8.0,40.56,0.1163,0,7,40.56,40.56,40.56,0.1163,40.56
10.0,8,9,ダノンジャッカル,60.0,西谷誠,3:30.4,1.3/4,7.5,5.0,[西] 中内田充,2019103005,202405030101,障害3歳以上未勝利｜2024年6月1日 | 競馬データベース - netkeiba,2026-05-19T11:25:14.161316,牡,5,462.0,12.0,0,0,5.6,6.67,36.6,0.1515,0,11,36.6,36.6,36.6,0.1515,36.6
1.0,2,3,アルプスオジョー,55.0,田辺裕信,1:24.1,,3.6,1.0,[東] 小西一男,2021100540,202405030102,3歳未勝利｜2024年6月1日 | 競馬データベース - netkeiba,2026-05-19T11:25:43.548952,牝,3,504.0,0.0,1,1,8.6,11.0,37.92,0.1042,0,13,37.92,37.92,37.92,0.1042,37.92
2.0,7,13,サンキャメロン,55.0,横山武史,1:24.4,2,4.5,2.0,[東] 上原博之,2021107262,202405030102,3歳未勝利｜2024年6月1日 | 競馬データベース - netkeiba,2026-05-19T11:25:43.548952,牝,3,454.0,6.0,0,1,9.0,10.0,38.7,0.1,0,10,38.7,38.7,38.7,0.1,38.7
3.0,1,2,フェレザ,55.0,北村宏司,1:24.5,クビ,6.2,4.0,[東] 伊藤大士,2021101744,202405030102,3歳未勝利｜2024年6月1日 | 競馬データベース - netkeiba,2026-05-19T11:25:43.548952,牝,3,428.0,-2.0,0,1,5.8,1.67,38.46,0.1471,0,2,38.46,38.46,38.46,0.1471,38.46
4.0,4,8,ミスファントム,55.0,戸崎圭太,1:25.0,3,15.0,7.0,[東] 矢野英一,2021100053,202405030102,3歳未勝利｜2024年6月1日 | 競馬データベース - netkeiba,2026-05-19T11:25:43.548952,牝,3,446.0,-2.0,0,0,4.0,4.0,38.78,0.2,0,4,38.78,38.78,38.78,0.2,38.78
5.0,1,1,ハクサンマロン,55.0,菅原明良,1:25.2,1.1/2,6.3,5.0,[東] 新開幸一,2021100256,202405030102,3歳未勝利｜2024年6月1日 | 競馬データベース - netkeiba,2026-05-19T11:25:43.548952,牝,3,488.0,0.0,0,0,5.4,6.0,39.76,0.1562,0,5,39.76,39.76,39.76,0.1562,39.76
6.0,2,4,ソリッドエビデンス,55.0,丸田恭介,1:25.4,1.1/4,78.0,10.0,[東] 新開幸一,2021100760,202405030102,3歳未勝利｜2024年6月1日 | 競馬データベース - netkeiba,2026-05-19T11:25:43.548952,牝,3,436.0,-4.0,0,0,7.2,9.0,42.0,0.122,0,10,42.0,42.0,42.0,0.122,42.0
7.0,6,12,ハナチルサト,52.0,長浜鴻緒,1:25.5,クビ,13.1,6.0,[東] 松永康利,2021106474,202405030102,3歳未勝利｜2024年6月1日 | 競馬データベース - netkeiba,2026-05-19T11:25:43.548952,牝,3,418.0,-2.0,0,0,3.8,5.33,38.66,0.2083,0,10,38.66,38.66,38.66,0.2083,38.66
8.0,4,7,ゴールドタリスマン,54.0,永野猛蔵,1:25.7,1.1/2,210.2,13.0,[東] 稲垣幸雄,2021100728,202405030102,3歳未勝利｜2024年6月1日 | 競馬データベース - netkeiba,2026-05-19T11:25:43.548952,牝,3,416.0,4.0,0,0,5.0,4.5,41.33,0.1667,0,6,41.33,41.33,41.33,0.1667,41.33
9.0,3,5,サノノリッチ,55.0,黛弘人,1:26.0,2,32.0,8.0,[東] 森一誠,2021102057,202405030102,3歳未勝利｜2024年6月1日 | 競馬データベース - netkeiba,2026-05-19T11:25:43.548952,牝,3,410.0,2.0,0,0,7.0,9.33,42.08,0.125,0,11,42.08,42.08,42.08,0.125,42.08
10.0,7,14,ムーランボルドー,55.0,武藤雅,1:26.3,1.1/2,134.7,11.0,[東] 戸田博文,2021101486,202405030102,3歳未勝利｜2024年6月1日 | 競馬データベース - netkeiba,2026-05-19T11:25:43.548952,牝,3,496.0,22.0,0,0,9.2,7.33,40.16,0.098,0,9,40.16,40.16,40.16,0.098,40.16
11.0,3,6,ラセーヌシュメール,55.0,菊沢一樹,1:26.5,1.1/2,4.6,3.0,[東] 菊沢隆徳,2021105260,202405030102,3歳未勝利｜2024年6月1日 | 競馬データベース - netkeiba,2026-05-19T11:25:43.548952,牝,3,454.0,4.0,0,0,8.6,13.33,34.4,0.1042,0,15,34.4,34.4,34.4,0.1042,34.4
12.0,8,16,ヴィオルナ,54.0,原優介,1:26.6,1/2,69.4,9.0,[東] 黒岩陽一,2021103221,202405030102,3歳未勝利｜2024年6月1日 | 競馬データベース - netkeiba,2026-05-19T11:25:43.548952,牝,3,400.0,-4.0,0,0,9.2,9.0,38.7,0.098,0,6,38.7,38.7,38.7,0.098,38.7
13.0,6,11,ハーデンベルギア,55.0,嶋田純次,1:27.0,2.1/2,558.4,16.0,[東] 南田美知,2021103330,202405030102,3歳未勝利｜2024年6月1日 | 競馬データベース - netkeiba,2026-05-19T11:25:43.548952,牝,3,432.0,-8.0,0,0,7.2,6.67,41.5,0.122,0,10,41.5,41.5,41.5,0.122,41.5
14.0,5,9,イロイロ,55.0,伊藤工真,1:28.7,10,323.4,14.0,[東] 金成貴史,2021106131,202405030102,3歳未勝利｜2024年6月1日 | 競馬データベース - netkeiba,2026-05-19T11:25:43.548952,牝,3,450.0,0.0,0,0,6.2,6.67,39.86,0.1389,0,6,39.86,39.86,39.86,0.1389,39.86
15.0,8,15,ヨリノサクラ,53.0,藤田菜七,1:28.7,アタマ,175.2,12.0,[東] 竹内正洋,2021106148,202405030102,3歳未勝利｜2024年6月1日 | 競馬データベース - netkeiba,2026-05-19T11:25:43.548952,牝,3,458.0,4.0,0,0,13.67,13.67,38.2,0.0682,0,15,38.2,38.2,38.2,0.0682,38.2
16.0,5,10,ラヴォンドリコ,54.0,横山琉人,1:30.0,8,411.8,15.0,[東] 宗像義忠,2021107317,202405030102,3歳未勝利｜2024年6月1日 | 競馬データベース - netkeiba,2026-05-19T11:25:43.548952,牝,3,464.0,4.0,0,0,0.0,0.0,0.0,0.0,0,0,0.0,0.0,0.0,0.0,0.0
1.0,3,5,フォローウィンド,54.0,石神深道,1:36.8,,8.0,4.0,[東] 鹿戸雄一,2021105904,202405030103,3歳未勝利｜2024年6月1日 | 競馬データベース - netkeiba,2026-05-19T11:26:28.840852,牡,3,520.0,10.0,1,1,6.6,6.0,36.74,0.1316,0,10,36.74,36.74,36.74,0.1316,36.74
2.0,5,9,ミダース,56.0,原優介,1:36.8,ハナ,2.0,1.0,[東] 栗田徹,2021105951,202405030103,3歳未勝利｜2024年6月1日 | 競馬データベース - netkeiba,2026-05-19T11:26:28.840852,牡,3,510.0,6.0,0,1,2.0,1.67,38.52,0.3333,0,2,38.52,38.52,38.52,0.3333,38.52
3.0,6,12,スオードカット,57.0,斎藤新,1:37.4,3.1/2,6.8,3.0,[東] 斎藤誠,2021100716,202405030103,3歳未勝利｜2024年6月1日 | 競馬データベース - netkeiba,2026-05-19T11:26:28.840852,牡,3,464.0,6.0,0,1,3.6,3.0,38.78,0.2174,0,3,38.78,38.78,38.78,0.2174,38.78
4.0,8,15,スプランドゥール,57.0,柴田大知,1:37.7,2,68.3,8.0,[東] 和田雄二,2021100623,202405030103,3歳未勝利｜2024年6月1日 | 競馬データベース - netkeiba,2026-05-19T11:26:28.840852,牡,3,462.0,18.0,0,0,6.2,9.67,36.06,0.1389,0,12,36.06,36.06,36.06,0.1389,36.06
5.0,7,14,リンガスロシェ,57.0,石橋脩,1:37.8,クビ,8.7,5.0,[東] 中舘英二,2021104400,202405030103,3歳未勝利｜2024年6月1日 | 競馬データベース - netkeiba,2026-05-19T11:26:28.840852,牡,3,496.0,-7.0,0,0,1.2,1.0,38.3,0.4545,0,1,38.3,38.3,38.3,0.4545,38.3
6.0,2,3,イクリール,57.0,杉原誠人,1:38.0,1.1/2,24.1,7.0,[東] 青木孝文,2021106563,202405030103,3歳未勝利｜2024年6月1日 | 競馬データベース - netkeiba,2026-05-19T11:26:28.840852,牡,3,512.0,-6.0,0,0,5.0,6.0,36.28,0.1667,0,8,36.28,36.28,36.28,0.1667,36.28
7.0,4,8,ウインラムセス,57.0,丹内祐次,1:38.5,3,115.6,12.0,[東] 松山将樹,2021101530,202405030103,3歳未勝利｜2024年6月1日 | 競馬データベース - netkeiba,2026-05-19T11:26:28.840852,牡,3,458.0,-4.0,0,0,2.2,1.67,40.94,0.3125,0,1,40.94,40.94,40.94,0.3125,40.94
8.0,2,4,タク,57.0,木幡巧也,1:38.6,アタマ,264.7,16.0,[東] 牧光二,2021101726,202405030103,3歳未勝利｜2024年6月1日 | 競馬データベース - netkeiba,2026-05-19T11:26:28.840852,牡,3,474.0,2.0,0,0,5.6,8.0,39.64,0.1515,0,7,39.64,39.64,39.64,0.1515,39.64
9.0,5,10,ローンウルフ,57.0,佐々木大,1:38.7,3/4,5.3,2.0,[東] 武市康男,2021104112,202405030103,3歳未勝利｜2024年6月1日 | 競馬データベース - netkeiba,2026-05-19T11:26:28.840852,牡,3,474.0,4.0,0,0,6.75,10.0,0.0,0.129,0,8,0.0,0.0,0.0,0.129,0.0
10.0,8,16,フクノスナノバラ,57.0,横山武史,1:38.8,3/4,12.6,6.0,[東] 小野次郎,2021107147,202405030103,3歳未勝利｜2024年6月1日 | 競馬データベース - netkeiba,2026-05-19T11:26:28.840852,牡,3,490.0,0.0,0,0,3.6,5.33,40.02,0.2174,0,12,40.02,40.02,40.02,0.2174,40.02
11.0,7,13,フォーゲルヴァイデ,57.0,黛弘人,1:38.9,3/4,118.7,13.0,[東] 深山雅史,2021104488,202405030103,3歳未勝利｜2024年6月1日 | 競馬データベース - netkeiba,2026-05-19T11:26:28.840852,牡,3,476.0,-2.0,0,0,2.8,2.67,39.92,0.2632,0,2,39.92,39.92,39.92,0.2632,39.92
12.0,6,11,カフェロワン,57.0,北村宏司,1:39.1,3/4,82.5,9.0,[東] 古賀慎明,2021103222,202405030103,3歳未勝利｜2024年6月1日 | 競馬データベース - netkeiba,2026-05-19T11:26:28.840852,牡,3,438.0,-8.0,0,0,10.25,10.33,36.83,0.0889,0,10,36.83,36.83,36.83,0.0889,36.83
13.0,4,7,リュウノハイル,57.0,松岡正海,1:39.6,3.1/2,259.6,15.0,[東] 伊藤伸一,2021102204,202405030103,3歳未勝利｜2024年6月1日 | 競馬データベース - netkeiba,2026-05-19T11:26:28.840852,牡,3,462.0,-8.0,0,0,6.5,7.0,40.38,0.1333,0,6,40.38,40.38,40.38,0.1333,40.38
14.0,1,1,クレバーピコ,55.0,丸田恭介,1:40.6,6,191.5,14.0,[東] 高橋文雅,2021106085,202405030103,3歳未勝利｜2024年6月1日 | 競馬データベース - netkeiba,2026-05-19T11:26:28.840852,牝,3,436.0,0.0,0,0,6.2,6.33,41.02,0.1389,0,7,41.02,41.02,41.02,0.1389,41.02
15.0,1,2,レイズルノワール,54.0,長浜鴻緒,1:40.7,1/2,106.9,11.0,[東] 中川公成,2021104262,202405030103,3歳未勝利｜2024年6月1日 | 競馬データベース - netkeiba,2026-05-19T11:26:28.840852,牡,3,554.0,-20.0,0,0,9.8,10.33,42.3,0.0926,0,10,42.3,42.3,42.3,0.0926,42.3
16.0,3,6,ムビョウソクサイ,57.0,内田博幸,1:41.1,2.1/2,86.9,10.0,[東] 伊藤大士,2021103329,202405030103,3歳未勝利｜2024年6月1日 | 競馬データベース - netkeiba,2026-05-19T11:26:28.840852,牡,3,472.0,0.0,0,0,10.0,8.67,42.02,0.0909,0,7,42.02,42.02,42.02,0.0909,42.02
1.0,8,15,イージーブリージー,55.0,戸崎圭太,1:59.6,,2.6,1.0,[東] 伊坂重信,2021105035,202405030104,3歳未勝利｜2024年6月1日 | 競馬データベース - netkeiba,2026-05-19T11:27:15.333207,牝,3,430.0,-2.0,1,1,8.2,10.33,34.56,0.1087,0,13,34.56,34.56,34.56,0.1087,34.56
2.0,4,8,アオイラン,55.0,三浦皇成,1:59.8,1,8.3,4.0,[東] 古賀慎明,2021104115,202405030104,3歳未勝利｜2024年6月1日 | 競馬データベース - netkeiba,2026-05-19T11:27:15.333207,牝,3,460.0,-6.0,0,1,9.0,7.67,40.76,0.1,0,9,40.76,40.76,40.76,0.1,40.76
3.0,7,14,サルヴィアーノ,55.0,横山和生,1:59.8,クビ,6.3,3.0,[東] 栗田徹,2021110113,202405030104,3歳未勝利｜2024年6月1日 | 競馬データベース - netkeiba,2026-05-19T11:27:15.333207,牝,3,490.0,2.0,0,1,6.6,6.0,37.78,0.1316,0,8,37.78,37.78,37.78,0.1316,37.78
4.0,1,2,リュラグリーン,52.0,長浜鴻緒,2:00.0,1.1/4,5.7,2.0,[東] 相沢郁,2021102088,202405030104,3歳未勝利｜2024年6月1日 | 競馬データベース - netkeiba,2026-05-19T11:27:15.333207,牝,3,472.0,6.0,0,0,9.6,11.0,40.54,0.0943,0,11,40.54,40.54,40.54,0.0943,40.54
5.0,4,7,シュヴァルエレ,57.0,吉田豊,2:00.0,ハナ,9.2,5.0,[東] 的場均,2021106405,202405030104,3歳未勝利｜2024年6月1日 | 競馬データベース - netkeiba,2026-05-19T11:27:15.333207,牡,3,512.0,0.0,0,0,6.4,7.67,35.4,0.1351,0,14,35.4,35.4,35.4,0.1351,35.4
6.0,3,6,キャルベイクルーズ,57.0,柴田善臣,2:00.0,クビ,31.7,9.0,[東] 鹿戸雄一,2021104154,202405030104,3歳未勝利｜2024年6月1日 | 競馬データベース - netkeiba,2026-05-19T11:27:15.333207,牡,3,410.0,0.0,0,0,5.0,4.67,40.06,0.1667,0,3,40.06,40.06,40.06,0.1667,40.06
7.0,8,16,ラインポーチュラカ,55.0,松岡正海,2:00.1,1/2,11.1,6.0,[東] 蛯名正義,2021101308,202405030104,3歳未勝利｜2024年6月1日 | 競馬データベース - netkeiba,2026-05-19T11:27:15.333207,牝,3,502.0,2.0,0,0,6.8,7.0,41.08,0.1282,0,9,41.08,41.08,41.08,0.1282,41.08
8.0,5,10,ファーストメイト,57.0,丹内祐次,2:00.5,2.1/2,82.9,12.0,[東] 金成貴史,2021106798,202405030104,3歳未勝利｜2024年6月1日 | 競馬データベース - netkeiba,2026-05-19T11:27:15.333207,牡,3,472.0,0.0,0,0,4.2,4.0,38.68,0.1923,0,6,38.68,38.68,38.68,0.1923,38.68
9.0,3,5,ジャジャウマアスク,55.0,木幡巧也,2:00.9,2.1/2,50.2,10.0,[東] 田島俊明,2021102311,202405030104,3歳未勝利｜2024年6月1日 | 競馬データベース - netkeiba,2026-05-19T11:27:15.333207,牝,3,396.0,0.0,0,0,7.0,6.0,35.48,0.125,0,10,35.48,35.48,35.48,0.125,35.48
10.0,2,3,エムズマン,57.0,柴田大知,2:01.0,クビ,69.1,11.0,[東] 畠山吉宏,2021106799,202405030104,3歳未勝利｜2024年6月1日 | 競馬データベース - netkeiba,2026-05-19T11:27:15.333207,牡,3,452.0,2.0,0,0,5.0,5.0,39.9,0.1667,0,4,39.9,39.9,39.9,0.1667,39.9
11.0,7,13,ジャポネ,57.0,石川裕紀,2:01.4,2,13.6,7.0,[東] 手塚貴久,2021105660,202405030104,3歳未勝利｜2024年6月1日 | 競馬データベース - netkeiba,2026-05-19T11:27:15.333207,牡,3,512.0,0.0,0,0,7.2,5.67,39.24,0.122,0,5,39.24,39.24,39.24,0.122,39.24
12.0,2,4,ヴァンショー,55.0,佐々木大,2:02.2,5,15.4,8.0,[東] 手塚貴久,2021104805,202405030104,3歳未勝利｜2024年6月1日 | 競馬データベース - netkeiba,2026-05-19T11:27:15.333207,牝,3,482.0,0.0,0,0,8.0,8.0,41.15,0.1111,0,11,41.15,41.15,41.15,0.1111,41.15
13.0,6,11,ノアアジレ,51.0,大江原比,2:02.5,1.3/4,352.5,15.0,[東] 天間昭一,2021102443,202405030104,3歳未勝利｜2024年6月1日 | 競馬データベース - netkeiba,2026-05-19T11:27:15.333207,牝,3,396.0,-10.0,0,0,7.2,6.0,40.36,0.122,0,8,40.36,40.36,40.36,0.122,40.36
14.0,6,12,ロンギングドクター,57.0,石橋脩,2:02.8,2,171.4,13.0,[東] 大竹正博,2021102955,202405030104,3歳未勝利｜2024年6月1日 | 競馬データベース - netkeiba,2026-05-19T11:27:15.333207,牡,3,506.0,0.0,0,0,7.75,8.5,40.5,0.1143,0,8,40.5,40.5,40.5,0.1143,40.5
15.0,1,1,ネバーレインズ,57.0,原田和真,2:02.9,1/2,316.6,14.0,[東] 千葉直人,2021100458,202405030104,3歳未勝利｜2024年6月1日 | 競馬データベース - netkeiba,2026-05-19T11:27:15.333207,セ,3,512.0,-9.0,0,0,13.25,12.67,40.48,0.0702,0,16,40.48,40.48,40.48,0.0702,40.48
,5,9,ペーシュメルバ,55.0,杉原誠人,,,,,[東] 尾関知人,2021106828,202405030104,3歳未勝利｜2024年6月1日 | 競馬データベース - netkeiba,2026-05-19T11:27:15.333207,牝,3,,,0,0,5.8,5.67,40.34,0.1471,0,5,40.34,40.34,40.34,0.1471,40.34
1.0,3,3,ウィンターベル,55.0,ルメール,1:37.6,,2.4,2.0,[東] 木村哲也,2022104939,202405030105,2歳新馬｜2024年6月1日 | 競馬データベース - netkeiba,2026-05-19T11:28:00.849895,牡,2,462.0,0.0,1,1,4.8,4.0,35.3,0.1724,0,6,35.3,35.3,35.3,0.1724,35.3
2.0,8,8,サノノロンドン,54.0,永野猛蔵,1:37.7,クビ,61.7,8.0,[東] 尾形和幸,2022101314,202405030105,2歳新馬｜2024年6月1日 | 競馬データベース - netkeiba,2026-05-19T11:28:00.849895,牝,2,422.0,0.0,0,1,9.8,8.0,39.52,0.0926,0,8,39.52,39.52,39.52,0.0926,39.52
3.0,2,2,ユイノオールイン,55.0,横山和生,1:37.7,アタマ,13.1,4.0,[東] 竹内正洋,2022102732,202405030105,2歳新馬｜2024年6月1日 | 競馬データベース - netkeiba,2026-05-19T11:28:00.849895,牡,2,474.0,0.0,0,1,10.4,11.0,41.52,0.0877,0,11,41.52,41.52,41.52,0.0877,41.52
4.0,8,9,バセリーナ,55.0,オシェア,1:38.2,3,44.5,7.0,[東] 松山将樹,2022106772,202405030105,2歳新馬｜2024年6月1日 | 競馬データベース - netkeiba,2026-05-19T11:28:00.849895,牡,2,436.0,0.0,0,0,6.8,9.0,35.0,0.1282,0,7,35.0,35.0,35.0,0.1282,35.0
5.0,1,1,マイネルレクエルド,55.0,丹内祐次,1:38.2,クビ,21.9,6.0,[東] 田島俊明,2022106829,202405030105,2歳新馬｜2024年6月1日 | 競馬データベース - netkeiba,2026-05-19T11:28:00.849895,牡,2,466.0,0.0,0,0,7.2,6.33,40.6,0.122,0,5,40.6,40.6,40.6,0.122,40.6
6.0,7,7,キッズウルマ,55.0,木幡巧也,1:38.3,1/2,18.7,5.0,[東] 牧光二,2022101720,202405030105,2歳新馬｜2024年6月1日 | 競馬データベース - netkeiba,2026-05-19T11:28:00.849895,牝,2,436.0,0.0,0,0,4.0,6.0,40.3,0.2,0,10,40.3,40.3,40.3,0.2,40.3
7.0,4,4,デバッグ,55.0,横山武史,1:38.3,ハナ,1.8,1.0,[東] 栗田徹,2022105069,202405030105,2歳新馬｜2024年6月1日 | 競馬データベース - netkeiba,2026-05-19T11:28:00.849895,牡,2,484.0,0.0,0,0,1.0,1.0,38.26,0.5,0,1,38.26,38.26,38.26,0.5,38.26
8.0,5,5,テイオームサシ,55.0,斎藤新,1:38.4,1/2,12.0,3.0,[東] 斎藤誠,2022101936,202405030105,2歳新馬｜2024年6月1日 | 競馬データベース - netkeiba,2026-05-19T11:28:00.849895,牡,2,468.0,0.0,0,0,8.0,7.0,38.76,0.1111,0,9,38.76,38.76,38.76,0.1111,38.76
9.0,6,6,セレブウマザンマイ,54.0,原優介,1:40.9,大,91.8,9.0,[東] 青木孝文,2022100907,202405030105,2歳新馬｜2024年6月1日 | 競馬データベース - netkeiba,2026-05-19T11:28:00.849895,牝,2,440.0,0.0,0,0,5.2,4.0,40.32,0.1613,0,2,40.32,40.32,40.32,0.1613,40.32
1.0,4,8,ダイチジェム,57.0,佐々木大,1:18.4,,145.5,14.0,[東] 粕谷昌央,2021100625,202405030106,3歳未勝利｜2024年6月1日 | 競馬データベース - netkeiba,2026-05-19T11:28:27.233533,牡,3,492.0,2.0,1,1,10.0,9.33,39.22,0.0909,0,1,39.22,39.22,39.22,0.0909,39.22
2.0,1,2,パールホワイトイブ,57.0,菅原明良,1:18.7,2,17.4,6.0,[東] 中川公成,2021101869,202405030106,3歳未勝利｜2024年6月1日 | 競馬データベース - netkeiba,2026-05-19T11:28:27.233533,牡,3,456.0,6.0,0,1,8.8,8.67,38.96,0.102,0,6,38.96,38.96,38.96,0.102,38.96
3.0,8,15,インサイダー,57.0,丸山元気,1:18.8,アタマ,60.0,12.0,[東] 大和田成,2021104954,202405030106,3歳未勝利｜2024年6月1日 | 競馬データベース - netkeiba,2026-05-19T11:28:27.233533,牡,3,480.0,4.0,0,1,10.4,10.33,39.4,0.0877,0,8,39.4,39.4,39.4,0.0877,39.4
4.0,6,12,トクシーオーディン,57.0,松岡正海,1:18.8,クビ,252.3,15.0,[東] 西田雄一,2021104119,202405030106,3歳未勝利｜2024年6月1日 | 競馬データベース - netkeiba,2026-05-19T11:28:27.233533,牡,3,528.0,6.0,0,0,4.0,4.0,39.7,0.2,0,2,39.7,39.7,39.7,0.2,39.7
5.0,7,14,キョウエイノヴェル,53.0,大江原比,1:19.1,2,59.6,11.0,[東] 武市康男,2021103363,202405030106,3歳未勝利｜2024年6月1日 | 競馬データベース - netkeiba,2026-05-19T11:28:27.233533,牡,3,476.0,0.0,0,0,10.25,10.5,39.62,0.0889,0,12,39.62,39.62,39.62,0.0889,39.62
6.0,2,4,クーリッジテソーロ,57.0,戸崎圭太,1:19.2,クビ,15.2,5.0,[東] 栗田徹,2021101617,202405030106,3歳未勝利｜2024年6月1日 | 競馬データベース - netkeiba,2026-05-19T11:28:27.233533,牡,3,458.0,-2.0,0,0,6.2,5.67,41.54,0.1389,0,8,41.54,41.54,41.54,0.1389,41.54
7.0,4,7,ペプチドアサヒ,57.0,丸田恭介,1:19.4,1.1/4,26.9,7.0,[東] 石毛善彦,2021101980,202405030106,3歳未勝利｜2024年6月1日 | 競馬データベース - netkeiba,2026-05-19T11:28:27.233533,牡,3,464.0,-6.0,0,0,7.67,7.67,37.5,0.1153,0,10,37.5,37.5,37.5,0.1153,37.5
8.0,8,16,アンサーパスト,54.0,石田拓郎,1:19.4,クビ,9.7,3.0,[東] 新開幸一,2021101085,202405030106,3歳未勝利｜2024年6月1日 | 競馬データベース - netkeiba,2026-05-19T11:28:27.233533,セ,3,462.0,2.0,0,0,3.6,2.67,39.98,0.2174,0,1,39.98,39.98,39.98,0.2174,39.98
9.0,6,11,ヴァンセゾニエ,57.0,岩田康誠,1:19.5,1/2,9.3,2.0,[東] 武藤善則,2021105612,202405030106,3歳未勝利｜2024年6月1日 | 競馬データベース - netkeiba,2026-05-19T11:28:27.233533,牡,3,478.0,4.0,0,0,6.2,9.33,37.86,0.1389,0,11,37.86,37.86,37.86,0.1389,37.86
10.0,5,9,チャンスメーカー,54.0,長浜鴻緒,1:19.6,アタマ,52.2,10.0,[東] 上原佑紀,2021101747,202405030106,3歳未勝利｜2024年6月1日 | 競馬データベース - netkeiba,2026-05-19T11:28:27.233533,牡,3,496.0,10.0,0,0,8.8,8.0,40.72,0.102,0,7,40.72,40.72,40.72,0.102,40.72
11.0,3,5,ミスターディジェイ,57.0,丹内祐次,1:19.6,アタマ,12.2,4.0,[東] 清水英克,2021104617,202405030106,3歳未勝利｜2024年6月1日 | 競馬データベース - netkeiba,2026-05-19T11:28:27.233533,牡,3,538.0,0.0,0,0,9.4,10.67,36.62,0.0962,0,13,36.62,36.62,36.62,0.0962,36.62
12.0,5,10,レッドレナート,57.0,ルメール,1:20.2,3.1/2,1.4,1.0,[東] 手塚貴久,2021103145,202405030106,3歳未勝利｜2024年6月1日 | 競馬データベース - netkeiba,2026-05-19T11:28:27.233533,牡,3,480.0,-4.0,0,0,5.6,7.33,36.04,0.1515,0,13,36.04,36.04,36.04,0.1515,36.04
13.0,1,1,ハドソンテソーロ,54.0,永野猛蔵,1:20.7,3,44.1,9.0,[東] 嘉藤貴行,2021103387,202405030106,3歳未勝利｜2024年6月1日 | 競馬データベース - netkeiba,2026-05-19T11:28:27.233533,牝,3,452.0,-4.0,0,0,10.0,10.0,41.28,0.0909,0,6,41.28,41.28,41.28,0.0909,41.28
14.0,2,3,ヨリナエスポワール,57.0,木幡巧也,1:20.9,1.1/2,41.9,8.0,[東] 牧光二,2021102671,202405030106,3歳未勝利｜2024年6月1日 | 競馬データベース - netkeiba,2026-05-19T11:28:27.233533,牡,3,528.0,0.0,0,0,12.2,13.33,40.88,0.0758,0,12,40.88,40.88,40.88,0.0758,40.88
15.0,3,6,スクラマサクス,57.0,田辺裕信,1:24.3,大,89.7,13.0,[東] 鈴木慎太,2021101561,202405030106,3歳未勝利｜2024年6月1日 | 競馬データベース - netkeiba,2026-05-19T11:28:27.233533,牡,3,460.0,2.0,0,0,8.2,7.33,40.18,0.1087,0,12,40.18,40.18,40.18,0.1087,40.18
16.0,7,13,クリノアレグロ,57.0,原田和真,1:57.8,大,366.0,16.0,[東] 本間忍,2021101200,202405030106,3歳未勝利｜2024年6月1日 | 競馬データベース - netkeiba,2026-05-19T11:28:27.233533,牡,3,566.0,0.0,0,0,16.0,16.0,0.0,0.0588,0,16,0.0,0.0,0.0,0.0588,0.0
1.0,5,10,サクセスカラー,53.0,横山武史,1:20.3,,3.0,1.0,[東] 久保田貴,2021104200,202405030107,3歳以上1勝クラス｜2024年6月1日 | 競馬データベース - netkeiba,2026-05-19T11:29:17.215201,牝,3,470.0,2.0,1,1,4.2,5.0,33.86,0.1923,0,3,33.86,33.86,33.86,0.1923,33.86
2.0,6,11,ニシノピウモッソ,57.0,永野猛蔵,1:20.4,1/2,6.1,4.0,[東] 西田雄一,2020105492,202405030107,3歳以上1勝クラス｜2024年6月1日 | 競馬データベース - netkeiba,2026-05-19T11:29:17.215201,牡,4,460.0,4.0,0,1,5.6,4.0,34.3,0.1515,0,3,34.3,34.3,34.3,0.1515,34.3
3.0,1,1,キングズブレス,55.0,ルメール,1:20.5,クビ,4.0,2.0,[東] 木村哲也,2021110001,202405030107,3歳以上1勝クラス｜2024年6月1日 | 競馬データベース - netkeiba,2026-05-19T11:29:17.215201,牡,3,498.0,4.0,0,1,8.4,10.33,35.88,0.1064,0,13,35.88,35.88,35.88,0.1064,35.88
4.0,5,9,ディバイングレース,56.0,杉原誠人,1:20.7,1,49.8,9.0,[東] 蛯名正義,2020103410,202405030107,3歳以上1勝クラス｜2024年6月1日 | 競馬データベース - netkeiba,2026-05-19T11:29:17.215201,牝,4,436.0,2.0,0,0,7.6,9.33,34.88,0.1163,0,5,34.88,34.88,34.88,0.1163,34.88
5.0,8,17,ゴヴェルナーレリコ,53.0,菅原明良,1:20.7,ハナ,20.5,6.0,[東] 辻哲英,2021105085,202405030107,3歳以上1勝クラス｜2024年6月1日 | 競馬データベース - netkeiba,2026-05-19T11:29:17.215201,牝,3,436.0,8.0,0,0,6.0,7.0,38.38,0.1429,0,11,38.38,38.38,38.38,0.1429,38.38
6.0,8,16,トモジャシーマ,54.0,小林美駒,1:20.8,3/4,5.2,3.0,[東] 鈴木伸尋,2020106771,202405030107,3歳以上1勝クラス｜2024年6月1日 | 競馬データベース - netkeiba,2026-05-19T11:29:17.215201,牡,4,500.0,-2.0,0,0,4.6,3.67,36.54,0.1786,0,5,36.54,36.54,36.54,0.1786,36.54
7.0,3,5,リックスター,56.0,三浦皇成,1:20.9,1/2,49.6,8.0,[東] 鹿戸雄一,2020103593,202405030107,3歳以上1勝クラス｜2024年6月1日 | 競馬データベース - netkeiba,2026-05-19T11:29:17.215201,牝,4,454.0,4.0,0,0,6.75,4.5,41.32,0.129,0,7,41.32,41.32,41.32,0.129,41.32
8.0,7,14,クィーンズハット,53.0,丸田恭介,1:20.9,ハナ,208.9,14.0,[東] 石毛善彦,2021101223,202405030107,3歳以上1勝クラス｜2024年6月1日 | 競馬データベース - netkeiba,2026-05-19T11:29:17.215201,牝,3,472.0,4.0,0,0,5.6,6.0,37.46,0.1515,0,4,37.46,37.46,37.46,0.1515,37.46
9.0,8,18,メリージェーン,53.0,木幡育也,1:20.9,1/2,53.6,10.0,[東] 鹿戸雄一,2021103969,202405030107,3歳以上1勝クラス｜2024年6月1日 | 競馬データベース - netkeiba,2026-05-19T11:29:17.215201,牝,3,466.0,-10.0,0,0,6.0,9.0,34.74,0.1429,0,1,34.74,34.74,34.74,0.1429,34.74
10.0,1,2,エールトゥヘヴン,58.0,丹内祐次,1:21.0,1/2,27.4,7.0,[東] 戸田博文,2019101416,202405030107,3歳以上1勝クラス｜2024年6月1日 | 競馬データベース - netkeiba,2026-05-19T11:29:17.215201,牡,5,468.0,4.0,0,0,8.0,10.67,35.18,0.1111,0,13,35.18,35.18,35.18,0.1111,35.18
11.0,2,3,エチャケナ,53.0,丸山元気,1:21.1,3/4,230.0,15.0,[東] 金成貴史,2021106673,202405030107,3歳以上1勝クラス｜2024年6月1日 | 競馬データベース - netkeiba,2026-05-19T11:29:17.215201,牝,3,438.0,-2.0,0,0,5.8,6.67,36.78,0.1471,0,7,36.78,36.78,36.78,0.1471,36.78
12.0,4,8,エナジーチャイム,56.0,北村宏司,1:21.2,1/2,286.7,16.0,[東] 矢嶋大樹,2020103311,202405030107,3歳以上1勝クラス｜2024年6月1日 | 競馬データベース - netkeiba,2026-05-19T11:29:17.215201,牝,4,444.0,12.0,0,0,13.0,12.67,38.44,0.0714,0,12,38.44,38.44,38.44,0.0714,38.44
13.0,6,12,マルモリディライト,53.0,石神深道,1:21.3,クビ,350.3,17.0,[東] 和田雄二,2020100997,202405030107,3歳以上1勝クラス｜2024年6月1日 | 競馬データベース - netkeiba,2026-05-19T11:29:17.215201,牝,4,466.0,0.0,0,0,8.6,4.67,34.82,0.1042,0,8,34.82,34.82,34.82,0.1042,34.82
14.0,7,13,ジーゲル,55.0,戸崎圭太,1:21.3,クビ,7.4,5.0,[東] 田中博康,2021104947,202405030107,3歳以上1勝クラス｜2024年6月1日 | 競馬データベース - netkeiba,2026-05-19T11:29:17.215201,牡,3,420.0,-8.0,0,0,9.8,10.0,42.3,0.0926,0,9,42.3,42.3,42.3,0.0926,42.3
15.0,7,15,ロストボール,55.0,長浜鴻緒,1:21.4,クビ,584.0,18.0,[東] 加藤和宏,2019106972,202405030107,3歳以上1勝クラス｜2024年6月1日 | 競馬データベース - netkeiba,2026-05-19T11:29:17.215201,セ,5,434.0,2.0,0,0,11.8,11.0,38.58,0.0781,0,15,38.58,38.58,38.58,0.0781,38.58
16.0,2,4,シュヴァルツリーベ,56.0,伊藤工真,1:21.4,クビ,204.0,13.0,[東] 林徹,2020106101,202405030107,3歳以上1勝クラス｜2024年6月1日 | 競馬データベース - netkeiba,2026-05-19T11:29:17.215201,牝,4,442.0,4.0,0,0,9.4,8.33,36.26,0.0962,0,7,36.26,36.26,36.26,0.0962,36.26
17.0,4,7,アイリッシュパール,56.0,黛弘人,1:21.6,1,85.7,12.0,[東] 森一誠,2020103608,202405030107,3歳以上1勝クラス｜2024年6月1日 | 競馬データベース - netkeiba,2026-05-19T11:29:17.215201,牝,4,478.0,-6.0,0,0,9.6,9.33,34.16,0.0943,0,10,34.16,34.16,34.16,0.0943,34.16
18.0,3,6,クレイジーディス,55.0,津村明秀,1:23.5,大,64.4,11.0,[東] 千葉直人,2021102522,202405030107,3歳以上1勝クラス｜2024年6月1日 | 競馬データベース - netkeiba,2026-05-19T11:29:17.215201,牡,3,488.0,-12.0,0,0,7.0,9.0,40.9,0.125,0,12,40.9,40.9,40.9,0.125,40.9
1.0,8,15,フェブランシェ,56.0,ルメール,1:35.8,,3.0,2.0,[東] 黒岩陽一,2020103616,202405030108,3歳以上2勝クラス｜2024年6月1日 | 競馬データベース - netkeiba,2026-05-19T11:30:10.657006,牝,4,540.0,8.0,1,1,4.75,7.0,38.5,0.1739,0,12,38.5,38.5,38.5,0.1739,38.5
2.0,8,16,ルナビス,56.0,北村友一,1:36.2,2.1/2,2.8,1.0,[西] 森田直行,2020106579,202405030108,3歳以上2勝クラス｜2024年6月1日 | 競馬データベース - netkeiba,2026-05-19T11:30:10.657006,牝,4,478.0,-2.0,0,1,9.4,11.33,38.24,0.0962,0,11,38.24,38.24,38.24,0.0962,38.24
3.0,1,1,カプラローラ,54.0,藤田菜七,1:36.3,3/4,14.6,6.0,[東] 菊沢隆徳,2019104592,202405030108,3歳以上2勝クラス｜2024年6月1日 | 競馬データベース - netkeiba,2026-05-19T11:30:10.657006,牝,5,480.0,6.0,0,1,4.0,4.33,36.72,0.2,0,2,36.72,36.72,36.72,0.2,36.72
4.0,4,7,メロウヴォイス,56.0,吉田豊,1:36.4,クビ,68.9,12.0,[東] 上原博之,2019102493,202405030108,3歳以上2勝クラス｜2024年6月1日 | 競馬データベース - netkeiba,2026-05-19T11:30:10.657006,牝,5,468.0,4.0,0,0,6.6,9.67,37.4,0.1316,0,13,37.4,37.4,37.4,0.1316,37.4
5.0,5,10,ルショコラ,56.0,丹内祐次,1:36.4,ハナ,157.8,15.0,[西] 吉田直弘,2019100786,202405030108,3歳以上2勝クラス｜2024年6月1日 | 競馬データベース - netkeiba,2026-05-19T11:30:10.657006,牝,5,476.0,-11.0,0,0,7.2,6.67,38.14,0.122,0,14,38.14,38.14,38.14,0.122,38.14
6.0,3,6,グレノークス,56.0,三浦皇成,1:36.5,クビ,27.2,8.0,[東] 宮田敬介,2020103033,202405030108,3歳以上2勝クラス｜2024年6月1日 | 競馬データベース - netkeiba,2026-05-19T11:30:10.657006,牝,4,484.0,2.0,0,0,10.4,8.33,37.72,0.0877,0,13,37.72,37.72,37.72,0.0877,37.72
7.0,4,8,デュードメール,56.0,津村明秀,1:36.5,クビ,70.4,13.0,[東] 辻哲英,2019105399,202405030108,3歳以上2勝クラス｜2024年6月1日 | 競馬データベース - netkeiba,2026-05-19T11:30:10.657006,牝,5,466.0,-10.0,0,0,4.4,5.67,36.82,0.1852,0,5,36.82,36.82,36.82,0.1852,36.82
8.0,7,13,ナックダンス,56.0,大野拓弥,1:36.5,アタマ,11.5,4.0,[東] 杉浦宏昭,2020106024,202405030108,3歳以上2勝クラス｜2024年6月1日 | 競馬データベース - netkeiba,2026-05-19T11:30:10.657006,牝,4,500.0,-2.0,0,0,8.0,5.67,40.38,0.1111,0,5,40.38,40.38,40.38,0.1111,40.38
9.0,6,12,テレパシー,56.0,松岡正海,1:36.6,クビ,13.0,5.0,[西] 石坂公一,2020104205,202405030108,3歳以上2勝クラス｜2024年6月1日 | 競馬データベース - netkeiba,2026-05-19T11:30:10.657006,牝,4,512.0,4.0,0,0,9.2,10.33,37.84,0.098,0,11,37.84,37.84,37.84,0.098,37.84
10.0,2,3,ファミリークレスト,56.0,横山和生,1:36.6,アタマ,9.0,3.0,[東] 和田勇介,2019105064,202405030108,3歳以上2勝クラス｜2024年6月1日 | 競馬データベース - netkeiba,2026-05-19T11:30:10.657006,牝,5,434.0,0.0,0,0,8.0,8.67,36.36,0.1111,0,10,36.36,36.36,36.36,0.1111,36.36
11.0,5,9,ビターゼノビア,53.0,長浜鴻緒,1:36.6,クビ,53.5,11.0,[東] 手塚貴久,2020104207,202405030108,3歳以上2勝クラス｜2024年6月1日 | 競馬データベース - netkeiba,2026-05-19T11:30:10.657006,牝,4,452.0,2.0,0,0,9.2,8.67,37.54,0.098,0,13,37.54,37.54,37.54,0.098,37.54
12.0,3,5,ラブリアージェ,56.0,田辺裕信,1:36.8,1.1/4,77.0,14.0,[西] 昆貢,2019106099,202405030108,3歳以上2勝クラス｜2024年6月1日 | 競馬データベース - netkeiba,2026-05-19T11:30:10.657006,牝,5,476.0,-6.0,0,0,1.4,1.0,38.24,0.4167,0,1,38.24,38.24,38.24,0.4167,38.24
13.0,7,14,メイショウホオズキ,56.0,横山武史,1:36.8,ハナ,17.1,7.0,[東] 高柳瑞樹,2018100595,202405030108,3歳以上2勝クラス｜2024年6月1日 | 競馬データベース - netkeiba,2026-05-19T11:30:10.657006,牝,6,480.0,4.0,0,0,8.4,9.0,38.08,0.1064,0,15,38.08,38.08,38.08,0.1064,38.08
14.0,2,4,ベレザニーニャ,56.0,内田博幸,1:38.1,8,32.6,9.0,[西] 小崎憲,2020106746,202405030108,3歳以上2勝クラス｜2024年6月1日 | 競馬データベース - netkeiba,2026-05-19T11:30:10.657006,牝,4,474.0,6.0,0,0,9.4,10.0,36.34,0.0962,0,11,36.34,36.34,36.34,0.0962,36.34
15.0,6,11,キッショウ,56.0,佐々木大,1:38.2,3/4,188.5,16.0,[西] 奥村豊,2019106894,202405030108,3歳以上2勝クラス｜2024年6月1日 | 競馬データベース - netkeiba,2026-05-19T11:30:10.657006,牝,5,448.0,16.0,0,0,13.0,13.0,39.03,0.0714,0,15,39.03,39.03,39.03,0.0714,39.03
16.0,1,2,フィールザオーラ,52.0,小林美駒,1:39.1,5,33.4,10.0,[東] 武井亮,2020103565,202405030108,3歳以上2勝クラス｜2024年6月1日 | 競馬データベース - netkeiba,2026-05-19T11:30:10.657006,牝,4,470.0,2.0,0,0,8.2,7.33,36.16,0.1087,0,12,36.16,36.16,36.16,0.1087,36.16
1.0,7,8,カフェグランデ,54.0,横山和生,2:26.1,,3.3,2.0,[東] 嘉藤貴行,2021102838,202405030109,稲城特別｜2024年6月1日 | 競馬データベース - netkeiba,2026-05-19T11:30:57.200660,牡,3,460.0,0.0,1,1,2.6,1.33,34.82,0.2778,0,1,34.82,34.82,34.82,0.2778,34.82
2.0,4,4,ベンサレム,54.0,ルメール,2:26.1,クビ,2.2,1.0,[東] 稲垣幸雄,2021105352,202405030109,稲城特別｜2024年6月1日 | 競馬データベース - netkeiba,2026-05-19T11:30:57.200660,牡,3,480.0,0.0,0,1,3.8,5.33,34.62,0.2083,0,7,34.62,34.62,34.62,0.2083,34.62
3.0,5,5,マイネルジャッカル,58.0,津村明秀,2:26.4,1.3/4,28.8,5.0,[東] 西田雄一,2018106739,202405030109,稲城特別｜2024年6月1日 | 競馬データベース - netkeiba,2026-05-19T11:30:57.200660,牡,6,482.0,4.0,0,1,6.0,7.67,35.66,0.1429,0,12,35.66,35.66,35.66,0.1429,35.66
4.0,8,9,アバンデル,54.0,石橋脩,2:26.6,1.1/4,3.3,3.0,[東] 金成貴史,2021105499,202405030109,稲城特別｜2024年6月1日 | 競馬データベース - netkeiba,2026-05-19T11:30:57.200660,牡,3,438.0,2.0,0,0,3.2,3.33,34.9,0.2381,0,5,34.9,34.9,34.9,0.2381,34.9
5.0,6,6,ホワイトビーチ,54.0,黛弘人,2:26.8,1,42.2,7.0,[東] 森一誠,2021100588,202405030109,稲城特別｜2024年6月1日 | 競馬データベース - netkeiba,2026-05-19T11:30:57.200660,牡,3,486.0,4.0,0,0,5.8,6.0,35.2,0.1471,0,7,35.2,35.2,35.2,0.1471,35.2
6.0,1,1,ペンナヴェローチェ,54.0,佐々木大,2:26.8,アタマ,11.8,4.0,[西] 須貝尚介,2021104092,202405030109,稲城特別｜2024年6月1日 | 競馬データベース - netkeiba,2026-05-19T11:30:57.200660,牡,3,480.0,-2.0,0,0,2.8,2.67,36.56,0.2632,0,2,36.56,36.56,36.56,0.2632,36.56
7.0,7,7,ラムゼイテソーロ,54.0,丹内祐次,2:26.9,3/4,42.9,8.0,[東] 西田雄一,2021100579,202405030109,稲城特別｜2024年6月1日 | 競馬データベース - netkeiba,2026-05-19T11:30:57.200660,牡,3,528.0,2.0,0,0,8.2,8.33,38.94,0.1087,0,1,38.94,38.94,38.94,0.1087,38.94
8.0,8,10,プルサティーラ,56.0,戸崎圭太,2:27.2,2,61.0,9.0,[西] 斉藤崇史,2019105128,202405030109,稲城特別｜2024年6月1日 | 競馬データベース - netkeiba,2026-05-19T11:30:57.200660,牝,5,454.0,-2.0,0,0,6.4,7.67,34.68,0.1351,0,8,34.68,34.68,34.68,0.1351,34.68
9.0,3,3,トーセンウォルト,58.0,佐藤翔馬,2:27.3,1/2,352.4,10.0,[東] 杉浦宏昭,2020102526,202405030109,稲城特別｜2024年6月1日 | 競馬データベース - netkeiba,2026-05-19T11:30:57.200660,牡,4,470.0,-6.0,0,0,8.4,9.0,37.54,0.1064,0,10,37.54,37.54,37.54,0.1064,37.54
10.0,2,2,オーシャンズヨリ,58.0,藤田菜七,2:28.1,5,32.0,6.0,[東] 竹内正洋,2019103561,202405030109,稲城特別｜2024年6月1日 | 競馬データベース - netkeiba,2026-05-19T11:30:57.200660,牡,5,472.0,-2.0,0,0,5.4,7.33,36.7,0.1562,0,5,36.7,36.7,36.7,0.1562,36.7
1.0,5,5,レッドシュヴェルト,58.0,ルメール,1:20.6,,2.1,2.0,[東] 尾関知人,2020103517,202405030110,由比ヶ浜特別｜2024年6月1日 | 競馬データベース - netkeiba,2026-05-19T11:31:27.728949,牡,4,468.0,-6.0,1,1,7.6,9.67,33.18,0.1163,0,11,33.18,33.18,33.18,0.1163,33.18
2.0,8,9,プレジャークルーズ,56.0,オシェア,1:20.9,2,19.0,4.0,[東] 大竹正博,2020103093,202405030110,由比ヶ浜特別｜2024年6月1日 | 競馬データベース - netkeiba,2026-05-19T11:31:27.728949,牝,4,506.0,2.0,0,1,8.8,10.67,36.82,0.102,0,15,36.82,36.82,36.82,0.102,36.82
3.0,8,10,バウンシーステップ,53.0,横山武史,1:21.0,3/4,1.9,1.0,[西] 高橋亮,2021104897,202405030110,由比ヶ浜特別｜2024年6月1日 | 競馬データベース - netkeiba,2026-05-19T11:31:27.728949,牝,3,460.0,-2.0,0,1,4.0,2.33,34.02,0.2,0,5,34.02,34.02,34.02,0.2,34.02
4.0,3,3,ボルタドマール,58.0,永野猛蔵,1:21.2,1.1/4,50.9,8.0,[東] 黒岩陽一,2019104842,202405030110,由比ヶ浜特別｜2024年6月1日 | 競馬データベース - netkeiba,2026-05-19T11:31:27.728949,セ,5,508.0,-8.0,0,0,5.6,6.0,0.0,0.1515,0,8,0.0,0.0,0.0,0.1515,0.0
5.0,7,8,ルルローズ,56.0,木幡巧也,1:21.2,アタマ,31.2,6.0,[東] 伊藤大士,2018105874,202405030110,由比ヶ浜特別｜2024年6月1日 | 競馬データベース - netkeiba,2026-05-19T11:31:27.728949,牝,6,466.0,-8.0,0,0,9.6,10.33,35.08,0.0943,0,14,35.08,35.08,35.08,0.0943,35.08
6.0,7,7,アスクドリームモア,58.0,佐々木大,1:21.3,クビ,16.0,3.0,[西] 藤原英昭,2020101217,202405030110,由比ヶ浜特別｜2024年6月1日 | 競馬データベース - netkeiba,2026-05-19T11:31:27.728949,牡,4,506.0,-2.0,0,0,7.6,7.33,34.14,0.1163,0,12,34.14,34.14,34.14,0.1163,34.14
7.0,6,6,レッツリブオン,58.0,黛弘人,1:21.4,1,185.9,10.0,[東] 伊藤大士,2019104135,202405030110,由比ヶ浜特別｜2024年6月1日 | 競馬データベース - netkeiba,2026-05-19T11:31:27.728949,セ,5,466.0,-2.0,0,0,0.0,0.0,0.0,0.0,0,0,0.0,0.0,0.0,0.0,0.0
8.0,4,4,ゴッドファーザー,58.0,横山和生,1:21.5,1/2,32.0,7.0,[東] 萩原清,2020101721,202405030110,由比ヶ浜特別｜2024年6月1日 | 競馬データベース - netkeiba,2026-05-19T11:31:27.728949,牡,4,496.0,-8.0,0,0,10.4,9.33,35.8,0.0877,0,10,35.8,35.8,35.8,0.0877,35.8
9.0,2,2,プレジールミノル,58.0,菅原明良,1:21.7,1,58.5,9.0,[西] 北出成人,2018104322,202405030110,由比ヶ浜特別｜2024年6月1日 | 競馬データベース - netkeiba,2026-05-19T11:31:27.728949,牡,6,488.0,-14.0,0,0,8.0,8.67,41.04,0.1111,0,8,41.04,41.04,41.04,0.1111,41.04
10.0,1,1,ユイノイチゲキ,58.0,田辺裕信,1:22.0,1.1/2,25.6,5.0,[東] 深山雅史,2020101943,202405030110,由比ヶ浜特別｜2024年6月1日 | 競馬データベース - netkeiba,2026-05-19T11:31:27.728949,牡,4,504.0,-2.0,0,0,11.2,11.0,42.06,0.082,0,10,42.06,42.06,42.06,0.082,42.06
1.0,6,11,ビヨンドザファザー,58.0,北村友一,1:35.4,,19.1,7.0,[西] 藤岡健一,2019101613,202405030111,アハルテケステークス｜2024年6月1日 | 競馬データベース - netkeiba,2026-05-19T11:31:59.968396,牡,5,508.0,-12.0,1,1,9.5,9.33,39.17,0.0952,0,14,39.17,39.17,39.17,0.0952,39.17
2.0,1,1,タマモロック,58.0,永野猛蔵,1:35.4,ハナ,8.6,5.0,[東] 伊藤圭三,2020104861,202405030111,アハルテケステークス｜2024年6月1日 | 競馬データベース - netkeiba,2026-05-19T11:31:59.968396,牡,4,504.0,4.0,0,1,9.2,9.0,37.77,0.098,0,7,37.77,37.77,37.77,0.098,37.77
3.0,8,15,アクションプラン,58.0,内田博幸,1:35.4,クビ,7.4,3.0,[東] 池上昌和,2020100116,202405030111,アハルテケステークス｜2024年6月1日 | 競馬データベース - netkeiba,2026-05-19T11:31:59.968396,牡,4,508.0,-8.0,0,1,3.2,4.0,37.52,0.2381,0,2,37.52,37.52,37.52,0.2381,37.52
4.0,2,2,パライバトルマリン,57.0,丸山元気,1:35.5,クビ,29.1,9.0,[東] 林徹,2020110126,202405030111,アハルテケステークス｜2024年6月1日 | 競馬データベース - netkeiba,2026-05-19T11:31:59.968396,牝,4,504.0,-8.0,0,0,7.4,8.33,37.82,0.119,0,14,37.82,37.82,37.82,0.119,37.82
5.0,5,8,ケイアイシェルビー,58.0,藤懸貴志,1:35.9,2.1/2,19.5,8.0,[西] 平田修,2018101739,202405030111,アハルテケステークス｜2024年6月1日 | 競馬データベース - netkeiba,2026-05-19T11:31:59.968396,牡,6,470.0,-2.0,0,0,9.2,7.67,36.1,0.098,0,6,36.1,36.1,36.1,0.098,36.1
6.0,8,14,ジャスパーゴールド,58.0,横山和生,1:35.9,ハナ,196.2,13.0,[西] 森秀行,2018110126,202405030111,アハルテケステークス｜2024年6月1日 | 競馬データベース - netkeiba,2026-05-19T11:31:59.968396,牡,6,474.0,-2.0,0,0,10.2,10.33,37.34,0.0893,0,6,37.34,37.34,37.34,0.0893,37.34
7.0,3,4,キタノリューオー,60.0,津村明秀,1:35.9,ハナ,34.0,10.0,[東] 萱野浩二,2018104462,202405030111,アハルテケステークス｜2024年6月1日 | 競馬データベース - netkeiba,2026-05-19T11:31:59.968396,牡,6,472.0,2.0,0,0,6.8,6.0,37.94,0.1282,0,2,37.94,37.94,37.94,0.1282,37.94
8.0,4,7,ゴーゴーユタカ,58.0,岩田康誠,1:35.9,クビ,45.9,12.0,[東] 武井亮,2019100167,202405030111,アハルテケステークス｜2024年6月1日 | 競馬データベース - netkeiba,2026-05-19T11:31:59.968396,牡,5,482.0,4.0,0,0,7.4,5.67,37.56,0.119,0,1,37.56,37.56,37.56,0.119,37.56
9.0,7,12,レオノーレ,56.0,三浦皇成,1:36.0,クビ,8.4,4.0,[西] 福永祐一,2019100629,202405030111,アハルテケステークス｜2024年6月1日 | 競馬データベース - netkeiba,2026-05-19T11:31:59.968396,牝,5,490.0,10.0,0,0,7.4,7.0,36.28,0.119,0,5,36.28,36.28,36.28,0.119,36.28
10.0,7,13,ユティタム,59.0,佐々木大,1:36.3,1.3/4,3.3,1.0,[西] 須貝尚介,2020102891,202405030111,アハルテケステークス｜2024年6月1日 | 競馬データベース - netkeiba,2026-05-19T11:31:59.968396,牡,4,520.0,2.0,0,0,9.2,10.67,37.76,0.098,0,16,37.76,37.76,37.76,0.098,37.76
11.0,6,10,ディパッセ,58.0,北村宏司,1:36.5,1.1/2,245.6,14.0,[西] 高柳大輔,2019105609,202405030111,アハルテケステークス｜2024年6月1日 | 競馬データベース - netkeiba,2026-05-19T11:31:59.968396,牡,5,510.0,16.0,0,0,8.2,8.33,38.44,0.1087,0,9,38.44,38.44,38.44,0.1087,38.44
12.0,5,9,イーグルノワール,55.0,ルメール,1:37.1,4,3.5,2.0,[西] 音無秀孝,2021107170,202405030111,アハルテケステークス｜2024年6月1日 | 競馬データベース - netkeiba,2026-05-19T11:31:59.968396,牡,3,524.0,5.0,0,0,5.2,6.67,39.84,0.1613,0,9,39.84,39.84,39.84,0.1613,39.84
13.0,2,3,ハギノアトラス,58.0,武藤雅,1:37.2,クビ,300.9,15.0,[西] 鮫島一歩,2016102663,202405030111,アハルテケステークス｜2024年6月1日 | 競馬データベース - netkeiba,2026-05-19T11:31:59.968396,セ,8,480.0,2.0,0,0,9.6,10.0,37.02,0.0943,0,11,37.02,37.02,37.02,0.0943,37.02
14.0,3,5,サンライズジーク,57.0,オシェア,1:37.8,3.1/2,43.2,11.0,[西] 矢作芳人,2020103039,202405030111,アハルテケステークス｜2024年6月1日 | 競馬データベース - netkeiba,2026-05-19T11:31:59.968396,牡,4,508.0,0.0,0,0,9.2,6.67,39.7,0.098,0,3,39.7,39.7,39.7,0.098,39.7
15.0,4,6,アスクドゥラメンテ,58.0,戸崎圭太,1:38.0,1.1/2,13.5,6.0,[西] 藤原英昭,2019105400,202405030111,アハルテケステークス｜2024年6月1日 | 競馬データベース - netkeiba,2026-05-19T11:31:59.968396,牡,5,534.0,-14.0,0,0,9.2,10.33,37.14,0.098,0,9,37.14,37.14,37.14,0.098,37.14
1.0,6,12,ランタナヒルズ,53.0,丸田恭介,1:24.3,,19.1,6.0,[東] 石毛善彦,2021101241,202405030112,3歳以上1勝クラス｜2024年6月1日 | 競馬データベース - netkeiba,2026-05-19T11:32:45.537652,牝,3,456.0,2.0,1,1,8.75,9.67,36.18,0.1026,0,12,36.18,36.18,36.18,0.1026,36.18
2.0,2,4,ムコウジマランプ,58.0,松岡正海,1:24.5,1.1/4,59.7,11.0,[東] 森一誠,2020104623,202405030112,3歳以上1勝クラス｜2024年6月1日 | 競馬データベース - netkeiba,2026-05-19T11:32:45.537652,牡,4,498.0,-2.0,0,1,6.0,4.33,36.0,0.1429,0,2,36.0,36.0,36.0,0.1429,36.0
3.0,8,16,ハッピーロンドン,58.0,菊沢一樹,1:24.6,1/2,4.4,3.0,[東] 菊沢隆徳,2020101639,202405030112,3歳以上1勝クラス｜2024年6月1日 | 競馬データベース - netkeiba,2026-05-19T11:32:45.537652,牡,4,484.0,6.0,0,1,8.8,8.67,36.5,0.102,0,9,36.5,36.5,36.5,0.102,36.5
4.0,2,3,トーセンサウダージ,58.0,ルメール,1:24.6,クビ,4.3,2.0,[東] 杉浦宏昭,2020102468,202405030112,3歳以上1勝クラス｜2024年6月1日 | 競馬データベース - netkeiba,2026-05-19T11:32:45.537652,牡,4,518.0,0.0,0,0,9.2,11.33,36.38,0.098,0,12,36.38,36.38,36.38,0.098,36.38
5.0,4,8,ヴィクトリーロード,58.0,丹内祐次,1:24.7,3/4,326.6,15.0,[東] 畠山吉宏,2020103931,202405030112,3歳以上1勝クラス｜2024年6月1日 | 競馬データベース - netkeiba,2026-05-19T11:32:45.537652,牡,4,488.0,8.0,0,0,10.2,8.0,37.0,0.0893,0,9,37.0,37.0,37.0,0.0893,37.0
6.0,3,6,イサチルカゼニタツ,55.0,内田博幸,1:24.7,ハナ,3.0,1.0,[東] 辻哲英,2021101322,202405030112,3歳以上1勝クラス｜2024年6月1日 | 競馬データベース - netkeiba,2026-05-19T11:32:45.537652,牡,3,480.0,-2.0,0,0,8.6,7.0,41.16,0.1042,0,4,41.16,41.16,41.16,0.1042,41.16
7.0,1,1,ウェットシーズン,55.0,戸崎圭太,1:24.8,クビ,7.2,4.0,[東] 田中博康,2021110112,202405030112,3歳以上1勝クラス｜2024年6月1日 | 競馬データベース - netkeiba,2026-05-19T11:32:45.537652,牡,3,536.0,-2.0,0,0,4.0,6.0,36.52,0.2,0,1,36.52,36.52,36.52,0.2,36.52
8.0,5,9,タイセイピューマ,55.0,大野拓弥,1:24.9,3/4,57.6,10.0,[東] 新開幸一,2021106119,202405030112,3歳以上1勝クラス｜2024年6月1日 | 競馬データベース - netkeiba,2026-05-19T11:32:45.537652,牡,3,470.0,-12.0,0,0,5.2,7.0,36.54,0.1613,0,8,36.54,36.54,36.54,0.1613,36.54
9.0,1,2,フラーハ,53.0,横山武史,1:24.9,アタマ,10.5,5.0,[東] 嘉藤貴行,2021106734,202405030112,3歳以上1勝クラス｜2024年6月1日 | 競馬データベース - netkeiba,2026-05-19T11:32:45.537652,牝,3,478.0,14.0,0,0,8.0,10.33,38.02,0.1111,0,13,38.02,38.02,38.02,0.1111,38.02
10.0,3,5,レイデルマール,57.0,横山琉人,1:25.0,クビ,282.4,14.0,[東] 畠山吉宏,2018101744,202405030112,3歳以上1勝クラス｜2024年6月1日 | 競馬データベース - netkeiba,2026-05-19T11:32:45.537652,セ,6,500.0,2.0,0,0,7.4,8.33,37.18,0.119,0,11,37.18,37.18,37.18,0.119,37.18
10.0,4,7,ヨゾラノムコウニ,55.0,吉田豊,1:25.0,同着,22.4,7.0,[東] 小笠倫弘,2021104191,202405030112,3歳以上1勝クラス｜2024年6月1日 | 競馬データベース - netkeiba,2026-05-19T11:32:45.537652,牡,3,498.0,6.0,0,0,9.4,10.33,39.2,0.0962,0,11,39.2,39.2,39.2,0.0962,39.2
12.0,7,13,モスオーキッド,50.0,小林勝太,1:25.5,3,30.6,9.0,[東] 堀内岳志,2021105250,202405030112,3歳以上1勝クラス｜2024年6月1日 | 競馬データベース - netkeiba,2026-05-19T11:32:45.537652,牝,3,416.0,0.0,0,0,6.6,3.67,38.7,0.1316,0,1,38.7,38.7,38.7,0.1316,38.7
13.0,7,14,マーゴットミニモ,56.0,横山和生,1:25.6,3/4,28.4,8.0,[東] 伊坂重信,2020100655,202405030112,3歳以上1勝クラス｜2024年6月1日 | 競馬データベース - netkeiba,2026-05-19T11:32:45.537652,牝,4,486.0,-4.0,0,0,4.4,3.33,41.22,0.1852,0,5,41.22,41.22,41.22,0.1852,41.22
14.0,8,15,チャールストン,57.0,原優介,1:26.0,2.1/2,95.8,13.0,[東] 小手川準,2019101814,202405030112,3歳以上1勝クラス｜2024年6月1日 | 競馬データベース - netkeiba,2026-05-19T11:32:45.537652,セ,5,478.0,-2.0,0,0,4.0,3.67,39.06,0.2,0,1,39.06,39.06,39.06,0.2,39.06
15.0,5,10,サクラファシナンテ,56.0,北村宏司,1:26.0,ハナ,92.4,12.0,[東] 尾関知人,2018104014,202405030112,3歳以上1勝クラス｜2024年6月1日 | 競馬データベース - netkeiba,2026-05-19T11:32:45.537652,牝,6,514.0,2.0,0,0,9.25,11.0,38.02,0.0976,0,11,38.02,38.02,38.02,0.0976,38.02
16.0,6,11,アイファーリーベン,56.0,的場勇人,1:28.5,大,478.0,16.0,[東] 的場均,2019102950,202405030112,3歳以上1勝クラス｜2024年6月1日 | 競馬データベース - netkeiba,2026-05-19T11:32:45.537652,牝,5,448.0,0.0,0,0,13.4,13.67,39.26,0.0694,0,10,39.26,39.26,39.26,0.0694,39.26
1.0,4,8,ランスオブセヘル,55.0,モレイラ,1:25.2,,3.1,1.0,[西] 奥村豊,2021102754,202408040101,3歳未勝利｜2024年6月1日 | 競馬データベース - netkeiba,2026-05-19T11:33:33.152975,牝,3,486.0,2.0,1,1,5.6,2.67,37.68,0.1515,0,2,37.68,37.68,37.68,0.1515,37.68
2.0,2,3,タミゼ,55.0,Ｍ．デム,1:25.4,1.1/4,5.5,4.0,[西] 平田修,2021100650,202408040101,3歳未勝利｜2024年6月1日 | 競馬データベース - netkeiba,2026-05-19T11:33:33.152975,牝,3,472.0,-2.0,0,1,9.4,10.67,35.76,0.0962,0,9,35.76,35.76,35.76,0.0962,35.76
3.0,3,5,アンナバローズ,55.0,坂井瑠星,1:25.5,1/2,4.9,2.0,[西] 辻野泰之,2021103291,202408040101,3歳未勝利｜2024年6月1日 | 競馬データベース - netkeiba,2026-05-19T11:33:33.152975,牝,3,488.0,2.0,0,1,7.6,9.0,38.18,0.1163,0,13,38.18,38.18,38.18,0.1163,38.18
4.0,1,2,ピリー,55.0,幸英明,1:25.6,3/4,39.3,9.0,[西] 西園正都,2021100526,202408040101,3歳未勝利｜2024年6月1日 | 競馬データベース - netkeiba,2026-05-19T11:33:33.152975,牝,3,500.0,6.0,0,0,13.2,12.33,39.74,0.0704,0,12,39.74,39.74,39.74,0.0704,39.74
5.0,6,11,アジアノハナ,55.0,鮫島克駿,1:25.7,3/4,28.6,8.0,[西] 牧田和弥,2021105621,202408040101,3歳未勝利｜2024年6月1日 | 競馬データベース - netkeiba,2026-05-19T11:33:33.152975,牝,3,478.0,0.0,0,0,8.2,6.0,43.25,0.1087,0,12,43.25,43.25,43.25,0.1087,43.25
6.0,5,9,エナノキセキ,55.0,和田竜二,1:25.8,クビ,326.0,15.0,[西] 鈴木孝志,2021104502,202408040101,3歳未勝利｜2024年6月1日 | 競馬データベース - netkeiba,2026-05-19T11:33:33.152975,牝,3,432.0,8.0,0,0,1.4,1.67,39.34,0.4167,0,2,39.34,39.34,39.34,0.4167,39.34
7.0,5,10,ベルファスト,55.0,西村淳也,1:26.0,1.1/4,6.6,5.0,[西] 今野貞一,2021101414,202408040101,3歳未勝利｜2024年6月1日 | 競馬データベース - netkeiba,2026-05-19T11:33:33.152975,牝,3,486.0,0.0,0,0,3.6,2.67,35.02,0.2174,0,3,35.02,35.02,35.02,0.2174,35.02
8.0,1,1,リーゼダムール,55.0,国分優作,1:26.0,アタマ,107.2,11.0,[西] 辻野泰之,2021105468,202408040101,3歳未勝利｜2024年6月1日 | 競馬データベース - netkeiba,2026-05-19T11:33:33.152975,牝,3,412.0,2.0,0,0,7.4,6.67,37.18,0.119,0,6,37.18,37.18,37.18,0.119,37.18
9.0,8,15,チュウワスペル,54.0,田口貫太,1:26.0,ハナ,20.7,7.0,[西] 大久保龍,2021107181,202408040101,3歳未勝利｜2024年6月1日 | 競馬データベース - netkeiba,2026-05-19T11:33:33.152975,牝,3,490.0,-6.0,0,0,7.5,9.0,42.3,0.1176,0,10,42.3,42.3,42.3,0.1176,42.3
10.0,7,13,タガノハスビナー,51.0,河原田菜,1:26.2,1,18.8,6.0,[西] 鈴木孝志,2021106547,202408040101,3歳未勝利｜2024年6月1日 | 競馬データベース - netkeiba,2026-05-19T11:33:33.152975,牝,3,432.0,0.0,0,0,3.6,3.0,40.22,0.2174,0,1,40.22,40.22,40.22,0.2174,40.22
11.0,2,4,アクロスザシーズ,53.0,西塚洸二,1:26.2,ハナ,41.0,10.0,[西] 牧浦充徳,2021104847,202408040101,3歳未勝利｜2024年6月1日 | 競馬データベース - netkeiba,2026-05-19T11:33:33.152975,牝,3,428.0,-2.0,0,0,2.6,2.33,38.14,0.2778,0,4,38.14,38.14,38.14,0.2778,38.14
12.0,4,7,ドナアフロディテ,55.0,浜中俊,1:26.3,1/2,146.5,12.0,[西] 庄野靖志,2021100794,202408040101,3歳未勝利｜2024年6月1日 | 競馬データベース - netkeiba,2026-05-19T11:33:33.152975,牝,3,464.0,10.0,0,0,7.8,7.33,41.26,0.1136,0,10,41.26,41.26,41.26,0.1136,41.26
13.0,7,14,ラントリサント,52.0,吉村誠之,1:26.4,1,5.5,3.0,[西] 吉岡辰弥,2021105912,202408040101,3歳未勝利｜2024年6月1日 | 競馬データベース - netkeiba,2026-05-19T11:33:33.152975,牝,3,418.0,4.0,0,0,6.6,8.0,39.52,0.1316,0,9,39.52,39.52,39.52,0.1316,39.52
14.0,6,12,ウィンカラー,53.0,永島まな,1:27.2,5,249.3,13.0,[西] 谷潔,2021102702,202408040101,3歳未勝利｜2024年6月1日 | 競馬データベース - netkeiba,2026-05-19T11:33:33.152975,牝,3,448.0,-6.0,0,0,7.2,7.67,41.28,0.122,0,9,41.28,41.28,41.28,0.122,41.28
15.0,3,6,テイエムバラード,55.0,古川吉洋,1:28.1,5,350.4,16.0,[西] 鈴木孝志,2021103655,202408040101,3歳未勝利｜2024年6月1日 | 競馬データベース - netkeiba,2026-05-19T11:33:33.152975,牝,3,458.0,26.0,0,0,6.0,6.33,41.38,0.1429,0,9,41.38,41.38,41.38,0.1429,41.38
16.0,8,16,メイショウコフデ,52.0,今村聖奈,1:31.9,大,250.7,14.0,[西] 飯田祐史,2021100818,202408040101,3歳未勝利｜2024年6月1日 | 競馬データベース - netkeiba,2026-05-19T11:33:33.152975,牝,3,438.0,-16.0,0,0,5.6,6.33,41.28,0.1515,0,6,41.28,41.28,41.28,0.1515,41.28
1.0,3,6,ソーニーイシュー,57.0,団野大成,1:53.6,,5.9,3.0,[西] 千田輝彦,2021101705,202408040102,3歳未勝利｜2024年6月1日 | 競馬データベース - netkeiba,2026-05-19T11:34:18.855144,牡,3,506.0,-6.0,1,1,3.0,4.0,36.94,0.25,0,1,36.94,36.94,36.94,0.25,36.94
2.0,8,15,ブレイブハートマン,57.0,坂井瑠星,1:53.8,1.1/2,4.7,2.0,[西] 西村真幸,2021102995,202408040102,3歳未勝利｜2024年6月1日 | 競馬データベース - netkeiba,2026-05-19T11:34:18.855144,牡,3,516.0,-4.0,0,1,3.4,4.33,39.12,0.2273,0,3,39.12,39.12,39.12,0.2273,39.12
3.0,3,5,ケーヴァラ,57.0,水口優也,1:54.1,1.3/4,7.6,4.0,[西] 羽月友彦,2021106054,202408040102,3歳未勝利｜2024年6月1日 | 競馬データベース - netkeiba,2026-05-19T11:34:18.855144,牡,3,480.0,0.0,0,1,4.2,6.0,38.16,0.1923,0,13,38.16,38.16,38.16,0.1923,38.16
4.0,4,7,アドマイヤエイジア,57.0,Ｍ．デム,1:54.3,1,75.6,9.0,[西] 大久保龍,2021100332,202408040102,3歳未勝利｜2024年6月1日 | 競馬データベース - netkeiba,2026-05-19T11:34:18.855144,牡,3,510.0,-2.0,0,0,1.2,1.33,39.06,0.4545,0,2,39.06,39.06,39.06,0.4545,39.06
5.0,6,12,トゥラッタッタ,56.0,小沢大仁,1:54.6,1.3/4,17.9,5.0,[西] 石坂公一,2021102973,202408040102,3歳未勝利｜2024年6月1日 | 競馬データベース - netkeiba,2026-05-19T11:34:18.855144,牡,3,458.0,-2.0,0,0,5.6,3.67,0.0,0.1515,0,4,0.0,0.0,0.0,0.1515,0.0
6.0,2,4,メイショウヘール,57.0,武豊,1:54.6,ハナ,1.7,1.0,[西] 大橋勇樹,2021104622,202408040102,3歳未勝利｜2024年6月1日 | 競馬データベース - netkeiba,2026-05-19T11:34:18.855144,牡,3,480.0,0.0,0,0,6.4,7.33,37.9,0.1351,0,6,37.9,37.9,37.9,0.1351,37.9
7.0,8,16,キタサンシデン,57.0,松山弘平,1:55.1,3,50.4,7.0,[西] 本田優,2021107047,202408040102,3歳未勝利｜2024年6月1日 | 競馬データベース - netkeiba,2026-05-19T11:34:18.855144,牡,3,504.0,2.0,0,0,6.0,8.67,40.3,0.1429,0,11,40.3,40.3,40.3,0.1429,40.3
8.0,1,1,セルリアンコバルト,57.0,中井裕二,1:55.3,1.1/4,353.9,13.0,[西] 緒方努,2021101894,202408040102,3歳未勝利｜2024年6月1日 | 競馬データベース - netkeiba,2026-05-19T11:34:18.855144,牡,3,446.0,-20.0,0,0,8.0,7.0,37.6,0.1111,0,6,37.6,37.6,37.6,0.1111,37.6
9.0,7,13,オルデラン,55.0,西塚洸二,1:55.4,クビ,52.5,8.0,[西] 寺島良,2021105392,202408040102,3歳未勝利｜2024年6月1日 | 競馬データベース - netkeiba,2026-05-19T11:34:18.855144,牡,3,486.0,8.0,0,0,7.6,7.67,39.26,0.1163,0,4,39.26,39.26,39.26,0.1163,39.26
10.0,5,9,ウォーターアレ,57.0,加藤祥太,1:56.0,3.1/2,584.5,16.0,[西] 庄野靖志,2021100600,202408040102,3歳未勝利｜2024年6月1日 | 競馬データベース - netkeiba,2026-05-19T11:34:18.855144,牡,3,462.0,2.0,0,0,5.8,4.67,40.4,0.1471,0,10,40.4,40.4,40.4,0.1471,40.4
11.0,5,10,カームゲイズ,55.0,幸英明,1:56.8,5,266.4,11.0,[西] 安達昭夫,2021101871,202408040102,3歳未勝利｜2024年6月1日 | 競馬データベース - netkeiba,2026-05-19T11:34:18.855144,牝,3,406.0,-4.0,0,0,2.6,2.67,39.64,0.2778,0,2,39.64,39.64,39.64,0.2778,39.64
12.0,6,11,ファッシネイトパイ,57.0,国分優作,1:57.4,3.1/2,25.4,6.0,[西] 畑端省吾,2021103617,202408040102,3歳未勝利｜2024年6月1日 | 競馬データベース - netkeiba,2026-05-19T11:34:18.855144,牡,3,478.0,-2.0,0,0,2.0,1.33,39.7,0.3333,0,2,39.7,39.7,39.7,0.3333,39.7
13.0,7,14,メイショウトレック,56.0,田口貫太,1:59.1,10,301.0,12.0,[西] 藤沢則雄,2021103355,202408040102,3歳未勝利｜2024年6月1日 | 競馬データベース - netkeiba,2026-05-19T11:34:18.855144,牡,3,424.0,-6.0,0,0,6.4,6.33,41.36,0.1351,0,6,41.36,41.36,41.36,0.1351,41.36
14.0,4,8,アスターエルビウム,57.0,富田暁,1:59.5,2.1/2,448.1,15.0,[西] 木原一良,2021103590,202408040102,3歳未勝利｜2024年6月1日 | 競馬データベース - netkeiba,2026-05-19T11:34:18.855144,セ,3,476.0,2.0,0,0,4.2,3.0,39.34,0.1923,0,3,39.34,39.34,39.34,0.1923,39.34
15.0,2,3,ルスディヴィナ,52.0,高杉吏麒,2:01.4,大,122.3,10.0,[西] 武英智,2021104771,202408040102,3歳未勝利｜2024年6月1日 | 競馬データベース - netkeiba,2026-05-19T11:34:18.855144,牝,3,482.0,-2.0,0,0,12.0,12.0,41.75,0.0769,0,15,41.75,41.75,41.75,0.0769,41.75
16.0,1,2,ハルメネス,55.0,小崎綾也,2:07.4,大,392.0,14.0,[西] 小崎憲,2021103059,202408040102,3歳未勝利｜2024年6月1日 | 競馬データベース - netkeiba,2026-05-19T11:34:18.855144,牝,3,468.0,-4.0,0,0,13.33,13.33,39.25,0.0698,0,7,39.25,39.25,39.25,0.0698,39.25
1.0,6,12,イエデゴロゴロ,55.0,和田竜二,1:12.3,,10.8,5.0,[西] 畑端省吾,2021103701,202408040103,3歳未勝利｜2024年6月1日 | 競馬データベース - netkeiba,2026-05-19T11:35:08.323584,牝,3,434.0,-14.0,1,1,6.4,5.33,39.14,0.1351,0,4,39.14,39.14,39.14,0.1351,39.14
2.0,3,5,シャカシャカシー,57.0,鮫島克駿,1:12.6,1.3/4,42.4,8.0,[西] 茶木太樹,2021101237,202408040103,3歳未勝利｜2024年6月1日 | 競馬データベース - netkeiba,2026-05-19T11:35:08.323584,牡,3,502.0,-8.0,0,1,12.6,13.0,37.34,0.0735,0,12,37.34,37.34,37.34,0.0735,37.34
3.0,8,15,ゼンカイパイロ,54.0,吉村誠之,1:12.7,3/4,7.4,4.0,[西] 千田輝彦,2021100337,202408040103,3歳未勝利｜2024年6月1日 | 競馬データベース - netkeiba,2026-05-19T11:35:08.323584,牡,3,488.0,-2.0,0,1,4.8,4.67,36.58,0.1724,0,8,36.58,36.58,36.58,0.1724,36.58
4.0,6,11,マックスセレナーデ,55.0,武豊,1:12.9,3/4,4.8,3.0,[西] 橋口慎介,2021101400,202408040103,3歳未勝利｜2024年6月1日 | 競馬データベース - netkeiba,2026-05-19T11:35:08.323584,牝,3,502.0,4.0,0,0,11.4,13.33,38.6,0.0806,0,13,38.6,38.6,38.6,0.0806,38.6
5.0,5,9,ビーコング,57.0,西村淳也,1:12.9,ハナ,3.1,1.0,[西] 新谷功一,2021103595,202408040103,3歳未勝利｜2024年6月1日 | 競馬データベース - netkeiba,2026-05-19T11:35:08.323584,牡,3,488.0,0.0,0,0,6.6,6.33,37.5,0.1316,0,15,37.5,37.5,37.5,0.1316,37.5
6.0,1,1,インペリオ,54.0,高杉吏麒,1:12.9,ハナ,178.8,12.0,[西] 羽月友彦,2021102915,202408040103,3歳未勝利｜2024年6月1日 | 競馬データベース - netkeiba,2026-05-19T11:35:08.323584,牡,3,468.0,-2.0,0,0,6.4,4.67,39.28,0.1351,0,3,39.28,39.28,39.28,0.1351,39.28
7.0,2,3,アーバンエア,57.0,松山弘平,1:13.2,2,3.9,2.0,[西] 吉岡辰弥,2021110019,202408040103,3歳未勝利｜2024年6月1日 | 競馬データベース - netkeiba,2026-05-19T11:35:08.323584,牡,3,544.0,2.0,0,0,8.2,13.0,41.54,0.1087,0,10,41.54,41.54,41.54,0.1087,41.54
8.0,5,10,ヴェストラン,57.0,幸英明,1:13.4,1.1/4,65.1,9.0,[西] 大根田裕,2021100695,202408040103,3歳未勝利｜2024年6月1日 | 競馬データベース - netkeiba,2026-05-19T11:35:08.323584,牡,3,440.0,-4.0,0,0,7.4,7.0,37.72,0.119,0,7,37.72,37.72,37.72,0.119,37.72
9.0,2,4,ヨシノヤッタルデー,56.0,角田大河,1:13.5,1/2,73.2,10.0,[西] 中竹和也,2021102336,202408040103,3歳未勝利｜2024年6月1日 | 競馬データベース - netkeiba,2026-05-19T11:35:08.323584,牡,3,452.0,-2.0,0,0,10.8,11.33,36.76,0.0847,0,11,36.76,36.76,36.76,0.0847,36.76
10.0,3,6,オウケンボス,56.0,田口貫太,1:13.9,2.1/2,240.1,15.0,[西] 牧浦充徳,2021105310,202408040103,3歳未勝利｜2024年6月1日 | 競馬データベース - netkeiba,2026-05-19T11:35:08.323584,牡,3,526.0,8.0,0,0,5.8,6.33,40.0,0.1471,0,6,40.0,40.0,40.0,0.1471,40.0
11.0,4,7,リュウノシンクウハ,57.0,坂井瑠星,1:14.4,3,11.1,6.0,[西] 牧田和弥,2021102906,202408040103,3歳未勝利｜2024年6月1日 | 競馬データベース - netkeiba,2026-05-19T11:35:08.323584,牡,3,490.0,0.0,0,0,5.0,5.0,37.9,0.1667,0,5,37.9,37.9,37.9,0.1667,37.9
12.0,7,14,ショウナンマリン,52.0,橋木太希,1:14.4,クビ,103.0,11.0,[西] 西園正都,2021103907,202408040103,3歳未勝利｜2024年6月1日 | 競馬データベース - netkeiba,2026-05-19T11:35:08.323584,牝,3,442.0,4.0,0,0,7.4,6.67,41.62,0.119,0,11,41.62,41.62,41.62,0.119,41.62
13.0,1,2,テクネチウム,57.0,富田暁,1:14.4,ハナ,192.7,13.0,[西] 木原一良,2021104280,202408040103,3歳未勝利｜2024年6月1日 | 競馬データベース - netkeiba,2026-05-19T11:35:08.323584,牡,3,486.0,6.0,0,0,8.8,9.0,0.0,0.102,0,10,0.0,0.0,0.0,0.102,0.0
14.0,7,13,ペプチドアーニャ,55.0,酒井学,1:14.5,クビ,12.7,7.0,[西] 畑端省吾,2021102732,202408040103,3歳未勝利｜2024年6月1日 | 競馬データベース - netkeiba,2026-05-19T11:35:08.323584,牝,3,412.0,-2.0,0,0,4.2,2.67,40.46,0.1923,0,2,40.46,40.46,40.46,0.1923,40.46
15.0,8,16,ペイシャスペシャル,56.0,角田大和,1:15.2,4,226.2,14.0,[西] 角田晃一,2021104214,202408040103,3歳未勝利｜2024年6月1日 | 競馬データベース - netkeiba,2026-05-19T11:35:08.323584,牡,3,462.0,-2.0,0,0,10.0,6.0,40.02,0.0909,0,7,40.02,40.02,40.02,0.0909,40.02
16.0,4,8,ウォーターストンプ,55.0,太宰啓介,1:15.9,4,391.1,16.0,[西] 石橋守,2021100969,202408040103,3歳未勝利｜2024年6月1日 | 競馬データベース - netkeiba,2026-05-19T11:35:08.323584,牝,3,476.0,0.0,0,0,8.25,6.5,42.23,0.1081,0,4,42.23,42.23,42.23,0.1081,42.23
1.0,6,11,スカイハイ,57.0,川田将雅,1:32.6,,2.4,1.0,[西] 清水久詞,2021101412,202408040104,3歳未勝利｜2024年6月1日 | 競馬データベース - netkeiba,2026-05-19T11:35:53.198495,牡,3,530.0,0.0,1,1,2.2,2.33,34.18,0.3125,0,3,34.18,34.18,34.18,0.3125,34.18
2.0,3,6,ツーネサーン,57.0,坂井瑠星,1:32.7,1/2,2.7,2.0,[西] 矢作芳人,2021105584,202408040104,3歳未勝利｜2024年6月1日 | 競馬データベース - netkeiba,2026-05-19T11:35:53.198495,牡,3,502.0,-2.0,0,1,6.2,7.0,35.98,0.1389,0,2,35.98,35.98,35.98,0.1389,35.98
3.0,7,14,プリズマジコ,56.0,秋山稔樹,1:33.4,4,236.6,14.0,[西] 高橋義忠,2021106077,202408040104,3歳未勝利｜2024年6月1日 | 競馬データベース - netkeiba,2026-05-19T11:35:53.198495,牡,3,444.0,-13.0,0,1,6.2,8.33,35.38,0.1389,0,13,35.38,35.38,35.38,0.1389,35.38
4.0,2,3,エイシンコクスン,55.0,モレイラ,1:33.8,2.1/2,11.2,5.0,[西] 大久保龍,2021100090,202408040104,3歳未勝利｜2024年6月1日 | 競馬データベース - netkeiba,2026-05-19T11:35:53.198495,牝,3,462.0,0.0,0,0,8.6,10.33,37.98,0.1042,0,16,37.98,37.98,37.98,0.1042,37.98
5.0,3,5,オタルグリーン,55.0,池添謙一,1:34.0,3/4,10.8,4.0,[西] 中竹和也,2021105289,202408040104,3歳未勝利｜2024年6月1日 | 競馬データベース - netkeiba,2026-05-19T11:35:53.198495,牝,3,438.0,4.0,0,0,10.0,9.0,34.67,0.0909,0,15,34.67,34.67,34.67,0.0909,34.67
6.0,6,12,テイケイモハラ,54.0,田口貫太,1:34.0,クビ,19.7,7.0,[西] 大橋勇樹,2021101584,202408040104,3歳未勝利｜2024年6月1日 | 競馬データベース - netkeiba,2026-05-19T11:35:53.198495,牝,3,438.0,4.0,0,0,4.6,4.67,40.26,0.1786,0,3,40.26,40.26,40.26,0.1786,40.26
7.0,5,10,クヴェレ,57.0,松山弘平,1:34.3,1.3/4,38.9,9.0,[西] 鈴木孝志,2021106940,202408040104,3歳未勝利｜2024年6月1日 | 競馬データベース - netkeiba,2026-05-19T11:35:53.198495,牡,3,452.0,-2.0,0,0,4.6,5.67,38.68,0.1786,0,4,38.68,38.68,38.68,0.1786,38.68
8.0,7,15,デルマエウロパ,54.0,高杉吏麒,1:34.6,2,638.8,18.0,[西] 荒川義之,2021105139,202408040104,3歳未勝利｜2024年6月1日 | 競馬データベース - netkeiba,2026-05-19T11:35:53.198495,牡,3,454.0,12.0,0,0,9.0,9.0,41.52,0.1,0,12,41.52,41.52,41.52,0.1,41.52
9.0,8,17,ヤマニンスターダム,57.0,武豊,1:34.9,2,25.9,8.0,[西] 千田輝彦,2021106600,202408040104,3歳未勝利｜2024年6月1日 | 競馬データベース - netkeiba,2026-05-19T11:35:53.198495,牡,3,502.0,-6.0,0,0,10.0,10.0,37.1,0.0909,0,13,37.1,37.1,37.1,0.0909,37.1
10.0,8,18,トンボ,56.0,角田大和,1:35.3,2.1/2,226.0,13.0,[西] 本田優,2021100369,202408040104,3歳未勝利｜2024年6月1日 | 競馬データベース - netkeiba,2026-05-19T11:35:53.198495,牡,3,502.0,-10.0,0,0,4.6,5.33,39.26,0.1786,0,5,39.26,39.26,39.26,0.1786,39.26
11.0,2,4,マイネルズコット,57.0,和田竜二,1:35.7,2,169.2,11.0,[西] 吉田直弘,2021106818,202408040104,3歳未勝利｜2024年6月1日 | 競馬データベース - netkeiba,2026-05-19T11:35:53.198495,牡,3,522.0,-14.0,0,0,11.0,11.67,36.35,0.0833,0,11,36.35,36.35,36.35,0.0833,36.35
12.0,1,1,アンモード,57.0,西村淳也,1:35.8,1,19.6,6.0,[西] 西村真幸,2021105448,202408040104,3歳未勝利｜2024年6月1日 | 競馬データベース - netkeiba,2026-05-19T11:35:53.198495,牡,3,488.0,-2.0,0,0,4.0,5.33,40.04,0.2,0,6,40.04,40.04,40.04,0.2,40.04
13.0,4,7,モランゴ,52.0,吉村誠之,1:36.3,3,357.3,15.0,[西] 池添学,2021102425,202408040104,3歳未勝利｜2024年6月1日 | 競馬データベース - netkeiba,2026-05-19T11:35:53.198495,牝,3,480.0,2.0,0,0,6.2,4.0,41.7,0.1389,0,9,41.7,41.7,41.7,0.1389,41.7
14.0,8,16,シスコスター,55.0,団野大成,1:36.5,1.1/2,158.1,10.0,[西] 野中賢二,2021109091,202408040104,3歳未勝利｜2024年6月1日 | 競馬データベース - netkeiba,2026-05-19T11:35:53.198495,牝,3,450.0,0.0,0,0,4.8,5.0,39.74,0.1724,0,4,39.74,39.74,39.74,0.1724,39.74
15.0,4,8,パーソナルリバティ,55.0,西塚洸二,1:36.5,アタマ,201.1,12.0,[西] 藤原英昭,2021104778,202408040104,3歳未勝利｜2024年6月1日 | 競馬データベース - netkeiba,2026-05-19T11:35:53.198495,牡,3,528.0,4.0,0,0,14.25,15.33,41.17,0.0656,0,16,41.17,41.17,41.17,0.0656,41.17
16.0,7,13,ダノンモンテローザ,57.0,岩田望来,1:36.8,1.3/4,9.9,3.0,[西] 友道康夫,2021100158,202408040104,3歳未勝利｜2024年6月1日 | 競馬データベース - netkeiba,2026-05-19T11:35:53.198495,牡,3,510.0,-2.0,0,0,5.8,5.33,35.84,0.1471,0,9,35.84,35.84,35.84,0.1471,35.84
17.0,5,9,ケンヴェンツェル,56.0,泉谷楓真,1:37.1,2,577.5,17.0,[西] 本田優,2021100696,202408040104,3歳未勝利｜2024年6月1日 | 競馬データベース - netkeiba,2026-05-19T11:35:53.198495,牡,3,484.0,-4.0,0,0,0.0,0.0,0.0,0.0,0,0,0.0,0.0,0.0,0.0,0.0
18.0,1,2,オーシーズウォーム,55.0,古川吉洋,1:37.2,クビ,466.3,16.0,[西] 四位洋文,2021102368,202408040104,3歳未勝利｜2024年6月1日 | 競馬データベース - netkeiba,2026-05-19T11:35:53.198495,牝,3,408.0,4.0,0,0,11.75,13.0,38.38,0.0784,0,9,38.38,38.38,38.38,0.0784,38.38
1.0,1,1,ダノンフェアレディ,55.0,川田将雅,1:33.8,,2.1,1.0,[西] 橋口慎介,2022105087,202408040105,2歳新馬｜2024年6月1日 | 競馬データベース - netkeiba,2026-05-19T11:36:46.206368,牝,2,438.0,0.0,1,1,4.8,6.33,34.78,0.1724,0,1,34.78,34.78,34.78,0.1724,34.78
2.0,6,6,ショウナンザナドゥ,55.0,池添謙一,1:33.9,1/2,2.8,2.0,[西] 松下武士,2022105071,202408040105,2歳新馬｜2024年6月1日 | 競馬データベース - netkeiba,2026-05-19T11:36:46.206368,牝,2,434.0,0.0,0,1,10.4,12.33,34.14,0.0877,0,7,34.14,34.14,34.14,0.0877,34.14
3.0,6,7,ジャスタパーティー,55.0,西村淳也,1:35.1,7,7.4,3.0,[西] 杉山晴紀,2022104731,202408040105,2歳新馬｜2024年6月1日 | 競馬データベース - netkeiba,2026-05-19T11:36:46.206368,牡,2,452.0,0.0,0,1,4.0,4.33,41.28,0.2,0,1,41.28,41.28,41.28,0.2,41.28
4.0,7,9,ヴェーヌドール,55.0,坂井瑠星,1:36.0,5,9.5,4.0,[西] 武英智,2022105708,202408040105,2歳新馬｜2024年6月1日 | 競馬データベース - netkeiba,2026-05-19T11:36:46.206368,牡,2,512.0,0.0,0,0,8.0,9.0,38.38,0.1111,0,11,38.38,38.38,38.38,0.1111,38.38
5.0,4,4,マギームーン,55.0,武豊,1:36.0,ハナ,24.6,6.0,[西] 庄野靖志,2022105379,202408040105,2歳新馬｜2024年6月1日 | 競馬データベース - netkeiba,2026-05-19T11:36:46.206368,牝,2,408.0,0.0,0,0,9.6,6.0,38.24,0.0943,0,3,38.24,38.24,38.24,0.0943,38.24
6.0,2,2,テーオーシュターデ,55.0,古川吉洋,1:36.3,2,34.6,7.0,[西] 宮徹,2022107056,202408040105,2歳新馬｜2024年6月1日 | 競馬データベース - netkeiba,2026-05-19T11:36:46.206368,牝,2,416.0,0.0,0,0,6.4,8.67,40.66,0.1351,0,9,40.66,40.66,40.66,0.1351,40.66
7.0,7,8,バッケンレコード,55.0,菱田裕二,1:36.4,クビ,92.1,9.0,[西] 河内洋,2022102516,202408040105,2歳新馬｜2024年6月1日 | 競馬データベース - netkeiba,2026-05-19T11:36:46.206368,牡,2,450.0,0.0,0,0,4.0,5.0,36.4,0.2,0,9,36.4,36.4,36.4,0.2,36.4
8.0,5,5,カンプウ,55.0,藤岡佑介,1:36.9,3,44.9,8.0,[西] 奥村豊,2022103837,202408040105,2歳新馬｜2024年6月1日 | 競馬データベース - netkeiba,2026-05-19T11:36:46.206368,牡,2,496.0,0.0,0,0,5.8,4.33,40.66,0.1471,0,7,40.66,40.66,40.66,0.1471,40.66
9.0,8,10,ソルトチューダ,55.0,富田暁,1:37.0,クビ,133.7,11.0,[西] 木原一良,2022105914,202408040105,2歳新馬｜2024年6月1日 | 競馬データベース - netkeiba,2026-05-19T11:36:46.206368,牡,2,488.0,0.0,0,0,10.6,10.0,39.4,0.0862,0,8,39.4,39.4,39.4,0.0862,39.4
10.0,3,3,マテンロウコマンド,55.0,横山典弘,1:38.9,大,12.2,5.0,[西] 長谷川浩,2022103622,202408040105,2歳新馬｜2024年6月1日 | 競馬データベース - netkeiba,2026-05-19T11:36:46.206368,牡,2,462.0,0.0,0,0,5.4,5.0,37.42,0.1562,0,1,37.42,37.42,37.42,0.1562,37.42
11.0,8,11,エイユービューティ,55.0,松若風馬,1:38.9,クビ,120.7,10.0,[西] 藤野健太,2022106162,202408040105,2歳新馬｜2024年6月1日 | 競馬データベース - netkeiba,2026-05-19T11:36:46.206368,牝,2,492.0,0.0,0,0,11.4,11.33,40.12,0.0806,0,9,40.12,40.12,40.12,0.0806,40.12
1.0,5,7,サトノアイオライト,52.0,角田大河,1:51.7,,4.1,2.0,[西] 吉村圭司,2021105569,202408040106,3歳以上1勝クラス｜2024年6月1日 | 競馬データベース - netkeiba,2026-05-19T11:37:22.541422,牝,3,466.0,6.0,1,1,4.8,7.0,38.36,0.1724,0,13,38.36,38.36,38.36,0.1724,38.36
2.0,6,9,バスタードサフラン,53.0,酒井学,1:52.3,3.1/2,3.0,1.0,[西] 渡辺薫彦,2021106610,202408040106,3歳以上1勝クラス｜2024年6月1日 | 競馬データベース - netkeiba,2026-05-19T11:37:22.541422,牝,3,464.0,0.0,0,1,5.8,8.33,38.4,0.1471,0,5,38.4,38.4,38.4,0.1471,38.4
3.0,5,6,コーラルハート,53.0,岩田望来,1:53.0,4,5.7,4.0,[西] 小林真也,2021101426,202408040106,3歳以上1勝クラス｜2024年6月1日 | 競馬データベース - netkeiba,2026-05-19T11:37:22.541422,牝,3,498.0,-2.0,0,1,9.2,12.33,39.28,0.098,0,10,39.28,39.28,39.28,0.098,39.28
4.0,7,11,シゲルオトヒメ,54.0,永島まな,1:53.2,1.1/4,174.2,13.0,[西] 谷潔,2019102986,202408040106,3歳以上1勝クラス｜2024年6月1日 | 競馬データベース - netkeiba,2026-05-19T11:37:22.541422,牝,5,434.0,8.0,0,0,6.8,4.67,37.5,0.1282,0,6,37.5,37.5,37.5,0.1282,37.5
5.0,4,4,ジュエリジュエリー,56.0,富田暁,1:53.3,1/2,33.5,9.0,[西] 野中賢二,2020109086,202408040106,3歳以上1勝クラス｜2024年6月1日 | 競馬データベース - netkeiba,2026-05-19T11:37:22.541422,牝,4,506.0,2.0,0,0,3.6,5.0,38.68,0.2174,0,5,38.68,38.68,38.68,0.2174,38.68
6.0,7,10,スライスヘリテージ,56.0,団野大成,1:53.5,1.1/4,68.7,11.0,[東] 金成貴史,2020100508,202408040106,3歳以上1勝クラス｜2024年6月1日 | 競馬データベース - netkeiba,2026-05-19T11:37:22.541422,牝,4,480.0,-6.0,0,0,7.2,7.33,39.64,0.122,0,11,39.64,39.64,39.64,0.122,39.64
7.0,4,5,リアンクトワ,53.0,国分優作,1:53.9,2.1/2,24.3,8.0,[西] 辻野泰之,2021103293,202408040106,3歳以上1勝クラス｜2024年6月1日 | 競馬データベース - netkeiba,2026-05-19T11:37:22.541422,牝,3,438.0,-4.0,0,0,7.4,8.67,40.16,0.119,0,5,40.16,40.16,40.16,0.119,40.16
8.0,1,1,サイモンコーラル,56.0,幸英明,1:54.1,3/4,76.1,12.0,[西] 羽月友彦,2020100629,202408040106,3歳以上1勝クラス｜2024年6月1日 | 競馬データベース - netkeiba,2026-05-19T11:37:22.541422,牝,4,464.0,4.0,0,0,8.2,10.33,37.72,0.1087,0,5,37.72,37.72,37.72,0.1087,37.72
9.0,2,2,ゴーフォマームード,55.0,田口貫太,1:54.3,1.1/2,40.3,10.0,[西] 長谷川浩,2020106473,202408040106,3歳以上1勝クラス｜2024年6月1日 | 競馬データベース - netkeiba,2026-05-19T11:37:22.541422,牝,4,442.0,0.0,0,0,9.0,8.33,39.5,0.1,0,4,39.5,39.5,39.5,0.1,39.5
10.0,3,3,アルムエアフォルク,56.0,和田竜二,1:54.4,クビ,17.4,7.0,[西] 平田修,2020105540,202408040106,3歳以上1勝クラス｜2024年6月1日 | 競馬データベース - netkeiba,2026-05-19T11:37:22.541422,牝,4,468.0,2.0,0,0,8.4,10.0,37.88,0.1064,0,11,37.88,37.88,37.88,0.1064,37.88
11.0,8,12,マベルシュシュット,53.0,松若風馬,1:54.8,2.1/2,16.7,6.0,[西] 今野貞一,2021104453,202408040106,3歳以上1勝クラス｜2024年6月1日 | 競馬データベース - netkeiba,2026-05-19T11:37:22.541422,牝,3,456.0,4.0,0,0,8.6,9.0,36.94,0.1042,0,11,36.94,36.94,36.94,0.1042,36.94
12.0,6,8,フェロニエール,53.0,Ｍ．デム,1:55.2,2.1/2,5.4,3.0,[西] 高野友和,2021105519,202408040106,3歳以上1勝クラス｜2024年6月1日 | 競馬データベース - netkeiba,2026-05-19T11:37:22.541422,牝,3,518.0,-4.0,0,0,4.6,6.67,39.06,0.1786,0,5,39.06,39.06,39.06,0.1786,39.06
13.0,8,13,タガノエリザベス,56.0,菱田裕二,1:56.3,7,13.7,5.0,[西] 岡田稲男,2020106035,202408040106,3歳以上1勝クラス｜2024年6月1日 | 競馬データベース - netkeiba,2026-05-19T11:37:22.541422,牝,4,480.0,-2.0,0,0,9.8,6.67,40.0,0.0926,0,4,40.0,40.0,40.0,0.0926,40.0
1.0,1,1,オールセインツ,54.0,岩田望来,2:12.7,,6.3,3.0,[西] 友道康夫,2021104971,202408040107,3歳以上1勝クラス｜2024年6月1日 | 競馬データベース - netkeiba,2026-05-19T11:38:02.440222,牡,3,490.0,-10.0,1,1,8.0,7.67,35.64,0.1111,0,12,35.64,35.64,35.64,0.1111,35.64
2.0,4,4,チェレスタ,52.0,西村淳也,2:12.8,1/2,1.9,1.0,[西] 松下武士,2021105472,202408040107,3歳以上1勝クラス｜2024年6月1日 | 競馬データベース - netkeiba,2026-05-19T11:38:02.440222,牝,3,486.0,6.0,0,1,1.8,1.67,34.76,0.3571,0,2,34.76,34.76,34.76,0.3571,34.76
3.0,2,2,アスターブジエ,58.0,武豊,2:13.0,1.1/2,8.6,4.0,[西] 中竹和也,2020103111,202408040107,3歳以上1勝クラス｜2024年6月1日 | 競馬データベース - netkeiba,2026-05-19T11:38:02.440222,牡,4,462.0,2.0,0,1,6.6,8.0,34.78,0.1316,0,12,34.78,34.78,34.78,0.1316,34.78
4.0,5,5,タガノデュード,54.0,古川吉洋,2:13.3,1.3/4,3.3,2.0,[西] 宮徹,2021106548,202408040107,3歳以上1勝クラス｜2024年6月1日 | 競馬データベース - netkeiba,2026-05-19T11:38:02.440222,牡,3,490.0,10.0,0,0,3.0,3.67,34.56,0.25,0,6,34.56,34.56,34.56,0.25,34.56
5.0,3,3,グルーヴビート,58.0,松山弘平,2:13.3,ハナ,10.8,5.0,[西] 中村直也,2018105021,202408040107,3歳以上1勝クラス｜2024年6月1日 | 競馬データベース - netkeiba,2026-05-19T11:38:02.440222,牡,6,480.0,2.0,0,0,3.75,5.0,0.0,0.2105,0,4,0.0,0.0,0.0,0.2105,0.0
6.0,8,9,ファームツエンティ,58.0,池添謙一,2:13.4,1/2,22.8,6.0,[西] 北出成人,2020104491,202408040107,3歳以上1勝クラス｜2024年6月1日 | 競馬データベース - netkeiba,2026-05-19T11:38:02.440222,牡,4,466.0,0.0,0,0,2.25,1.67,33.7,0.3077,0,1,33.7,33.7,33.7,0.3077,33.7
7.0,7,7,プロミシングギャル,56.0,国分優作,2:13.8,2.1/2,217.8,9.0,[西] 河嶋宏樹,2020104649,202408040107,3歳以上1勝クラス｜2024年6月1日 | 競馬データベース - netkeiba,2026-05-19T11:38:02.440222,牝,4,452.0,14.0,0,0,5.5,6.5,39.3,0.1538,0,6,39.3,39.3,39.3,0.1538,39.3
8.0,6,6,ダンスフェイマス,54.0,河原田菜,2:14.3,3,69.1,7.0,[西] 吉田直弘,2020101242,202408040107,3歳以上1勝クラス｜2024年6月1日 | 競馬データベース - netkeiba,2026-05-19T11:38:02.440222,牡,4,476.0,-12.0,0,0,9.33,9.33,38.43,0.0968,0,12,38.43,38.43,38.43,0.0968,38.43
9.0,8,8,アットアブラスト,58.0,幸英明,2:14.8,3,90.5,8.0,[西] 小椋研介,2020101323,202408040107,3歳以上1勝クラス｜2024年6月1日 | 競馬データベース - netkeiba,2026-05-19T11:38:02.440222,牡,4,462.0,2.0,0,0,5.8,4.67,34.74,0.1471,0,1,34.74,34.74,34.74,0.1471,34.74
1.0,2,2,ドットクルー,58.0,岩田望来,1:45.9,,5.2,3.0,[西] 笹田和秀,2020101486,202408040108,聖護院特別｜2024年6月1日 | 競馬データベース - netkeiba,2026-05-19T11:38:28.966945,牡,4,468.0,6.0,1,1,7.4,7.33,34.34,0.119,0,4,34.34,34.34,34.34,0.119,34.34
2.0,3,3,ミエスペランサ,53.0,西村淳也,1:46.0,クビ,2.3,1.0,[西] 池江泰寿,2021105800,202408040108,聖護院特別｜2024年6月1日 | 競馬データベース - netkeiba,2026-05-19T11:38:28.966945,牝,3,448.0,16.0,0,1,7.2,9.0,33.6,0.122,0,13,33.6,33.6,33.6,0.122,33.6
3.0,5,5,ストップザタイム,58.0,古川吉洋,1:46.1,1/2,6.8,4.0,[西] 昆貢,2019101873,202408040108,聖護院特別｜2024年6月1日 | 競馬データベース - netkeiba,2026-05-19T11:38:28.966945,牡,5,526.0,2.0,0,1,4.4,2.67,36.24,0.1852,0,2,36.24,36.24,36.24,0.1852,36.24
4.0,1,1,ロードマンハイム,58.0,坂井瑠星,1:46.1,クビ,3.1,2.0,[西] 友道康夫,2020100177,202408040108,聖護院特別｜2024年6月1日 | 競馬データベース - netkeiba,2026-05-19T11:38:28.966945,牡,4,504.0,-2.0,0,0,5.0,5.0,34.82,0.1667,0,7,34.82,34.82,34.82,0.1667,34.82
5.0,4,4,エルディアブロ,58.0,藤岡佑介,1:46.1,ハナ,13.0,6.0,[西] 佐々木晶,2018104512,202408040108,聖護院特別｜2024年6月1日 | 競馬データベース - netkeiba,2026-05-19T11:38:28.966945,牡,6,458.0,2.0,0,0,5.4,5.0,34.86,0.1562,0,6,34.86,34.86,34.86,0.1562,34.86
6.0,6,6,エバーシャドネー,56.0,武豊,1:46.2,クビ,11.1,5.0,[西] 藤岡健一,2019105108,202408040108,聖護院特別｜2024年6月1日 | 競馬データベース - netkeiba,2026-05-19T11:38:28.966945,牝,5,466.0,20.0,0,0,3.2,4.33,34.84,0.2381,0,1,34.84,34.84,34.84,0.2381,34.84
7.0,7,7,ブレバ,58.0,和田竜二,1:49.4,大,95.2,7.0,[西] 中竹和也,2020101115,202408040108,聖護院特別｜2024年6月1日 | 競馬データベース - netkeiba,2026-05-19T11:38:28.966945,牡,4,520.0,18.0,0,0,6.6,6.0,40.25,0.1316,0,1,40.25,40.25,40.25,0.1316,40.25
1.0,7,14,エスカル,55.0,松若風馬,1:10.7,,6.9,4.0,[西] 森秀行,2021110069,202408040109,3歳以上1勝クラス｜2024年6月1日 | 競馬データベース - netkeiba,2026-05-19T11:38:50.325291,牡,3,474.0,-10.0,1,1,6.6,7.33,35.54,0.1316,0,11,35.54,35.54,35.54,0.1316,35.54
2.0,2,3,パドマ,53.0,加藤祥太,1:11.1,2.1/2,7.2,5.0,[西] 杉山晴紀,2021102953,202408040109,3歳以上1勝クラス｜2024年6月1日 | 競馬データベース - netkeiba,2026-05-19T11:38:50.325291,牝,3,492.0,-8.0,0,1,4.6,5.0,36.14,0.1786,0,7,36.14,36.14,36.14,0.1786,36.14
3.0,5,10,メイショウタイゲイ,58.0,団野大成,1:11.2,クビ,12.5,6.0,[西] 荒川義之,2019104169,202408040109,3歳以上1勝クラス｜2024年6月1日 | 競馬データベース - netkeiba,2026-05-19T11:38:50.325291,牡,5,458.0,4.0,0,1,10.0,10.33,36.12,0.0909,0,12,36.12,36.12,36.12,0.0909,36.12
4.0,3,5,ハリウッドブルース,55.0,水口優也,1:11.3,1,5.7,3.0,[西] 浜田多実,2021104514,202408040109,3歳以上1勝クラス｜2024年6月1日 | 競馬データベース - netkeiba,2026-05-19T11:38:50.325291,牡,3,456.0,-2.0,0,0,7.2,6.67,35.7,0.122,0,3,35.7,35.7,35.7,0.122,35.7
5.0,2,4,メイショウヤーキス,55.0,幸英明,1:11.4,クビ,5.0,2.0,[西] 飯田祐史,2021102573,202408040109,3歳以上1勝クラス｜2024年6月1日 | 競馬データベース - netkeiba,2026-05-19T11:38:50.325291,牡,3,438.0,-2.0,0,0,6.6,7.67,36.4,0.1316,0,13,36.4,36.4,36.4,0.1316,36.4
6.0,8,16,エコロエイト,54.0,田口貫太,1:11.5,1/2,40.3,11.0,[西] 須貝尚介,2021110104,202408040109,3歳以上1勝クラス｜2024年6月1日 | 競馬データベース - netkeiba,2026-05-19T11:38:50.325291,牡,3,502.0,14.0,0,0,5.6,4.0,37.12,0.1515,0,9,37.12,37.12,37.12,0.1515,37.12
7.0,8,15,ゴイゴイスー,58.0,川須栄彦,1:11.7,1.1/4,18.5,7.0,[西] 中尾秀正,2018103388,202408040109,3歳以上1勝クラス｜2024年6月1日 | 競馬データベース - netkeiba,2026-05-19T11:38:50.325291,牡,6,510.0,4.0,0,0,8.8,10.67,35.98,0.102,0,13,35.98,35.98,35.98,0.102,35.98
8.0,4,8,スーパーアグリ,58.0,坂井瑠星,1:11.8,3/4,33.4,10.0,[西] 矢作芳人,2020103340,202408040109,3歳以上1勝クラス｜2024年6月1日 | 競馬データベース - netkeiba,2026-05-19T11:38:50.325291,牡,4,466.0,4.0,0,0,8.8,10.67,38.0,0.102,0,12,38.0,38.0,38.0,0.102,38.0
9.0,3,6,クリニエールグラス,53.0,高杉吏麒,1:11.9,3/4,40.8,12.0,[西] 浜田多実,2019103978,202408040109,3歳以上1勝クラス｜2024年6月1日 | 競馬データベース - netkeiba,2026-05-19T11:38:50.325291,牝,5,460.0,6.0,0,0,9.4,13.0,37.5,0.0962,0,18,37.5,37.5,37.5,0.0962,37.5
10.0,7,13,プレヴィスト,53.0,松山弘平,1:12.0,クビ,3.9,1.0,[西] 池添学,2021101406,202408040109,3歳以上1勝クラス｜2024年6月1日 | 競馬データベース - netkeiba,2026-05-19T11:38:50.325291,牝,3,462.0,-2.0,0,0,11.4,14.0,37.76,0.0806,0,16,37.76,37.76,37.76,0.0806,37.76
11.0,5,9,マルモリキング,57.0,泉谷楓真,1:12.1,3/4,26.3,9.0,[西] 大橋勇樹,2020100994,202408040109,3歳以上1勝クラス｜2024年6月1日 | 競馬データベース - netkeiba,2026-05-19T11:38:50.325291,牡,4,534.0,6.0,0,0,7.8,6.67,37.7,0.1136,0,8,37.7,37.7,37.7,0.1136,37.7
12.0,1,1,マンノライトニング,57.0,角田大和,1:12.2,1/2,150.5,15.0,[西] 角田晃一,2020101113,202408040109,3歳以上1勝クラス｜2024年6月1日 | 競馬データベース - netkeiba,2026-05-19T11:38:50.325291,牡,4,446.0,-6.0,0,0,3.2,3.33,39.18,0.2381,0,3,39.18,39.18,39.18,0.2381,39.18
13.0,1,2,リリーエクスプレス,55.0,鮫島克駿,1:12.3,1/2,52.2,13.0,[西] 茶木太樹,2021101470,202408040109,3歳以上1勝クラス｜2024年6月1日 | 競馬データベース - netkeiba,2026-05-19T11:38:50.325291,牡,3,556.0,16.0,0,0,8.0,11.67,39.24,0.1111,0,12,39.24,39.24,39.24,0.1111,39.24
14.0,4,7,シアープレジャー,54.0,永島まな,1:12.5,1.1/4,229.2,16.0,[西] 緒方努,2017103278,202408040109,3歳以上1勝クラス｜2024年6月1日 | 競馬データベース - netkeiba,2026-05-19T11:38:50.325291,牝,7,442.0,-8.0,0,0,7.2,8.0,41.46,0.122,0,8,41.46,41.46,41.46,0.122,41.46
15.0,6,11,グレアミラージュ,58.0,小牧太,1:12.5,アタマ,55.9,14.0,[西] 笹田和秀,2017100426,202408040109,3歳以上1勝クラス｜2024年6月1日 | 競馬データベース - netkeiba,2026-05-19T11:38:50.325291,牡,7,476.0,14.0,0,0,4.6,5.67,40.36,0.1786,0,9,40.36,40.36,40.36,0.1786,40.36
16.0,6,12,ノースディーバ,56.0,西塚洸二,1:13.1,3.1/2,24.3,8.0,[西] 鮫島一歩,2020105298,202408040109,3歳以上1勝クラス｜2024年6月1日 | 競馬データベース - netkeiba,2026-05-19T11:38:50.325291,牡,4,526.0,0.0,0,0,7.0,6.33,36.3,0.125,0,3,36.3,36.3,36.3,0.125,36.3
1.0,7,8,メイショウシナノ,58.0,田口貫太,1:53.5,,10.9,6.0,[西] 大橋勇樹,2020106635,202408040110,若狭湾特別｜2024年6月1日 | 競馬データベース - netkeiba,2026-05-19T11:39:37.908526,牡,4,488.0,-4.0,1,1,6.6,4.67,36.62,0.1316,0,7,36.62,36.62,36.62,0.1316,36.62
2.0,5,5,サンライズパスカル,58.0,菱田裕二,1:53.7,1,4.9,3.0,[西] 石坂公一,2020102343,202408040110,若狭湾特別｜2024年6月1日 | 競馬データベース - netkeiba,2026-05-19T11:39:37.908526,牡,4,542.0,-2.0,0,1,8.2,6.0,37.14,0.1087,0,5,37.14,37.14,37.14,0.1087,37.14
3.0,8,10,ティルドーン,58.0,川田将雅,1:53.9,1.1/4,2.6,1.0,[西] 森秀行,2020110132,202408040110,若狭湾特別｜2024年6月1日 | 競馬データベース - netkeiba,2026-05-19T11:39:37.908526,牡,4,522.0,-2.0,0,1,9.0,6.33,41.74,0.1,0,4,41.74,41.74,41.74,0.1,41.74
4.0,4,4,ヒロノオオゾラ,58.0,幸英明,1:54.4,3,8.1,4.0,[西] 宮本博,2020101200,202408040110,若狭湾特別｜2024年6月1日 | 競馬データベース - netkeiba,2026-05-19T11:39:37.908526,牡,4,482.0,2.0,0,0,4.8,7.0,37.54,0.1724,0,10,37.54,37.54,37.54,0.1724,37.54
5.0,7,7,ジルバーン,58.0,坂井瑠星,1:54.5,クビ,4.4,2.0,[西] 緒方努,2019104761,202408040110,若狭湾特別｜2024年6月1日 | 競馬データベース - netkeiba,2026-05-19T11:39:37.908526,牡,5,438.0,0.0,0,0,4.4,4.33,39.56,0.1852,0,9,39.56,39.56,39.56,0.1852,39.56
6.0,6,6,パーサヴィアランス,58.0,和田竜二,1:54.7,1.1/4,12.3,7.0,[西] 西村真幸,2019105330,202408040110,若狭湾特別｜2024年6月1日 | 競馬データベース - netkeiba,2026-05-19T11:39:37.908526,牡,5,448.0,0.0,0,0,8.75,8.0,37.35,0.1026,0,9,37.35,37.35,37.35,0.1026,37.35
7.0,2,2,バックトゥザライト,58.0,岩田望来,1:54.9,1.1/4,8.6,5.0,[西] 辻野泰之,2020102687,202408040110,若狭湾特別｜2024年6月1日 | 競馬データベース - netkeiba,2026-05-19T11:39:37.908526,牡,4,514.0,0.0,0,0,9.2,8.33,37.6,0.098,0,3,37.6,37.6,37.6,0.098,37.6
8.0,1,1,テンウォークライ,58.0,鮫島克駿,1:55.1,1.1/4,165.2,10.0,[東] 金成貴史,2018100247,202408040110,若狭湾特別｜2024年6月1日 | 競馬データベース - netkeiba,2026-05-19T11:39:37.908526,牡,6,476.0,0.0,0,0,10.25,9.5,37.55,0.0889,0,8,37.55,37.55,37.55,0.0889,37.55
9.0,3,3,ダイシンクローバー,58.0,黒岩悠,1:55.1,アタマ,67.0,8.0,[西] 高橋一哉,2016100158,202408040110,若狭湾特別｜2024年6月1日 | 競馬データベース - netkeiba,2026-05-19T11:39:37.908526,セ,8,508.0,18.0,0,0,9.5,10.5,0.0,0.0952,0,10,0.0,0.0,0.0,0.0952,0.0
10.0,8,9,エクストラノート,58.0,松山弘平,1:56.1,6,89.7,9.0,[東] 加藤和宏,2017103267,202408040110,若狭湾特別｜2024年6月1日 | 競馬データベース - netkeiba,2026-05-19T11:39:37.908526,セ,7,480.0,-2.0,0,0,9.2,9.0,37.76,0.098,0,9,37.76,37.76,37.76,0.098,37.76
1.0,6,9,ヨーホーレイク,57.0,岩田望来,1:57.2,,2.5,1.0,[西] 友道康夫,2018105012,202408040111,鳴尾記念｜2024年6月1日 | 競馬データベース - netkeiba,2026-05-19T11:40:10.772993,牡,6,518.0,0.0,1,1,9.6,9.33,35.42,0.0943,0,7,35.42,35.42,35.42,0.0943,35.42
2.0,3,4,ボッケリーニ,57.0,モレイラ,1:57.2,アタマ,2.8,2.0,[西] 池江泰寿,2016104618,202408040111,鳴尾記念｜2024年6月1日 | 競馬データベース - netkeiba,2026-05-19T11:40:10.772993,牡,8,474.0,4.0,0,1,5.5,7.5,35.65,0.1538,0,13,35.65,35.65,35.65,0.1538,35.65
3.0,8,14,エアサージュ,57.0,松山弘平,1:57.4,1.1/2,10.4,5.0,[西] 池添学,2018110137,202408040111,鳴尾記念｜2024年6月1日 | 競馬データベース - netkeiba,2026-05-19T11:40:10.772993,牡,6,532.0,2.0,0,1,3.2,4.0,34.84,0.2381,0,3,34.84,34.84,34.84,0.2381,34.84
4.0,4,5,ヤマニンサンパ,57.0,団野大成,1:57.4,アタマ,20.6,6.0,[西] 斉藤崇史,2018102020,202408040111,鳴尾記念｜2024年6月1日 | 競馬データベース - netkeiba,2026-05-19T11:40:10.772993,牡,6,484.0,-2.0,0,0,7.2,6.67,33.34,0.122,0,4,33.34,33.34,33.34,0.122,33.34
5.0,2,2,ディープモンスター,57.0,浜中俊,1:57.5,1/2,7.8,4.0,[西] 池江泰寿,2018104475,202408040111,鳴尾記念｜2024年6月1日 | 競馬データベース - netkeiba,2026-05-19T11:40:10.772993,牡,6,468.0,4.0,0,0,3.8,4.33,34.72,0.2083,0,1,34.72,34.72,34.72,0.2083,34.72
6.0,1,1,カラテ,57.0,高杉吏麒,1:57.7,3/4,55.5,8.0,[西] 音無秀孝,2016106606,202408040111,鳴尾記念｜2024年6月1日 | 競馬データベース - netkeiba,2026-05-19T11:40:10.772993,牡,8,534.0,4.0,0,0,11.2,10.67,35.02,0.082,0,10,35.02,35.02,35.02,0.082,35.02
7.0,3,3,バビット,57.0,和田竜二,1:57.9,1.1/4,42.7,7.0,[西] 浜田多実,2017103000,202408040111,鳴尾記念｜2024年6月1日 | 競馬データベース - netkeiba,2026-05-19T11:40:10.772993,牡,7,458.0,-6.0,0,0,10.6,11.67,36.5,0.0862,0,12,36.5,36.5,36.5,0.0862,36.5
8.0,5,7,スカーフェイス,57.0,松若風馬,1:58.2,1.3/4,109.9,12.0,[西] 中竹和也,2016105681,202408040111,鳴尾記念｜2024年6月1日 | 競馬データベース - netkeiba,2026-05-19T11:40:10.772993,牡,8,464.0,0.0,0,0,8.6,7.67,35.2,0.1042,0,8,35.2,35.2,35.2,0.1042,35.2
9.0,5,8,アリストテレス,57.0,横山典弘,1:58.3,1,63.4,9.0,[西] 上村洋行,2017105525,202408040111,鳴尾記念｜2024年6月1日 | 競馬データベース - netkeiba,2026-05-19T11:40:10.772993,牡,7,482.0,-8.0,0,0,12.2,10.0,35.32,0.0758,0,9,35.32,35.32,35.32,0.0758,35.32
10.0,6,10,フォワードアゲン,57.0,藤岡佑介,1:58.5,1.1/4,182.3,13.0,[東] 加藤和宏,2017102537,202408040111,鳴尾記念｜2024年6月1日 | 競馬データベース - netkeiba,2026-05-19T11:40:10.772993,セ,7,438.0,2.0,0,0,10.25,10.5,35.57,0.0889,0,12,35.57,35.57,35.57,0.0889,35.57
11.0,7,12,ホウオウアマゾン,57.0,坂井瑠星,1:58.6,クビ,84.6,10.0,[西] 矢作芳人,2018105192,202408040111,鳴尾記念｜2024年6月1日 | 競馬データベース - netkeiba,2026-05-19T11:40:10.772993,牡,6,518.0,4.0,0,0,12.75,11.67,36.25,0.0727,0,11,36.25,36.25,36.25,0.0727,36.25
12.0,8,13,ニホンピロキーフ,57.0,田口貫太,1:59.0,2.1/2,6.6,3.0,[西] 大橋勇樹,2020104564,202408040111,鳴尾記念｜2024年6月1日 | 競馬データベース - netkeiba,2026-05-19T11:40:10.772993,牡,4,480.0,0.0,0,0,4.0,4.0,33.42,0.2,0,5,33.42,33.42,33.42,0.2,33.42
13.0,7,11,アウスヴァール,57.0,古川吉洋,1:59.3,2,99.1,11.0,[西] 昆貢,2018101010,202408040111,鳴尾記念｜2024年6月1日 | 競馬データベース - netkeiba,2026-05-19T11:40:10.772993,セ,6,484.0,2.0,0,0,13.0,11.67,38.83,0.0714,0,6,38.83,38.83,38.83,0.0714,38.83
,4,6,ロードデルレイ,57.0,川田将雅,,,,,[西] 中内田充,2020100157,202408040111,鳴尾記念｜2024年6月1日 | 競馬データベース - netkeiba,2026-05-19T11:40:10.772993,牡,4,480.0,-6.0,0,0,3.0,3.67,35.06,0.25,0,8,35.06,35.06,35.06,0.25,35.06
1.0,6,9,ベンダバリラビア,55.0,今村聖奈,1:11.5,,12.8,5.0,[西] 寺島良,2020101968,202408040112,3歳以上2勝クラス｜2024年6月1日 | 競馬データベース - netkeiba,2026-05-19T11:40:50.419976,牡,4,534.0,4.0,1,1,4.6,2.0,38.78,0.1786,0,4,38.78,38.78,38.78,0.1786,38.78
2.0,7,12,ギーロカスタル,58.0,和田竜二,1:11.5,クビ,20.1,8.0,[西] 鈴木孝志,2020104845,202408040112,3歳以上2勝クラス｜2024年6月1日 | 競馬データベース - netkeiba,2026-05-19T11:40:50.419976,牡,4,458.0,0.0,0,1,9.2,8.67,37.64,0.098,0,10,37.64,37.64,37.64,0.098,37.64
3.0,6,10,ピカリエ,56.0,鮫島克駿,1:11.7,1.1/4,6.1,3.0,[東] 金成貴史,2019104288,202408040112,3歳以上2勝クラス｜2024年6月1日 | 競馬データベース - netkeiba,2026-05-19T11:40:50.419976,牝,5,494.0,0.0,0,1,8.6,12.33,36.62,0.1042,0,11,36.62,36.62,36.62,0.1042,36.62
4.0,4,6,エコロアレス,58.0,武豊,1:11.9,3/4,2.5,1.0,[西] 森秀行,2020110136,202408040112,3歳以上2勝クラス｜2024年6月1日 | 競馬データベース - netkeiba,2026-05-19T11:40:50.419976,牡,4,472.0,-6.0,0,0,12.4,11.0,40.5,0.0746,0,12,40.5,40.5,40.5,0.0746,40.5
5.0,5,7,スピリットワールド,57.0,角田大河,1:12.4,3,17.6,6.0,[西] 石橋守,2019101860,202408040112,3歳以上2勝クラス｜2024年6月1日 | 競馬データベース - netkeiba,2026-05-19T11:40:50.419976,牡,5,546.0,4.0,0,0,2.2,2.33,38.54,0.3125,0,3,38.54,38.54,38.54,0.3125,38.54
6.0,3,3,シャイニーズラン,55.0,吉村誠之,1:12.4,アタマ,312.0,14.0,[西] 森田直行,2017100728,202408040112,3歳以上2勝クラス｜2024年6月1日 | 競馬データベース - netkeiba,2026-05-19T11:40:50.419976,牡,7,468.0,0.0,0,0,3.0,2.5,39.58,0.25,0,3,39.58,39.58,39.58,0.25,39.58
7.0,4,5,サウスジェラート,56.0,横山典弘,1:12.4,クビ,18.0,7.0,[東] 伊坂重信,2018104022,202408040112,3歳以上2勝クラス｜2024年6月1日 | 競馬データベース - netkeiba,2026-05-19T11:40:50.419976,牝,6,482.0,2.0,0,0,6.6,7.67,36.46,0.1316,0,6,36.46,36.46,36.46,0.1316,36.46
8.0,7,11,プリティインピンク,54.0,永島まな,1:12.5,1/2,130.6,11.0,[東] 小手川準,2018104208,202408040112,3歳以上2勝クラス｜2024年6月1日 | 競馬データベース - netkeiba,2026-05-19T11:40:50.419976,牝,6,446.0,-2.0,0,0,7.0,5.67,36.14,0.125,0,7,36.14,36.14,36.14,0.125,36.14
9.0,2,2,エスパダアスール,53.0,高杉吏麒,1:12.6,クビ,22.6,9.0,[東] 武藤善則,2018103430,202408040112,3歳以上2勝クラス｜2024年6月1日 | 競馬データベース - netkeiba,2026-05-19T11:40:50.419976,牝,6,442.0,-12.0,0,0,12.2,14.0,38.06,0.0758,0,16,38.06,38.06,38.06,0.0758,38.06
10.0,8,13,ロードフロンティア,54.0,田口貫太,1:12.7,1/2,3.7,2.0,[西] 松下武士,2021100161,202408040112,3歳以上2勝クラス｜2024年6月1日 | 競馬データベース - netkeiba,2026-05-19T11:40:50.419976,牡,3,452.0,-2.0,0,0,11.0,11.33,37.38,0.0833,0,15,37.38,37.38,37.38,0.0833,37.38
11.0,8,14,ヤングワールド,58.0,幸英明,1:12.8,3/4,12.2,4.0,[東] 手塚貴久,2020101230,202408040112,3歳以上2勝クラス｜2024年6月1日 | 競馬データベース - netkeiba,2026-05-19T11:40:50.419976,牡,4,570.0,4.0,0,0,13.2,14.67,37.2,0.0704,0,16,37.2,37.2,37.2,0.0704,37.2
12.0,5,8,ダークンストーミー,54.0,河原田菜,1:13.2,2.1/2,149.5,12.0,[東] 小笠倫弘,2020100656,202408040112,3歳以上2勝クラス｜2024年6月1日 | 競馬データベース - netkeiba,2026-05-19T11:40:50.419976,牡,4,448.0,-4.0,0,0,10.25,11.0,40.78,0.0889,0,10,40.78,40.78,40.78,0.0889,40.78
13.0,1,1,カッコヨカ,58.0,小牧太,1:13.5,2,261.3,13.0,[西] 笹田和秀,2019109159,202408040112,3歳以上2勝クラス｜2024年6月1日 | 競馬データベース - netkeiba,2026-05-19T11:40:50.419976,牡,5,466.0,-8.0,0,0,10.8,12.33,38.54,0.0847,0,12,38.54,38.54,38.54,0.0847,38.54
14.0,3,4,サイモンギフト,58.0,岩田望来,1:14.1,3.1/2,22.7,10.0,[東] 勢司和浩,2020100639,202408040112,3歳以上2勝クラス｜2024年6月1日 | 競馬データベース - netkeiba,2026-05-19T11:40:50.419976,牡,4,488.0,-10.0,0,0,13.2,14.0,38.3,0.0704,0,15,38.3,38.3,38.3,0.0704,38.3
1.0,2,3,マフィン,55.0,坂井瑠星,1:36.6,,3.4,2.0,[東] 大和田成,2021101219,202405030201,3歳未勝利｜2024年6月2日 | 競馬データベース - netkeiba,2026-05-19T11:41:39.875120,牝,3,414.0,8.0,1,1,9.4,9.67,37.62,0.0962,0,11,37.62,37.62,37.62,0.0962,37.62
2.0,6,11,ケープウィッカム,55.0,モレイラ,1:36.7,クビ,2.1,1.0,[東] 中舘英二,2021105896,202405030201,3歳未勝利｜2024年6月2日 | 競馬データベース - netkeiba,2026-05-19T11:41:39.875120,牝,3,444.0,2.0,0,1,5.2,3.0,37.92,0.1613,0,2,37.92,37.92,37.92,0.1613,37.92
3.0,5,10,カレンタクト,55.0,三浦皇成,1:36.7,クビ,7.9,4.0,[東] 田村康仁,2021104128,202405030201,3歳未勝利｜2024年6月2日 | 競馬データベース - netkeiba,2026-05-19T11:41:39.875120,牝,3,494.0,-2.0,0,1,5.6,4.67,40.52,0.1515,0,8,40.52,40.52,40.52,0.1515,40.52
4.0,6,12,ツインクルステージ,55.0,菅原明良,1:36.9,1.1/4,7.3,3.0,[東] 高木登,2021103512,202405030201,3歳未勝利｜2024年6月2日 | 競馬データベース - netkeiba,2026-05-19T11:41:39.875120,牝,3,500.0,0.0,0,0,13.2,12.33,39.54,0.0704,0,12,39.54,39.54,39.54,0.0704,39.54
5.0,4,8,タマモポロネーズ,54.0,永野猛蔵,1:37.2,1.3/4,11.5,5.0,[東] 伊藤圭三,2021104523,202405030201,3歳未勝利｜2024年6月2日 | 競馬データベース - netkeiba,2026-05-19T11:41:39.875120,牝,3,448.0,2.0,0,0,5.8,5.67,39.76,0.1471,0,4,39.76,39.76,39.76,0.1471,39.76
6.0,3,5,モディリアーニ,55.0,佐々木大,1:37.3,3/4,32.9,7.0,[東] 萩原清,2021105346,202405030201,3歳未勝利｜2024年6月2日 | 競馬データベース - netkeiba,2026-05-19T11:41:39.875120,牝,3,496.0,6.0,0,0,4.6,3.67,38.46,0.1786,0,5,38.46,38.46,38.46,0.1786,38.46
7.0,3,6,ペイシャアゲイン,55.0,江田照男,1:37.7,2.1/2,24.3,6.0,[東] 伊藤伸一,2021104216,202405030201,3歳未勝利｜2024年6月2日 | 競馬データベース - netkeiba,2026-05-19T11:41:39.875120,牝,3,486.0,8.0,0,0,3.8,4.67,39.74,0.2083,0,6,39.74,39.74,39.74,0.2083,39.74
8.0,8,16,ダズリングティアラ,52.0,長浜鴻緒,1:38.3,3.1/2,66.7,9.0,[東] 西田雄一,2021104939,202405030201,3歳未勝利｜2024年6月2日 | 競馬データベース - netkeiba,2026-05-19T11:41:39.875120,牝,3,436.0,0.0,0,0,5.5,4.67,39.92,0.1538,0,5,39.92,39.92,39.92,0.1538,39.92
9.0,8,15,コルヴィル,51.0,小林美駒,1:38.4,クビ,67.1,10.0,[東] 和田勇介,2021104511,202405030201,3歳未勝利｜2024年6月2日 | 競馬データベース - netkeiba,2026-05-19T11:41:39.875120,牝,3,476.0,-8.0,0,0,6.75,6.33,37.42,0.129,0,5,37.42,37.42,37.42,0.129,37.42
10.0,5,9,ホウオウマリアン,55.0,石橋脩,1:38.6,1.1/4,50.1,8.0,[東] 尾形和幸,2021103542,202405030201,3歳未勝利｜2024年6月2日 | 競馬データベース - netkeiba,2026-05-19T11:41:39.875120,牝,3,434.0,4.0,0,0,6.8,7.33,42.6,0.1282,0,6,42.6,42.6,42.6,0.1282,42.6
11.0,7,14,ゴールドマジカル,55.0,杉原誠人,1:39.0,2.1/2,125.8,11.0,[東] 中川公成,2021106878,202405030201,3歳未勝利｜2024年6月2日 | 競馬データベース - netkeiba,2026-05-19T11:41:39.875120,牝,3,428.0,-2.0,0,0,6.25,8.5,40.98,0.1379,0,9,40.98,40.98,40.98,0.1379,40.98
12.0,4,7,アキノヨナガニ,52.0,石田拓郎,1:39.2,1.1/4,443.3,16.0,[東] 蛯名利弘,2021101993,202405030201,3歳未勝利｜2024年6月2日 | 競馬データベース - netkeiba,2026-05-19T11:41:39.875120,牝,3,404.0,-2.0,0,0,10.6,10.33,43.02,0.0862,0,10,43.02,43.02,43.02,0.0862,43.02
13.0,7,13,クツワワールド,52.0,石神深道,1:39.6,2.1/2,403.1,15.0,[東] 岩戸孝樹,2021104266,202405030201,3歳未勝利｜2024年6月2日 | 競馬データベース - netkeiba,2026-05-19T11:41:39.875120,牝,3,446.0,6.0,0,0,10.0,8.67,38.38,0.0909,0,7,38.38,38.38,38.38,0.0909,38.38
14.0,1,1,アフタヌーンティー,52.0,小林勝太,1:39.7,1/2,193.0,14.0,[東] 田村康仁,2021103692,202405030201,3歳未勝利｜2024年6月2日 | 競馬データベース - netkeiba,2026-05-19T11:41:39.875120,牝,3,468.0,1.0,0,0,6.6,7.67,41.72,0.1316,0,5,41.72,41.72,41.72,0.1316,41.72
15.0,1,2,ミヤビアストレア,55.0,長岡禎仁,1:40.9,7,149.7,12.0,[東] 高橋文雅,2021107277,202405030201,3歳未勝利｜2024年6月2日 | 競馬データベース - netkeiba,2026-05-19T11:41:39.875120,牝,3,470.0,0.0,0,0,5.8,8.0,39.7,0.1471,0,11,39.7,39.7,39.7,0.1471,39.7
16.0,2,4,ウルティモ,55.0,菊沢一樹,1:43.5,大,164.3,13.0,[東] 高橋文雅,2021101209,202405030201,3歳未勝利｜2024年6月2日 | 競馬データベース - netkeiba,2026-05-19T11:41:39.875120,牝,3,484.0,0.0,0,0,4.0,5.0,40.36,0.2,0,5,40.36,40.36,40.36,0.2,40.36
1.0,8,16,ヴァズレーヌ,54.0,永野猛蔵,2:11.0,,6.1,3.0,[東] 嘉藤貴行,2021106707,202405030202,3歳未勝利｜2024年6月2日 | 競馬データベース - netkeiba,2026-05-19T11:42:24.486973,牝,3,456.0,4.0,1,1,7.8,8.67,38.88,0.1136,0,1,38.88,38.88,38.88,0.1136,38.88
2.0,4,7,シグムンド,57.0,柴田大知,2:11.1,3/4,23.4,7.0,[東] 岩戸孝樹,2021106353,202405030202,3歳未勝利｜2024年6月2日 | 競馬データベース - netkeiba,2026-05-19T11:42:24.486973,牡,3,494.0,2.0,0,1,7.8,5.67,39.0,0.1136,0,8,39.0,39.0,39.0,0.1136,39.0
3.0,3,6,ロードインフェルノ,57.0,戸崎圭太,2:11.2,3/4,2.9,2.0,[東] 尾形和幸,2021101201,202405030202,3歳未勝利｜2024年6月2日 | 競馬データベース - netkeiba,2026-05-19T11:42:24.486973,牡,3,476.0,6.0,0,1,5.6,6.0,38.36,0.1515,0,9,38.36,38.36,38.36,0.1515,38.36
4.0,5,10,ワオン,57.0,モレイラ,2:11.4,1,2.6,1.0,[東] 武藤善則,2021101395,202405030202,3歳未勝利｜2024年6月2日 | 競馬データベース - netkeiba,2026-05-19T11:42:24.486973,牡,3,466.0,10.0,0,0,10.4,11.33,37.78,0.0877,0,9,37.78,37.78,37.78,0.0877,37.78
5.0,3,5,リフレイン,55.0,宮崎北斗,2:11.8,2,134.3,12.0,[東] 鈴木慎太,2021102766,202405030202,3歳未勝利｜2024年6月2日 | 競馬データベース - netkeiba,2026-05-19T11:42:24.486973,牝,3,460.0,-2.0,0,0,7.0,6.0,39.26,0.125,0,10,39.26,39.26,39.26,0.125,39.26
6.0,8,15,ビーナスライズ,55.0,菊沢一樹,2:11.9,1,12.6,4.0,[東] 小手川準,2021102342,202405030202,3歳未勝利｜2024年6月2日 | 競馬データベース - netkeiba,2026-05-19T11:42:24.486973,牝,3,480.0,0.0,0,0,2.8,3.67,39.96,0.2632,0,6,39.96,39.96,39.96,0.2632,39.96
7.0,7,13,ベルウッドリアン,57.0,吉田豊,2:12.2,1.1/2,31.1,9.0,[東] 高橋文雅,2021109072,202405030202,3歳未勝利｜2024年6月2日 | 競馬データベース - netkeiba,2026-05-19T11:42:24.486973,牡,3,496.0,6.0,0,0,2.2,2.0,39.86,0.3125,0,2,39.86,39.86,39.86,0.3125,39.86
8.0,4,8,ダノンタイムリー,57.0,横山典弘,2:12.4,1.1/2,14.1,5.0,[東] 尾関知人,2021105151,202405030202,3歳未勝利｜2024年6月2日 | 競馬データベース - netkeiba,2026-05-19T11:42:24.486973,牡,3,456.0,4.0,0,0,13.4,14.67,37.54,0.0694,0,15,37.54,37.54,37.54,0.0694,37.54
9.0,5,9,アクセルホーリー,57.0,木幡巧也,2:12.9,3,151.3,14.0,[東] 松山将樹,2021103705,202405030202,3歳未勝利｜2024年6月2日 | 競馬データベース - netkeiba,2026-05-19T11:42:24.486973,牡,3,476.0,-2.0,0,0,5.2,5.67,41.52,0.1613,0,5,41.52,41.52,41.52,0.1613,41.52
10.0,6,12,ユキノロンシャン,54.0,小林勝太,2:13.0,クビ,366.3,16.0,[東] 石毛善彦,2021104528,202405030202,3歳未勝利｜2024年6月2日 | 競馬データベース - netkeiba,2026-05-19T11:42:24.486973,セ,3,454.0,-2.0,0,0,11.4,12.0,38.12,0.0806,0,14,38.12,38.12,38.12,0.0806,38.12
11.0,1,1,ハクシュ,57.0,佐々木大,2:13.2,1.1/2,114.8,11.0,[東] 加藤征弘,2021107009,202405030202,3歳未勝利｜2024年6月2日 | 競馬データベース - netkeiba,2026-05-19T11:42:24.486973,牡,3,506.0,-2.0,0,0,0.0,0.0,0.0,0.0,0,0,0.0,0.0,0.0,0.0,0.0
12.0,6,11,ヤマニンファリダ,52.0,長浜鴻緒,2:13.6,2.1/2,200.9,15.0,[東] 千葉直人,2021106599,202405030202,3歳未勝利｜2024年6月2日 | 競馬データベース - netkeiba,2026-05-19T11:42:24.486973,牝,3,446.0,6.0,0,0,6.0,6.67,40.76,0.1429,0,9,40.76,40.76,40.76,0.1429,40.76
13.0,2,4,アツキヤマト,57.0,内田博幸,2:13.7,クビ,73.2,10.0,[東] 栗田徹,2021103918,202405030202,3歳未勝利｜2024年6月2日 | 競馬データベース - netkeiba,2026-05-19T11:42:24.486973,牡,3,500.0,-8.0,0,0,5.2,7.0,37.22,0.1613,0,12,37.22,37.22,37.22,0.1613,37.22
14.0,2,3,ジョードプル,57.0,石川裕紀,2:13.8,3/4,151.1,13.0,[東] 相沢郁,2021100065,202405030202,3歳未勝利｜2024年6月2日 | 競馬データベース - netkeiba,2026-05-19T11:42:24.486973,牡,3,438.0,-6.0,0,0,8.0,7.0,40.23,0.1111,0,4,40.23,40.23,40.23,0.1111,40.23
15.0,7,14,レトロタイプ,57.0,オシェア,2:14.6,5,26.3,8.0,[東] 加藤士津,2021104843,202405030202,3歳未勝利｜2024年6月2日 | 競馬データベース - netkeiba,2026-05-19T11:42:24.486973,牡,3,512.0,0.0,0,0,9.25,10.0,38.85,0.0976,0,10,38.85,38.85,38.85,0.0976,38.85
16.0,1,2,キッドストン,56.0,原優介,2:14.7,1/2,17.8,6.0,[東] 小笠倫弘,2021105146,202405030202,3歳未勝利｜2024年6月2日 | 競馬データベース - netkeiba,2026-05-19T11:42:24.486973,牡,3,510.0,-6.0,0,0,8.2,6.0,44.5,0.1087,0,6,44.5,44.5,44.5,0.1087,44.5
1.0,7,14,ドリームクルーズ,55.0,横山武史,1:21.6,,2.5,1.0,[東] 戸田博文,2021104899,202405030203,3歳未勝利｜2024年6月2日 | 競馬データベース - netkeiba,2026-05-19T11:43:14.369514,牝,3,496.0,0.0,1,1,7.8,10.67,35.38,0.1136,0,15,35.38,35.38,35.38,0.1136,35.38
2.0,2,3,スコア,53.0,小林美駒,1:21.7,クビ,57.0,10.0,[東] 栗田徹,2021100453,202405030203,3歳未勝利｜2024年6月2日 | 競馬データベース - netkeiba,2026-05-19T11:43:14.369514,牡,3,456.0,0.0,0,1,5.0,4.0,40.6,0.1667,0,3,40.6,40.6,40.6,0.1667,40.6
2.0,3,5,アオイメルスイ,55.0,杉原誠人,1:21.7,同着,27.2,7.0,[東] 伊藤大士,2021100574,202405030203,3歳未勝利｜2024年6月2日 | 競馬データベース - netkeiba,2026-05-19T11:43:14.369514,牝,3,426.0,0.0,0,1,6.2,6.33,42.04,0.1389,0,7,42.04,42.04,42.04,0.1389,42.04
4.0,8,17,ハニーコム,55.0,モレイラ,1:21.7,ハナ,2.8,2.0,[東] 蛯名正義,2021100789,202405030203,3歳未勝利｜2024年6月2日 | 競馬データベース - netkeiba,2026-05-19T11:43:14.369514,牝,3,428.0,-2.0,0,0,6.6,8.0,34.32,0.1316,0,12,34.32,34.32,34.32,0.1316,34.32
5.0,6,12,オキャン,52.0,小林勝太,1:21.7,アタマ,34.1,8.0,[東] 加藤士津,2021100196,202405030203,3歳未勝利｜2024年6月2日 | 競馬データベース - netkeiba,2026-05-19T11:43:14.369514,牝,3,430.0,4.0,0,0,6.6,6.33,41.1,0.1316,0,9,41.1,41.1,41.1,0.1316,41.1
6.0,4,8,プエラリアチェコ,55.0,丸田恭介,1:21.8,3/4,94.8,12.0,[東] 宗像義忠,2021100596,202405030203,3歳未勝利｜2024年6月2日 | 競馬データベース - netkeiba,2026-05-19T11:43:14.369514,牝,3,398.0,-6.0,0,0,0.0,0.0,0.0,0.0,0,0,0.0,0.0,0.0,0.0,0.0
7.0,3,6,ショーヴェサル,55.0,坂井瑠星,1:22.0,1,19.2,5.0,[東] 鈴木伸尋,2021103911,202405030203,3歳未勝利｜2024年6月2日 | 競馬データベース - netkeiba,2026-05-19T11:43:14.369514,牝,3,432.0,-4.0,0,0,8.4,10.0,40.74,0.1064,0,12,40.74,40.74,40.74,0.1064,40.74
8.0,5,10,レッドライトニング,57.0,マクドナ,1:22.0,クビ,5.2,3.0,[東] 鹿戸雄一,2021102200,202405030203,3歳未勝利｜2024年6月2日 | 競馬データベース - netkeiba,2026-05-19T11:43:14.369514,牡,3,464.0,-2.0,0,0,4.6,4.33,37.08,0.1786,0,2,37.08,37.08,37.08,0.1786,37.08
9.0,6,11,グレンノアラシ,57.0,丹内祐次,1:22.2,1.1/4,17.5,4.0,[東] 岩戸孝樹,2021106804,202405030203,3歳未勝利｜2024年6月2日 | 競馬データベース - netkeiba,2026-05-19T11:43:14.369514,牡,3,486.0,6.0,0,0,0.0,0.0,0.0,0.0,0,0,0.0,0.0,0.0,0.0,0.0
10.0,7,13,チカチャン,55.0,北村宏司,1:22.3,1/2,19.8,6.0,[東] 石毛善彦,2021102864,202405030203,3歳未勝利｜2024年6月2日 | 競馬データベース - netkeiba,2026-05-19T11:43:14.369514,牝,3,404.0,-8.0,0,0,2.4,1.67,39.08,0.2941,0,3,39.08,39.08,39.08,0.2941,39.08
11.0,1,1,タイプフェイス,55.0,大野拓弥,1:22.3,クビ,88.6,11.0,[東] 小手川準,2021105091,202405030203,3歳未勝利｜2024年6月2日 | 競馬データベース - netkeiba,2026-05-19T11:43:14.369514,牝,3,434.0,2.0,0,0,9.8,8.0,41.68,0.0926,0,10,41.68,41.68,41.68,0.0926,41.68
12.0,2,4,バードオブハピネス,54.0,永野猛蔵,1:22.4,1/2,416.7,16.0,[東] 本間忍,2021100769,202405030203,3歳未勝利｜2024年6月2日 | 競馬データベース - netkeiba,2026-05-19T11:43:14.369514,牝,3,444.0,0.0,0,0,0.0,0.0,0.0,0.0,0,0,0.0,0.0,0.0,0.0,0.0
13.0,5,9,フェルサイト,57.0,菅原明良,1:22.5,クビ,144.2,13.0,[東] 小島茂之,2021106060,202405030203,3歳未勝利｜2024年6月2日 | 競馬データベース - netkeiba,2026-05-19T11:43:14.369514,牡,3,444.0,10.0,0,0,8.0,3.33,38.72,0.1111,0,6,38.72,38.72,38.72,0.1111,38.72
14.0,4,7,マンマミーア,57.0,柴田大知,1:22.8,1.3/4,39.3,9.0,[東] 深山雅史,2021103317,202405030203,3歳未勝利｜2024年6月2日 | 競馬データベース - netkeiba,2026-05-19T11:43:14.369514,牡,3,456.0,4.0,0,0,10.4,10.0,38.22,0.0877,0,9,38.22,38.22,38.22,0.0877,38.22
15.0,8,16,ユウワンダー,57.0,木幡巧也,1:23.4,3.1/2,574.9,18.0,[東] 的場均,2021106736,202405030203,3歳未勝利｜2024年6月2日 | 競馬データベース - netkeiba,2026-05-19T11:43:14.369514,セ,3,426.0,-26.0,0,0,12.6,11.0,39.24,0.0735,0,9,39.24,39.24,39.24,0.0735,39.24
16.0,1,2,プリドラ,55.0,石橋脩,1:23.5,1,310.2,15.0,[東] 尾形和幸,2021103508,202405030203,3歳未勝利｜2024年6月2日 | 競馬データベース - netkeiba,2026-05-19T11:43:14.369514,牝,3,516.0,18.0,0,0,0.0,0.0,0.0,0.0,0,0,0.0,0.0,0.0,0.0,0.0
17.0,8,18,ベストイズアスク,54.0,原優介,1:24.0,2.1/2,242.9,14.0,[東] 高柳瑞樹,2021102319,202405030203,3歳未勝利｜2024年6月2日 | 競馬データベース - netkeiba,2026-05-19T11:43:14.369514,牝,3,396.0,-18.0,0,0,6.2,5.33,41.66,0.1389,0,3,41.66,41.66,41.66,0.1389,41.66
18.0,7,15,スプリングカム,55.0,原田和真,1:24.2,1.1/2,502.8,17.0,[東] 蛯名利弘,2021104081,202405030203,3歳未勝利｜2024年6月2日 | 競馬データベース - netkeiba,2026-05-19T11:43:14.369514,牝,3,422.0,-2.0,0,0,7.4,7.33,42.82,0.119,0,7,42.82,42.82,42.82,0.119,42.82
1.0,7,13,フクチャントウメイ,57.0,ルメール,1:24.6,,1.4,1.0,[東] 加藤征弘,2021105086,202405030204,3歳未勝利｜2024年6月2日 | 競馬データベース - netkeiba,2026-05-19T11:44:09.671071,牡,3,524.0,4.0,1,1,13.2,13.33,37.32,0.0704,0,10,37.32,37.32,37.32,0.0704,37.32
2.0,4,7,ミスヨシゼン,55.0,北村宏司,1:24.8,1.1/2,9.9,4.0,[東] 古賀慎明,2021104663,202405030204,3歳未勝利｜2024年6月2日 | 競馬データベース - netkeiba,2026-05-19T11:44:09.671071,牝,3,472.0,2.0,0,1,8.25,8.33,40.8,0.1081,0,12,40.8,40.8,40.8,0.1081,40.8
3.0,6,11,クールソル,55.0,斎藤新,1:24.8,ハナ,114.6,10.0,[東] 斎藤誠,2021104325,202405030204,3歳未勝利｜2024年6月2日 | 競馬データベース - netkeiba,2026-05-19T11:44:09.671071,牝,3,454.0,8.0,0,1,14.8,14.67,38.08,0.0633,0,15,38.08,38.08,38.08,0.0633,38.08
4.0,7,14,ノアスペシャル,55.0,内田博幸,1:24.8,アタマ,8.3,2.0,[東] 鈴木慎太,2021102784,202405030204,3歳未勝利｜2024年6月2日 | 競馬データベース - netkeiba,2026-05-19T11:44:09.671071,牝,3,434.0,2.0,0,0,6.4,5.0,36.52,0.1351,0,4,36.52,36.52,36.52,0.1351,36.52
5.0,5,9,ミルフルール,55.0,西村淳也,1:24.9,アタマ,23.1,7.0,[東] 伊坂重信,2021100614,202405030204,3歳未勝利｜2024年6月2日 | 競馬データベース - netkeiba,2026-05-19T11:44:09.671071,牝,3,474.0,16.0,0,0,6.2,7.67,36.66,0.1389,0,11,36.66,36.66,36.66,0.1389,36.66
6.0,4,8,サイモンプレジール,57.0,石川裕紀,1:25.5,3.1/2,8.3,3.0,[東] 稲垣幸雄,2021102798,202405030204,3歳未勝利｜2024年6月2日 | 競馬データベース - netkeiba,2026-05-19T11:44:09.671071,牡,3,464.0,-4.0,0,0,11.4,12.33,36.5,0.0806,0,13,36.5,36.5,36.5,0.0806,36.5
7.0,8,15,チーフルガール,52.0,佐藤翔馬,1:26.0,3.1/2,17.4,6.0,[東] 伊藤伸一,2021100563,202405030204,3歳未勝利｜2024年6月2日 | 競馬データベース - netkeiba,2026-05-19T11:44:09.671071,牝,3,414.0,8.0,0,0,6.2,5.67,39.48,0.1389,0,3,39.48,39.48,39.48,0.1389,39.48
8.0,3,5,ロマンスヒコー,53.0,小林美駒,1:26.2,1.1/4,142.5,12.0,[東] 佐藤吉勝,2021102364,202405030204,3歳未勝利｜2024年6月2日 | 競馬データベース - netkeiba,2026-05-19T11:44:09.671071,牡,3,452.0,-1.0,0,0,10.25,9.5,41.27,0.0889,0,12,41.27,41.27,41.27,0.0889,41.27
9.0,1,1,プリンセスナイト,52.0,小林勝太,1:26.6,2,206.0,13.0,[東] 堀内岳志,2021101244,202405030204,3歳未勝利｜2024年6月2日 | 競馬データベース - netkeiba,2026-05-19T11:44:09.671071,牝,3,430.0,-8.0,0,0,9.0,9.0,41.22,0.1,0,5,41.22,41.22,41.22,0.1,41.22
10.0,2,4,ブレッザマリーナ,55.0,原田和真,1:26.6,ハナ,141.3,11.0,[東] 栗田徹,2021100068,202405030204,3歳未勝利｜2024年6月2日 | 競馬データベース - netkeiba,2026-05-19T11:44:09.671071,牝,3,450.0,-10.0,0,0,7.6,6.0,40.94,0.1163,0,7,40.94,40.94,40.94,0.1163,40.94
11.0,2,3,トーアナタリー,55.0,菊沢一樹,1:26.7,1/2,275.7,16.0,[東] 勢司和浩,2021105336,202405030204,3歳未勝利｜2024年6月2日 | 競馬データベース - netkeiba,2026-05-19T11:44:09.671071,牝,3,474.0,16.0,0,0,7.6,8.33,41.32,0.1163,0,12,41.32,41.32,41.32,0.1163,41.32
12.0,6,12,エイシントレボン,57.0,吉田豊,1:27.2,3,64.0,8.0,[東] 田中剛,2021103379,202405030204,3歳未勝利｜2024年6月2日 | 競馬データベース - netkeiba,2026-05-19T11:44:09.671071,牡,3,460.0,0.0,0,0,5.6,5.33,39.86,0.1515,0,8,39.86,39.86,39.86,0.1515,39.86
13.0,3,6,ランデヴーローズ,55.0,横山和生,1:27.5,2,17.3,5.0,[東] 上原佑紀,2021103072,202405030204,3歳未勝利｜2024年6月2日 | 競馬データベース - netkeiba,2026-05-19T11:44:09.671071,牝,3,442.0,14.0,0,0,12.4,15.33,38.18,0.0746,0,18,38.18,38.18,38.18,0.0746,38.18
14.0,1,2,サクセスビクトリー,53.0,藤田菜七,1:27.6,3/4,99.2,9.0,[東] 蛯名利弘,2021104251,202405030204,3歳未勝利｜2024年6月2日 | 競馬データベース - netkeiba,2026-05-19T11:44:09.671071,牝,3,432.0,0.0,0,0,5.2,6.0,40.34,0.1613,0,11,40.34,40.34,40.34,0.1613,40.34
15.0,8,16,ヤマタケボヌール,55.0,岩部純二,1:28.0,2,237.6,14.0,[東] 萱野浩二,2021102074,202405030204,3歳未勝利｜2024年6月2日 | 競馬データベース - netkeiba,2026-05-19T11:44:09.671071,牝,3,414.0,0.0,0,0,11.4,11.67,39.62,0.0806,0,12,39.62,39.62,39.62,0.0806,39.62
16.0,5,10,ラブラブラブチャン,55.0,丸山元気,1:28.0,ハナ,259.5,15.0,[東] 南田美知,2021101286,202405030204,3歳未勝利｜2024年6月2日 | 競馬データベース - netkeiba,2026-05-19T11:44:09.671071,牝,3,422.0,-4.0,0,0,7.0,8.0,40.22,0.125,0,10,40.22,40.22,40.22,0.125,40.22
1.0,1,1,ミリオンローズ,55.0,横山武史,1:36.4,,3.8,2.0,[東] 萩原清,2022105067,202405030205,2歳新馬｜2024年6月2日 | 競馬データベース - netkeiba,2026-05-19T11:44:56.734076,牝,2,442.0,0.0,1,1,6.25,8.0,34.0,0.1379,0,13,34.0,34.0,34.0,0.1379,34.0
2.0,4,4,エンブロイダリー,55.0,モレイラ,1:36.5,1/2,2.5,1.0,[東] 森一誠,2022105185,202405030205,2歳新馬｜2024年6月2日 | 競馬データベース - netkeiba,2026-05-19T11:44:56.734076,牝,2,480.0,0.0,0,1,4.6,4.33,34.23,0.1786,0,1,34.23,34.23,34.23,0.1786,34.23
3.0,5,5,クライスレリアーナ,55.0,ルメール,1:36.6,3/4,4.8,3.0,[東] 木村哲也,2022104818,202405030205,2歳新馬｜2024年6月2日 | 競馬データベース - netkeiba,2026-05-19T11:44:56.734076,牝,2,436.0,0.0,0,1,2.0,2.0,33.98,0.3333,0,3,33.98,33.98,33.98,0.3333,33.98
4.0,2,2,エストゥペンダ,55.0,川田将雅,1:37.2,3.1/2,6.3,4.0,[東] 高柳瑞樹,2022101192,202405030205,2歳新馬｜2024年6月2日 | 競馬データベース - netkeiba,2026-05-19T11:44:56.734076,牝,2,426.0,0.0,0,0,2.6,2.33,33.16,0.2778,0,1,33.16,33.16,33.16,0.2778,33.16
5.0,3,3,ウインイザナミ,55.0,丹内祐次,1:37.4,1.1/2,12.7,5.0,[東] 上原博之,2022106229,202405030205,2歳新馬｜2024年6月2日 | 競馬データベース - netkeiba,2026-05-19T11:44:56.734076,牝,2,472.0,0.0,0,0,7.8,7.67,36.4,0.1136,0,1,36.4,36.4,36.4,0.1136,36.4
6.0,5,6,ダイユウボンバー,55.0,木幡育也,1:37.8,2.1/2,166.2,12.0,[東] 松永康利,2022101943,202405030205,2歳新馬｜2024年6月2日 | 競馬データベース - netkeiba,2026-05-19T11:44:56.734076,牝,2,444.0,0.0,0,0,4.2,3.67,39.62,0.1923,0,4,39.62,39.62,39.62,0.1923,39.62
7.0,6,7,ショウナンバージ,55.0,西村淳也,1:37.8,クビ,98.7,11.0,[東] 稲垣幸雄,2022105880,202405030205,2歳新馬｜2024年6月2日 | 競馬データベース - netkeiba,2026-05-19T11:44:56.734076,牝,2,412.0,0.0,0,0,6.0,6.0,40.16,0.1429,0,5,40.16,40.16,40.16,0.1429,40.16
8.0,6,8,アルデココ,54.0,原優介,1:37.9,1/2,18.4,6.0,[東] 矢野英一,2022102542,202405030205,2歳新馬｜2024年6月2日 | 競馬データベース - netkeiba,2026-05-19T11:44:56.734076,牝,2,470.0,0.0,0,0,7.0,8.33,41.6,0.125,0,9,41.6,41.6,41.6,0.125,41.6
9.0,8,11,ユリヤテソーロ,55.0,菅原明良,1:38.0,3/4,45.6,8.0,[東] 嘉藤貴行,2022102270,202405030205,2歳新馬｜2024年6月2日 | 競馬データベース - netkeiba,2026-05-19T11:44:56.734076,牝,2,444.0,0.0,0,0,3.6,3.67,40.04,0.2174,0,3,40.04,40.04,40.04,0.2174,40.04
10.0,8,12,ポルタフェリーチェ,55.0,坂井瑠星,1:38.1,クビ,24.2,7.0,[西] 長谷川浩,2022104011,202405030205,2歳新馬｜2024年6月2日 | 競馬データベース - netkeiba,2026-05-19T11:44:56.734076,牝,2,442.0,0.0,0,0,8.8,8.67,41.82,0.102,0,12,41.82,41.82,41.82,0.102,41.82
11.0,7,10,フレイザーテソーロ,55.0,佐々木大,1:38.2,3/4,69.5,9.0,[東] 菊川正達,2022102268,202405030205,2歳新馬｜2024年6月2日 | 競馬データベース - netkeiba,2026-05-19T11:44:56.734076,牝,2,422.0,0.0,0,0,13.5,14.33,39.67,0.069,0,16,39.67,39.67,39.67,0.069,39.67
12.0,7,9,アルデムラータ,55.0,松岡正海,1:38.4,1.1/2,95.3,10.0,[東] 村田一誠,2022100218,202405030205,2歳新馬｜2024年6月2日 | 競馬データベース - netkeiba,2026-05-19T11:44:56.734076,牝,2,400.0,0.0,0,0,4.0,4.33,38.34,0.2,0,4,38.34,38.34,38.34,0.2,38.34
1.0,3,3,スターウェーブ,55.0,三浦皇成,1:22.9,,2.2,2.0,[東] 武井亮,2022104771,202405030206,2歳新馬｜2024年6月2日 | 競馬データベース - netkeiba,2026-05-19T11:45:35.853092,牡,2,472.0,0.0,1,1,6.6,7.33,33.76,0.1316,0,3,33.76,33.76,33.76,0.1316,33.76
2.0,6,6,カルデライト,55.0,ルメール,1:23.1,1.1/4,1.9,1.0,[東] 森一誠,2022104778,202405030206,2歳新馬｜2024年6月2日 | 競馬データベース - netkeiba,2026-05-19T11:45:35.853092,牝,2,444.0,0.0,0,1,12.2,11.67,40.22,0.0758,0,12,40.22,40.22,40.22,0.0758,40.22
3.0,7,7,レイオーバー,55.0,嶋田純次,1:23.6,3,102.3,9.0,[東] 本間忍,2022103311,202405030206,2歳新馬｜2024年6月2日 | 競馬データベース - netkeiba,2026-05-19T11:45:35.853092,牡,2,444.0,0.0,0,1,5.6,2.67,39.06,0.1515,0,2,39.06,39.06,39.06,0.1515,39.06
4.0,4,4,ホウオウブースター,55.0,横山武史,1:23.7,3/4,8.0,3.0,[東] 高柳瑞樹,2022104637,202405030206,2歳新馬｜2024年6月2日 | 競馬データベース - netkeiba,2026-05-19T11:45:35.853092,牡,2,414.0,0.0,0,0,7.2,4.67,35.96,0.122,0,5,35.96,35.96,35.96,0.122,35.96
5.0,2,2,マホウノランプ,55.0,木幡巧也,1:24.4,4,24.0,5.0,[東] 牧光二,2022101764,202405030206,2歳新馬｜2024年6月2日 | 競馬データベース - netkeiba,2026-05-19T11:45:35.853092,牝,2,476.0,0.0,0,0,10.0,10.0,37.65,0.0909,0,15,37.65,37.65,37.65,0.0909,37.65
6.0,8,8,エマリオンレイ,54.0,永野猛蔵,1:24.5,1,25.7,6.0,[東] 青木孝文,2022105616,202405030206,2歳新馬｜2024年6月2日 | 競馬データベース - netkeiba,2026-05-19T11:45:35.853092,牝,2,442.0,0.0,0,0,8.8,9.33,41.96,0.102,0,10,41.96,41.96,41.96,0.102,41.96
7.0,5,5,コムーネ,55.0,丹内祐次,1:24.7,1,71.8,8.0,[東] 奥平雅士,2022103549,202405030206,2歳新馬｜2024年6月2日 | 競馬データベース - netkeiba,2026-05-19T11:45:35.853092,牝,2,406.0,0.0,0,0,11.4,9.33,37.68,0.0806,0,9,37.68,37.68,37.68,0.0806,37.68
8.0,8,9,テクニコス,54.0,原優介,1:25.5,5,38.0,7.0,[東] 田中剛,2022105412,202405030206,2歳新馬｜2024年6月2日 | 競馬データベース - netkeiba,2026-05-19T11:45:35.853092,牡,2,434.0,0.0,0,0,2.6,2.0,39.38,0.2778,0,2,39.38,39.38,39.38,0.2778,39.38
9.0,1,1,レーヴドロペラ,55.0,津村明秀,1:25.8,2,21.3,4.0,[東] 加藤士津,2022106709,202405030206,2歳新馬｜2024年6月2日 | 競馬データベース - netkeiba,2026-05-19T11:45:35.853092,牝,2,448.0,0.0,0,0,6.8,4.33,36.02,0.1282,0,9,36.02,36.02,36.02,0.1282,36.02
1.0,6,6,フォーザボーイズ,53.0,武豊,2:02.1,,5.4,3.0,[東] 加藤征弘,2021105467,202405030207,3歳以上1勝クラス｜2024年6月2日 | 競馬データベース - netkeiba,2026-05-19T11:46:04.013044,牝,3,428.0,6.0,1,1,6.4,6.0,35.14,0.1351,0,8,35.14,35.14,35.14,0.1351,35.14
2.0,1,1,バロネッサ,53.0,戸崎圭太,2:02.4,1.1/2,1.7,1.0,[東] 田中博康,2021105788,202405030207,3歳以上1勝クラス｜2024年6月2日 | 競馬データベース - netkeiba,2026-05-19T11:46:04.013044,牝,3,504.0,-4.0,0,1,10.2,11.0,36.0,0.0893,0,16,36.0,36.0,36.0,0.0893,36.0
3.0,7,7,ルージュサリナス,53.0,北村宏司,2:02.4,クビ,14.1,5.0,[東] 木村哲也,2021105536,202405030207,3歳以上1勝クラス｜2024年6月2日 | 競馬データベース - netkeiba,2026-05-19T11:46:04.013044,牝,3,426.0,-2.0,0,1,10.0,10.67,36.38,0.0909,0,14,36.38,36.38,36.38,0.0909,36.38
4.0,3,3,スパークタイムリー,55.0,横山琉人,2:02.6,1,81.1,6.0,[東] 小島茂之,2020103440,202405030207,3歳以上1勝クラス｜2024年6月2日 | 競馬データベース - netkeiba,2026-05-19T11:46:04.013044,牝,4,464.0,8.0,0,0,9.4,11.33,36.8,0.0962,0,7,36.8,36.8,36.8,0.0962,36.8
5.0,5,5,エリカリーシャン,53.0,オシェア,2:02.9,2,9.3,4.0,[東] 国枝栄,2021105478,202405030207,3歳以上1勝クラス｜2024年6月2日 | 競馬データベース - netkeiba,2026-05-19T11:46:04.013044,牝,3,476.0,6.0,0,0,13.0,14.67,37.68,0.0714,0,13,37.68,37.68,37.68,0.0714,37.68
6.0,8,9,レイククレセント,53.0,横山武史,2:03.1,1.1/4,3.4,2.0,[東] 大竹正博,2021105077,202405030207,3歳以上1勝クラス｜2024年6月2日 | 競馬データベース - netkeiba,2026-05-19T11:46:04.013044,牝,3,422.0,0.0,0,0,6.2,8.0,34.06,0.1389,0,6,34.06,34.06,34.06,0.1389,34.06
7.0,8,8,ノーブルマルシェ,53.0,長浜鴻緒,2:03.2,1,185.5,9.0,[東] 久保田貴,2020104636,202405030207,3歳以上1勝クラス｜2024年6月2日 | 競馬データベース - netkeiba,2026-05-19T11:46:04.013044,牝,4,460.0,0.0,0,0,10.8,9.67,41.26,0.0847,0,8,41.26,41.26,41.26,0.0847,41.26
8.0,2,2,オウケンムーンアイ,54.0,藤田菜七,2:03.5,2,178.3,8.0,[東] 松永康利,2019105466,202405030207,3歳以上1勝クラス｜2024年6月2日 | 競馬データベース - netkeiba,2026-05-19T11:46:04.013044,牝,5,438.0,8.0,0,0,9.0,9.33,36.14,0.1,0,12,36.14,36.14,36.14,0.1,36.14
9.0,4,4,スノーディザイア,53.0,小林勝太,2:03.9,2,121.0,7.0,[東] 畠山吉宏,2019105764,202405030207,3歳以上1勝クラス｜2024年6月2日 | 競馬データベース - netkeiba,2026-05-19T11:46:04.013044,牝,5,464.0,-4.0,0,0,8.6,8.67,35.2,0.1042,0,10,35.2,35.2,35.2,0.1042,35.2
1.0,4,7,ターコイズフリンジ,55.0,ルメール,1:34.6,,4.7,2.0,[東] 田中博康,2021105356,202405030208,3歳以上1勝クラス｜2024年6月2日 | 競馬データベース - netkeiba,2026-05-19T11:46:29.660773,牡,3,518.0,-10.0,1,1,5.6,8.33,38.34,0.1515,0,13,38.34,38.34,38.34,0.1515,38.34
2.0,2,3,コーカサスゴールド,55.0,武豊,1:35.5,5,5.3,3.0,[東] 加藤和宏,2021102676,202405030208,3歳以上1勝クラス｜2024年6月2日 | 競馬データベース - netkeiba,2026-05-19T11:46:29.660773,牡,3,562.0,-2.0,0,1,2.0,2.0,36.84,0.3333,0,1,36.84,36.84,36.84,0.3333,36.84
3.0,6,12,クレイヴィンオナー,55.0,横山和生,1:35.6,1,5.7,4.0,[東] 嘉藤貴行,2021104576,202405030208,3歳以上1勝クラス｜2024年6月2日 | 競馬データベース - netkeiba,2026-05-19T11:46:29.660773,牡,3,532.0,4.0,0,1,10.6,10.0,36.6,0.0862,0,10,36.6,36.6,36.6,0.0862,36.6
4.0,6,11,スプレーフォール,55.0,石川裕紀,1:35.8,1,11.8,6.0,[東] 相沢郁,2021107266,202405030208,3歳以上1勝クラス｜2024年6月2日 | 競馬データベース - netkeiba,2026-05-19T11:46:29.660773,牡,3,446.0,-4.0,0,0,12.6,12.0,39.72,0.0735,0,12,39.72,39.72,39.72,0.0735,39.72
5.0,1,1,ジェンマ,51.0,小林美駒,1:35.9,1/2,49.7,10.0,[東] 尾形和幸,2021101210,202405030208,3歳以上1勝クラス｜2024年6月2日 | 競馬データベース - netkeiba,2026-05-19T11:46:29.660773,牡,3,476.0,8.0,0,0,0.0,0.0,0.0,0.0,0,0,0.0,0.0,0.0,0.0,0.0
6.0,4,8,ネオシルバー,55.0,田辺裕信,1:35.9,クビ,31.8,8.0,[東] 小西一男,2021106063,202405030208,3歳以上1勝クラス｜2024年6月2日 | 競馬データベース - netkeiba,2026-05-19T11:46:29.660773,牡,3,492.0,-10.0,0,0,8.6,9.67,38.7,0.1042,0,10,38.7,38.7,38.7,0.1042,38.7
7.0,3,5,ゲキザル,57.0,原優介,1:36.1,1.1/4,46.5,9.0,[東] 青木孝文,2019102102,202405030208,3歳以上1勝クラス｜2024年6月2日 | 競馬データベース - netkeiba,2026-05-19T11:46:29.660773,牡,5,474.0,-8.0,0,0,9.2,10.33,36.34,0.098,0,9,36.34,36.34,36.34,0.098,36.34
8.0,3,6,ザロック,52.0,石神深道,1:36.1,ハナ,85.5,11.0,[東] 武井亮,2021106845,202405030208,3歳以上1勝クラス｜2024年6月2日 | 競馬データベース - netkeiba,2026-05-19T11:46:29.660773,牡,3,492.0,0.0,0,0,3.8,5.33,39.1,0.2083,0,5,39.1,39.1,39.1,0.2083,39.1
9.0,1,2,ライクファーザー,55.0,モレイラ,1:36.3,1,7.6,5.0,[東] 武藤善則,2021102359,202405030208,3歳以上1勝クラス｜2024年6月2日 | 競馬データベース - netkeiba,2026-05-19T11:46:29.660773,牡,3,534.0,-4.0,0,0,11.25,14.0,39.2,0.0816,0,14,39.2,39.2,39.2,0.0816,39.2
10.0,2,4,タケルルーク,58.0,内田博幸,1:36.4,クビ,291.3,15.0,[東] 小島茂之,2020106279,202405030208,3歳以上1勝クラス｜2024年6月2日 | 競馬データベース - netkeiba,2026-05-19T11:46:29.660773,牡,4,468.0,4.0,0,0,7.8,12.33,38.14,0.1136,0,14,38.14,38.14,38.14,0.1136,38.14
11.0,8,16,パノティア,58.0,丸山元気,1:36.4,クビ,256.6,14.0,[東] 金成貴史,2018105515,202405030208,3歳以上1勝クラス｜2024年6月2日 | 競馬データベース - netkeiba,2026-05-19T11:46:29.660773,牡,6,542.0,-6.0,0,0,11.8,12.0,36.02,0.0781,0,13,36.02,36.02,36.02,0.0781,36.02
12.0,5,9,ライジンマル,55.0,津村明秀,1:36.4,ハナ,3.4,1.0,[東] 竹内正洋,2021101449,202405030208,3歳以上1勝クラス｜2024年6月2日 | 競馬データベース - netkeiba,2026-05-19T11:46:29.660773,牡,3,528.0,-2.0,0,0,6.4,5.67,39.84,0.1351,0,6,39.84,39.84,39.84,0.1351,39.84
13.0,7,13,イエヴァンポルッカ,58.0,戸崎圭太,1:36.6,1.1/4,14.4,7.0,[東] 伊藤圭三,2019103427,202405030208,3歳以上1勝クラス｜2024年6月2日 | 競馬データベース - netkeiba,2026-05-19T11:46:29.660773,牡,5,504.0,-4.0,0,0,9.0,9.0,41.42,0.1,0,11,41.42,41.42,41.42,0.1,41.42
14.0,8,15,ゴンドワナ,58.0,オシェア,1:36.8,1.1/4,230.6,12.0,[東] 小島茂之,2020103921,202405030208,3歳以上1勝クラス｜2024年6月2日 | 競馬データベース - netkeiba,2026-05-19T11:46:29.660773,セ,4,478.0,-18.0,0,0,10.4,7.67,38.56,0.0877,0,10,38.56,38.56,38.56,0.0877,38.56
15.0,7,14,スマイルヴィヴァン,56.0,吉田豊,1:37.1,2,405.2,16.0,[東] 高橋文雅,2018100895,202405030208,3歳以上1勝クラス｜2024年6月2日 | 競馬データベース - netkeiba,2026-05-19T11:46:29.660773,牝,6,434.0,2.0,0,0,6.0,7.0,39.16,0.1429,0,9,39.16,39.16,39.16,0.1429,39.16
16.0,5,10,キイロノトマト,55.0,永野猛蔵,1:37.9,5,248.9,13.0,[東] 石栗龍彦,2020106156,202405030208,3歳以上1勝クラス｜2024年6月2日 | 競馬データベース - netkeiba,2026-05-19T11:46:29.660773,牝,4,460.0,6.0,0,0,13.4,13.67,38.28,0.0694,0,15,38.28,38.28,38.28,0.0694,38.28
1.0,3,3,グランドカリナン,58.0,坂井瑠星,1:58.7,,7.2,4.0,[東] 田島俊明,2020106234,202405030209,ホンコンJCT｜2024年6月2日 | 競馬データベース - netkeiba,2026-05-19T11:47:14.866661,牡,4,460.0,4.0,1,1,10.0,8.0,34.76,0.0909,0,9,34.76,34.76,34.76,0.0909,34.76
2.0,7,7,ビターグラッセ,56.0,マクドナ,1:59.0,1.1/2,3.5,2.0,[東] 栗田徹,2020103228,202405030209,ホンコンJCT｜2024年6月2日 | 競馬データベース - netkeiba,2026-05-19T11:47:14.866661,牝,4,502.0,-4.0,0,1,7.0,8.67,35.36,0.125,0,10,35.36,35.36,35.36,0.125,35.36
3.0,2,2,ブリタニア,58.0,川田将雅,1:59.1,1/2,3.1,1.0,[西] 杉山佳明,2020103027,202405030209,ホンコンJCT｜2024年6月2日 | 競馬データベース - netkeiba,2026-05-19T11:47:14.866661,牡,4,492.0,-2.0,0,1,3.2,2.33,34.98,0.2381,0,3,34.98,34.98,34.98,0.2381,34.98
4.0,8,10,シテフローラル,58.0,モレイラ,1:59.2,1,10.3,5.0,[東] 堀宣行,2018105086,202405030209,ホンコンJCT｜2024年6月2日 | 競馬データベース - netkeiba,2026-05-19T11:47:14.866661,牡,6,462.0,4.0,0,0,5.6,7.0,35.74,0.1515,0,9,35.74,35.74,35.74,0.1515,35.74
5.0,4,4,ピンキープロミス,58.0,木幡巧也,1:59.3,クビ,21.4,7.0,[東] 畠山吉宏,2020106475,202405030209,ホンコンJCT｜2024年6月2日 | 競馬データベース - netkeiba,2026-05-19T11:47:14.866661,牡,4,488.0,0.0,0,0,5.4,5.33,34.12,0.1562,0,9,34.12,34.12,34.12,0.1562,34.12
6.0,7,8,リミットバスター,58.0,オシェア,1:59.4,3/4,3.9,3.0,[西] 杉山晴紀,2020101537,202405030209,ホンコンJCT｜2024年6月2日 | 競馬データベース - netkeiba,2026-05-19T11:47:14.866661,牡,4,508.0,0.0,0,0,6.4,8.0,36.84,0.1351,0,10,36.84,36.84,36.84,0.1351,36.84
7.0,6,6,コスモシャングリラ,56.0,丹内祐次,1:59.8,2.1/2,53.8,8.0,[東] 水野貴広,2020103562,202405030209,ホンコンJCT｜2024年6月2日 | 競馬データベース - netkeiba,2026-05-19T11:47:14.866661,牝,4,450.0,10.0,0,0,6.4,5.33,34.2,0.1351,0,7,34.2,34.2,34.2,0.1351,34.2
8.0,5,5,アルファウェーブ,58.0,西村淳也,2:00.0,1.1/4,77.7,10.0,[東] 辻哲英,2017110006,202405030209,ホンコンJCT｜2024年6月2日 | 競馬データベース - netkeiba,2026-05-19T11:47:14.866661,セ,7,534.0,-4.0,0,0,7.4,8.0,36.64,0.119,0,8,36.64,36.64,36.64,0.119,36.64
9.0,8,9,ランプシー,58.0,横山武史,2:00.1,1/2,12.4,6.0,[東] 斎藤誠,2020102973,202405030209,ホンコンJCT｜2024年6月2日 | 競馬データベース - netkeiba,2026-05-19T11:47:14.866661,牡,4,466.0,2.0,0,0,4.8,4.67,34.78,0.1724,0,6,34.78,34.78,34.78,0.1724,34.78
10.0,1,1,セラフィナイト,58.0,北村宏司,2:00.3,3/4,77.1,9.0,[東] 矢嶋大樹,2018105237,202405030209,ホンコンJCT｜2024年6月2日 | 競馬データベース - netkeiba,2026-05-19T11:47:14.866661,牡,6,444.0,-8.0,0,0,3.8,5.0,39.48,0.2083,0,5,39.48,39.48,39.48,0.2083,39.48
1.0,1,1,バグラダス,58.0,ルメール,1:21.8,,6.1,3.0,[東] 嘉藤貴行,2020106015,202405030210,タイキシャトルC｜2024年6月2日 | 競馬データベース - netkeiba,2026-05-19T11:47:45.920695,牡,4,480.0,0.0,1,1,8.6,10.0,35.64,0.1042,0,15,35.64,35.64,35.64,0.1042,35.64
2.0,3,5,ムーヴ,55.0,三浦皇成,1:22.0,1.1/2,35.7,11.0,[東] 池上昌和,2019101759,202405030210,タイキシャトルC｜2024年6月2日 | 競馬データベース - netkeiba,2026-05-19T11:47:45.920695,牡,5,470.0,2.0,0,1,6.4,7.0,35.04,0.1351,0,6,35.04,35.04,35.04,0.1351,35.04
3.0,8,16,ニシノカシミヤ,54.0,永野猛蔵,1:22.1,1,23.5,9.0,[東] 伊藤圭三,2020100418,202405030210,タイキシャトルC｜2024年6月2日 | 競馬データベース - netkeiba,2026-05-19T11:47:45.920695,牝,4,482.0,6.0,0,1,4.6,6.33,39.74,0.1786,0,9,39.74,39.74,39.74,0.1786,39.74
4.0,5,9,タマモダイジョッキ,58.0,武豊,1:22.2,1/2,7.5,4.0,[西] 緒方努,2018104332,202405030210,タイキシャトルC｜2024年6月2日 | 競馬データベース - netkeiba,2026-05-19T11:47:45.920695,牡,6,484.0,2.0,0,0,9.8,12.33,36.8,0.0926,0,14,36.8,36.8,36.8,0.0926,36.8
5.0,4,8,レッドラパルマ,56.0,マクドナ,1:22.2,アタマ,20.8,8.0,[東] 加藤征弘,2019101168,202405030210,タイキシャトルC｜2024年6月2日 | 競馬データベース - netkeiba,2026-05-19T11:47:45.920695,牡,5,504.0,0.0,0,0,9.4,12.33,39.96,0.0962,0,8,39.96,39.96,39.96,0.0962,39.96
6.0,5,10,プラウドヘリテージ,55.0,松岡正海,1:22.3,クビ,54.7,13.0,[東] 田中剛,2019101875,202405030210,タイキシャトルC｜2024年6月2日 | 競馬データベース - netkeiba,2026-05-19T11:47:45.920695,牡,5,508.0,0.0,0,0,9.0,9.0,38.7,0.1,0,13,38.7,38.7,38.7,0.1,38.7
7.0,8,15,タイセイジャスパー,55.0,大野拓弥,1:22.4,1/2,166.2,15.0,[東] 伊藤圭三,2019100135,202405030210,タイキシャトルC｜2024年6月2日 | 競馬データベース - netkeiba,2026-05-19T11:47:45.920695,セ,5,482.0,-2.0,0,0,5.4,6.67,0.0,0.1562,0,9,0.0,0.0,0.0,0.1562,0.0
8.0,1,2,ダノンミカエル,53.0,横山典弘,1:22.5,3/4,19.4,7.0,[西] 安田翔伍,2020101632,202405030210,タイキシャトルC｜2024年6月2日 | 競馬データベース - netkeiba,2026-05-19T11:47:45.920695,牝,4,418.0,16.0,0,0,0.0,0.0,0.0,0.0,0,0,0.0,0.0,0.0,0.0,0.0
9.0,4,7,アルメイダミノル,56.0,柴田善臣,1:22.6,クビ,53.5,12.0,[西] 北出成人,2018105833,202405030210,タイキシャトルC｜2024年6月2日 | 競馬データベース - netkeiba,2026-05-19T11:47:45.920695,牡,6,526.0,0.0,0,0,8.8,9.0,36.3,0.102,0,12,36.3,36.3,36.3,0.102,36.3
10.0,6,11,プラチナジュビリー,55.0,モレイラ,1:22.6,クビ,6.1,2.0,[東] 田村康仁,2020106386,202405030210,タイキシャトルC｜2024年6月2日 | 競馬データベース - netkeiba,2026-05-19T11:47:45.920695,牝,4,496.0,-2.0,0,0,7.8,8.33,37.16,0.1136,0,10,37.16,37.16,37.16,0.1136,37.16
11.0,2,3,セイカフォルゴーレ,55.0,横山琉人,1:22.9,1.3/4,293.2,16.0,[東] 相沢郁,2019101923,202405030210,タイキシャトルC｜2024年6月2日 | 競馬データベース - netkeiba,2026-05-19T11:47:45.920695,牡,5,506.0,-2.0,0,0,5.6,4.0,39.38,0.1515,0,4,39.38,39.38,39.38,0.1515,39.38
12.0,7,14,ハイアムズビーチ,54.0,横山武史,1:23.0,クビ,29.1,10.0,[東] 萩原清,2019105478,202405030210,タイキシャトルC｜2024年6月2日 | 競馬データベース - netkeiba,2026-05-19T11:47:45.920695,牝,5,500.0,4.0,0,0,10.6,12.0,36.5,0.0862,0,14,36.5,36.5,36.5,0.0862,36.5
13.0,7,13,ハードワイヤード,58.0,川田将雅,1:23.4,2.1/2,3.4,1.0,[東] 加藤征弘,2020110034,202405030210,タイキシャトルC｜2024年6月2日 | 競馬データベース - netkeiba,2026-05-19T11:47:45.920695,牡,4,514.0,0.0,0,0,9.4,9.0,37.54,0.0962,0,5,37.54,37.54,37.54,0.0962,37.54
14.0,3,6,マルカアトラス,55.0,坂井瑠星,1:24.0,3.1/2,12.1,6.0,[西] 福永祐一,2019102583,202405030210,タイキシャトルC｜2024年6月2日 | 競馬データベース - netkeiba,2026-05-19T11:47:45.920695,牡,5,498.0,0.0,0,0,4.2,2.67,41.38,0.1923,0,6,41.38,41.38,41.38,0.1923,41.38
15.0,2,4,ハッピースワニー,54.0,西村淳也,1:24.9,5,76.7,14.0,[西] 牧浦充徳,2019101222,202405030210,タイキシャトルC｜2024年6月2日 | 競馬データベース - netkeiba,2026-05-19T11:47:45.920695,牝,5,440.0,8.0,0,0,11.25,12.67,37.3,0.0816,0,11,37.3,37.3,37.3,0.0816,37.3
16.0,6,12,ハヤブサジェット,56.0,石川裕紀,1:27.6,大,11.7,5.0,[東] 青木孝文,2020105049,202405030210,タイキシャトルC｜2024年6月2日 | 競馬データベース - netkeiba,2026-05-19T11:47:45.920695,セ,4,454.0,-2.0,0,0,12.0,11.0,37.52,0.0769,0,8,37.52,37.52,37.52,0.0769,37.52
1.0,4,7,ロマンチックウォリアー,58.0,マクドナ,1:32.3,,3.6,1.0,[外] シャム,2018190002,202405030211,安田記念｜2024年6月2日 | 競馬データベース - netkeiba,2026-05-19T11:48:29.894828,セ,6,522.0,-12.0,1,1,1.0,1.0,0.0,0.5,0,1,0.0,0.0,0.0,0.5,0.0
2.0,3,5,ナミュール,56.0,武豊,1:32.4,1/2,10.0,4.0,[西] 高野友和,2019105213,202405030211,安田記念｜2024年6月2日 | 競馬データベース - netkeiba,2026-05-19T11:48:29.894828,牝,5,450.0,-2.0,0,1,6.4,9.0,35.47,0.1351,0,17,35.47,35.47,35.47,0.1351,35.47
3.0,5,10,ソウルラッシュ,58.0,モレイラ,1:32.4,ハナ,4.0,2.0,[西] 池江泰寿,2018100382,202405030211,安田記念｜2024年6月2日 | 競馬データベース - netkeiba,2026-05-19T11:48:29.894828,牡,6,510.0,-2.0,0,1,3.0,3.67,33.5,0.25,0,2,33.5,33.5,33.5,0.25,33.5
4.0,1,2,ガイアフォース,58.0,長岡禎仁,1:32.6,1,11.6,5.0,[西] 杉山晴紀,2019104476,202405030211,安田記念｜2024年6月2日 | 競馬データベース - netkeiba,2026-05-19T11:48:29.894828,牡,5,494.0,0.0,0,0,4.0,3.0,33.47,0.2,0,6,33.47,33.47,33.47,0.2,33.47
5.0,8,17,セリフォス,58.0,川田将雅,1:32.7,1/2,6.1,3.0,[西] 中内田充,2019104462,202405030211,安田記念｜2024年6月2日 | 競馬データベース - netkeiba,2026-05-19T11:48:29.894828,牡,5,494.0,-4.0,0,0,4.2,4.67,33.8,0.1923,0,4,33.8,33.8,33.8,0.1923,33.8
6.0,2,4,ジオグリフ,58.0,北村宏司,1:32.8,1.1/4,43.9,12.0,[東] 木村哲也,2019105056,202405030211,安田記念｜2024年6月2日 | 競馬データベース - netkeiba,2026-05-19T11:48:29.894828,牡,5,510.0,4.0,0,0,9.8,14.0,34.35,0.0926,0,13,34.35,34.35,34.35,0.0926,34.35
7.0,6,12,フィアスプライド,56.0,坂井瑠星,1:32.8,ハナ,54.8,13.0,[東] 国枝栄,2018100671,202405030211,安田記念｜2024年6月2日 | 競馬データベース - netkeiba,2026-05-19T11:48:29.894828,牝,6,474.0,4.0,0,0,6.2,6.67,34.78,0.1389,0,9,34.78,34.78,34.78,0.1389,34.78
8.0,8,16,エルトンバローズ,58.0,西村淳也,1:32.9,1/2,63.1,14.0,[西] 杉山晴紀,2020100680,202405030211,安田記念｜2024年6月2日 | 競馬データベース - netkeiba,2026-05-19T11:48:29.894828,牡,4,520.0,-3.0,0,0,8.6,11.0,34.26,0.1042,0,8,34.26,34.26,34.26,0.1042,34.26
9.0,7,13,ステラヴェローチェ,58.0,横山典弘,1:33.0,クビ,16.4,7.0,[西] 須貝尚介,2018104980,202405030211,安田記念｜2024年6月2日 | 競馬データベース - netkeiba,2026-05-19T11:48:29.894828,牡,6,506.0,2.0,0,0,6.2,6.0,34.24,0.1389,0,9,34.24,34.24,34.24,0.1389,34.24
10.0,4,8,エアロロノア,58.0,幸英明,1:33.2,1.1/4,107.8,16.0,[西] 笹田和秀,2017104685,202405030211,安田記念｜2024年6月2日 | 競馬データベース - netkeiba,2026-05-19T11:48:29.894828,セ,7,484.0,-4.0,0,0,11.0,13.67,36.52,0.0833,0,14,36.52,36.52,36.52,0.0833,36.52
11.0,2,3,レッドモンレーヴ,58.0,横山和生,1:33.2,ハナ,36.2,10.0,[東] 蛯名正義,2019105496,202405030211,安田記念｜2024年6月2日 | 競馬データベース - netkeiba,2026-05-19T11:48:29.894828,牡,5,512.0,0.0,0,0,7.2,4.0,33.22,0.122,0,2,33.22,33.22,33.22,0.122,33.22
12.0,7,14,コレペティトール,58.0,岩田康誠,1:33.2,クビ,125.3,17.0,[西] 中竹和也,2020103043,202405030211,安田記念｜2024年6月2日 | 競馬データベース - netkeiba,2026-05-19T11:48:29.894828,牡,4,482.0,-4.0,0,0,8.8,9.33,35.07,0.102,0,1,35.07,35.07,35.07,0.102,35.07
13.0,5,9,パラレルヴィジョン,58.0,ルメール,1:33.3,クビ,15.4,6.0,[東] 国枝栄,2019105065,202405030211,安田記念｜2024年6月2日 | 競馬データベース - netkeiba,2026-05-19T11:48:29.894828,牡,5,492.0,6.0,0,0,6.4,4.0,38.0,0.1351,0,6,38.0,38.0,38.0,0.1351,38.0
14.0,6,11,ウインカーネリアン,58.0,三浦皇成,1:33.3,ハナ,18.9,9.0,[東] 鹿戸雄一,2017101429,202405030211,安田記念｜2024年6月2日 | 競馬データベース - netkeiba,2026-05-19T11:48:29.894828,牡,7,510.0,-8.0,0,0,4.4,5.0,33.67,0.1852,0,3,33.67,33.67,33.67,0.1852,33.67
15.0,8,18,ダノンスコーピオン,58.0,戸崎圭太,1:33.6,1.3/4,36.9,11.0,[西] 福永祐一,2019103034,202405030211,安田記念｜2024年6月2日 | 競馬データベース - netkeiba,2026-05-19T11:48:29.894828,牡,5,470.0,6.0,0,0,7.8,8.33,36.52,0.1136,0,11,36.52,36.52,36.52,0.1136,36.52
16.0,1,1,カテドラル,58.0,斎藤新,1:33.6,クビ,212.1,18.0,[西] 池添学,2016104711,202405030211,安田記念｜2024年6月2日 | 競馬データベース - netkeiba,2026-05-19T11:48:29.894828,牡,8,494.0,2.0,0,0,9.4,10.33,34.62,0.0962,0,8,34.62,34.62,34.62,0.0962,34.62
17.0,7,15,ヴォイッジバブル,58.0,パートン,1:33.6,アタマ,17.3,8.0,[外] イウ,2018190003,202405030211,安田記念｜2024年6月2日 | 競馬データベース - netkeiba,2026-05-19T11:48:29.894828,セ,6,544.0,-7.0,0,0,3.4,4.33,0.0,0.2273,0,5,0.0,0.0,0.0,0.2273,0.0
18.0,3,6,ドーブネ,58.0,菱田裕二,1:33.8,1,71.1,15.0,[西] 武幸四郎,2019104896,202405030211,安田記念｜2024年6月2日 | 競馬データベース - netkeiba,2026-05-19T11:48:29.894828,牡,5,476.0,6.0,0,0,10.4,12.33,36.32,0.0877,0,17,36.32,36.32,36.32,0.0877,36.32
1.0,7,14,ジャスリー,58.0,丹内祐次,1:23.1,,25.0,9.0,[東] 田島俊明,2020102814,202405030212,小金井特別｜2024年6月2日 | 競馬データベース - netkeiba,2026-05-19T11:49:21.069690,牡,4,526.0,0.0,1,1,9.8,9.33,36.06,0.0926,0,15,36.06,36.06,36.06,0.0926,36.06
2.0,6,12,ヴァンドーム,55.0,北村宏司,1:23.6,2.1/2,3.9,1.0,[西] 安田翔伍,2021100170,202405030212,小金井特別｜2024年6月2日 | 競馬データベース - netkeiba,2026-05-19T11:49:21.069690,牡,3,494.0,-8.0,0,1,3.2,3.67,35.46,0.2381,0,5,35.46,35.46,35.46,0.2381,35.46
3.0,6,11,バルミュゼット,58.0,西村淳也,1:23.6,アタマ,53.6,14.0,[西] 藤野健太,2019106701,202405030212,小金井特別｜2024年6月2日 | 競馬データベース - netkeiba,2026-05-19T11:49:21.069690,牡,5,532.0,8.0,0,1,8.2,6.67,36.8,0.1087,0,8,36.8,36.8,36.8,0.1087,36.8
4.0,8,16,ミエノナイスガイ,58.0,津村明秀,1:23.6,クビ,120.4,16.0,[東] 上原佑紀,2019103767,202405030212,小金井特別｜2024年6月2日 | 競馬データベース - netkeiba,2026-05-19T11:49:21.069690,牡,5,482.0,0.0,0,0,5.25,6.5,40.55,0.16,0,6,40.55,40.55,40.55,0.16,40.55
5.0,4,7,カンパニョーラ,56.0,吉田豊,1:23.7,1/2,17.1,8.0,[東] 伊坂重信,2019104385,202405030212,小金井特別｜2024年6月2日 | 競馬データベース - netkeiba,2026-05-19T11:49:21.069690,牝,5,454.0,4.0,0,0,7.0,8.67,35.34,0.125,0,18,35.34,35.34,35.34,0.125,35.34
6.0,7,13,エヴィダンシア,58.0,坂井瑠星,1:23.7,クビ,53.0,13.0,[西] 緒方努,2019106932,202405030212,小金井特別｜2024年6月2日 | 競馬データベース - netkeiba,2026-05-19T11:49:21.069690,牡,5,494.0,4.0,0,0,7.8,7.0,39.44,0.1136,0,5,39.44,39.44,39.44,0.1136,39.44
7.0,8,15,ロイヤルダンス,58.0,オシェア,1:23.8,クビ,8.0,4.0,[東] 清水英克,2018102394,202405030212,小金井特別｜2024年6月2日 | 競馬データベース - netkeiba,2026-05-19T11:49:21.069690,牡,6,512.0,2.0,0,0,1.8,2.0,39.38,0.3571,0,2,39.38,39.38,39.38,0.3571,39.38
8.0,3,6,キョウエイカンフ,58.0,横山和生,1:24.2,2.1/2,29.6,10.0,[東] 勢司和浩,2020100363,202405030212,小金井特別｜2024年6月2日 | 競馬データベース - netkeiba,2026-05-19T11:49:21.069690,牡,4,522.0,12.0,0,0,4.0,4.0,36.26,0.2,0,5,36.26,36.26,36.26,0.2,36.26
9.0,2,3,ドライブアローカス,58.0,杉原誠人,1:24.2,アタマ,44.2,12.0,[東] 小笠倫弘,2020103034,202405030212,小金井特別｜2024年6月2日 | 競馬データベース - netkeiba,2026-05-19T11:49:21.069690,牡,4,436.0,-8.0,0,0,6.2,4.67,41.32,0.1389,0,4,41.32,41.32,41.32,0.1389,41.32
10.0,1,1,ホウオウドラッカー,58.0,田辺裕信,1:24.3,クビ,41.0,11.0,[東] 奥村武,2020103605,202405030212,小金井特別｜2024年6月2日 | 競馬データベース - netkeiba,2026-05-19T11:49:21.069690,牡,4,510.0,4.0,0,0,10.0,10.0,37.68,0.0909,0,11,37.68,37.68,37.68,0.0909,37.68
11.0,2,4,ロジヴィクトリア,56.0,野中悠太,1:24.6,1.3/4,93.8,15.0,[東] 新開幸一,2019100567,202405030212,小金井特別｜2024年6月2日 | 競馬データベース - netkeiba,2026-05-19T11:49:21.069690,牝,5,486.0,-2.0,0,0,10.2,12.0,36.14,0.0893,0,12,36.14,36.14,36.14,0.0893,36.14
12.0,1,2,スティルディマーレ,58.0,岩田康誠,1:24.6,ハナ,10.2,6.0,[東] 森一誠,2020103366,202405030212,小金井特別｜2024年6月2日 | 競馬データベース - netkeiba,2026-05-19T11:49:21.069690,牡,4,536.0,2.0,0,0,4.8,5.33,40.9,0.1724,0,6,40.9,40.9,40.9,0.1724,40.9
13.0,5,10,ニジュウダンサー,56.0,横山武史,1:24.7,1,15.4,7.0,[東] 尾関知人,2020102439,202405030212,小金井特別｜2024年6月2日 | 競馬データベース - netkeiba,2026-05-19T11:49:21.069690,牝,4,482.0,18.0,0,0,6.8,8.67,34.88,0.1282,0,16,34.88,34.88,34.88,0.1282,34.88
14.0,5,9,コンクエスト,58.0,菅原明良,1:25.0,1.1/2,6.9,3.0,[東] 小笠倫弘,2019100657,202405030212,小金井特別｜2024年6月2日 | 競馬データベース - netkeiba,2026-05-19T11:49:21.069690,セ,5,504.0,-2.0,0,0,9.25,7.67,36.4,0.0976,0,14,36.4,36.4,36.4,0.0976,36.4
15.0,3,5,ダブルジョーク,58.0,横山典弘,1:31.1,大,9.7,5.0,[西] 昆貢,2020110026,202405030212,小金井特別｜2024年6月2日 | 競馬データベース - netkeiba,2026-05-19T11:49:21.069690,牡,4,572.0,0.0,0,0,4.4,3.33,36.92,0.1852,0,1,36.92,36.92,36.92,0.1852,36.92
,4,8,フライヤートゥルー,58.0,三浦皇成,,,4.3,2.0,[西] 橋口慎介,2020100297,202405030212,小金井特別｜2024年6月2日 | 競馬データベース - netkeiba,2026-05-19T11:49:21.069690,牡,4,480.0,0.0,0,0,4.0,3.67,39.62,0.2,0,4,39.62,39.62,39.62,0.2,39.62
1.0,8,10,ネビーイーム,61.0,小牧加矢,3:36.7,,3.5,2.0,[西] 佐々木晶,2018103677,202408040201,障害3歳以上オープン｜2024年6月2日 | 競馬データベース - netkeiba,2026-05-19T11:50:08.356249,牡,6,536.0,8.0,1,1,3.6,5.0,0.0,0.2174,0,4,0.0,0.0,0.0,0.2174,0.0
2.0,4,4,スマッシャー,60.0,高田潤,3:36.8,1/2,2.7,1.0,[西] 吉岡辰弥,2018106573,202408040201,障害3歳以上オープン｜2024年6月2日 | 競馬データベース - netkeiba,2026-05-19T11:50:08.356249,牡,6,498.0,4.0,0,1,2.8,2.33,0.0,0.2632,0,3,0.0,0.0,0.0,0.2632,0.0
3.0,8,9,アスターディゴン,60.0,黒岩悠,3:37.1,1.1/2,5.4,3.0,[西] 中竹和也,2019103563,202408040201,障害3歳以上オープン｜2024年6月2日 | 競馬データベース - netkeiba,2026-05-19T11:50:08.356249,牡,5,496.0,6.0,0,1,4.6,6.33,0.0,0.1786,0,5,0.0,0.0,0.0,0.1786,0.0
4.0,7,7,ゴールドパラディン,60.0,森一馬,3:37.3,1.1/4,6.8,4.0,[西] 小椋研介,2017103283,202408040201,障害3歳以上オープン｜2024年6月2日 | 競馬データベース - netkeiba,2026-05-19T11:50:08.356249,牡,7,446.0,-2.0,0,0,9.2,9.33,39.08,0.098,0,4,39.08,39.08,39.08,0.098,39.08
5.0,5,5,タマモワカムシャ,60.0,井上敏樹,3:37.4,3/4,14.4,5.0,[西] 川村禎彦,2019101021,202408040201,障害3歳以上オープン｜2024年6月2日 | 競馬データベース - netkeiba,2026-05-19T11:50:08.356249,セ,5,490.0,16.0,0,0,3.5,3.0,0.0,0.2222,0,1,0.0,0.0,0.0,0.2222,0.0
6.0,2,2,テイエムタツマキ,60.0,田村太雅,3:37.7,1.1/2,44.3,9.0,[西] 武英智,2018104463,202408040201,障害3歳以上オープン｜2024年6月2日 | 競馬データベース - netkeiba,2026-05-19T11:50:08.356249,牡,6,522.0,34.0,0,0,6.2,7.67,0.0,0.1389,0,11,0.0,0.0,0.0,0.1389,0.0
7.0,6,6,ヤップヤップヤップ,60.0,江田勇亮,3:37.8,1/2,14.8,6.0,[東] 宗像義忠,2016104238,202408040201,障害3歳以上オープン｜2024年6月2日 | 競馬データベース - netkeiba,2026-05-19T11:50:08.356249,牡,8,452.0,-8.0,0,0,6.6,7.0,39.24,0.1316,0,7,39.24,39.24,39.24,0.1316,39.24
8.0,7,8,タンジェントアーク,57.0,土田真翔,3:37.8,アタマ,21.0,8.0,[東] 田村康仁,2018100752,202408040201,障害3歳以上オープン｜2024年6月2日 | 競馬データベース - netkeiba,2026-05-19T11:50:08.356249,セ,6,430.0,-2.0,0,0,8.2,8.67,0.0,0.1087,0,9,0.0,0.0,0.0,0.1087,0.0
9.0,3,3,スリーケイエヌ,60.0,中村将之,3:40.4,大,128.3,10.0,[西] 藤沢則雄,2018105935,202408040201,障害3歳以上オープン｜2024年6月2日 | 競馬データベース - netkeiba,2026-05-19T11:50:08.356249,牡,6,482.0,2.0,0,0,7.8,7.67,0.0,0.1136,0,9,0.0,0.0,0.0,0.1136,0.0
10.0,1,1,メルテミア,60.0,小坂忠士,3:42.4,大,16.0,7.0,[西] 小栗実,2018103266,202408040201,障害3歳以上オープン｜2024年6月2日 | 競馬データベース - netkeiba,2026-05-19T11:50:08.356249,牡,6,478.0,4.0,0,0,10.4,10.0,43.58,0.0877,0,10,43.58,43.58,43.58,0.0877,43.58
1.0,8,16,ウェイトゥゴー,55.0,酒井学,1:54.4,,6.4,4.0,[西] 須貝尚介,2021104413,202408040202,3歳未勝利｜2024年6月2日 | 競馬データベース - netkeiba,2026-05-19T11:50:37.916870,牝,3,464.0,4.0,1,1,4.8,2.33,35.54,0.1724,0,2,35.54,35.54,35.54,0.1724,35.54
2.0,6,11,アンリーベイビー,55.0,松山弘平,1:54.6,1.1/4,4.9,2.0,[西] 茶木太樹,2021103723,202408040202,3歳未勝利｜2024年6月2日 | 競馬データベース - netkeiba,2026-05-19T11:50:37.916870,牝,3,426.0,-6.0,0,1,5.4,6.0,38.46,0.1562,0,2,38.46,38.46,38.46,0.1562,38.46
3.0,7,14,ウィンターガーデン,52.0,吉村誠之,1:54.7,クビ,3.0,1.0,[西] 武幸四郎,2021105857,202408040202,3歳未勝利｜2024年6月2日 | 競馬データベース - netkeiba,2026-05-19T11:50:37.916870,牝,3,470.0,-2.0,0,1,8.2,7.33,38.28,0.1087,0,7,38.28,38.28,38.28,0.1087,38.28
4.0,7,13,ラスク,55.0,岩田望来,1:56.2,9,6.2,3.0,[西] 中村直也,2021100280,202408040202,3歳未勝利｜2024年6月2日 | 競馬データベース - netkeiba,2026-05-19T11:50:37.916870,牝,3,452.0,-10.0,0,0,7.2,8.67,36.58,0.122,0,10,36.58,36.58,36.58,0.122,36.58
5.0,5,9,ルージュプリエール,52.0,川端海翼,1:56.3,1/2,234.5,14.0,[西] 松永幹夫,2021107233,202408040202,3歳未勝利｜2024年6月2日 | 競馬データベース - netkeiba,2026-05-19T11:50:37.916870,牝,3,424.0,20.0,0,0,10.2,10.0,39.88,0.0893,0,12,39.88,39.88,39.88,0.0893,39.88
6.0,6,12,シントーキズナ,54.0,秋山稔樹,1:56.6,1.3/4,7.9,5.0,[西] 北出成人,2021103928,202408040202,3歳未勝利｜2024年6月2日 | 競馬データベース - netkeiba,2026-05-19T11:50:37.916870,牝,3,510.0,4.0,0,0,5.4,6.67,39.72,0.1562,0,3,39.72,39.72,39.72,0.1562,39.72
7.0,1,2,エデュース,55.0,Ｍ．デム,1:56.7,1/2,87.5,12.0,[西] 牧浦充徳,2021100654,202408040202,3歳未勝利｜2024年6月2日 | 競馬データベース - netkeiba,2026-05-19T11:50:37.916870,牝,3,460.0,2.0,0,0,9.2,9.33,39.88,0.098,0,9,39.88,39.88,39.88,0.098,39.88
8.0,3,6,フェリマール,55.0,小崎綾也,1:56.9,3/4,373.5,16.0,[西] 中尾秀正,2021104171,202408040202,3歳未勝利｜2024年6月2日 | 競馬データベース - netkeiba,2026-05-19T11:50:37.916870,牝,3,458.0,0.0,0,0,7.0,6.0,40.38,0.125,0,11,40.38,40.38,40.38,0.125,40.38
9.0,2,4,タガノグランエース,53.0,西塚洸二,1:57.0,1/2,37.9,9.0,[西] 鮫島一歩,2021106536,202408040202,3歳未勝利｜2024年6月2日 | 競馬データベース - netkeiba,2026-05-19T11:50:37.916870,牝,3,450.0,-2.0,0,0,10.5,10.67,38.45,0.087,0,7,38.45,38.45,38.45,0.087,38.45
10.0,3,5,パームブランチ,55.0,和田竜二,1:57.2,1.1/4,73.8,11.0,[西] 浜田多実,2021104107,202408040202,3歳未勝利｜2024年6月2日 | 競馬データベース - netkeiba,2026-05-19T11:50:37.916870,牝,3,462.0,12.0,0,0,0.0,0.0,0.0,0.0,0,0,0.0,0.0,0.0,0.0,0.0
11.0,2,3,ルヴォンサンライズ,51.0,古川奈穂,1:57.3,1/2,122.9,13.0,[西] 平田修,2021102464,202408040202,3歳未勝利｜2024年6月2日 | 競馬データベース - netkeiba,2026-05-19T11:50:37.916870,牝,3,458.0,-4.0,0,0,6.6,6.67,39.46,0.1316,0,8,39.46,39.46,39.46,0.1316,39.46
12.0,4,7,ミスズオンリーミー,55.0,鮫島克駿,1:57.7,2.1/2,8.9,6.0,[西] 河嶋宏樹,2021102986,202408040202,3歳未勝利｜2024年6月2日 | 競馬データベース - netkeiba,2026-05-19T11:50:37.916870,牝,3,476.0,-4.0,0,0,12.0,12.0,38.17,0.0769,0,14,38.17,38.17,38.17,0.0769,38.17
13.0,1,1,インティメート,55.0,川須栄彦,1:57.7,ハナ,25.5,8.0,[西] 西村真幸,2021102586,202408040202,3歳未勝利｜2024年6月2日 | 競馬データベース - netkeiba,2026-05-19T11:50:37.916870,牝,3,440.0,2.0,0,0,8.6,8.67,43.76,0.1042,0,11,43.76,43.76,43.76,0.1042,43.76
14.0,4,8,ラロマネ,55.0,松若風馬,1:59.1,9,24.9,7.0,[西] 藤野健太,2021106578,202408040202,3歳未勝利｜2024年6月2日 | 競馬データベース - netkeiba,2026-05-19T11:50:37.916870,牝,3,466.0,-2.0,0,0,2.4,3.0,40.5,0.2941,0,3,40.5,40.5,40.5,0.2941,40.5
15.0,5,10,アイレント,52.0,高杉吏麒,2:01.5,大,48.4,10.0,[西] 四位洋文,2021104742,202408040202,3歳未勝利｜2024年6月2日 | 競馬データベース - netkeiba,2026-05-19T11:50:37.916870,牝,3,406.0,2.0,0,0,12.0,13.67,39.24,0.0769,0,9,39.24,39.24,39.24,0.0769,39.24
16.0,8,15,ラシャンススウリ,54.0,小沢大仁,2:04.6,大,354.9,15.0,[西] 渡辺薫彦,2021106590,202408040202,3歳未勝利｜2024年6月2日 | 競馬データベース - netkeiba,2026-05-19T11:50:37.916870,牝,3,466.0,-6.0,0,0,13.5,13.33,42.7,0.069,0,9,42.7,42.7,42.7,0.069,42.7
1.0,4,8,トウカイエルデ,57.0,Ｍ．デム,1:25.8,,4.1,3.0,[西] 茶木太樹,2021100365,202408040203,3歳未勝利｜2024年6月2日 | 競馬データベース - netkeiba,2026-05-19T11:51:24.333576,牡,3,452.0,0.0,1,1,6.0,4.0,34.43,0.1429,0,6,34.43,34.43,34.43,0.1429,34.43
2.0,6,12,リリーズブルーム,53.0,西塚洸二,1:26.1,1.3/4,32.2,8.0,[西] 牧浦充徳,2021101725,202408040203,3歳未勝利｜2024年6月2日 | 競馬データベース - netkeiba,2026-05-19T11:51:24.333576,牝,3,464.0,10.0,0,1,4.8,6.67,39.74,0.1724,0,8,39.74,39.74,39.74,0.1724,39.74
3.0,5,10,フェールブリエ,57.0,藤岡佑介,1:26.8,4,15.7,6.0,[西] 鮫島一歩,2021101128,202408040203,3歳未勝利｜2024年6月2日 | 競馬データベース - netkeiba,2026-05-19T11:51:24.333576,牡,3,416.0,-2.0,0,1,4.0,5.0,40.9,0.2,0,3,40.9,40.9,40.9,0.2,40.9
4.0,1,1,ユーヴェリア,55.0,水口優也,1:26.8,クビ,3.6,2.0,[西] 宮本博,2021107278,202408040203,3歳未勝利｜2024年6月2日 | 競馬データベース - netkeiba,2026-05-19T11:51:24.333576,牝,3,452.0,2.0,0,0,10.0,11.33,37.16,0.0909,0,15,37.16,37.16,37.16,0.0909,37.16
5.0,7,14,ペルセイズ,57.0,鮫島克駿,1:26.8,ハナ,12.6,4.0,[西] 牧田和弥,2021103546,202408040203,3歳未勝利｜2024年6月2日 | 競馬データベース - netkeiba,2026-05-19T11:51:24.333576,牡,3,500.0,2.0,0,0,4.5,3.0,39.45,0.1818,0,2,39.45,39.45,39.45,0.1818,39.45
6.0,3,5,カズヴィトシャ,54.0,吉村誠之,1:27.2,2.1/2,13.4,5.0,[西] 高柳大輔,2021107182,202408040203,3歳未勝利｜2024年6月2日 | 競馬データベース - netkeiba,2026-05-19T11:51:24.333576,牡,3,522.0,4.0,0,0,5.6,5.0,38.9,0.1515,0,2,38.9,38.9,38.9,0.1515,38.9
7.0,3,6,アクロポリス,57.0,松若風馬,1:27.5,1.3/4,77.2,12.0,[西] 中村直也,2021103247,202408040203,3歳未勝利｜2024年6月2日 | 競馬データベース - netkeiba,2026-05-19T11:51:24.333576,牡,3,462.0,4.0,0,0,8.0,7.33,40.38,0.1111,0,5,40.38,40.38,40.38,0.1111,40.38
8.0,8,15,ポッドコンティ,57.0,和田竜二,1:27.6,1/2,36.8,9.0,[西] 辻野泰之,2021100573,202408040203,3歳未勝利｜2024年6月2日 | 競馬データベース - netkeiba,2026-05-19T11:51:24.333576,牡,3,476.0,0.0,0,0,4.75,4.5,39.62,0.1739,0,5,39.62,39.62,39.62,0.1739,39.62
9.0,6,11,クロマク,57.0,荻野極,1:27.6,ハナ,37.3,10.0,[西] 大久保龍,2021103869,202408040203,3歳未勝利｜2024年6月2日 | 競馬データベース - netkeiba,2026-05-19T11:51:24.333576,牡,3,488.0,2.0,0,0,2.6,2.67,40.32,0.2778,0,4,40.32,40.32,40.32,0.2778,40.32
10.0,4,7,ラインレインボー,52.0,高杉吏麒,1:27.7,3/4,64.7,11.0,[西] 長谷川浩,2021104446,202408040203,3歳未勝利｜2024年6月2日 | 競馬データベース - netkeiba,2026-05-19T11:51:24.333576,牝,3,468.0,-4.0,0,0,7.4,6.67,41.26,0.119,0,7,41.26,41.26,41.26,0.119,41.26
11.0,5,9,ミルトコルサ,57.0,団野大成,1:28.7,6,2.9,1.0,[西] 杉山佳明,2021106345,202408040203,3歳未勝利｜2024年6月2日 | 競馬データベース - netkeiba,2026-05-19T11:51:24.333576,牡,3,486.0,6.0,0,0,5.8,7.67,40.26,0.1471,0,5,40.26,40.26,40.26,0.1471,40.26
12.0,2,3,アリスヴィクトリア,52.0,川端海翼,1:28.7,ハナ,21.4,7.0,[西] 中内田充,2021105409,202408040203,3歳未勝利｜2024年6月2日 | 競馬データベース - netkeiba,2026-05-19T11:51:24.333576,牝,3,454.0,-4.0,0,0,8.2,8.0,38.0,0.1087,0,8,38.0,38.0,38.0,0.1087,38.0
13.0,1,2,チョウゲンキ,57.0,加藤祥太,1:28.9,1,213.2,14.0,[西] 羽月友彦,2021106139,202408040203,3歳未勝利｜2024年6月2日 | 競馬データベース - netkeiba,2026-05-19T11:51:24.333576,牡,3,456.0,8.0,0,0,6.4,6.33,41.18,0.1351,0,4,41.18,41.18,41.18,0.1351,41.18
14.0,8,16,ライブリボイル,55.0,国分恭介,1:29.2,2,446.1,16.0,[西] 森田直行,2021104299,202408040203,3歳未勝利｜2024年6月2日 | 競馬データベース - netkeiba,2026-05-19T11:51:24.333576,牝,3,418.0,2.0,0,0,8.4,9.0,38.38,0.1064,0,7,38.38,38.38,38.38,0.1064,38.38
15.0,7,13,ドレスウェル,55.0,藤懸貴志,1:29.4,1,299.2,15.0,[西] 平田修,2021102588,202408040203,3歳未勝利｜2024年6月2日 | 競馬データベース - netkeiba,2026-05-19T11:51:24.333576,牝,3,412.0,-6.0,0,0,0.0,0.0,0.0,0.0,0,0,0.0,0.0,0.0,0.0,0.0
16.0,2,4,オジョウ,53.0,永島まな,1:29.9,3,168.7,13.0,[西] 中尾秀正,2021103857,202408040203,3歳未勝利｜2024年6月2日 | 競馬データベース - netkeiba,2026-05-19T11:51:24.333576,牝,3,426.0,2.0,0,0,5.0,4.33,41.6,0.1667,0,2,41.6,41.6,41.6,0.1667,41.6
1.0,7,13,シルキーガール,55.0,岩田望来,2:00.3,,2.3,1.0,[西] 上村洋行,2021102231,202408040204,3歳未勝利｜2024年6月2日 | 競馬データベース - netkeiba,2026-05-19T11:52:11.325595,牝,3,456.0,2.0,1,1,4.6,7.0,34.62,0.1786,0,13,34.62,34.62,34.62,0.1786,34.62
2.0,5,10,ダンツトレント,56.0,角田大河,2:00.3,クビ,84.2,10.0,[西] 本田優,2021106520,202408040204,3歳未勝利｜2024年6月2日 | 競馬データベース - netkeiba,2026-05-19T11:52:11.325595,牡,3,498.0,14.0,0,1,3.6,3.67,39.46,0.2174,0,5,39.46,39.46,39.46,0.2174,39.46
3.0,3,5,アウセンザイター,57.0,Ｍ．デム,2:00.7,2.1/2,3.4,2.0,[西] 矢作芳人,2021110092,202408040204,3歳未勝利｜2024年6月2日 | 競馬データベース - netkeiba,2026-05-19T11:52:11.325595,牡,3,460.0,0.0,0,1,3.0,3.33,37.84,0.25,0,1,37.84,37.84,37.84,0.25,37.84
4.0,2,4,ファインライン,56.0,泉谷楓真,2:01.1,2.1/2,10.6,4.0,[西] 松永幹夫,2021102419,202408040204,3歳未勝利｜2024年6月2日 | 競馬データベース - netkeiba,2026-05-19T11:52:11.325595,牡,3,460.0,-2.0,0,0,8.0,9.0,33.48,0.1111,0,15,33.48,33.48,33.48,0.1111,33.48
5.0,8,16,ファミリーツリー,55.0,鮫島克駿,2:01.2,クビ,14.0,5.0,[西] 河嶋宏樹,2021106642,202408040204,3歳未勝利｜2024年6月2日 | 競馬データベース - netkeiba,2026-05-19T11:52:11.325595,牝,3,444.0,2.0,0,0,7.6,8.33,35.52,0.1163,0,12,35.52,35.52,35.52,0.1163,35.52
6.0,5,9,ベイステート,54.0,吉村誠之,2:01.3,3/4,17.7,6.0,[西] 清水久詞,2021105768,202408040204,3歳未勝利｜2024年6月2日 | 競馬データベース - netkeiba,2026-05-19T11:52:11.325595,牡,3,490.0,6.0,0,0,4.6,4.0,38.16,0.1786,0,6,38.16,38.16,38.16,0.1786,38.16
7.0,2,3,イルデポート,57.0,団野大成,2:01.4,1,4.9,3.0,[西] 杉山佳明,2021105290,202408040204,3歳未勝利｜2024年6月2日 | 競馬データベース - netkeiba,2026-05-19T11:52:11.325595,牡,3,462.0,2.0,0,0,8.8,9.33,41.48,0.102,0,10,41.48,41.48,41.48,0.102,41.48
8.0,3,6,エイカイゴールド,52.0,高杉吏麒,2:01.6,1.1/4,45.2,8.0,[西] 梅田智之,2021102354,202408040204,3歳未勝利｜2024年6月2日 | 競馬データベース - netkeiba,2026-05-19T11:52:11.325595,牝,3,412.0,0.0,0,0,5.8,6.67,39.48,0.1471,0,6,39.48,39.48,39.48,0.1471,39.48
9.0,6,12,トーマスフレア,57.0,浜中俊,2:01.7,クビ,39.6,7.0,[西] 四位洋文,2021110013,202408040204,3歳未勝利｜2024年6月2日 | 競馬データベース - netkeiba,2026-05-19T11:52:11.325595,牡,3,506.0,-2.0,0,0,8.4,10.0,38.12,0.1064,0,8,38.12,38.12,38.12,0.1064,38.12
10.0,8,17,エルミラージュ,57.0,松山弘平,2:01.8,1/2,49.9,9.0,[西] 池江泰寿,2021105443,202408040204,3歳未勝利｜2024年6月2日 | 競馬データベース - netkeiba,2026-05-19T11:52:11.325595,セ,3,476.0,-2.0,0,0,7.6,8.67,43.22,0.1163,0,9,43.22,43.22,43.22,0.1163,43.22
11.0,7,14,スリーモーメント,56.0,秋山稔樹,2:02.4,3.1/2,123.9,11.0,[西] 高橋義忠,2021100232,202408040204,3歳未勝利｜2024年6月2日 | 競馬データベース - netkeiba,2026-05-19T11:52:11.325595,牡,3,440.0,-4.0,0,0,6.4,7.33,42.88,0.1351,0,7,42.88,42.88,42.88,0.1351,42.88
12.0,1,1,ヨシノアカツキ,55.0,富田暁,2:02.7,1.3/4,241.1,13.0,[西] 武英智,2021104515,202408040204,3歳未勝利｜2024年6月2日 | 競馬データベース - netkeiba,2026-05-19T11:52:11.325595,牝,3,428.0,-10.0,0,0,8.6,8.33,40.56,0.1042,0,7,40.56,40.56,40.56,0.1042,40.56
13.0,7,15,テーオーカルドア,53.0,河原田菜,2:02.9,1.1/2,493.7,16.0,[西] 岡田稲男,2021106761,202408040204,3歳未勝利｜2024年6月2日 | 競馬データベース - netkeiba,2026-05-19T11:52:11.325595,牡,3,478.0,-8.0,0,0,6.6,6.33,39.54,0.1316,0,4,39.54,39.54,39.54,0.1316,39.54
14.0,6,11,サクラヴィグール,57.0,和田竜二,2:03.0,クビ,132.8,12.0,[西] 清水久詞,2021104071,202408040204,3歳未勝利｜2024年6月2日 | 競馬データベース - netkeiba,2026-05-19T11:52:11.325595,牡,3,486.0,0.0,0,0,4.0,5.0,40.48,0.2,0,3,40.48,40.48,40.48,0.2,40.48
15.0,8,18,ファルギュラント,56.0,小沢大仁,2:03.1,1/2,248.1,14.0,[西] 河嶋宏樹,2021103536,202408040204,3歳未勝利｜2024年6月2日 | 競馬データベース - netkeiba,2026-05-19T11:52:11.325595,牡,3,432.0,10.0,0,0,6.0,7.0,39.27,0.1429,0,6,39.27,39.27,39.27,0.1429,39.27
16.0,4,8,ハクサンダフネ,53.0,永島まな,2:04.0,5,305.3,15.0,[西] 高橋康之,2021102926,202408040204,3歳未勝利｜2024年6月2日 | 競馬データベース - netkeiba,2026-05-19T11:52:11.325595,牝,3,454.0,6.0,0,0,7.4,5.67,41.52,0.119,0,5,41.52,41.52,41.52,0.119,41.52
17.0,1,2,マチウマフローラ,57.0,小崎綾也,2:05.7,10,647.3,17.0,[西] 小崎憲,2021101862,202408040204,3歳未勝利｜2024年6月2日 | 競馬データベース - netkeiba,2026-05-19T11:52:11.325595,牡,3,450.0,-6.0,0,0,3.0,2.33,40.02,0.25,0,2,40.02,40.02,40.02,0.25,40.02
,4,7,アールアンドビー,57.0,藤岡佑介,,,,,[西] 矢作芳人,2021104862,202408040204,3歳未勝利｜2024年6月2日 | 競馬データベース - netkeiba,2026-05-19T11:52:11.325595,牡,3,,,0,0,3.25,2.33,37.48,0.2353,0,1,37.48,37.48,37.48,0.2353,37.48
1.0,7,10,キトンインザスカイ,55.0,鮫島克駿,1:23.2,,8.6,4.0,[西] 高野友和,2022105983,202408040205,2歳新馬｜2024年6月2日 | 競馬データベース - netkeiba,2026-05-19T11:53:02.500775,牝,2,432.0,0.0,1,1,10.0,11.67,36.5,0.0909,0,15,36.5,36.5,36.5,0.0909,36.5
2.0,3,3,レイピア,55.0,松山弘平,1:23.4,1.1/2,2.7,1.0,[西] 中竹和也,2022103066,202408040205,2歳新馬｜2024年6月2日 | 競馬データベース - netkeiba,2026-05-19T11:53:02.500775,牡,2,476.0,0.0,0,1,2.8,3.0,33.76,0.2632,0,5,33.76,33.76,33.76,0.2632,33.76
3.0,8,12,カムイカル,55.0,岩田望来,1:23.5,クビ,2.8,2.0,[西] 福永祐一,2022101611,202408040205,2歳新馬｜2024年6月2日 | 競馬データベース - netkeiba,2026-05-19T11:53:02.500775,牡,2,434.0,0.0,0,1,7.8,9.67,41.08,0.1136,0,9,41.08,41.08,41.08,0.1136,41.08
4.0,4,4,エルモッソペンドロ,55.0,和田竜二,1:23.7,1.1/4,23.6,7.0,[西] 西村真幸,2022105304,202408040205,2歳新馬｜2024年6月2日 | 競馬データベース - netkeiba,2026-05-19T11:53:02.500775,牡,2,404.0,0.0,0,0,8.8,9.67,39.54,0.102,0,9,39.54,39.54,39.54,0.102,39.54
5.0,8,13,レディエンス,55.0,北村友一,1:23.9,1.1/2,59.2,10.0,[西] 藤野健太,2022100583,202408040205,2歳新馬｜2024年6月2日 | 競馬データベース - netkeiba,2026-05-19T11:53:02.500775,牝,2,440.0,0.0,0,0,12.6,14.0,36.1,0.0735,0,15,36.1,36.1,36.1,0.0735,36.1
6.0,6,9,ネティフラウ,55.0,松若風馬,1:24.0,3/4,7.1,3.0,[西] 音無秀孝,2022104656,202408040205,2歳新馬｜2024年6月2日 | 競馬データベース - netkeiba,2026-05-19T11:53:02.500775,牝,2,466.0,0.0,0,0,3.67,1.5,38.03,0.2141,0,2,38.03,38.03,38.03,0.2141,38.03
7.0,6,8,ヴァリオーサ,55.0,浜中俊,1:24.1,1/2,14.3,5.0,[西] 武幸四郎,2022105711,202408040205,2歳新馬｜2024年6月2日 | 競馬データベース - netkeiba,2026-05-19T11:53:02.500775,牝,2,452.0,0.0,0,0,5.8,7.67,38.56,0.1471,0,12,38.56,38.56,38.56,0.1471,38.56
8.0,5,7,エーオ,55.0,酒井学,1:24.4,2,118.7,12.0,[西] 長谷川浩,2022102958,202408040205,2歳新馬｜2024年6月2日 | 競馬データベース - netkeiba,2026-05-19T11:53:02.500775,牡,2,416.0,0.0,0,0,5.0,6.0,39.22,0.1667,0,6,39.22,39.22,39.22,0.1667,39.22
9.0,5,6,タガノサダフ,55.0,団野大成,1:24.5,1/2,30.4,9.0,[西] 斉藤崇史,2022107132,202408040205,2歳新馬｜2024年6月2日 | 競馬データベース - netkeiba,2026-05-19T11:53:02.500775,牡,2,432.0,0.0,0,0,5.6,5.0,38.26,0.1515,0,3,38.26,38.26,38.26,0.1515,38.26
10.0,1,1,エイシンパンタレイ,54.0,田口貫太,1:24.6,3/4,60.5,11.0,[西] 中尾秀正,2022100981,202408040205,2歳新馬｜2024年6月2日 | 競馬データベース - netkeiba,2026-05-19T11:53:02.500775,牡,2,478.0,0.0,0,0,5.6,5.0,39.88,0.1515,0,5,39.88,39.88,39.88,0.1515,39.88
11.0,4,5,ドラケンサン,55.0,Ｍ．デム,1:24.9,1.3/4,24.2,8.0,[西] 小栗実,2022100177,202408040205,2歳新馬｜2024年6月2日 | 競馬データベース - netkeiba,2026-05-19T11:53:02.500775,牡,2,468.0,0.0,0,0,11.0,11.0,36.5,0.0833,0,11,36.5,36.5,36.5,0.0833,36.5
12.0,7,11,ラッキーキャット,55.0,国分優作,1:25.1,3/4,189.5,13.0,[西] 大根田裕,2022100683,202408040205,2歳新馬｜2024年6月2日 | 競馬データベース - netkeiba,2026-05-19T11:53:02.500775,牝,2,394.0,0.0,0,0,9.2,10.0,44.44,0.098,0,10,44.44,44.44,44.44,0.098,44.44
13.0,2,2,マナミン,53.0,永島まな,1:26.9,大,19.9,6.0,[西] 高橋康之,2022106938,202408040205,2歳新馬｜2024年6月2日 | 競馬データベース - netkeiba,2026-05-19T11:53:02.500775,牝,2,448.0,0.0,0,0,10.6,10.67,39.68,0.0862,0,13,39.68,39.68,39.68,0.0862,39.68
1.0,6,11,ティンティンデオ,57.0,鮫島克駿,2:01.1,,3.8,3.0,[西] 小崎憲,2021104302,202408040206,3歳未勝利｜2024年6月2日 | 競馬データベース - netkeiba,2026-05-19T11:53:37.663331,牡,3,476.0,0.0,1,1,3.8,3.33,37.84,0.2083,0,1,37.84,37.84,37.84,0.2083,37.84
2.0,3,6,ヘニーズネフュー,57.0,岩田望来,2:01.7,3.1/2,3.6,2.0,[西] 橋口慎介,2021106566,202408040206,3歳未勝利｜2024年6月2日 | 競馬データベース - netkeiba,2026-05-19T11:53:37.663331,牡,3,462.0,-6.0,0,1,3.2,4.33,40.52,0.2381,0,8,40.52,40.52,40.52,0.2381,40.52
3.0,5,9,メイショウコナン,57.0,団野大成,2:02.0,2,30.3,6.0,[西] 荒川義之,2021103064,202408040206,3歳未勝利｜2024年6月2日 | 競馬データベース - netkeiba,2026-05-19T11:53:37.663331,牡,3,502.0,-8.0,0,1,4.4,5.67,37.94,0.1852,0,3,37.94,37.94,37.94,0.1852,37.94
4.0,7,13,ベルノレイズ,57.0,富田暁,2:02.1,1/2,2.6,1.0,[西] 小林真也,2021104194,202408040206,3歳未勝利｜2024年6月2日 | 競馬データベース - netkeiba,2026-05-19T11:53:37.663331,牡,3,494.0,-2.0,0,0,4.8,5.0,39.88,0.1724,0,7,39.88,39.88,39.88,0.1724,39.88
5.0,8,15,ラフォンテーヌ,55.0,小坂忠士,2:02.4,1.3/4,54.3,8.0,[西] 奥村豊,2021102880,202408040206,3歳未勝利｜2024年6月2日 | 競馬データベース - netkeiba,2026-05-19T11:53:37.663331,牝,3,464.0,-10.0,0,0,10.0,10.0,38.2,0.0909,0,5,38.2,38.2,38.2,0.0909,38.2
6.0,1,2,ロイドバローズ,57.0,松若風馬,2:02.5,3/4,113.4,12.0,[西] 渡辺薫彦,2021101479,202408040206,3歳未勝利｜2024年6月2日 | 競馬データベース - netkeiba,2026-05-19T11:53:37.663331,牡,3,462.0,-2.0,0,0,10.8,11.0,42.78,0.0847,0,11,42.78,42.78,42.78,0.0847,42.78
7.0,3,5,メイショウアラセツ,57.0,北村友一,2:02.6,クビ,11.1,5.0,[西] 飯田祐史,2021102836,202408040206,3歳未勝利｜2024年6月2日 | 競馬データベース - netkeiba,2026-05-19T11:53:37.663331,牡,3,516.0,-4.0,0,0,4.8,4.0,39.54,0.1724,0,3,39.54,39.54,39.54,0.1724,39.54
8.0,8,16,カレンワッツアップ,57.0,古川吉洋,2:02.8,1.1/4,9.8,4.0,[西] 小林真也,2021104321,202408040206,3歳未勝利｜2024年6月2日 | 競馬データベース - netkeiba,2026-05-19T11:53:37.663331,牡,3,472.0,2.0,0,0,5.2,6.33,37.46,0.1613,0,7,37.46,37.46,37.46,0.1613,37.46
9.0,4,7,テーオーロビンソン,53.0,河原田菜,2:03.4,3.1/2,210.7,15.0,[西] 岡田稲男,2021103248,202408040206,3歳未勝利｜2024年6月2日 | 競馬データベース - netkeiba,2026-05-19T11:53:37.663331,牡,3,516.0,-10.0,0,0,4.4,6.0,42.28,0.1852,0,4,42.28,42.28,42.28,0.1852,42.28
10.0,7,14,ジーティーウィンズ,54.0,高杉吏麒,2:03.6,1,292.6,16.0,[西] 中村直也,2021104582,202408040206,3歳未勝利｜2024年6月2日 | 競馬データベース - netkeiba,2026-05-19T11:53:37.663331,牡,3,456.0,-4.0,0,0,2.25,2.5,39.33,0.3077,0,1,39.33,39.33,39.33,0.3077,39.33
11.0,6,12,イマジンレノン,56.0,角田大和,2:03.6,クビ,99.9,11.0,[西] 角田晃一,2021104044,202408040206,3歳未勝利｜2024年6月2日 | 競馬データベース - netkeiba,2026-05-19T11:53:37.663331,牡,3,470.0,-6.0,0,0,2.0,2.33,40.24,0.3333,0,5,40.24,40.24,40.24,0.3333,40.24
12.0,5,10,ウィズキッド,56.0,田口貫太,2:03.9,1.3/4,177.5,14.0,[西] 吉岡辰弥,2021104152,202408040206,3歳未勝利｜2024年6月2日 | 競馬データベース - netkeiba,2026-05-19T11:53:37.663331,牡,3,484.0,-4.0,0,0,7.4,7.33,41.64,0.119,0,11,41.64,41.64,41.64,0.119,41.64
13.0,1,1,マジカルレイズ,57.0,水口優也,2:04.0,クビ,32.5,7.0,[西] 羽月友彦,2021103993,202408040206,3歳未勝利｜2024年6月2日 | 競馬データベース - netkeiba,2026-05-19T11:53:37.663331,牡,3,468.0,6.0,0,0,0.0,0.0,0.0,0.0,0,0,0.0,0.0,0.0,0.0,0.0
14.0,2,4,クリノエクリプス,57.0,国分優作,2:04.1,1/2,57.6,9.0,[西] 大根田裕,2021103321,202408040206,3歳未勝利｜2024年6月2日 | 競馬データベース - netkeiba,2026-05-19T11:53:37.663331,牡,3,476.0,-6.0,0,0,4.6,3.33,40.08,0.1786,0,5,40.08,40.08,40.08,0.1786,40.08
15.0,2,3,ローザリサリ,52.0,吉村誠之,2:05.4,8,170.7,13.0,[西] 西園翔太,2021106560,202408040206,3歳未勝利｜2024年6月2日 | 競馬データベース - netkeiba,2026-05-19T11:53:37.663331,牝,3,484.0,-10.0,0,0,12.33,12.33,40.63,0.075,0,8,40.63,40.63,40.63,0.075,40.63
16.0,4,8,エイシンコロクル,54.0,今村聖奈,2:08.3,大,83.8,10.0,[西] 今野貞一,2021102608,202408040206,3歳未勝利｜2024年6月2日 | 競馬データベース - netkeiba,2026-05-19T11:53:37.663331,牡,3,494.0,0.0,0,0,10.0,10.0,42.87,0.0909,0,6,42.87,42.87,42.87,0.0909,42.87
1.0,5,5,サロニコス,53.0,鮫島克駿,1:47.8,,4.7,2.0,[西] 松下武士,2021105540,202408040207,3歳以上1勝クラス｜2024年6月2日 | 競馬データベース - netkeiba,2026-05-19T11:54:26.944384,牝,3,446.0,6.0,1,1,7.8,8.33,35.04,0.1136,0,13,35.04,35.04,35.04,0.1136,35.04
2.0,8,8,テーオーダグラス,53.0,永島まな,1:47.9,3/4,5.0,3.0,[西] 須貝尚介,2021102246,202408040207,3歳以上1勝クラス｜2024年6月2日 | 競馬データベース - netkeiba,2026-05-19T11:54:26.944384,牡,3,482.0,0.0,0,1,12.0,13.33,35.34,0.0769,0,12,35.34,35.34,35.34,0.0769,35.34
3.0,7,7,エルサビオ,55.0,岩田望来,1:48.2,1.3/4,1.6,1.0,[西] 中内田充,2021105493,202408040207,3歳以上1勝クラス｜2024年6月2日 | 競馬データベース - netkeiba,2026-05-19T11:54:26.944384,牡,3,480.0,-4.0,0,1,2.75,3.33,34.25,0.2667,0,3,34.25,34.25,34.25,0.2667,34.25
4.0,3,3,コントリビューター,58.0,富田暁,1:48.2,アタマ,30.3,7.0,[西] 野中賢二,2020101841,202408040207,3歳以上1勝クラス｜2024年6月2日 | 競馬データベース - netkeiba,2026-05-19T11:54:26.944384,牡,4,474.0,-6.0,0,0,3.4,4.33,39.68,0.2273,0,6,39.68,39.68,39.68,0.2273,39.68
5.0,8,9,サトノマジェスタ,56.0,西塚洸二,1:48.3,クビ,118.4,8.0,[西] 音無秀孝,2018104713,202408040207,3歳以上1勝クラス｜2024年6月2日 | 競馬データベース - netkeiba,2026-05-19T11:54:26.944384,セ,6,478.0,2.0,0,0,9.8,10.0,36.1,0.0926,0,12,36.1,36.1,36.1,0.0926,36.1
6.0,1,1,レガーミ,56.0,小野寺祐,1:48.5,1,170.3,9.0,[西] 木原一良,2019103813,202408040207,3歳以上1勝クラス｜2024年6月2日 | 競馬データベース - netkeiba,2026-05-19T11:54:26.944384,牝,5,524.0,-2.0,0,0,4.4,6.0,39.76,0.1852,0,9,39.76,39.76,39.76,0.1852,39.76
7.0,6,6,ホルトバージ,52.0,今村聖奈,1:48.5,クビ,14.8,5.0,[西] 寺島良,2021102905,202408040207,3歳以上1勝クラス｜2024年6月2日 | 競馬データベース - netkeiba,2026-05-19T11:54:26.944384,牡,3,468.0,-2.0,0,0,9.2,9.33,37.62,0.098,0,8,37.62,37.62,37.62,0.098,37.62
8.0,4,4,ウールデュボヌール,55.0,団野大成,1:48.5,ハナ,14.6,4.0,[西] 須貝尚介,2021104860,202408040207,3歳以上1勝クラス｜2024年6月2日 | 競馬データベース - netkeiba,2026-05-19T11:54:26.944384,牡,3,482.0,-4.0,0,0,7.75,7.0,35.88,0.1143,0,6,35.88,35.88,35.88,0.1143,35.88
9.0,2,2,タキ,55.0,松山弘平,1:49.2,4,18.3,6.0,[西] 坂口智康,2021101428,202408040207,3歳以上1勝クラス｜2024年6月2日 | 競馬データベース - netkeiba,2026-05-19T11:54:26.944384,牡,3,432.0,0.0,0,0,6.0,7.0,39.6,0.1429,0,12,39.6,39.6,39.6,0.1429,39.6
1.0,8,11,ポッドロゴ,55.0,松山弘平,1:51.8,,3.3,2.0,[西] 西園正都,2021104873,202408040208,3歳以上1勝クラス｜2024年6月2日 | 競馬データベース - netkeiba,2026-05-19T11:54:57.374114,牡,3,466.0,0.0,1,1,4.4,5.0,37.64,0.1852,0,5,37.64,37.64,37.64,0.1852,37.64
2.0,4,4,リュクスドレフォン,58.0,藤懸貴志,1:53.0,7,17.1,5.0,[西] 平田修,2020106927,202408040208,3歳以上1勝クラス｜2024年6月2日 | 競馬データベース - netkeiba,2026-05-19T11:54:57.374114,牡,4,506.0,-2.0,0,1,9.2,8.67,37.98,0.098,0,1,37.98,37.98,37.98,0.098,37.98
3.0,1,1,バンベルク,58.0,鮫島克駿,1:53.1,1/2,35.9,6.0,[西] 小林真也,2018105258,202408040208,3歳以上1勝クラス｜2024年6月2日 | 競馬データベース - netkeiba,2026-05-19T11:54:57.374114,牡,6,484.0,-4.0,0,1,9.0,11.67,38.22,0.1,0,15,38.22,38.22,38.22,0.1,38.22
4.0,7,8,バンボーレ,56.0,池添謙一,1:53.2,1/2,87.8,10.0,[西] 飯田祐史,2018105842,202408040208,3歳以上1勝クラス｜2024年6月2日 | 競馬データベース - netkeiba,2026-05-19T11:54:57.374114,牝,6,456.0,2.0,0,0,5.8,4.67,38.38,0.1471,0,4,38.38,38.38,38.38,0.1471,38.38
5.0,5,5,タケノシンセイ,55.0,亀田温心,1:53.4,1,158.0,11.0,[西] 村山明,2021100376,202408040208,3歳以上1勝クラス｜2024年6月2日 | 競馬データベース - netkeiba,2026-05-19T11:54:57.374114,牡,3,452.0,4.0,0,0,6.0,4.0,38.94,0.1429,0,1,38.94,38.94,38.94,0.1429,38.94
6.0,6,7,ジョータルマエ,58.0,鮫島良太,1:53.4,アタマ,76.7,9.0,[西] 河嶋宏樹,2020100771,202408040208,3歳以上1勝クラス｜2024年6月2日 | 競馬データベース - netkeiba,2026-05-19T11:54:57.374114,セ,4,486.0,10.0,0,0,5.6,3.33,38.12,0.1515,0,3,38.12,38.12,38.12,0.1515,38.12
7.0,2,2,ポルポラジール,55.0,岩田望来,1:53.5,3/4,2.3,1.0,[西] 新谷功一,2021102993,202408040208,3歳以上1勝クラス｜2024年6月2日 | 競馬データベース - netkeiba,2026-05-19T11:54:57.374114,牡,3,506.0,4.0,0,0,7.8,7.67,37.2,0.1136,0,14,37.2,37.2,37.2,0.1136,37.2
8.0,8,10,ナムラエイハブ,55.0,和田竜二,1:54.2,4,4.8,3.0,[西] 長谷川浩,2021102895,202408040208,3歳以上1勝クラス｜2024年6月2日 | 競馬データベース - netkeiba,2026-05-19T11:54:57.374114,牡,3,498.0,-4.0,0,0,6.2,7.0,34.68,0.1389,0,8,34.68,34.68,34.68,0.1389,34.68
9.0,6,6,アシャカブラン,53.0,西塚洸二,1:54.5,2,59.7,8.0,[西] 大根田裕,2021105933,202408040208,3歳以上1勝クラス｜2024年6月2日 | 競馬データベース - netkeiba,2026-05-19T11:54:57.374114,牡,3,510.0,-11.0,0,0,8.5,10.5,38.38,0.1053,0,11,38.38,38.38,38.38,0.1053,38.38
10.0,3,3,カツラノキサノキ,54.0,小沢大仁,1:54.5,アタマ,48.0,7.0,[西] 庄野靖志,2021101461,202408040208,3歳以上1勝クラス｜2024年6月2日 | 競馬データベース - netkeiba,2026-05-19T11:54:57.374114,牡,3,486.0,4.0,0,0,9.6,10.0,38.16,0.0943,0,14,38.16,38.16,38.16,0.0943,38.16
11.0,7,9,パカーラン,54.0,田口貫太,1:55.0,3,6.2,4.0,[西] 藤原英昭,2021105073,202408040208,3歳以上1勝クラス｜2024年6月2日 | 競馬データベース - netkeiba,2026-05-19T11:54:57.374114,牡,3,468.0,-6.0,0,0,6.2,4.33,37.36,0.1389,0,5,37.36,37.36,37.36,0.1389,37.36
1.0,7,12,ロードフォアエース,55.0,岩田望来,1:07.6,,2.3,1.0,[西] 友道康夫,2021100130,202408040209,祇園特別｜2024年6月2日 | 競馬データベース - netkeiba,2026-05-19T11:55:26.823002,牡,3,526.0,-6.0,1,1,7.0,7.33,34.66,0.125,0,12,34.66,34.66,34.66,0.125,34.66
2.0,6,9,ミルテンベルク,55.0,藤岡佑介,1:07.7,1/2,8.1,5.0,[西] 武英智,2021105771,202408040209,祇園特別｜2024年6月2日 | 競馬データベース - netkeiba,2026-05-19T11:55:26.823002,牡,3,486.0,12.0,0,1,7.4,6.33,34.08,0.119,0,11,34.08,34.08,34.08,0.119,34.08
3.0,3,4,ワンダーキサラ,56.0,太宰啓介,1:08.0,2,58.2,10.0,[西] 石橋守,2019102458,202408040209,祇園特別｜2024年6月2日 | 競馬データベース - netkeiba,2026-05-19T11:55:26.823002,牝,5,464.0,0.0,0,1,5.8,4.67,34.26,0.1471,0,11,34.26,34.26,34.26,0.1471,34.26
4.0,4,5,キャプテンネキ,53.0,Ｍ．デム,1:08.1,1/2,6.5,4.0,[西] 杉山晴紀,2021101523,202408040209,祇園特別｜2024年6月2日 | 競馬データベース - netkeiba,2026-05-19T11:55:26.823002,牝,3,526.0,-4.0,0,0,8.4,9.0,38.08,0.1064,0,9,38.08,38.08,38.08,0.1064,38.08
5.0,6,10,ガリレイ,58.0,角田大河,1:08.1,ハナ,24.8,6.0,[西] 高橋亮,2017102809,202408040209,祇園特別｜2024年6月2日 | 競馬データベース - netkeiba,2026-05-19T11:55:26.823002,セ,7,514.0,-2.0,0,0,8.4,11.0,34.67,0.1064,0,10,34.67,34.67,34.67,0.1064,34.67
6.0,3,3,スピリットガイド,55.0,鮫島克駿,1:08.2,クビ,4.8,2.0,[東] 手塚貴久,2021110021,202408040209,祇園特別｜2024年6月2日 | 競馬データベース - netkeiba,2026-05-19T11:55:26.823002,牡,3,516.0,0.0,0,0,6.2,3.67,36.98,0.1389,0,5,36.98,36.98,36.98,0.1389,36.98
7.0,4,6,ハクサンパイオニア,58.0,吉村誠之,1:08.2,クビ,46.2,8.0,[西] 清水久詞,2020105568,202408040209,祇園特別｜2024年6月2日 | 競馬データベース - netkeiba,2026-05-19T11:55:26.823002,牡,4,502.0,-2.0,0,0,5.2,3.67,41.5,0.1613,0,4,41.5,41.5,41.5,0.1613,41.5
8.0,5,7,ロゼクラン,56.0,池添謙一,1:08.2,クビ,27.8,7.0,[西] 藤沢則雄,2018103620,202408040209,祇園特別｜2024年6月2日 | 競馬データベース - netkeiba,2026-05-19T11:55:26.823002,牝,6,448.0,0.0,0,0,9.6,10.67,34.38,0.0943,0,10,34.38,34.38,34.38,0.0943,34.38
9.0,2,2,ルクスドヌーヴ,56.0,田口貫太,1:08.4,1,78.3,11.0,[西] 須貝尚介,2020101284,202408040209,祇園特別｜2024年6月2日 | 競馬データベース - netkeiba,2026-05-19T11:55:26.823002,牝,4,444.0,-8.0,0,0,10.6,10.0,36.32,0.0862,0,14,36.32,36.32,36.32,0.0862,36.32
10.0,8,13,ビッグボーンリタ,56.0,西塚洸二,1:08.6,1.1/4,421.3,14.0,[西] 高橋康之,2020100736,202408040209,祇園特別｜2024年6月2日 | 競馬データベース - netkeiba,2026-05-19T11:55:26.823002,牝,4,476.0,14.0,0,0,14.4,13.33,36.58,0.0649,0,16,36.58,36.58,36.58,0.0649,36.58
11.0,1,1,ジャスパーノワール,55.0,団野大成,1:08.8,1.1/4,5.6,3.0,[西] 森秀行,2021110132,202408040209,祇園特別｜2024年6月2日 | 競馬データベース - netkeiba,2026-05-19T11:55:26.823002,牡,3,506.0,0.0,0,0,13.6,15.33,35.5,0.0685,0,18,35.5,35.5,35.5,0.0685,35.5
12.0,5,8,トーホウジュナール,56.0,永島まな,1:08.9,3/4,52.3,9.0,[西] 谷潔,2018100618,202408040209,祇園特別｜2024年6月2日 | 競馬データベース - netkeiba,2026-05-19T11:55:26.823002,牝,6,486.0,6.0,0,0,9.4,12.0,34.54,0.0962,0,12,34.54,34.54,34.54,0.0962,34.54
13.0,7,11,スカプラリオ,56.0,古川吉洋,1:09.1,1,337.1,13.0,[西] 佐々木晶,2020104825,202408040209,祇園特別｜2024年6月2日 | 競馬データベース - netkeiba,2026-05-19T11:55:26.823002,牝,4,470.0,10.0,0,0,9.4,10.67,34.36,0.0962,0,8,34.36,34.36,34.36,0.0962,34.36
14.0,8,14,シルフィードレーヴ,56.0,松山弘平,1:09.3,1.1/4,95.5,12.0,[西] 西園正都,2020104942,202408040209,祇園特別｜2024年6月2日 | 競馬データベース - netkeiba,2026-05-19T11:55:26.823002,牝,4,450.0,0.0,0,0,10.8,13.33,34.98,0.0847,0,14,34.98,34.98,34.98,0.0847,34.98
1.0,5,6,ベリーヴィーナス,56.0,藤懸貴志,1:59.4,,20.7,8.0,[西] 鈴木孝志,2019103430,202408040210,下鴨ステークス｜2024年6月2日 | 競馬データベース - netkeiba,2026-05-19T11:56:09.245347,牝,5,496.0,2.0,1,1,9.6,15.33,36.52,0.0943,0,17,36.52,36.52,36.52,0.0943,36.52
2.0,6,9,ショウナンアデイブ,58.0,池添謙一,1:59.5,1/2,5.6,3.0,[西] 高野友和,2019105239,202408040210,下鴨ステークス｜2024年6月2日 | 競馬データベース - netkeiba,2026-05-19T11:56:09.245347,牡,5,516.0,4.0,0,1,8.0,3.33,34.52,0.1111,0,4,34.52,34.52,34.52,0.1111,34.52
3.0,3,3,シェイクユアハート,58.0,古川吉洋,1:59.5,クビ,4.6,1.0,[西] 宮徹,2020103101,202408040210,下鴨ステークス｜2024年6月2日 | 競馬データベース - netkeiba,2026-05-19T11:56:09.245347,牡,4,450.0,2.0,0,1,3.8,2.0,33.68,0.2083,0,1,33.68,33.68,33.68,0.2083,33.68
4.0,1,1,スミ,56.0,角田大河,1:59.5,ハナ,7.9,6.0,[西] 高橋亮,2019106604,202408040210,下鴨ステークス｜2024年6月2日 | 競馬データベース - netkeiba,2026-05-19T11:56:09.245347,牝,5,484.0,6.0,0,0,9.0,10.0,36.9,0.1,0,15,36.9,36.9,36.9,0.1,36.9
5.0,5,7,コスモサガルマータ,58.0,松若風馬,1:59.6,1/2,54.8,10.0,[西] 梅田智之,2020103881,202408040210,下鴨ステークス｜2024年6月2日 | 競馬データベース - netkeiba,2026-05-19T11:56:09.245347,牡,4,494.0,-6.0,0,0,12.5,12.0,36.15,0.0741,0,4,36.15,36.15,36.15,0.0741,36.15
6.0,8,12,フレーヴァード,58.0,松山弘平,1:59.7,3/4,6.5,5.0,[東] 大竹正博,2020103693,202408040210,下鴨ステークス｜2024年6月2日 | 競馬データベース - netkeiba,2026-05-19T11:56:09.245347,牡,4,442.0,0.0,0,0,9.4,9.33,34.9,0.0962,0,14,34.9,34.9,34.9,0.0962,34.9
7.0,4,4,ニホンピロタイズ,58.0,田口貫太,1:59.8,クビ,61.9,11.0,[西] 大橋勇樹,2018104160,202408040210,下鴨ステークス｜2024年6月2日 | 競馬データベース - netkeiba,2026-05-19T11:56:09.245347,牡,6,514.0,-2.0,0,0,2.6,1.67,40.14,0.2778,0,3,40.14,40.14,40.14,0.2778,40.14
8.0,2,2,ビキニボーイ,58.0,川須栄彦,1:59.8,アタマ,269.6,13.0,[西] 梅田智之,2020104426,202408040210,下鴨ステークス｜2024年6月2日 | 競馬データベース - netkeiba,2026-05-19T11:56:09.245347,牡,4,502.0,-4.0,0,0,3.8,3.33,38.56,0.2083,0,1,38.56,38.56,38.56,0.2083,38.56
9.0,8,13,セレブレイトガイズ,58.0,鮫島克駿,1:59.8,ハナ,28.4,9.0,[西] 石坂公一,2019105485,202408040210,下鴨ステークス｜2024年6月2日 | 競馬データベース - netkeiba,2026-05-19T11:56:09.245347,牡,5,494.0,4.0,0,0,9.6,13.67,35.64,0.0943,0,18,35.64,35.64,35.64,0.0943,35.64
10.0,7,10,ワイドエンペラー,58.0,高杉吏麒,1:59.8,ハナ,6.5,4.0,[西] 藤岡健一,2018101660,202408040210,下鴨ステークス｜2024年6月2日 | 競馬データベース - netkeiba,2026-05-19T11:56:09.245347,牡,6,502.0,-2.0,0,0,9.4,10.0,34.72,0.0962,0,11,34.72,34.72,34.72,0.0962,34.72
11.0,7,11,アップデート,58.0,和田竜二,1:59.8,クビ,65.3,12.0,[西] 杉山晴紀,2019101716,202408040210,下鴨ステークス｜2024年6月2日 | 競馬データベース - netkeiba,2026-05-19T11:56:09.245347,牡,5,506.0,2.0,0,0,6.8,6.67,34.43,0.1282,0,3,34.43,34.43,34.43,0.1282,34.43
12.0,4,5,テーオーグランビル,58.0,岩田望来,1:59.9,クビ,5.3,2.0,[西] 上村洋行,2020110081,202408040210,下鴨ステークス｜2024年6月2日 | 競馬データベース - netkeiba,2026-05-19T11:56:09.245347,牡,4,500.0,0.0,0,0,7.2,8.33,36.58,0.122,0,12,36.58,36.58,36.58,0.122,36.58
13.0,6,8,ドゥラモンド,58.0,Ｍ．デム,2:00.2,1.3/4,9.5,7.0,[東] 手塚貴久,2018105078,202408040210,下鴨ステークス｜2024年6月2日 | 競馬データベース - netkeiba,2026-05-19T11:56:09.245347,牡,6,496.0,4.0,0,0,4.2,5.0,0.0,0.1923,0,6,0.0,0.0,0.0,0.1923,0.0
1.0,5,10,ジレトール,57.5,鮫島克駿,1:10.5,,5.1,3.0,[西] 松永幹夫,2019105972,202408040211,松風月ステークス｜2024年6月2日 | 競馬データベース - netkeiba,2026-05-19T11:56:48.931390,牡,5,484.0,2.0,1,1,0.0,0.0,0.0,0.0,0,0,0.0,0.0,0.0,0.0,0.0
2.0,3,5,マニバドラ,55.0,松山弘平,1:10.5,ハナ,4.7,1.0,[西] 森秀行,2020110105,202408040211,松風月ステークス｜2024年6月2日 | 競馬データベース - netkeiba,2026-05-19T11:56:48.931390,牡,4,520.0,-6.0,0,1,7.2,9.67,36.6,0.122,0,3,36.6,36.6,36.6,0.122,36.6
3.0,4,8,パラシュラーマ,56.0,松若風馬,1:10.6,3/4,7.1,4.0,[西] 浜田多実,2020105622,202408040211,松風月ステークス｜2024年6月2日 | 競馬データベース - netkeiba,2026-05-19T11:56:48.931390,牡,4,482.0,2.0,0,1,11.5,12.33,38.35,0.08,0,7,38.35,38.35,38.35,0.08,38.35
4.0,7,13,ロードエクレール,56.0,藤岡佑介,1:10.7,クビ,24.4,9.0,[東] 斎藤誠,2018105998,202408040211,松風月ステークス｜2024年6月2日 | 競馬データベース - netkeiba,2026-05-19T11:56:48.931390,牡,6,478.0,-6.0,0,0,6.4,5.33,38.9,0.1351,0,11,38.9,38.9,38.9,0.1351,38.9
5.0,6,11,スマートフォルス,57.0,浜中俊,1:11.0,1.3/4,8.9,6.0,[西] 吉村圭司,2020101707,202408040211,松風月ステークス｜2024年6月2日 | 競馬データベース - netkeiba,2026-05-19T11:56:48.931390,牡,4,482.0,4.0,0,0,7.4,7.33,35.82,0.119,0,13,35.82,35.82,35.82,0.119,35.82
6.0,4,7,メズメライザー,55.0,Ｍ．デム,1:11.2,1.1/4,16.4,7.0,[西] 千田輝彦,2019101894,202408040211,松風月ステークス｜2024年6月2日 | 競馬データベース - netkeiba,2026-05-19T11:56:48.931390,セ,5,524.0,-2.0,0,0,10.4,9.0,38.4,0.0877,0,8,38.4,38.4,38.4,0.0877,38.4
7.0,2,4,ラプタス,60.5,小沢大仁,1:11.2,クビ,80.9,13.0,[西] 渡辺薫彦,2016106263,202408040211,松風月ステークス｜2024年6月2日 | 競馬データベース - netkeiba,2026-05-19T11:56:48.931390,セ,8,474.0,-1.0,0,0,0.0,0.0,0.0,0.0,0,0,0.0,0.0,0.0,0.0,0.0
8.0,3,6,ドンアミティエ,55.0,和田竜二,1:11.4,1.1/4,8.8,5.0,[西] 今野貞一,2020106006,202408040211,松風月ステークス｜2024年6月2日 | 競馬データベース - netkeiba,2026-05-19T11:56:48.931390,牡,4,488.0,-14.0,0,0,6.2,8.0,36.15,0.1389,0,2,36.15,36.15,36.15,0.1389,36.15
9.0,1,1,シゲルホサヤク,54.0,高倉稜,1:11.4,クビ,150.8,15.0,[西] 藤沢則雄,2018103362,202408040211,松風月ステークス｜2024年6月2日 | 競馬データベース - netkeiba,2026-05-19T11:56:48.931390,牡,6,482.0,2.0,0,0,8.0,9.5,36.85,0.1111,0,8,36.85,36.85,36.85,0.1111,36.85
10.0,7,14,アームズレイン,57.5,岩田望来,1:11.4,ハナ,4.7,2.0,[西] 上村洋行,2020100484,202408040211,松風月ステークス｜2024年6月2日 | 競馬データベース - netkeiba,2026-05-19T11:56:48.931390,牡,4,498.0,-1.0,0,0,6.2,4.33,38.66,0.1389,0,7,38.66,38.66,38.66,0.1389,38.66
11.0,5,9,イスラアネーロ,56.0,池添謙一,1:11.5,1/2,22.7,8.0,[西] 吉村圭司,2019105741,202408040211,松風月ステークス｜2024年6月2日 | 競馬データベース - netkeiba,2026-05-19T11:56:48.931390,牡,5,450.0,-6.0,0,0,8.4,10.67,36.76,0.1064,0,11,36.76,36.76,36.76,0.1064,36.76
12.0,8,16,メイショウミツヤス,55.0,古川吉洋,1:11.6,クビ,57.9,12.0,[西] 木原一良,2018106147,202408040211,松風月ステークス｜2024年6月2日 | 競馬データベース - netkeiba,2026-05-19T11:56:48.931390,牡,6,508.0,-18.0,0,0,8.2,8.0,35.88,0.1087,0,5,35.88,35.88,35.88,0.1087,35.88
13.0,6,12,ロンドンプラン,56.0,中井裕二,1:11.8,1.1/4,33.7,11.0,[西] 宮本博,2020101588,202408040211,松風月ステークス｜2024年6月2日 | 競馬データベース - netkeiba,2026-05-19T11:56:48.931390,牡,4,508.0,-4.0,0,0,9.5,11.0,33.62,0.0952,0,7,33.62,33.62,33.62,0.0952,33.62
14.0,2,3,ケイアイロベージ,57.0,富田暁,1:11.8,アタマ,25.1,10.0,[西] 野中賢二,2018103819,202408040211,松風月ステークス｜2024年6月2日 | 競馬データベース - netkeiba,2026-05-19T11:56:48.931390,セ,6,492.0,6.0,0,0,4.4,4.0,38.62,0.1852,0,6,38.62,38.62,38.62,0.1852,38.62
15.0,8,15,アーバンイェーガー,55.0,荻野極,1:11.9,1,177.9,16.0,[東] 高橋文雅,2014102562,202408040211,松風月ステークス｜2024年6月2日 | 競馬データベース - netkeiba,2026-05-19T11:56:48.931390,牡,10,500.0,-4.0,0,0,11.2,10.67,36.5,0.082,0,13,36.5,36.5,36.5,0.082,36.5
16.0,1,2,アティード,56.0,田口貫太,1:12.3,2.1/2,92.6,14.0,[東] 加藤士津,2018103173,202408040211,松風月ステークス｜2024年6月2日 | 競馬データベース - netkeiba,2026-05-19T11:56:48.931390,牡,6,510.0,-16.0,0,0,1.0,1.0,38.88,0.5,0,1,38.88,38.88,38.88,0.5,38.88
1.0,8,15,メイショウコギク,55.0,田口貫太,1:22.7,,26.5,9.0,[西] 石橋守,2020106737,202408040212,3歳以上1勝クラス｜2024年6月2日 | 競馬データベース - netkeiba,2026-05-19T11:57:39.673498,牝,4,442.0,-4.0,1,1,7.6,9.0,34.66,0.1163,0,9,34.66,34.66,34.66,0.1163,34.66
2.0,5,10,デイトナモード,58.0,団野大成,1:22.7,クビ,24.2,8.0,[西] 千田輝彦,2020101872,202408040212,3歳以上1勝クラス｜2024年6月2日 | 競馬データベース - netkeiba,2026-05-19T11:57:39.673498,牡,4,532.0,-2.0,0,1,11.2,9.33,35.14,0.082,0,10,35.14,35.14,35.14,0.082,35.14
3.0,7,14,ジークシュベルト,55.0,高杉吏麒,1:23.1,2.1/2,165.4,16.0,[西] 高橋一哉,2020106593,202408040212,3歳以上1勝クラス｜2024年6月2日 | 競馬データベース - netkeiba,2026-05-19T11:57:39.673498,牡,4,470.0,0.0,0,1,0.0,0.0,0.0,0.0,0,0,0.0,0.0,0.0,0.0,0.0
4.0,1,1,サトノプリエール,53.0,吉村誠之,1:23.1,ハナ,6.3,4.0,[西] 斉藤崇史,2019110127,202408040212,3歳以上1勝クラス｜2024年6月2日 | 競馬データベース - netkeiba,2026-05-19T11:57:39.673498,牝,5,480.0,6.0,0,0,9.6,13.33,34.46,0.0943,0,15,34.46,34.46,34.46,0.0943,34.46
5.0,7,13,ガットネロ,56.0,岩田望来,1:23.5,2.1/2,13.8,6.0,[西] 上村洋行,2020105073,202408040212,3歳以上1勝クラス｜2024年6月2日 | 競馬データベース - netkeiba,2026-05-19T11:57:39.673498,牝,4,482.0,10.0,0,0,7.8,8.0,34.78,0.1136,0,11,34.78,34.78,34.78,0.1136,34.78
6.0,4,8,リアライズ,57.0,角田大河,1:23.5,クビ,3.4,1.0,[西] 石橋守,2020105299,202408040212,3歳以上1勝クラス｜2024年6月2日 | 競馬データベース - netkeiba,2026-05-19T11:57:39.673498,牡,4,500.0,-8.0,0,0,6.0,4.67,34.6,0.1429,0,2,34.6,34.6,34.6,0.1429,34.6
7.0,3,6,ファルシオン,56.0,藤懸貴志,1:23.9,2.1/2,43.9,11.0,[西] 羽月友彦,2020105996,202408040212,3歳以上1勝クラス｜2024年6月2日 | 競馬データベース - netkeiba,2026-05-19T11:57:39.673498,牝,4,444.0,-10.0,0,0,2.4,2.0,39.06,0.2941,0,1,39.06,39.06,39.06,0.2941,39.06
8.0,2,4,デルシエロ,55.0,鮫島克駿,1:24.2,2,4.7,2.0,[西] 清水久詞,2021103520,202408040212,3歳以上1勝クラス｜2024年6月2日 | 競馬データベース - netkeiba,2026-05-19T11:57:39.673498,牡,3,406.0,-2.0,0,0,7.2,7.0,35.68,0.122,0,5,35.68,35.68,35.68,0.122,35.68
9.0,1,2,イッツオンリーユー,56.0,荻野極,1:24.3,1/2,14.3,7.0,[東] 矢嶋大樹,2020102542,202408040212,3歳以上1勝クラス｜2024年6月2日 | 競馬データベース - netkeiba,2026-05-19T11:57:39.673498,牝,4,476.0,0.0,0,0,5.8,7.33,39.56,0.1471,0,12,39.56,39.56,39.56,0.1471,39.56
10.0,8,16,エリカフェリーチェ,56.0,池添謙一,1:24.3,ハナ,86.7,14.0,[西] 吉岡辰弥,2019103123,202408040212,3歳以上1勝クラス｜2024年6月2日 | 競馬データベース - netkeiba,2026-05-19T11:57:39.673498,牝,5,484.0,14.0,0,0,8.6,8.67,42.02,0.1042,0,10,42.02,42.02,42.02,0.1042,42.02
11.0,5,9,スイーツバイキング,56.0,浜中俊,1:24.3,クビ,47.2,12.0,[東] 大竹正博,2020104477,202408040212,3歳以上1勝クラス｜2024年6月2日 | 競馬データベース - netkeiba,2026-05-19T11:57:39.673498,牝,4,448.0,-6.0,0,0,10.8,11.33,35.16,0.0847,0,14,35.16,35.16,35.16,0.0847,35.16
12.0,2,3,バレル,58.0,松若風馬,1:24.4,クビ,6.1,3.0,[西] 鮫島一歩,2019102672,202408040212,3歳以上1勝クラス｜2024年6月2日 | 競馬データベース - netkeiba,2026-05-19T11:57:39.673498,牡,5,480.0,-2.0,0,0,5.8,7.67,39.7,0.1471,0,10,39.7,39.7,39.7,0.1471,39.7
13.0,6,12,ハッピーアズラリー,56.0,藤岡佑介,1:24.4,クビ,10.9,5.0,[西] 安田翔伍,2020101121,202408040212,3歳以上1勝クラス｜2024年6月2日 | 競馬データベース - netkeiba,2026-05-19T11:57:39.673498,牝,4,440.0,4.0,0,0,7.8,8.67,35.48,0.1136,0,8,35.48,35.48,35.48,0.1136,35.48
14.0,3,5,トゥーレツリー,54.0,永島まな,1:24.5,クビ,83.8,13.0,[西] 小栗実,2019104733,202408040212,3歳以上1勝クラス｜2024年6月2日 | 競馬データベース - netkeiba,2026-05-19T11:57:39.673498,牝,5,444.0,-4.0,0,0,9.4,11.0,38.58,0.0962,0,14,38.58,38.58,38.58,0.0962,38.58
15.0,4,7,ラフシー,58.0,和田竜二,1:24.7,1,114.5,15.0,[東] 大竹正博,2019101896,202408040212,3歳以上1勝クラス｜2024年6月2日 | 競馬データベース - netkeiba,2026-05-19T11:57:39.673498,牡,5,538.0,0.0,0,0,6.4,8.0,40.44,0.1351,0,9,40.44,40.44,40.44,0.1351,40.44
16.0,6,11,レッドルヴァンシュ,58.0,松山弘平,1:25.8,7,27.1,10.0,[西] 音無秀孝,2020103699,202408040212,3歳以上1勝クラス｜2024年6月2日 | 競馬データベース - netkeiba,2026-05-19T11:57:39.673498,牡,4,500.0,5.0,0,0,10.4,15.67,39.12,0.0877,0,16,39.12,39.12,39.12,0.0877,39.12
1.0,3,5,ナムラローズマリー,55.0,武豊,1:07.9,,1.7,1.0,[西] 羽月友彦,2021103092,202402010101,3歳未勝利｜2024年6月8日 | 競馬データベース - netkeiba,2026-05-19T11:58:41.537592,牝,3,442.0,10.0,1,1,6.8,7.33,33.7,0.1282,0,11,33.7,33.7,33.7,0.1282,33.7
2.0,1,2,プレアデスグループ,55.0,丹内祐次,1:08.4,2.1/2,3.4,2.0,[西] 吉岡辰弥,2021104839,202402010101,3歳未勝利｜2024年6月8日 | 競馬データベース - netkeiba,2026-05-19T11:58:41.537592,牝,3,430.0,-4.0,0,1,8.2,9.33,36.48,0.1087,0,11,36.48,36.48,36.48,0.1087,36.48
3.0,6,12,ルクスアドラー,57.0,佐々木大,1:09.1,4,16.3,4.0,[西] 須貝尚介,2021101100,202402010101,3歳未勝利｜2024年6月8日 | 競馬データベース - netkeiba,2026-05-19T11:58:41.537592,牡,3,462.0,4.0,0,1,10.6,13.0,34.42,0.0862,0,12,34.42,34.42,34.42,0.0862,34.42
4.0,7,14,カチヌキマリコ,55.0,大野拓弥,1:09.2,1/2,26.8,6.0,[東] 天間昭一,2021101245,202402010101,3歳未勝利｜2024年6月8日 | 競馬データベース - netkeiba,2026-05-19T11:58:41.537592,牝,3,406.0,0.0,0,0,5.2,6.33,39.78,0.1613,0,1,39.78,39.78,39.78,0.1613,39.78
5.0,2,3,ステイチューンド,57.0,北村友一,1:09.3,1/2,29.6,7.0,[西] 清水久詞,2021105696,202402010101,3歳未勝利｜2024年6月8日 | 競馬データベース - netkeiba,2026-05-19T11:58:41.537592,牡,3,458.0,-6.0,0,0,4.4,5.67,40.26,0.1852,0,6,40.26,40.26,40.26,0.1852,40.26
6.0,7,13,メイショウマサユメ,52.0,高杉吏麒,1:09.4,1,53.6,10.0,[西] 角田晃一,2021103277,202402010101,3歳未勝利｜2024年6月8日 | 競馬データベース - netkeiba,2026-05-19T11:58:41.537592,牝,3,462.0,-1.0,0,0,9.0,9.33,36.74,0.1,0,16,36.74,36.74,36.74,0.1,36.74
7.0,1,1,ジャヴァネ,52.0,長浜鴻緒,1:09.6,1,79.5,12.0,[東] 加藤和宏,2021103941,202402010101,3歳未勝利｜2024年6月8日 | 競馬データベース - netkeiba,2026-05-19T11:58:41.537592,牝,3,408.0,2.0,0,0,9.0,8.33,40.02,0.1,0,8,40.02,40.02,40.02,0.1,40.02
8.0,5,10,キタノワイオリ,55.0,菱田裕二,1:09.7,1/2,490.4,16.0,[東] 本間忍,2021101097,202402010101,3歳未勝利｜2024年6月8日 | 競馬データベース - netkeiba,2026-05-19T11:58:41.537592,牝,3,392.0,2.0,0,0,9.4,9.0,38.74,0.0962,0,5,38.74,38.74,38.74,0.0962,38.74
9.0,5,9,サクラリゲル,57.0,横山和生,1:09.7,クビ,48.8,9.0,[東] 勢司和浩,2021104057,202402010101,3歳未勝利｜2024年6月8日 | 競馬データベース - netkeiba,2026-05-19T11:58:41.537592,牡,3,484.0,8.0,0,0,7.4,8.67,39.64,0.119,0,8,39.64,39.64,39.64,0.119,39.64
10.0,2,4,ルチェッタ,51.0,小林美駒,1:09.9,1.1/2,14.6,3.0,[東] 青木孝文,2021102411,202402010101,3歳未勝利｜2024年6月8日 | 競馬データベース - netkeiba,2026-05-19T11:58:41.537592,牝,3,442.0,6.0,0,0,5.0,5.0,40.6,0.1667,0,6,40.6,40.6,40.6,0.1667,40.6
11.0,8,16,ボナール,57.0,富田暁,1:10.0,1/2,32.1,8.0,[西] 武英智,2021106925,202402010101,3歳未勝利｜2024年6月8日 | 競馬データベース - netkeiba,2026-05-19T11:58:41.537592,牡,3,434.0,-12.0,0,0,6.5,6.5,38.22,0.1333,0,10,38.22,38.22,38.22,0.1333,38.22
12.0,3,6,リルフロスト,57.0,鮫島克駿,1:10.1,1/2,61.6,11.0,[東] 牧光二,2021103554,202402010101,3歳未勝利｜2024年6月8日 | 競馬データベース - netkeiba,2026-05-19T11:58:41.537592,牡,3,486.0,4.0,0,0,10.6,11.33,41.34,0.0862,0,11,41.34,41.34,41.34,0.0862,41.34
13.0,4,7,モズイージス,56.0,松本大輝,1:10.2,3/4,135.4,14.0,[西] 松下武士,2021102151,202402010101,3歳未勝利｜2024年6月8日 | 競馬データベース - netkeiba,2026-05-19T11:58:41.537592,牡,3,462.0,6.0,0,0,7.0,8.33,37.88,0.125,0,6,37.88,37.88,37.88,0.125,37.88
14.0,6,11,プレシャスシル,52.0,今村聖奈,1:10.2,ハナ,346.3,15.0,[東] 菊川正達,2021105937,202402010101,3歳未勝利｜2024年6月8日 | 競馬データベース - netkeiba,2026-05-19T11:58:41.537592,牝,3,422.0,2.0,0,0,6.6,5.0,40.34,0.1316,0,8,40.34,40.34,40.34,0.1316,40.34
15.0,8,15,ブイキャット,55.0,池添謙一,1:10.4,3/4,106.5,13.0,[西] 北出成人,2021101790,202402010101,3歳未勝利｜2024年6月8日 | 競馬データベース - netkeiba,2026-05-19T11:58:41.537592,牝,3,428.0,24.0,0,0,13.0,14.0,36.9,0.0714,0,14,36.9,36.9,36.9,0.0714,36.9
16.0,4,8,フジゴウキャク,57.0,横山武史,1:10.4,アタマ,16.8,5.0,[東] 岩戸孝樹,2021101906,202402010101,3歳未勝利｜2024年6月8日 | 競馬データベース - netkeiba,2026-05-19T11:58:41.537592,牡,3,486.0,6.0,0,0,5.2,5.33,36.96,0.1613,0,5,36.96,36.96,36.96,0.1613,36.96
1.0,7,11,ネバーモア,55.0,藤岡佑介,1:47.0,,1.6,1.0,[西] 宮本博,2021100294,202402010102,3歳未勝利｜2024年6月8日 | 競馬データベース - netkeiba,2026-05-19T11:59:26.124387,牝,3,482.0,4.0,1,1,3.25,5.0,38.6,0.2353,0,6,38.6,38.6,38.6,0.2353,38.6
2.0,7,12,エリカポラリス,54.0,永野猛蔵,1:47.3,2,6.7,2.0,[東] 伊藤圭三,2021103739,202402010102,3歳未勝利｜2024年6月8日 | 競馬データベース - netkeiba,2026-05-19T11:59:26.124387,牝,3,434.0,-6.0,0,1,6.8,6.33,40.26,0.1282,0,6,40.26,40.26,40.26,0.1282,40.26
3.0,3,3,ノーブルブランカ,55.0,鮫島克駿,1:47.5,1,13.6,4.0,[西] 牧浦充徳,2021100052,202402010102,3歳未勝利｜2024年6月8日 | 競馬データベース - netkeiba,2026-05-19T11:59:26.124387,牝,3,428.0,10.0,0,1,6.0,5.67,40.34,0.1429,0,8,40.34,40.34,40.34,0.1429,40.34
4.0,2,2,エールヴァーゲ,55.0,佐々木大,1:47.5,アタマ,40.1,9.0,[西] 坂口智康,2021104956,202402010102,3歳未勝利｜2024年6月8日 | 競馬データベース - netkeiba,2026-05-19T11:59:26.124387,牝,3,412.0,2.0,0,0,6.0,6.33,40.52,0.1429,0,10,40.52,40.52,40.52,0.1429,40.52
5.0,5,7,ローマンレイク,55.0,北村友一,1:47.7,1.1/4,19.7,6.0,[西] 松永幹夫,2021105976,202402010102,3歳未勝利｜2024年6月8日 | 競馬データベース - netkeiba,2026-05-19T11:59:26.124387,牝,3,414.0,0.0,0,0,7.6,6.67,38.54,0.1163,0,1,38.54,38.54,38.54,0.1163,38.54
6.0,1,1,ナリノイングリッド,55.0,大野拓弥,1:47.7,ハナ,25.4,8.0,[東] 上原博之,2021105261,202402010102,3歳未勝利｜2024年6月8日 | 競馬データベース - netkeiba,2026-05-19T11:59:26.124387,牝,3,440.0,2.0,0,0,11.0,10.5,40.9,0.0833,0,10,40.9,40.9,40.9,0.0833,40.9
7.0,4,6,フルリール,52.0,高杉吏麒,1:47.9,1.1/4,82.3,12.0,[西] 藤岡健一,2021107178,202402010102,3歳未勝利｜2024年6月8日 | 競馬データベース - netkeiba,2026-05-19T11:59:26.124387,牝,3,434.0,8.0,0,0,5.6,6.0,40.26,0.1515,0,10,40.26,40.26,40.26,0.1515,40.26
8.0,6,9,ダンツドール,55.0,古川吉洋,1:47.9,ハナ,18.1,5.0,[西] 四位洋文,2021100112,202402010102,3歳未勝利｜2024年6月8日 | 競馬データベース - netkeiba,2026-05-19T11:59:26.124387,牝,3,456.0,2.0,0,0,5.0,6.0,38.42,0.1667,0,6,38.42,38.42,38.42,0.1667,38.42
9.0,8,13,ブレイクショット,55.0,横山武史,1:48.2,1.1/2,7.3,3.0,[東] 村田一誠,2021103011,202402010102,3歳未勝利｜2024年6月8日 | 競馬データベース - netkeiba,2026-05-19T11:59:26.124387,牝,3,470.0,2.0,0,0,7.8,6.33,39.04,0.1136,0,4,39.04,39.04,39.04,0.1136,39.04
10.0,6,10,シーメジャー,55.0,池添謙一,1:48.2,ハナ,69.9,11.0,[西] 奥村豊,2021105216,202402010102,3歳未勝利｜2024年6月8日 | 競馬データベース - netkeiba,2026-05-19T11:59:26.124387,牝,3,452.0,10.0,0,0,8.0,6.67,40.74,0.1111,0,5,40.74,40.74,40.74,0.1111,40.74
11.0,5,8,フェイマスグラース,52.0,小林勝太,1:48.2,クビ,103.7,13.0,[西] 谷潔,2021104688,202402010102,3歳未勝利｜2024年6月8日 | 競馬データベース - netkeiba,2026-05-19T11:59:26.124387,牝,3,470.0,0.0,0,0,5.4,6.67,39.66,0.1562,0,1,39.66,39.66,39.66,0.1562,39.66
12.0,3,4,マルモリミッション,54.0,角田大河,1:48.7,3,41.6,10.0,[西] 大橋勇樹,2021101566,202402010102,3歳未勝利｜2024年6月8日 | 競馬データベース - netkeiba,2026-05-19T11:59:26.124387,牝,3,466.0,-6.0,0,0,8.0,9.5,39.17,0.1111,0,7,39.17,39.17,39.17,0.1111,39.17
13.0,8,14,ファイアンス,55.0,丹内祐次,1:49.8,7,21.2,7.0,[東] 武市康男,2021106454,202402010102,3歳未勝利｜2024年6月8日 | 競馬データベース - netkeiba,2026-05-19T11:59:26.124387,牝,3,458.0,0.0,0,0,7.6,8.0,38.7,0.1163,0,8,38.7,38.7,38.7,0.1163,38.7
14.0,4,5,タイセイアルテミス,55.0,富田暁,1:50.8,6,281.1,14.0,[西] 高橋義忠,2021105699,202402010102,3歳未勝利｜2024年6月8日 | 競馬データベース - netkeiba,2026-05-19T11:59:26.124387,牝,3,432.0,12.0,0,0,5.0,6.33,41.42,0.1667,0,10,41.42,41.42,41.42,0.1667,41.42
1.0,1,1,サザンカ,54.0,角田大河,0:58.7,,5.4,2.0,[西] 角田晃一,2021107281,202402010103,3歳未勝利｜2024年6月8日 | 競馬データベース - netkeiba,2026-05-19T12:00:08.440670,牝,3,466.0,2.0,1,1,5.8,6.33,39.34,0.1471,0,10,39.34,39.34,39.34,0.1471,39.34
2.0,6,7,ノブノリッキー,53.0,小林美駒,0:59.1,2,1.4,1.0,[東] 中舘英二,2021104117,202402010103,3歳未勝利｜2024年6月8日 | 競馬データベース - netkeiba,2026-05-19T12:00:08.440670,牡,3,514.0,4.0,0,1,11.4,12.33,42.68,0.0806,0,14,42.68,42.68,42.68,0.0806,42.68
3.0,3,3,ラントゥリーダンス,55.0,小林凌大,0:59.6,3.1/2,98.9,11.0,[東] 石栗龍彦,2021102598,202402010103,3歳未勝利｜2024年6月8日 | 競馬データベース - netkeiba,2026-05-19T12:00:08.440670,牝,3,448.0,-6.0,0,1,5.6,4.0,38.0,0.1515,0,3,38.0,38.0,38.0,0.1515,38.0
4.0,5,5,アマモト,57.0,横山和生,1:00.6,6,10.8,3.0,[東] 田村康仁,2021103042,202402010103,3歳未勝利｜2024年6月8日 | 競馬データベース - netkeiba,2026-05-19T12:00:08.440670,牡,3,474.0,6.0,0,0,5.6,3.67,39.78,0.1515,0,2,39.78,39.78,39.78,0.1515,39.78
5.0,6,8,アルヘンティニータ,54.0,永野猛蔵,1:00.7,1/2,57.2,10.0,[東] 伊藤圭三,2021104455,202402010103,3歳未勝利｜2024年6月8日 | 競馬データベース - netkeiba,2026-05-19T12:00:08.440670,牝,3,436.0,0.0,0,0,5.0,6.0,37.32,0.1667,0,6,37.32,37.32,37.32,0.1667,37.32
6.0,4,4,シュブロンレーヴル,52.0,川端海翼,1:01.0,2,13.3,4.0,[西] 杉山佳明,2021105873,202402010103,3歳未勝利｜2024年6月8日 | 競馬データベース - netkeiba,2026-05-19T12:00:08.440670,牝,3,408.0,0.0,0,0,5.6,5.67,34.06,0.1515,0,11,34.06,34.06,34.06,0.1515,34.06
7.0,8,11,テイエムミステリー,57.0,富田暁,1:01.0,ハナ,23.8,6.0,[西] 木原一良,2021102827,202402010103,3歳未勝利｜2024年6月8日 | 競馬データベース - netkeiba,2026-05-19T12:00:08.440670,牡,3,480.0,-8.0,0,0,7.0,7.33,39.78,0.125,0,12,39.78,39.78,39.78,0.125,39.78
8.0,7,9,シャトーディフ,52.0,長浜鴻緒,1:01.2,1.1/4,38.4,9.0,[東] 矢嶋大樹,2021105592,202402010103,3歳未勝利｜2024年6月8日 | 競馬データベース - netkeiba,2026-05-19T12:00:08.440670,牝,3,428.0,-12.0,0,0,9.2,6.67,37.14,0.098,0,9,37.14,37.14,37.14,0.098,37.14
9.0,5,6,ミルキーメモリー,52.0,小林勝太,1:01.2,アタマ,27.5,7.0,[東] 牧光二,2021103917,202402010103,3歳未勝利｜2024年6月8日 | 競馬データベース - netkeiba,2026-05-19T12:00:08.440670,牝,3,452.0,-2.0,0,0,9.8,9.33,41.3,0.0926,0,12,41.3,41.3,41.3,0.0926,41.3
10.0,7,10,グランヴィルローズ,52.0,石神深道,1:01.7,2.1/2,487.6,12.0,[東] 和田正一,2021105024,202402010103,3歳未勝利｜2024年6月8日 | 競馬データベース - netkeiba,2026-05-19T12:00:08.440670,牝,3,406.0,-6.0,0,0,6.0,7.0,39.82,0.1429,0,11,39.82,39.82,39.82,0.1429,39.82
11.0,2,2,ラインアルファ,57.0,丹内祐次,1:01.8,3/4,19.3,5.0,[東] 水野貴広,2021103599,202402010103,3歳未勝利｜2024年6月8日 | 競馬データベース - netkeiba,2026-05-19T12:00:08.440670,牡,3,462.0,-4.0,0,0,7.4,8.0,38.4,0.119,0,4,38.4,38.4,38.4,0.119,38.4
12.0,8,12,レッドマーレ,54.0,高杉吏麒,1:01.8,ハナ,34.7,8.0,[西] 小椋研介,2021105205,202402010103,3歳未勝利｜2024年6月8日 | 競馬データベース - netkeiba,2026-05-19T12:00:08.440670,牡,3,430.0,8.0,0,0,11.0,11.33,36.48,0.0833,0,16,36.48,36.48,36.48,0.0833,36.48
1.0,3,6,マルカオペラ,55.0,北村友一,1:48.7,,3.1,1.0,[西] 浜田多実,2021104978,202402010104,3歳未勝利｜2024年6月8日 | 競馬データベース - netkeiba,2026-05-19T12:00:43.944349,牝,3,468.0,-2.0,1,1,5.0,5.0,34.6,0.1667,0,4,34.6,34.6,34.6,0.1667,34.6
2.0,8,16,スウィートリワード,55.0,武豊,1:48.7,クビ,4.4,2.0,[西] 宮本博,2021100415,202402010104,3歳未勝利｜2024年6月8日 | 競馬データベース - netkeiba,2026-05-19T12:00:43.944349,牝,3,454.0,2.0,0,1,9.2,10.0,35.54,0.098,0,6,35.54,35.54,35.54,0.098,35.54
3.0,4,7,ダークファンタジー,55.0,佐々木大,1:49.0,1.1/2,9.1,5.0,[西] 須貝尚介,2021105171,202402010104,3歳未勝利｜2024年6月8日 | 競馬データベース - netkeiba,2026-05-19T12:00:43.944349,牝,3,410.0,0.0,0,1,5.6,7.33,40.56,0.1515,0,9,40.56,40.56,40.56,0.1515,40.56
4.0,1,1,マイネルバーテクス,57.0,富田暁,1:49.0,ハナ,28.0,10.0,[東] 水野貴広,2021106827,202402010104,3歳未勝利｜2024年6月8日 | 競馬データベース - netkeiba,2026-05-19T12:00:43.944349,牡,3,494.0,-2.0,0,0,7.6,7.0,35.74,0.1163,0,4,35.74,35.74,35.74,0.1163,35.74
5.0,2,3,ラストスピリッツ,57.0,菱田裕二,1:49.0,アタマ,14.5,7.0,[西] 緒方努,2021107174,202402010104,3歳未勝利｜2024年6月8日 | 競馬データベース - netkeiba,2026-05-19T12:00:43.944349,牡,3,504.0,6.0,0,0,8.4,10.33,41.64,0.1064,0,12,41.64,41.64,41.64,0.1064,41.64
6.0,3,5,シャーリーゴールド,55.0,浜中俊,1:49.2,1,30.1,11.0,[西] 須貝尚介,2021104918,202402010104,3歳未勝利｜2024年6月8日 | 競馬データベース - netkeiba,2026-05-19T12:00:43.944349,牝,3,452.0,8.0,0,0,8.6,7.67,34.62,0.1042,0,6,34.62,34.62,34.62,0.1042,34.62
7.0,1,2,ツキガキレイデスネ,54.0,永野猛蔵,1:49.2,クビ,12.9,6.0,[東] 小島茂之,2021103328,202402010104,3歳未勝利｜2024年6月8日 | 競馬データベース - netkeiba,2026-05-19T12:00:43.944349,牝,3,448.0,12.0,0,0,5.6,7.0,41.48,0.1515,0,4,41.48,41.48,41.48,0.1515,41.48
8.0,8,15,シュプリームアロー,57.0,古川吉洋,1:49.4,1,300.0,15.0,[西] 藤野健太,2021106937,202402010104,3歳未勝利｜2024年6月8日 | 競馬データベース - netkeiba,2026-05-19T12:00:43.944349,牡,3,450.0,-6.0,0,0,3.0,2.67,39.94,0.25,0,4,39.94,39.94,39.94,0.25,39.94
9.0,5,9,ウーロン,55.0,横山和生,1:49.4,クビ,16.2,8.0,[東] 上原佑紀,2021101649,202402010104,3歳未勝利｜2024年6月8日 | 競馬データベース - netkeiba,2026-05-19T12:00:43.944349,牝,3,470.0,0.0,0,0,7.4,6.67,40.02,0.119,0,8,40.02,40.02,40.02,0.119,40.02
10.0,5,10,タガノエイリアス,56.0,角田大河,1:49.6,1,21.3,9.0,[西] 本田優,2021106553,202402010104,3歳未勝利｜2024年6月8日 | 競馬データベース - netkeiba,2026-05-19T12:00:43.944349,牡,3,470.0,-2.0,0,0,1.8,2.33,39.58,0.3571,0,1,39.58,39.58,39.58,0.3571,39.58
11.0,4,8,ファイアクラッカー,55.0,池添謙一,1:49.7,1/2,8.2,4.0,[東] 鹿戸雄一,2021101551,202402010104,3歳未勝利｜2024年6月8日 | 競馬データベース - netkeiba,2026-05-19T12:00:43.944349,牝,3,496.0,-2.0,0,0,9.0,9.0,41.64,0.1,0,11,41.64,41.64,41.64,0.1,41.64
12.0,6,12,リトルアイドル,52.0,小林勝太,1:49.7,ハナ,297.1,14.0,[東] 加藤和宏,2021107209,202402010104,3歳未勝利｜2024年6月8日 | 競馬データベース - netkeiba,2026-05-19T12:00:43.944349,牝,3,372.0,2.0,0,0,7.2,8.33,39.08,0.122,0,7,39.08,39.08,39.08,0.122,39.08
13.0,7,13,ビッグロードヒマリ,57.0,黛弘人,1:49.7,クビ,564.1,16.0,[東] 尾形和幸,2021101178,202402010104,3歳未勝利｜2024年6月8日 | 競馬データベース - netkeiba,2026-05-19T12:00:43.944349,牡,3,460.0,12.0,0,0,12.2,14.67,37.24,0.0758,0,15,37.24,37.24,37.24,0.0758,37.24
14.0,2,4,リート,52.0,今村聖奈,1:50.5,5,191.3,13.0,[西] 高橋一哉,2021101376,202402010104,3歳未勝利｜2024年6月8日 | 競馬データベース - netkeiba,2026-05-19T12:00:43.944349,牝,3,450.0,-10.0,0,0,6.2,5.33,41.7,0.1389,0,3,41.7,41.7,41.7,0.1389,41.7
15.0,6,11,ランオブザワールド,57.0,丹内祐次,1:50.7,1.1/4,7.7,3.0,[西] 西村真幸,2021103570,202402010104,3歳未勝利｜2024年6月8日 | 競馬データベース - netkeiba,2026-05-19T12:00:43.944349,牡,3,498.0,30.0,0,0,6.2,9.0,40.76,0.1389,0,12,40.76,40.76,40.76,0.1389,40.76
16.0,7,14,メイショウタッピ,57.0,斎藤新,1:51.5,5,120.3,12.0,[西] 池添学,2021102239,202402010104,3歳未勝利｜2024年6月8日 | 競馬データベース - netkeiba,2026-05-19T12:00:43.944349,牡,3,494.0,0.0,0,0,13.0,13.0,38.75,0.0714,0,10,38.75,38.75,38.75,0.0714,38.75
1.0,6,6,ヒデノブルースカイ,52.0,高杉吏麒,0:57.6,,3.3,1.0,[西] 梅田智之,2022100837,202402010105,2歳新馬｜2024年6月8日 | 競馬データベース - netkeiba,2026-05-19T12:01:32.123038,牡,2,420.0,0.0,1,1,5.8,5.0,41.92,0.1471,0,1,41.92,41.92,41.92,0.1471,41.92
2.0,6,7,ワイルドゴーア,52.0,小林勝太,0:57.9,2,4.4,2.0,[東] 加藤士津,2022109047,202402010105,2歳新馬｜2024年6月8日 | 競馬データベース - netkeiba,2026-05-19T12:01:32.123038,牡,2,450.0,0.0,0,1,8.0,11.67,36.56,0.1111,0,12,36.56,36.56,36.56,0.1111,36.56
3.0,5,5,シュードタキライト,55.0,佐々木大,0:58.0,1,11.5,6.0,[東] 菊川正達,2022103509,202402010105,2歳新馬｜2024年6月8日 | 競馬データベース - netkeiba,2026-05-19T12:01:32.123038,牡,2,488.0,0.0,0,1,8.2,6.0,35.32,0.1087,0,3,35.32,35.32,35.32,0.1087,35.32
4.0,8,10,メイショウアゴナス,54.0,角田大河,0:58.2,1.1/4,5.2,3.0,[西] 本田優,2022103263,202402010105,2歳新馬｜2024年6月8日 | 競馬データベース - netkeiba,2026-05-19T12:01:32.123038,牡,2,466.0,0.0,0,0,5.4,7.0,36.74,0.1562,0,4,36.74,36.74,36.74,0.1562,36.74
5.0,2,2,ディラードテソーロ,54.0,永野猛蔵,0:58.2,アタマ,7.1,4.0,[東] 畠山吉宏,2022102273,202402010105,2歳新馬｜2024年6月8日 | 競馬データベース - netkeiba,2026-05-19T12:01:32.123038,牡,2,424.0,0.0,0,0,9.6,12.67,36.7,0.0943,0,17,36.7,36.7,36.7,0.0943,36.7
6.0,1,1,リケアエスプレッソ,55.0,横山和生,0:58.5,1.1/2,30.4,8.0,[東] 小野次郎,2022102173,202402010105,2歳新馬｜2024年6月8日 | 競馬データベース - netkeiba,2026-05-19T12:01:32.123038,牡,2,424.0,0.0,0,0,6.4,6.67,42.92,0.1351,0,7,42.92,42.92,42.92,0.1351,42.92
7.0,4,4,ハッピーダンシング,52.0,石神深道,0:58.5,アタマ,31.8,9.0,[東] 和田正一,2022101571,202402010105,2歳新馬｜2024年6月8日 | 競馬データベース - netkeiba,2026-05-19T12:01:32.123038,牝,2,430.0,0.0,0,0,13.0,16.0,35.36,0.0714,0,16,35.36,35.36,35.36,0.0714,35.36
8.0,3,3,ペタルブランシュ,55.0,横山武史,0:58.6,1/2,7.5,5.0,[東] 村田一誠,2022106907,202402010105,2歳新馬｜2024年6月8日 | 競馬データベース - netkeiba,2026-05-19T12:01:32.123038,牝,2,396.0,0.0,0,0,6.2,7.33,40.94,0.1389,0,8,40.94,40.94,40.94,0.1389,40.94
9.0,7,9,タイセイフランク,55.0,丹内祐次,0:58.9,2,12.3,7.0,[東] 栗田徹,2022100207,202402010105,2歳新馬｜2024年6月8日 | 競馬データベース - netkeiba,2026-05-19T12:01:32.123038,牡,2,470.0,0.0,0,0,7.2,6.0,39.14,0.122,0,9,39.14,39.14,39.14,0.122,39.14
10.0,8,11,オールマイタイム,55.0,北村友一,0:59.3,2,63.3,11.0,[東] 千葉直人,2022100867,202402010105,2歳新馬｜2024年6月8日 | 競馬データベース - netkeiba,2026-05-19T12:01:32.123038,牝,2,388.0,0.0,0,0,6.6,7.33,39.3,0.1316,0,9,39.3,39.3,39.3,0.1316,39.3
11.0,7,8,プリスクリプション,51.0,小林美駒,0:59.9,3.1/2,57.3,10.0,[西] 杉山佳明,2022105782,202402010105,2歳新馬｜2024年6月8日 | 競馬データベース - netkeiba,2026-05-19T12:01:32.123038,牡,2,384.0,0.0,0,0,9.0,9.67,42.75,0.1,0,7,42.75,42.75,42.75,0.1,42.75
1.0,6,9,セクシーブーケ,55.0,北村友一,1:46.0,,4.0,3.0,[西] 田中克典,2021110103,202402010106,3歳未勝利｜2024年6月8日 | 競馬データベース - netkeiba,2026-05-19T12:02:05.173137,牝,3,448.0,4.0,1,1,5.4,5.67,37.34,0.1562,0,4,37.34,37.34,37.34,0.1562,37.34
2.0,1,1,ミッションルース,57.0,藤岡佑介,1:46.9,5,7.1,5.0,[西] 平田修,2021101464,202402010106,3歳未勝利｜2024年6月8日 | 競馬データベース - netkeiba,2026-05-19T12:02:05.173137,牡,3,448.0,12.0,0,1,8.4,11.0,39.56,0.1064,0,6,39.56,39.56,39.56,0.1064,39.56
3.0,8,14,エコロブレード,57.0,横山武史,1:47.6,4,3.7,1.0,[東] 加藤征弘,2021103713,202402010106,3歳未勝利｜2024年6月8日 | 競馬データベース - netkeiba,2026-05-19T12:02:05.173137,牡,3,446.0,2.0,0,1,6.0,5.67,40.28,0.1429,0,6,40.28,40.28,40.28,0.1429,40.28
4.0,5,7,ジーティースピード,51.0,古川奈穂,1:47.7,3/4,6.5,4.0,[西] 矢作芳人,2021110102,202402010106,3歳未勝利｜2024年6月8日 | 競馬データベース - netkeiba,2026-05-19T12:02:05.173137,牝,3,520.0,0.0,0,0,4.6,4.67,40.1,0.1786,0,4,40.1,40.1,40.1,0.1786,40.1
5.0,4,5,ゼットメルベーユ,55.0,斎藤新,1:47.8,クビ,101.4,10.0,[西] 吉田直弘,2021100197,202402010106,3歳未勝利｜2024年6月8日 | 競馬データベース - netkeiba,2026-05-19T12:02:05.173137,牝,3,454.0,-8.0,0,0,0.0,0.0,0.0,0.0,0,0,0.0,0.0,0.0,0.0,0.0
6.0,2,2,アプラド,54.0,松本大輝,1:48.1,2,36.7,8.0,[西] 新谷功一,2021100295,202402010106,3歳未勝利｜2024年6月8日 | 競馬データベース - netkeiba,2026-05-19T12:02:05.173137,牝,3,468.0,8.0,0,0,6.2,5.33,38.68,0.1389,0,7,38.68,38.68,38.68,0.1389,38.68
7.0,7,11,マテンロウノカゼ,57.0,横山和生,1:48.3,1.1/4,12.8,6.0,[西] 昆貢,2021107052,202402010106,3歳未勝利｜2024年6月8日 | 競馬データベース - netkeiba,2026-05-19T12:02:05.173137,牡,3,490.0,10.0,0,0,5.6,5.0,36.8,0.1515,0,7,36.8,36.8,36.8,0.1515,36.8
8.0,6,10,ヤマトホマレ,55.0,大野拓弥,1:48.8,3,349.1,14.0,[東] 田村康仁,2021101058,202402010106,3歳未勝利｜2024年6月8日 | 競馬データベース - netkeiba,2026-05-19T12:02:05.173137,牝,3,452.0,2.0,0,0,7.8,8.0,39.84,0.1136,0,6,39.84,39.84,39.84,0.1136,39.84
9.0,3,4,クワイトポッシブル,52.0,川端海翼,1:48.8,クビ,319.9,13.0,[西] 小崎憲,2021105462,202402010106,3歳未勝利｜2024年6月8日 | 競馬データベース - netkeiba,2026-05-19T12:02:05.173137,牝,3,412.0,4.0,0,0,6.8,5.33,40.68,0.1282,0,1,40.68,40.68,40.68,0.1282,40.68
10.0,4,6,ドウアドバンテージ,57.0,武豊,1:48.8,アタマ,3.9,2.0,[西] 四位洋文,2021105050,202402010106,3歳未勝利｜2024年6月8日 | 競馬データベース - netkeiba,2026-05-19T12:02:05.173137,牡,3,480.0,0.0,0,0,4.0,2.0,36.54,0.2,0,2,36.54,36.54,36.54,0.2,36.54
11.0,8,13,ララモンストル,57.0,菱田裕二,1:49.0,3/4,26.1,7.0,[西] 辻野泰之,2021110066,202402010106,3歳未勝利｜2024年6月8日 | 競馬データベース - netkeiba,2026-05-19T12:02:05.173137,牡,3,496.0,12.0,0,0,8.0,6.67,38.96,0.1111,0,9,38.96,38.96,38.96,0.1111,38.96
12.0,5,8,ストレンジャー,56.0,角田大河,1:49.1,1/2,37.0,9.0,[西] 角田晃一,2021107258,202402010106,3歳未勝利｜2024年6月8日 | 競馬データベース - netkeiba,2026-05-19T12:02:05.173137,牡,3,446.0,10.0,0,0,7.8,7.67,41.48,0.1136,0,7,41.48,41.48,41.48,0.1136,41.48
13.0,7,12,クリノタンザナイト,54.0,高杉吏麒,1:49.2,1/2,290.5,12.0,[西] 荒川義之,2021101227,202402010106,3歳未勝利｜2024年6月8日 | 競馬データベース - netkeiba,2026-05-19T12:02:05.173137,牡,3,450.0,0.0,0,0,8.6,5.33,39.44,0.1042,0,11,39.44,39.44,39.44,0.1042,39.44
14.0,3,3,フトコロガタナ,57.0,古川吉洋,1:49.3,1/2,153.7,11.0,[東] 土田稔,2021103860,202402010106,3歳未勝利｜2024年6月8日 | 競馬データベース - netkeiba,2026-05-19T12:02:05.173137,牡,3,484.0,0.0,0,0,12.5,12.5,39.1,0.0741,0,11,39.1,39.1,39.1,0.0741,39.1
1.0,5,6,フロムナウオン,55.0,長浜鴻緒,2:00.6,,12.3,5.0,[東] 手塚貴久,2020103205,202402010107,3歳以上1勝クラス｜2024年6月8日 | 競馬データベース - netkeiba,2026-05-19T12:02:45.758256,牡,4,542.0,-2.0,1,1,8.4,10.33,36.84,0.1064,0,6,36.84,36.84,36.84,0.1064,36.84
2.0,6,8,ヴェルテンベルク,58.0,藤岡佑介,2:00.6,クビ,11.5,3.0,[西] 宮本博,2020103060,202402010107,3歳以上1勝クラス｜2024年6月8日 | 競馬データベース - netkeiba,2026-05-19T12:02:45.758256,牡,4,488.0,8.0,0,1,5.6,4.0,34.48,0.1515,0,2,34.48,34.48,34.48,0.1515,34.48
3.0,7,11,シルバーカレッジ,55.0,武豊,2:00.7,クビ,3.8,2.0,[西] 武幸四郎,2021105570,202402010107,3歳以上1勝クラス｜2024年6月8日 | 競馬データベース - netkeiba,2026-05-19T12:02:45.758256,牡,3,500.0,-2.0,0,1,3.6,5.0,35.52,0.2174,0,3,35.52,35.52,35.52,0.2174,35.52
4.0,4,4,ステラクラウン,53.0,横山武史,2:00.7,ハナ,1.9,1.0,[西] 上村洋行,2021101454,202402010107,3歳以上1勝クラス｜2024年6月8日 | 競馬データベース - netkeiba,2026-05-19T12:02:45.758256,牝,3,500.0,8.0,0,0,2.6,2.0,34.76,0.2778,0,2,34.76,34.76,34.76,0.2778,34.76
5.0,6,9,マイバラード,58.0,佐々木大,2:00.7,アタマ,65.6,11.0,[東] 松永康利,2020100621,202402010107,3歳以上1勝クラス｜2024年6月8日 | 競馬データベース - netkeiba,2026-05-19T12:02:45.758256,牡,4,470.0,2.0,0,0,8.6,8.33,35.6,0.1042,0,11,35.6,35.6,35.6,0.1042,35.6
6.0,2,2,コスモエクスプレス,58.0,丹内祐次,2:00.7,クビ,19.8,7.0,[東] 松永康利,2019100702,202402010107,3歳以上1勝クラス｜2024年6月8日 | 競馬データベース - netkeiba,2026-05-19T12:02:45.758256,牡,5,482.0,-10.0,0,0,7.8,7.0,35.46,0.1136,0,9,35.46,35.46,35.46,0.1136,35.46
7.0,8,13,ソウルアンドジャズ,55.0,富田暁,2:00.9,1.1/4,16.6,6.0,[東] 武井亮,2021106694,202402010107,3歳以上1勝クラス｜2024年6月8日 | 競馬データベース - netkeiba,2026-05-19T12:02:45.758256,牡,3,500.0,2.0,0,0,4.6,5.33,37.78,0.1786,0,4,37.78,37.78,37.78,0.1786,37.78
8.0,5,7,クロスライセンス,55.0,高杉吏麒,2:01.0,3/4,41.1,9.0,[東] 鹿戸雄一,2020103503,202402010107,3歳以上1勝クラス｜2024年6月8日 | 競馬データベース - netkeiba,2026-05-19T12:02:45.758256,牡,4,456.0,0.0,0,0,6.4,6.0,36.54,0.1351,0,5,36.54,36.54,36.54,0.1351,36.54
9.0,1,1,ミラキュラスドラマ,55.0,鮫島克駿,2:01.2,1,11.7,4.0,[西] 杉山晴紀,2021104923,202402010107,3歳以上1勝クラス｜2024年6月8日 | 競馬データベース - netkeiba,2026-05-19T12:02:45.758256,牡,3,460.0,4.0,0,0,5.4,3.67,35.4,0.1562,0,4,35.4,35.4,35.4,0.1562,35.4
10.0,7,10,ニホンピロアリー,53.0,川端海翼,2:01.2,クビ,220.7,13.0,[西] 中尾秀正,2020104224,202402010107,3歳以上1勝クラス｜2024年6月8日 | 競馬データベース - netkeiba,2026-05-19T12:02:45.758256,牝,4,424.0,0.0,0,0,7.0,7.0,35.74,0.125,0,10,35.74,35.74,35.74,0.125,35.74
11.0,3,3,マイネルヒッツェ,54.0,小林美駒,2:01.4,1,71.8,12.0,[東] 粕谷昌央,2018102151,202402010107,3歳以上1勝クラス｜2024年6月8日 | 競馬データベース - netkeiba,2026-05-19T12:02:45.758256,牡,6,468.0,-2.0,0,0,8.8,8.33,40.56,0.102,0,8,40.56,40.56,40.56,0.102,40.56
12.0,8,12,ジーククローネ,55.0,小林勝太,2:01.4,クビ,64.6,10.0,[東] 宮田敬介,2020103537,202402010107,3歳以上1勝クラス｜2024年6月8日 | 競馬データベース - netkeiba,2026-05-19T12:02:45.758256,牡,4,466.0,10.0,0,0,5.2,8.0,0.0,0.1613,0,9,0.0,0.0,0.0,0.1613,0.0
13.0,4,5,ラバタンシン,55.0,今村聖奈,2:01.9,3,23.1,8.0,[西] 寺島良,2020102941,202402010107,3歳以上1勝クラス｜2024年6月8日 | 競馬データベース - netkeiba,2026-05-19T12:02:45.758256,牡,4,496.0,2.0,0,0,8.4,7.0,43.64,0.1064,0,7,43.64,43.64,43.64,0.1064,43.64
1.0,3,3,パルプフィクション,53.0,北村友一,0:58.6,,5.8,3.0,[西] 飯田祐史,2021102562,202402010108,3歳以上1勝クラス｜2024年6月8日 | 競馬データベース - netkeiba,2026-05-19T12:03:26.210051,牝,3,446.0,16.0,1,1,8.2,11.33,37.22,0.1087,0,9,37.22,37.22,37.22,0.1087,37.22
2.0,7,8,リリージェーン,56.0,丹内祐次,0:58.9,2,16.4,6.0,[東] 小手川準,2020106353,202402010108,3歳以上1勝クラス｜2024年6月8日 | 競馬データベース - netkeiba,2026-05-19T12:03:26.210051,牝,4,416.0,-4.0,0,1,9.8,11.33,37.4,0.0926,0,16,37.4,37.4,37.4,0.0926,37.4
3.0,7,9,フーコサンライズ,52.0,松本大輝,0:59.0,クビ,2.3,1.0,[西] 新谷功一,2021102633,202402010108,3歳以上1勝クラス｜2024年6月8日 | 競馬データベース - netkeiba,2026-05-19T12:03:26.210051,牝,3,502.0,6.0,0,1,12.2,15.67,36.88,0.0758,0,16,36.88,36.88,36.88,0.0758,36.88
4.0,1,1,ムーム,53.0,川又賢治,0:59.2,1,6.4,4.0,[西] 杉山佳明,2021103061,202402010108,3歳以上1勝クラス｜2024年6月8日 | 競馬データベース - netkeiba,2026-05-19T12:03:26.210051,牝,3,454.0,2.0,0,0,7.6,6.67,37.6,0.1163,0,3,37.6,37.6,37.6,0.1163,37.6
5.0,6,7,サイモンオリーブ,53.0,高杉吏麒,0:59.3,3/4,39.8,9.0,[西] 梅田智之,2020102640,202402010108,3歳以上1勝クラス｜2024年6月8日 | 競馬データベース - netkeiba,2026-05-19T12:03:26.210051,牝,4,462.0,-4.0,0,0,10.8,9.33,36.58,0.0847,0,10,36.58,36.58,36.58,0.0847,36.58
6.0,8,11,フリントロック,53.0,小林勝太,0:59.5,1.1/4,28.0,8.0,[東] 菊沢隆徳,2020103844,202402010108,3歳以上1勝クラス｜2024年6月8日 | 競馬データベース - netkeiba,2026-05-19T12:03:26.210051,牝,4,430.0,-2.0,0,0,6.2,8.33,41.44,0.1389,0,11,41.44,41.44,41.44,0.1389,41.44
7.0,6,6,フクノルッカ,56.0,小林凌大,0:59.8,2,52.4,10.0,[東] 堀内岳志,2018100299,202402010108,3歳以上1勝クラス｜2024年6月8日 | 競馬データベース - netkeiba,2026-05-19T12:03:26.210051,牝,6,456.0,-6.0,0,0,5.75,5.0,39.85,0.1481,0,9,39.85,39.85,39.85,0.1481,39.85
8.0,4,4,サザンレイク,53.0,長浜鴻緒,0:59.9,3/4,4.5,2.0,[東] 根本康広,2020101481,202402010108,3歳以上1勝クラス｜2024年6月8日 | 競馬データベース - netkeiba,2026-05-19T12:03:26.210051,牝,4,490.0,0.0,0,0,10.0,10.0,37.23,0.0909,0,11,37.23,37.23,37.23,0.0909,37.23
9.0,2,2,ジェニファー,52.0,角田大河,1:00.2,1.1/2,22.6,7.0,[西] 浜田多実,2021103932,202402010108,3歳以上1勝クラス｜2024年6月8日 | 競馬データベース - netkeiba,2026-05-19T12:03:26.210051,牝,3,458.0,20.0,0,0,3.6,4.67,34.96,0.2174,0,1,34.96,34.96,34.96,0.2174,34.96
10.0,5,5,バクレツマホウ,53.0,川端海翼,1:00.3,1,202.9,11.0,[東] 本間忍,2020102387,202402010108,3歳以上1勝クラス｜2024年6月8日 | 競馬データベース - netkeiba,2026-05-19T12:03:26.210051,牝,4,434.0,-4.0,0,0,3.8,3.67,38.06,0.2083,0,6,38.06,38.06,38.06,0.2083,38.06
11.0,8,10,ルクスパラディ,50.0,小林美駒,1:01.1,5,10.5,5.0,[東] 上原佑紀,2021102054,202402010108,3歳以上1勝クラス｜2024年6月8日 | 競馬データベース - netkeiba,2026-05-19T12:03:26.210051,牝,3,404.0,0.0,0,0,8.4,6.67,37.96,0.1064,0,5,37.96,37.96,37.96,0.1064,37.96
1.0,7,12,メイクユーマイン,54.0,藤岡佑介,2:39.2,,4.3,2.0,[西] 田中克典,2021104981,202402010109,駒ケ岳特別｜2024年6月8日 | 競馬データベース - netkeiba,2026-05-19T12:04:02.659656,牡,3,500.0,-2.0,1,1,1.6,1.33,34.82,0.3846,0,1,34.82,34.82,34.82,0.3846,34.82
2.0,1,1,カムフライ,54.0,丹内祐次,2:39.5,2,6.0,4.0,[東] 辻哲英,2021105878,202402010109,駒ケ岳特別｜2024年6月8日 | 競馬データベース - netkeiba,2026-05-19T12:04:02.659656,牡,3,512.0,-4.0,0,1,3.5,3.33,35.7,0.2222,0,2,35.7,35.7,35.7,0.2222,35.7
3.0,3,5,ペリプルス,58.0,永野猛蔵,2:39.6,1/2,89.5,12.0,[東] 佐藤吉勝,2020105796,202402010109,駒ケ岳特別｜2024年6月8日 | 競馬データベース - netkeiba,2026-05-19T12:04:02.659656,牡,4,430.0,2.0,0,1,10.2,8.33,36.34,0.0893,0,6,36.34,36.34,36.34,0.0893,36.34
4.0,3,4,ヴィスマール,54.0,横山武史,2:39.8,1.1/4,5.9,3.0,[西] 奥村豊,2021105459,202402010109,駒ケ岳特別｜2024年6月8日 | 競馬データベース - netkeiba,2026-05-19T12:04:02.659656,牡,3,442.0,-8.0,0,0,3.2,2.67,34.54,0.2381,0,1,34.54,34.54,34.54,0.2381,34.54
5.0,5,8,モンブランミノル,54.0,横山和生,2:40.1,2,2.8,1.0,[西] 小栗実,2021100838,202402010109,駒ケ岳特別｜2024年6月8日 | 競馬データベース - netkeiba,2026-05-19T12:04:02.659656,牡,3,502.0,10.0,0,0,1.4,1.67,36.5,0.4167,0,2,36.5,36.5,36.5,0.4167,36.5
6.0,6,10,オールアイズオン,58.0,菱田裕二,2:40.2,1/2,95.8,15.0,[東] 蛯名正義,2020104829,202402010109,駒ケ岳特別｜2024年6月8日 | 競馬データベース - netkeiba,2026-05-19T12:04:02.659656,セ,4,482.0,0.0,0,0,7.8,7.0,40.16,0.1136,0,10,40.16,40.16,40.16,0.1136,40.16
7.0,2,3,ステラポイント,56.0,鮫島克駿,2:40.3,クビ,18.7,7.0,[西] 杉山晴紀,2020105567,202402010109,駒ケ岳特別｜2024年6月8日 | 競馬データベース - netkeiba,2026-05-19T12:04:02.659656,牝,4,448.0,2.0,0,0,7.2,8.0,38.06,0.122,0,11,38.06,38.06,38.06,0.122,38.06
8.0,8,15,モルトヴェローチェ,58.0,佐々木大,2:40.4,1/2,18.7,6.0,[東] 大竹正博,2020100306,202402010109,駒ケ岳特別｜2024年6月8日 | 競馬データベース - netkeiba,2026-05-19T12:04:02.659656,牡,4,464.0,8.0,0,0,7.6,9.33,37.4,0.1163,0,10,37.4,37.4,37.4,0.1163,37.4
9.0,4,7,ビッグベルーガ,58.0,松岡正海,2:40.6,1,60.6,11.0,[西] 牧浦充徳,2020102760,202402010109,駒ケ岳特別｜2024年6月8日 | 競馬データベース - netkeiba,2026-05-19T12:04:02.659656,牡,4,470.0,6.0,0,0,7.6,8.67,40.24,0.1163,0,9,40.24,40.24,40.24,0.1163,40.24
10.0,8,14,ベッラアルバ,56.0,角田大河,2:40.7,3/4,20.5,8.0,[西] 中竹和也,2019104924,202402010109,駒ケ岳特別｜2024年6月8日 | 競馬データベース - netkeiba,2026-05-19T12:04:02.659656,牝,5,456.0,-2.0,0,0,6.5,9.0,36.58,0.1333,0,8,36.58,36.58,36.58,0.1333,36.58
11.0,5,9,タイセイアーサー,58.0,斎藤新,2:40.8,クビ,49.1,9.0,[東] 斎藤誠,2018104791,202402010109,駒ケ岳特別｜2024年6月8日 | 競馬データベース - netkeiba,2026-05-19T12:04:02.659656,牡,6,494.0,8.0,0,0,11.0,8.67,37.16,0.0833,0,7,37.16,37.16,37.16,0.0833,37.16
12.0,4,6,マケルナマサムネ,58.0,川又賢治,2:40.9,1/2,91.6,14.0,[西] 畑端省吾,2018105814,202402010109,駒ケ岳特別｜2024年6月8日 | 競馬データベース - netkeiba,2026-05-19T12:04:02.659656,牡,6,466.0,-10.0,0,0,4.8,7.0,0.0,0.1724,0,6,0.0,0.0,0.0,0.1724,0.0
13.0,2,2,ノートルプロメス,58.0,浜中俊,2:41.0,3/4,13.5,5.0,[西] 四位洋文,2019106866,202402010109,駒ケ岳特別｜2024年6月8日 | 競馬データベース - netkeiba,2026-05-19T12:04:02.659656,牡,5,490.0,-10.0,0,0,9.4,9.33,36.7,0.0962,0,12,36.7,36.7,36.7,0.0962,36.7
14.0,7,13,ニシノザイホウ,54.0,松本大輝,2:41.3,1.1/2,90.7,13.0,[西] 新谷功一,2021100779,202402010109,駒ケ岳特別｜2024年6月8日 | 競馬データベース - netkeiba,2026-05-19T12:04:02.659656,牡,3,438.0,6.0,0,0,7.6,6.67,39.72,0.1163,0,8,39.72,39.72,39.72,0.1163,39.72
15.0,6,11,ガウラスパーク,54.0,池添謙一,2:43.2,大,53.3,10.0,[西] 高柳大輔,2021103586,202402010109,駒ケ岳特別｜2024年6月8日 | 競馬データベース - netkeiba,2026-05-19T12:04:02.659656,牡,3,530.0,12.0,0,0,12.0,12.67,38.36,0.0769,0,13,38.36,38.36,38.36,0.0769,38.36
1.0,3,6,エープラス,56.0,永野猛蔵,1:47.2,,23.6,9.0,[東] 池上昌和,2018106314,202402010110,松前特別｜2024年6月8日 | 競馬データベース - netkeiba,2026-05-19T12:04:50.984530,牝,6,490.0,0.0,1,1,7.8,8.33,34.98,0.1136,0,11,34.98,34.98,34.98,0.1136,34.98
2.0,8,15,ラファドゥラ,56.0,丹内祐次,1:47.3,クビ,4.5,2.0,[東] 小島茂之,2020103672,202402010110,松前特別｜2024年6月8日 | 競馬データベース - netkeiba,2026-05-19T12:04:50.984530,牝,4,484.0,-6.0,0,1,5.4,7.33,34.56,0.1562,0,10,34.56,34.56,34.56,0.1562,34.56
3.0,2,3,ウィステリアリヴァ,58.0,横山武史,1:47.4,1,19.5,7.0,[東] 小野次郎,2020104708,202402010110,松前特別｜2024年6月8日 | 競馬データベース - netkeiba,2026-05-19T12:04:50.984530,牡,4,498.0,2.0,0,1,7.6,7.67,38.04,0.1163,0,12,38.04,38.04,38.04,0.1163,38.04
4.0,3,5,ナックイルシーブ,58.0,大野拓弥,1:47.5,クビ,267.6,16.0,[東] 杉浦宏昭,2018105521,202402010110,松前特別｜2024年6月8日 | 競馬データベース - netkeiba,2026-05-19T12:04:50.984530,牡,6,518.0,0.0,0,0,8.8,12.33,36.5,0.102,0,14,36.5,36.5,36.5,0.102,36.5
5.0,2,4,フラミニア,56.0,鮫島克駿,1:47.5,ハナ,7.6,4.0,[東] 森一誠,2020103682,202402010110,松前特別｜2024年6月8日 | 競馬データベース - netkeiba,2026-05-19T12:04:50.984530,牝,4,470.0,0.0,0,0,6.0,7.0,35.88,0.1429,0,4,35.88,35.88,35.88,0.1429,35.88
6.0,1,1,マンクスホップ,56.0,斎藤新,1:47.5,クビ,72.5,14.0,[西] 小椋研介,2019104538,202402010110,松前特別｜2024年6月8日 | 競馬データベース - netkeiba,2026-05-19T12:04:50.984530,牝,5,452.0,8.0,0,0,8.8,9.33,35.8,0.102,0,12,35.8,35.8,35.8,0.102,35.8
7.0,1,2,ディープレイヤー,58.0,佐々木大,1:47.6,クビ,24.5,10.0,[東] 大和田成,2019105844,202402010110,松前特別｜2024年6月8日 | 競馬データベース - netkeiba,2026-05-19T12:04:50.984530,牡,5,490.0,6.0,0,0,3.2,1.67,0.0,0.2381,0,1,0.0,0.0,0.0,0.2381,0.0
8.0,5,9,コスモフロイデ,58.0,松岡正海,1:47.6,アタマ,40.1,12.0,[東] 天間昭一,2019102937,202402010110,松前特別｜2024年6月8日 | 競馬データベース - netkeiba,2026-05-19T12:04:50.984530,牡,5,476.0,0.0,0,0,9.8,6.67,37.56,0.0926,0,3,37.56,37.56,37.56,0.0926,37.56
9.0,7,14,ドラゴンヘッド,58.0,藤岡佑介,1:47.6,アタマ,22.5,8.0,[東] 武藤善則,2020100495,202402010110,松前特別｜2024年6月8日 | 競馬データベース - netkeiba,2026-05-19T12:04:50.984530,牡,4,448.0,-2.0,0,0,7.8,7.67,34.3,0.1136,0,4,34.3,34.3,34.3,0.1136,34.3
10.0,6,12,シャドウソニック,58.0,北村友一,1:47.9,1.3/4,38.7,11.0,[西] 辻野泰之,2020102874,202402010110,松前特別｜2024年6月8日 | 競馬データベース - netkeiba,2026-05-19T12:04:50.984530,牡,4,508.0,2.0,0,0,10.2,12.0,35.32,0.0893,0,16,35.32,35.32,35.32,0.0893,35.32
11.0,6,11,エゾダイモン,58.0,武豊,1:47.9,ハナ,5.8,3.0,[西] 武幸四郎,2020103794,202402010110,松前特別｜2024年6月8日 | 競馬データベース - netkeiba,2026-05-19T12:04:50.984530,牡,4,470.0,-6.0,0,0,7.8,8.67,35.08,0.1136,0,11,35.08,35.08,35.08,0.1136,35.08
12.0,4,8,タガノチュール,58.0,富田暁,1:48.2,1.1/2,132.0,15.0,[西] 西園翔太,2018101946,202402010110,松前特別｜2024年6月8日 | 競馬データベース - netkeiba,2026-05-19T12:04:50.984530,牡,6,472.0,-2.0,0,0,8.4,8.67,35.8,0.1064,0,14,35.8,35.8,35.8,0.1064,35.8
13.0,5,10,ユイ,56.0,古川奈穂,1:48.4,1.1/4,54.1,13.0,[西] 高橋康之,2019101645,202402010110,松前特別｜2024年6月8日 | 競馬データベース - netkeiba,2026-05-19T12:04:50.984530,牝,5,448.0,0.0,0,0,6.8,5.67,36.08,0.1282,0,10,36.08,36.08,36.08,0.1282,36.08
14.0,7,13,ピンクジン,56.0,黛弘人,1:48.6,1.1/4,10.5,5.0,[東] 南田美知,2020106966,202402010110,松前特別｜2024年6月8日 | 競馬データベース - netkeiba,2026-05-19T12:04:50.984530,牝,4,438.0,2.0,0,0,9.8,10.67,35.26,0.0926,0,14,35.26,35.26,35.26,0.0926,35.26
15.0,8,16,パワーホール,55.0,横山和生,1:49.3,4,3.3,1.0,[西] 昆貢,2021100363,202402010110,松前特別｜2024年6月8日 | 競馬データベース - netkeiba,2026-05-19T12:04:50.984530,牡,3,474.0,-2.0,0,0,8.6,10.0,35.44,0.1042,0,8,35.44,35.44,35.44,0.1042,35.44
16.0,4,7,クレバーテースト,58.0,浜中俊,1:52.2,大,16.3,6.0,[西] 武幸四郎,2019107025,202402010110,松前特別｜2024年6月8日 | 競馬データベース - netkeiba,2026-05-19T12:04:50.984530,セ,5,456.0,-4.0,0,0,8.0,9.67,35.96,0.1111,0,11,35.96,35.96,35.96,0.1111,35.96
1.0,2,3,ナリタローゼ,56.0,角田大河,1:08.6,,21.4,10.0,[西] 高橋亮,2018104559,202402010111,函館日刊スポーツ杯｜2024年6月8日 | 競馬データベース - netkeiba,2026-05-19T12:05:39.914326,牝,6,494.0,12.0,1,1,7.0,9.0,34.5,0.125,0,13,34.5,34.5,34.5,0.125,34.5
2.0,4,8,コーティアスマナー,53.0,鮫島克駿,1:08.6,アタマ,7.1,2.0,[西] 高橋義忠,2021110039,202402010111,函館日刊スポーツ杯｜2024年6月8日 | 競馬データベース - netkeiba,2026-05-19T12:05:39.914326,牝,3,438.0,0.0,0,1,8.4,8.0,35.78,0.1064,0,13,35.78,35.78,35.78,0.1064,35.78
3.0,3,5,ポルタフォルトゥナ,56.0,古川吉洋,1:08.8,1,15.8,8.0,[東] 土田稔,2019100772,202402010111,函館日刊スポーツ杯｜2024年6月8日 | 競馬データベース - netkeiba,2026-05-19T12:05:39.914326,牝,5,476.0,4.0,0,1,8.8,10.0,35.66,0.102,0,15,35.66,35.66,35.66,0.102,35.66
4.0,8,16,ワイアウ,56.0,永野猛蔵,1:08.8,アタマ,115.2,13.0,[東] 鈴木慎太,2020102568,202402010111,函館日刊スポーツ杯｜2024年6月8日 | 競馬データベース - netkeiba,2026-05-19T12:05:39.914326,牝,4,468.0,-12.0,0,0,13.2,10.67,37.06,0.0704,0,15,37.06,37.06,37.06,0.0704,37.06
5.0,1,1,スクルプトーリス,56.0,富田暁,1:08.8,ハナ,54.7,11.0,[西] 松下武士,2020100151,202402010111,函館日刊スポーツ杯｜2024年6月8日 | 競馬データベース - netkeiba,2026-05-19T12:05:39.914326,牝,4,460.0,6.0,0,0,9.0,9.0,35.0,0.1,0,8,35.0,35.0,35.0,0.1,35.0
6.0,5,10,アップストローク,58.0,大野拓弥,1:08.8,クビ,13.5,6.0,[東] 杉浦宏昭,2019104675,202402010111,函館日刊スポーツ杯｜2024年6月8日 | 競馬データベース - netkeiba,2026-05-19T12:05:39.914326,セ,5,456.0,-4.0,0,0,8.8,10.33,33.95,0.102,0,13,33.95,33.95,33.95,0.102,33.95
7.0,7,14,ニシノコウダイ,58.0,藤岡佑介,1:08.9,1/2,19.1,9.0,[西] 長谷川浩,2020105484,202402010111,函館日刊スポーツ杯｜2024年6月8日 | 競馬データベース - netkeiba,2026-05-19T12:05:39.914326,牡,4,488.0,-2.0,0,0,8.6,10.67,34.76,0.1042,0,13,34.76,34.76,34.76,0.1042,34.76
8.0,1,2,ヴィアドロローサ,58.0,北村友一,1:09.0,1/2,10.4,3.0,[西] 高橋一哉,2019101679,202402010111,函館日刊スポーツ杯｜2024年6月8日 | 競馬データベース - netkeiba,2026-05-19T12:05:39.914326,牡,5,460.0,6.0,0,0,11.4,11.67,36.34,0.0806,0,12,36.34,36.34,36.34,0.0806,36.34
9.0,6,11,ショウナンアメリア,56.0,横山和生,1:09.1,クビ,55.4,12.0,[東] 奥村武,2019101262,202402010111,函館日刊スポーツ杯｜2024年6月8日 | 競馬データベース - netkeiba,2026-05-19T12:05:39.914326,牝,5,452.0,6.0,0,0,10.0,9.67,34.88,0.0909,0,12,34.88,34.88,34.88,0.0909,34.88
10.0,5,9,ディオアステリア,56.0,小林勝太,1:09.2,1/2,15.0,7.0,[東] 小野次郎,2019104356,202402010111,函館日刊スポーツ杯｜2024年6月8日 | 競馬データベース - netkeiba,2026-05-19T12:05:39.914326,牝,5,478.0,6.0,0,0,9.8,12.0,35.48,0.0926,0,9,35.48,35.48,35.48,0.0926,35.48
11.0,3,6,スマートルシーダ,58.0,武豊,1:09.2,ハナ,13.4,5.0,[西] 音無秀孝,2018100097,202402010111,函館日刊スポーツ杯｜2024年6月8日 | 競馬データベース - netkeiba,2026-05-19T12:05:39.914326,牡,6,464.0,4.0,0,0,8.8,8.33,33.64,0.102,0,8,33.64,33.64,33.64,0.102,33.64
12.0,4,7,ミスヨコハマ,56.0,斎藤新,1:09.3,1,12.8,4.0,[東] 斎藤誠,2020103634,202402010111,函館日刊スポーツ杯｜2024年6月8日 | 競馬データベース - netkeiba,2026-05-19T12:05:39.914326,牝,4,474.0,0.0,0,0,9.25,10.5,34.95,0.0976,0,16,34.95,34.95,34.95,0.0976,34.95
13.0,2,4,アララララ,55.0,丹内祐次,1:09.3,ハナ,1.9,1.0,[東] 清水英克,2021106440,202402010111,函館日刊スポーツ杯｜2024年6月8日 | 競馬データベース - netkeiba,2026-05-19T12:05:39.914326,牡,3,448.0,0.0,0,0,8.0,5.67,35.54,0.1111,0,12,35.54,35.54,35.54,0.1111,35.54
14.0,7,13,アンビバレント,58.0,亀田温心,1:09.8,3,275.5,16.0,[西] 藤野健太,2020102140,202402010111,函館日刊スポーツ杯｜2024年6月8日 | 競馬データベース - netkeiba,2026-05-19T12:05:39.914326,牡,4,466.0,-6.0,0,0,5.8,8.33,33.74,0.1471,0,7,33.74,33.74,33.74,0.1471,33.74
15.0,8,15,フクノワカバ,56.0,菱田裕二,1:10.1,1.1/2,214.0,15.0,[西] 杉山佳明,2020106795,202402010111,函館日刊スポーツ杯｜2024年6月8日 | 競馬データベース - netkeiba,2026-05-19T12:05:39.914326,牝,4,436.0,-12.0,0,0,15.8,16.0,36.7,0.0595,0,14,36.7,36.7,36.7,0.0595,36.7
16.0,6,12,オカンモシャチョウ,56.0,松岡正海,1:10.2,3/4,189.3,14.0,[西] 森秀行,2019110106,202402010111,函館日刊スポーツ杯｜2024年6月8日 | 競馬データベース - netkeiba,2026-05-19T12:05:39.914326,牝,5,478.0,2.0,0,0,4.2,4.67,38.62,0.1923,0,3,38.62,38.62,38.62,0.1923,38.62
1.0,7,11,コパノアントニオ,52.0,高杉吏麒,1:44.6,,54.1,11.0,[西] 梅田智之,2021103125,202402010112,3歳以上1勝クラス｜2024年6月8日 | 競馬データベース - netkeiba,2026-05-19T12:06:26.442235,牡,3,470.0,-8.0,1,1,6.8,5.33,38.68,0.1282,0,6,38.68,38.68,38.68,0.1282,38.68
2.0,8,13,メジャーデビュー,50.0,小林美駒,1:44.8,1,51.4,10.0,[東] 鈴木慎太,2021100446,202402010112,3歳以上1勝クラス｜2024年6月8日 | 競馬データベース - netkeiba,2026-05-19T12:06:26.442235,牝,3,430.0,-6.0,0,1,10.6,9.0,40.66,0.0862,0,9,40.66,40.66,40.66,0.0862,40.66
3.0,4,5,エクリプスルバン,55.0,北村友一,1:44.8,クビ,4.4,2.0,[東] 田中博康,2021106623,202402010112,3歳以上1勝クラス｜2024年6月8日 | 競馬データベース - netkeiba,2026-05-19T12:06:26.442235,牡,3,454.0,-4.0,0,1,2.75,1.67,38.27,0.2667,0,2,38.27,38.27,38.27,0.2667,38.27
4.0,1,1,クォーツァイト,53.0,斎藤新,1:45.5,4,10.8,6.0,[東] 斎藤誠,2021104777,202402010112,3歳以上1勝クラス｜2024年6月8日 | 競馬データベース - netkeiba,2026-05-19T12:06:26.442235,牝,3,464.0,14.0,0,0,8.4,9.0,38.14,0.1064,0,14,38.14,38.14,38.14,0.1064,38.14
5.0,4,6,ヤマニンクイッカー,58.0,丹内祐次,1:45.6,クビ,8.2,4.0,[東] 田島俊明,2019102777,202402010112,3歳以上1勝クラス｜2024年6月8日 | 競馬データベース - netkeiba,2026-05-19T12:06:26.442235,牡,5,480.0,22.0,0,0,10.5,9.5,39.7,0.087,0,6,39.7,39.7,39.7,0.087,39.7
6.0,5,8,カリフォルニア,55.0,小林凌大,1:45.6,クビ,4.5,3.0,[東] 伊藤圭三,2021103728,202402010112,3歳以上1勝クラス｜2024年6月8日 | 競馬データベース - netkeiba,2026-05-19T12:06:26.442235,牡,3,484.0,4.0,0,0,7.8,9.67,38.82,0.1136,0,12,38.82,38.82,38.82,0.1136,38.82
7.0,6,10,マーベリックシチー,55.0,鮫島克駿,1:45.7,クビ,67.0,12.0,[西] 岡田稲男,2021100387,202402010112,3歳以上1勝クラス｜2024年6月8日 | 競馬データベース - netkeiba,2026-05-19T12:06:26.442235,牡,3,462.0,0.0,0,0,6.0,3.67,39.16,0.1429,0,5,39.16,39.16,39.16,0.1429,39.16
8.0,6,9,ナンヨークリスタル,58.0,藤岡佑介,1:45.7,アタマ,39.7,9.0,[西] 松永幹夫,2020103513,202402010112,3歳以上1勝クラス｜2024年6月8日 | 競馬データベース - netkeiba,2026-05-19T12:06:26.442235,セ,4,480.0,-8.0,0,0,7.2,7.33,36.92,0.122,0,9,36.92,36.92,36.92,0.122,36.92
9.0,7,12,リーゼノアール,58.0,佐々木大,1:46.3,3.1/2,9.1,5.0,[東] 国枝栄,2020104750,202402010112,3歳以上1勝クラス｜2024年6月8日 | 競馬データベース - netkeiba,2026-05-19T12:06:26.442235,牡,4,498.0,4.0,0,0,7.0,9.67,37.78,0.125,0,18,37.78,37.78,37.78,0.125,37.78
10.0,2,2,ケイエイト,58.0,菱田裕二,1:46.6,2,19.2,8.0,[西] 羽月友彦,2020103673,202402010112,3歳以上1勝クラス｜2024年6月8日 | 競馬データベース - netkeiba,2026-05-19T12:06:26.442235,牡,4,470.0,10.0,0,0,12.0,10.0,37.7,0.0769,0,11,37.7,37.7,37.7,0.0769,37.7
11.0,8,14,ラーンザロープス,53.0,武豊,1:46.7,クビ,3.4,1.0,[西] 武幸四郎,2021105011,202402010112,3歳以上1勝クラス｜2024年6月8日 | 競馬データベース - netkeiba,2026-05-19T12:06:26.442235,牝,3,454.0,4.0,0,0,3.8,3.67,34.24,0.2083,0,4,34.24,34.24,34.24,0.2083,34.24
12.0,3,3,ビッグパレード,55.0,永野猛蔵,1:46.9,1.1/2,143.0,14.0,[東] 伊藤大士,2019101765,202402010112,3歳以上1勝クラス｜2024年6月8日 | 競馬データベース - netkeiba,2026-05-19T12:06:26.442235,牝,5,508.0,0.0,0,0,10.4,15.0,35.14,0.0877,0,17,35.14,35.14,35.14,0.0877,35.14
13.0,5,7,バルミーウェザー,55.0,亀田温心,1:47.5,3.1/2,18.9,7.0,[西] 鮫島一歩,2021101659,202402010112,3歳以上1勝クラス｜2024年6月8日 | 競馬データベース - netkeiba,2026-05-19T12:06:26.442235,牡,3,464.0,0.0,0,0,0.0,0.0,0.0,0.0,0,0,0.0,0.0,0.0,0.0,0.0
14.0,3,4,チュウワエース,58.0,大野拓弥,1:47.5,ハナ,135.2,13.0,[東] 栗田徹,2019102395,202402010112,3歳以上1勝クラス｜2024年6月8日 | 競馬データベース - netkeiba,2026-05-19T12:06:26.442235,牡,5,474.0,-17.0,0,0,6.0,6.67,39.46,0.1429,0,5,39.46,39.46,39.46,0.1429,39.46
1.0,8,10,アンクルブラック,60.0,高田潤,3:23.9,,1.9,1.0,[西] 高橋亮,2020101756,202405030301,障害3歳以上未勝利｜2024年6月8日 | 競馬データベース - netkeiba,2026-05-19T12:07:09.367484,牡,4,468.0,-4.0,1,1,1.8,1.0,0.0,0.3571,0,1,0.0,0.0,0.0,0.3571,0.0
2.0,7,9,デシマルサーガ,60.0,伴啓太,3:24.0,1,9.0,5.0,[東] 粕谷昌央,2020100046,202405030301,障害3歳以上未勝利｜2024年6月8日 | 競馬データベース - netkeiba,2026-05-19T12:07:09.367484,牡,4,476.0,6.0,0,1,6.8,6.33,0.0,0.1282,0,7,0.0,0.0,0.0,0.1282,0.0
3.0,8,11,マイネルコロンブス,60.0,上野翔,3:24.7,4,5.1,2.0,[東] 土田稔,2017101915,202405030301,障害3歳以上未勝利｜2024年6月8日 | 競馬データベース - netkeiba,2026-05-19T12:07:09.367484,牡,7,486.0,0.0,0,1,6.4,4.67,35.6,0.1351,0,10,35.6,35.6,35.6,0.1351,35.6
4.0,4,4,テイエムマジック,57.0,坂口智康,3:24.8,クビ,5.6,3.0,[西] 鈴木孝志,2018103005,202405030301,障害3歳以上未勝利｜2024年6月8日 | 競馬データベース - netkeiba,2026-05-19T12:07:09.367484,牡,6,512.0,8.0,0,0,4.4,4.0,0.0,0.1852,0,10,0.0,0.0,0.0,0.1852,0.0
5.0,5,5,トーアモルペウス,60.0,石神深一,3:25.1,2,7.6,4.0,[東] 辻哲英,2020103173,202405030301,障害3歳以上未勝利｜2024年6月8日 | 競馬データベース - netkeiba,2026-05-19T12:07:09.367484,セ,4,486.0,6.0,0,0,4.8,4.67,0.0,0.1724,0,5,0.0,0.0,0.0,0.1724,0.0
6.0,2,2,ポピュラーソング,58.0,江田勇亮,3:26.5,8,62.5,8.0,[東] 土田稔,2017100660,202405030301,障害3歳以上未勝利｜2024年6月8日 | 競馬データベース - netkeiba,2026-05-19T12:07:09.367484,牝,7,458.0,4.0,0,0,0.0,0.0,0.0,0.0,0,0,0.0,0.0,0.0,0.0,0.0
7.0,1,1,バガン,60.0,森一馬,3:27.3,5,16.8,6.0,[西] 野中賢二,2018106354,202405030301,障害3歳以上未勝利｜2024年6月8日 | 競馬データベース - netkeiba,2026-05-19T12:07:09.367484,牡,6,470.0,0.0,0,0,5.6,5.67,34.48,0.1515,0,9,34.48,34.48,34.48,0.1515,34.48
8.0,3,3,ベッサラビア,60.0,田村太雅,3:27.6,2,145.2,10.0,[西] 藤沢則雄,2017106222,202405030301,障害3歳以上未勝利｜2024年6月8日 | 競馬データベース - netkeiba,2026-05-19T12:07:09.367484,セ,7,450.0,-2.0,0,0,0.0,0.0,0.0,0.0,0,0,0.0,0.0,0.0,0.0,0.0
9.0,6,6,プラチナムレイアー,60.0,井上敏樹,3:29.7,大,28.5,7.0,[西] 河嶋宏樹,2018103503,202405030301,障害3歳以上未勝利｜2024年6月8日 | 競馬データベース - netkeiba,2026-05-19T12:07:09.367484,牡,6,496.0,-4.0,0,0,5.2,6.0,0.0,0.1613,0,12,0.0,0.0,0.0,0.1613,0.0
10.0,6,7,ビップクロエ,58.0,中村将之,3:33.8,大,124.1,9.0,[西] 松下武士,2020103309,202405030301,障害3歳以上未勝利｜2024年6月8日 | 競馬データベース - netkeiba,2026-05-19T12:07:09.367484,牝,4,444.0,-2.0,0,0,11.6,10.33,39.42,0.0794,0,10,39.42,39.42,39.42,0.0794,39.42
11.0,7,8,シュハリ,60.0,大江原圭,3:34.3,3.1/2,205.2,11.0,[東] 粕谷昌央,2020105031,202405030301,障害3歳以上未勝利｜2024年6月8日 | 競馬データベース - netkeiba,2026-05-19T12:07:09.367484,牡,4,456.0,8.0,0,0,6.5,7.5,0.0,0.1333,0,8,0.0,0.0,0.0,0.1333,0.0
1.0,8,15,ベルブリエ,55.0,戸崎圭太,1:25.6,,3.7,3.0,[東] 尾関知人,2021106639,202405030302,3歳未勝利｜2024年6月8日 | 競馬データベース - netkeiba,2026-05-19T12:07:45.609911,牝,3,452.0,4.0,1,1,8.4,7.67,36.94,0.1064,0,3,36.94,36.94,36.94,0.1064,36.94
2.0,2,4,エコロカレン,55.0,菅原明良,1:25.8,1.1/4,20.5,6.0,[東] 奥平雅士,2021103484,202405030302,3歳未勝利｜2024年6月8日 | 競馬データベース - netkeiba,2026-05-19T12:07:45.609911,牝,3,468.0,4.0,0,1,12.6,12.0,38.96,0.0735,0,11,38.96,38.96,38.96,0.0735,38.96
3.0,3,5,エグマリーヌ,55.0,三浦皇成,1:25.8,アタマ,2.9,1.0,[東] 鹿戸雄一,2021106633,202405030302,3歳未勝利｜2024年6月8日 | 競馬データベース - netkeiba,2026-05-19T12:07:45.609911,牝,3,448.0,-2.0,0,1,5.2,6.33,40.06,0.1613,0,8,40.06,40.06,40.06,0.1613,40.06
4.0,2,3,ゴールデンスイープ,55.0,石川裕紀,1:25.9,3/4,80.7,10.0,[東] 黒岩陽一,2021105062,202405030302,3歳未勝利｜2024年6月8日 | 競馬データベース - netkeiba,2026-05-19T12:07:45.609911,牝,3,422.0,2.0,0,0,3.4,3.67,37.2,0.2273,0,7,37.2,37.2,37.2,0.2273,37.2
5.0,3,6,メイザーキック,55.0,津村明秀,1:26.3,2,3.4,2.0,[東] 竹内正洋,2021105060,202405030302,3歳未勝利｜2024年6月8日 | 競馬データベース - netkeiba,2026-05-19T12:07:45.609911,牝,3,418.0,-4.0,0,0,6.6,7.33,40.66,0.1316,0,8,40.66,40.66,40.66,0.1316,40.66
6.0,5,10,キタノアマポーラ,55.0,吉田豊,1:26.8,3,180.2,12.0,[東] 伊藤伸一,2021100974,202405030302,3歳未勝利｜2024年6月8日 | 競馬データベース - netkeiba,2026-05-19T12:07:45.609911,牝,3,414.0,4.0,0,0,5.6,5.33,40.26,0.1515,0,3,40.26,40.26,40.26,0.1515,40.26
7.0,1,2,ネムレスクイーン,51.0,大江原比,1:26.8,クビ,9.7,4.0,[東] 上原佑紀,2021107169,202405030302,3歳未勝利｜2024年6月8日 | 競馬データベース - netkeiba,2026-05-19T12:07:45.609911,牝,3,426.0,-2.0,0,0,7.0,6.67,41.44,0.125,0,6,41.44,41.44,41.44,0.125,41.44
8.0,8,16,ニースライト,55.0,木幡巧也,1:27.5,4,24.4,8.0,[東] 粕谷昌央,2021102898,202405030302,3歳未勝利｜2024年6月8日 | 競馬データベース - netkeiba,2026-05-19T12:07:45.609911,牝,3,474.0,2.0,0,0,6.6,7.67,41.06,0.1316,0,9,41.06,41.06,41.06,0.1316,41.06
9.0,5,9,イングリッドローズ,55.0,オシェア,1:27.6,クビ,17.1,5.0,[東] 加藤士津,2021104746,202405030302,3歳未勝利｜2024年6月8日 | 競馬データベース - netkeiba,2026-05-19T12:07:45.609911,牝,3,406.0,0.0,0,0,5.8,5.33,40.6,0.1471,0,6,40.6,40.6,40.6,0.1471,40.6
10.0,1,1,ヒロインコール,55.0,杉原誠人,1:27.6,クビ,177.4,11.0,[東] 清水英克,2021103817,202405030302,3歳未勝利｜2024年6月8日 | 競馬データベース - netkeiba,2026-05-19T12:07:45.609911,牝,3,468.0,-8.0,0,0,5.4,5.67,39.54,0.1562,0,7,39.54,39.54,39.54,0.1562,39.54
11.0,7,13,ノーマンズランド,55.0,内田博幸,1:28.7,7,24.4,7.0,[東] 古賀慎明,2021101693,202405030302,3歳未勝利｜2024年6月8日 | 競馬データベース - netkeiba,2026-05-19T12:07:45.609911,牝,3,440.0,0.0,0,0,10.0,10.0,41.84,0.0909,0,9,41.84,41.84,41.84,0.0909,41.84
12.0,4,8,コスモビオラ,55.0,柴田大知,1:29.0,2,351.7,15.0,[東] 天間昭一,2021101050,202405030302,3歳未勝利｜2024年6月8日 | 競馬データベース - netkeiba,2026-05-19T12:07:45.609911,牝,3,412.0,-8.0,0,0,7.0,8.0,40.64,0.125,0,8,40.64,40.64,40.64,0.125,40.64
13.0,4,7,カムイパパイヤ,55.0,岩部純二,1:29.1,クビ,415.5,16.0,[東] 伊藤伸一,2021102749,202405030302,3歳未勝利｜2024年6月8日 | 競馬データベース - netkeiba,2026-05-19T12:07:45.609911,牝,3,418.0,0.0,0,0,6.2,6.0,39.88,0.1389,0,4,39.88,39.88,39.88,0.1389,39.88
14.0,7,14,エリーステラ,55.0,菊沢一樹,1:29.3,1.1/4,48.2,9.0,[東] 菊沢隆徳,2021101177,202405030302,3歳未勝利｜2024年6月8日 | 競馬データベース - netkeiba,2026-05-19T12:07:45.609911,牝,3,488.0,0.0,0,0,5.8,7.33,42.04,0.1471,0,8,42.04,42.04,42.04,0.1471,42.04
15.0,6,11,ヒトリゴツ,55.0,原田和真,1:29.9,3.1/2,236.2,13.0,[東] 石栗龍彦,2021106760,202405030302,3歳未勝利｜2024年6月8日 | 競馬データベース - netkeiba,2026-05-19T12:07:45.609911,牝,3,452.0,0.0,0,0,14.5,14.5,39.85,0.0645,0,14,39.85,39.85,39.85,0.0645,39.85
16.0,6,12,レッツダンス,54.0,原優介,1:31.4,9,264.4,14.0,[東] 田島俊明,2021101315,202405030302,3歳未勝利｜2024年6月8日 | 競馬データベース - netkeiba,2026-05-19T12:07:45.609911,牝,3,416.0,-18.0,0,0,16.0,16.0,39.7,0.0588,0,16,39.7,39.7,39.7,0.0588,39.7
1.0,1,2,ベルイストワール,55.0,杉原誠人,2:13.7,,88.4,10.0,[東] 宮田敬介,2021100606,202405030303,3歳未勝利｜2024年6月8日 | 競馬データベース - netkeiba,2026-05-19T12:08:28.104796,牝,3,538.0,4.0,1,1,7.6,9.33,38.86,0.1163,0,9,38.86,38.86,38.86,0.1163,38.86
2.0,5,10,レッドスフェーン,57.0,津村明秀,2:13.8,クビ,1.6,1.0,[東] 林徹,2021105308,202405030303,3歳未勝利｜2024年6月8日 | 競馬データベース - netkeiba,2026-05-19T12:08:28.104796,セ,3,432.0,2.0,0,1,2.8,2.0,38.0,0.2632,0,2,38.0,38.0,38.0,0.2632,38.0
3.0,6,12,ベレッタ,57.0,ルメール,2:14.3,3,3.3,2.0,[東] 萩原清,2021105005,202405030303,3歳未勝利｜2024年6月8日 | 競馬データベース - netkeiba,2026-05-19T12:08:28.104796,牡,3,438.0,-4.0,0,1,4.0,4.67,37.98,0.2,0,9,37.98,37.98,37.98,0.2,37.98
4.0,3,6,ライトピラー,55.0,田辺裕信,2:14.4,3/4,19.0,4.0,[東] 村田一誠,2021101204,202405030303,3歳未勝利｜2024年6月8日 | 競馬データベース - netkeiba,2026-05-19T12:08:28.104796,牝,3,488.0,4.0,0,0,1.0,1.0,39.82,0.5,0,1,39.82,39.82,39.82,0.5,39.82
5.0,1,1,ミーハ,57.0,江田照男,2:14.8,2.1/2,70.2,8.0,[東] 小笠倫弘,2021104410,202405030303,3歳未勝利｜2024年6月8日 | 競馬データベース - netkeiba,2026-05-19T12:08:28.104796,牡,3,482.0,10.0,0,0,4.2,4.0,39.18,0.1923,0,5,39.18,39.18,39.18,0.1923,39.18
6.0,5,9,アルファウィンザー,57.0,北村宏司,2:14.9,1/2,54.1,7.0,[東] 田村康仁,2021100432,202405030303,3歳未勝利｜2024年6月8日 | 競馬データベース - netkeiba,2026-05-19T12:08:28.104796,牡,3,438.0,-4.0,0,0,7.0,6.67,40.46,0.125,0,8,40.46,40.46,40.46,0.125,40.46
7.0,8,16,ウインドラート,57.0,石川裕紀,2:15.2,1.3/4,21.9,5.0,[東] 蛯名正義,2021106199,202405030303,3歳未勝利｜2024年6月8日 | 競馬データベース - netkeiba,2026-05-19T12:08:28.104796,牡,3,458.0,6.0,0,0,8.4,7.33,35.12,0.1064,0,6,35.12,35.12,35.12,0.1064,35.12
8.0,4,8,ラブリーポップ,57.0,菊沢一樹,2:15.2,クビ,105.5,11.0,[東] 石栗龍彦,2021107372,202405030303,3歳未勝利｜2024年6月8日 | 競馬データベース - netkeiba,2026-05-19T12:08:28.104796,牡,3,444.0,-2.0,0,0,7.4,8.33,40.94,0.119,0,7,40.94,40.94,40.94,0.119,40.94
9.0,2,3,アーススピリット,57.0,柴田大知,2:15.4,3/4,359.3,15.0,[東] 粕谷昌央,2021105339,202405030303,3歳未勝利｜2024年6月8日 | 競馬データベース - netkeiba,2026-05-19T12:08:28.104796,牡,3,504.0,0.0,0,0,4.75,6.5,39.12,0.1739,0,7,39.12,39.12,39.12,0.1739,39.12
10.0,8,15,クリンキー,57.0,野中悠太,2:15.4,ハナ,271.6,13.0,[東] 大和田成,2021101610,202405030303,3歳未勝利｜2024年6月8日 | 競馬データベース - netkeiba,2026-05-19T12:08:28.104796,牡,3,468.0,6.0,0,0,4.8,5.33,40.18,0.1724,0,2,40.18,40.18,40.18,0.1724,40.18
11.0,3,5,イデアイゴッソウ,57.0,原田和真,2:15.4,クビ,25.9,6.0,[東] 松永康利,2021103096,202405030303,3歳未勝利｜2024年6月8日 | 競馬データベース - netkeiba,2026-05-19T12:08:28.104796,牡,3,462.0,-2.0,0,0,5.0,3.67,37.38,0.1667,0,1,37.38,37.38,37.38,0.1667,37.38
12.0,2,4,プラチナバンド,57.0,三浦皇成,2:15.9,3,9.3,3.0,[東] 新開幸一,2021100045,202405030303,3歳未勝利｜2024年6月8日 | 競馬データベース - netkeiba,2026-05-19T12:08:28.104796,牡,3,506.0,-2.0,0,0,3.25,3.5,39.1,0.2353,0,4,39.1,39.1,39.1,0.2353,39.1
13.0,4,7,ココケイ,55.0,吉田豊,2:17.6,10,321.2,14.0,[東] 矢嶋大樹,2021104263,202405030303,3歳未勝利｜2024年6月8日 | 競馬データベース - netkeiba,2026-05-19T12:08:28.104796,牝,3,444.0,4.0,0,0,7.6,9.0,40.18,0.1163,0,9,40.18,40.18,40.18,0.1163,40.18
14.0,6,11,フィッツロイ,56.0,原優介,2:18.0,2.1/2,79.3,9.0,[東] 岩戸孝樹,2021101055,202405030303,3歳未勝利｜2024年6月8日 | 競馬データベース - netkeiba,2026-05-19T12:08:28.104796,牡,3,484.0,12.0,0,0,6.6,5.67,39.78,0.1316,0,8,39.78,39.78,39.78,0.1316,39.78
15.0,7,13,クインズリゲル,55.0,オシェア,2:19.4,8,217.4,12.0,[東] 加藤征弘,2021106695,202405030303,3歳未勝利｜2024年6月8日 | 競馬データベース - netkeiba,2026-05-19T12:08:28.104796,牝,3,484.0,6.0,0,0,10.0,11.67,39.3,0.0909,0,15,39.3,39.3,39.3,0.0909,39.3
16.0,7,14,イデアパシオン,57.0,嶋田純次,2:19.6,1.1/4,509.9,16.0,[東] 矢嶋大樹,2021104016,202405030303,3歳未勝利｜2024年6月8日 | 競馬データベース - netkeiba,2026-05-19T12:08:28.104796,牡,3,462.0,0.0,0,0,14.5,15.0,41.17,0.0645,0,14,41.17,41.17,41.17,0.0645,41.17
1.0,7,15,アドマイヤマツリ,55.0,戸崎圭太,1:48.0,,1.3,1.0,[東] 宮田敬介,2021101549,202405030304,3歳未勝利｜2024年6月8日 | 競馬データベース - netkeiba,2026-05-19T12:09:17.725129,牝,3,458.0,4.0,1,1,3.6,5.0,34.52,0.2174,0,7,34.52,34.52,34.52,0.2174,34.52
2.0,2,3,アイソーザライト,55.0,丸田恭介,1:48.0,ハナ,11.3,3.0,[東] 大竹正博,2021103967,202405030304,3歳未勝利｜2024年6月8日 | 競馬データベース - netkeiba,2026-05-19T12:09:17.725129,牝,3,424.0,0.0,0,1,3.4,3.67,34.5,0.2273,0,4,34.5,34.5,34.5,0.2273,34.5
3.0,4,7,ドルフィンスルー,55.0,北村宏司,1:48.5,3,5.2,2.0,[東] 木村哲也,2021105401,202405030304,3歳未勝利｜2024年6月8日 | 競馬データベース - netkeiba,2026-05-19T12:09:17.725129,牝,3,448.0,2.0,0,1,6.5,6.33,35.9,0.1333,0,15,35.9,35.9,35.9,0.1333,35.9
4.0,8,16,コスモブリランテ,55.0,杉原誠人,1:48.7,1.1/2,220.5,16.0,[東] 西田雄一,2021106791,202405030304,3歳未勝利｜2024年6月8日 | 競馬データベース - netkeiba,2026-05-19T12:09:17.725129,牝,3,404.0,2.0,0,0,8.6,8.67,40.0,0.1042,0,7,40.0,40.0,40.0,0.1042,40.0
5.0,3,6,リュウノタブーク,53.0,藤田菜七,1:48.7,ハナ,51.7,8.0,[東] 伊藤伸一,2021104365,202405030304,3歳未勝利｜2024年6月8日 | 競馬データベース - netkeiba,2026-05-19T12:09:17.725129,牝,3,436.0,8.0,0,0,11.4,10.33,36.8,0.0806,0,12,36.8,36.8,36.8,0.0806,36.8
6.0,2,4,キョウエイスピール,54.0,原優介,1:48.7,ハナ,37.5,6.0,[東] 伊藤伸一,2021104372,202405030304,3歳未勝利｜2024年6月8日 | 競馬データベース - netkeiba,2026-05-19T12:09:17.725129,牝,3,436.0,-2.0,0,0,6.4,6.67,37.02,0.1351,0,3,37.02,37.02,37.02,0.1351,37.02
7.0,5,10,ペーシュメルバ,55.0,柴田大知,1:49.0,1.1/2,239.2,17.0,[東] 尾関知人,2021106828,202405030304,3歳未勝利｜2024年6月8日 | 競馬データベース - netkeiba,2026-05-19T12:09:17.725129,牝,3,432.0,0.0,0,0,5.8,5.67,40.34,0.1471,0,5,40.34,40.34,40.34,0.1471,40.34
8.0,1,2,パルファンソオン,55.0,菅原明良,1:49.1,3/4,17.6,4.0,[東] 黒岩陽一,2021105365,202405030304,3歳未勝利｜2024年6月8日 | 競馬データベース - netkeiba,2026-05-19T12:09:17.725129,牝,3,486.0,2.0,0,0,10.8,10.67,36.08,0.0847,0,18,36.08,36.08,36.08,0.0847,36.08
9.0,3,5,ノーマジック,51.0,大江原比,1:49.2,クビ,141.0,13.0,[東] 戸田博文,2021101166,202405030304,3歳未勝利｜2024年6月8日 | 競馬データベース - netkeiba,2026-05-19T12:09:17.725129,牝,3,458.0,0.0,0,0,11.0,10.0,37.58,0.0833,0,9,37.58,37.58,37.58,0.0833,37.58
10.0,8,17,アモールエテルノ,55.0,石川裕紀,1:49.3,1/2,215.5,15.0,[東] 奥村武,2021102403,202405030304,3歳未勝利｜2024年6月8日 | 競馬データベース - netkeiba,2026-05-19T12:09:17.725129,牝,3,410.0,2.0,0,0,10.6,10.33,35.46,0.0862,0,11,35.46,35.46,35.46,0.0862,35.46
11.0,6,12,ユッカラン,55.0,木幡巧也,1:49.3,1/2,105.4,12.0,[東] 松山将樹,2021102339,202405030304,3歳未勝利｜2024年6月8日 | 競馬データベース - netkeiba,2026-05-19T12:09:17.725129,牝,3,456.0,8.0,0,0,5.8,4.0,39.46,0.1471,0,8,39.46,39.46,39.46,0.1471,39.46
12.0,8,18,ミヤビエクセレント,54.0,横山琉人,1:49.4,クビ,46.9,7.0,[東] 小島茂之,2021103883,202405030304,3歳未勝利｜2024年6月8日 | 競馬データベース - netkeiba,2026-05-19T12:09:17.725129,牝,3,464.0,0.0,0,0,7.0,8.33,40.32,0.125,0,8,40.32,40.32,40.32,0.125,40.32
13.0,4,8,プリティキッス,55.0,津村明秀,1:49.4,アタマ,96.0,9.0,[東] 田島俊明,2021100817,202405030304,3歳未勝利｜2024年6月8日 | 競馬データベース - netkeiba,2026-05-19T12:09:17.725129,牝,3,456.0,12.0,0,0,6.0,5.67,36.86,0.1429,0,5,36.86,36.86,36.86,0.1429,36.86
14.0,7,14,ラブビーチ,55.0,野中悠太,1:49.5,1,100.9,11.0,[東] 蛯名利弘,2021104232,202405030304,3歳未勝利｜2024年6月8日 | 競馬データベース - netkeiba,2026-05-19T12:09:17.725129,牝,3,426.0,0.0,0,0,6.4,8.0,39.66,0.1351,0,8,39.66,39.66,39.66,0.1351,39.66
15.0,7,13,ランデヴーローズ,55.0,荻野極,1:49.7,1.1/2,97.0,10.0,[東] 上原佑紀,2021103072,202405030304,3歳未勝利｜2024年6月8日 | 競馬データベース - netkeiba,2026-05-19T12:09:17.725129,牝,3,442.0,0.0,0,0,12.4,15.33,38.18,0.0746,0,18,38.18,38.18,38.18,0.0746,38.18
16.0,1,1,ミランダアスール,55.0,武藤雅,1:50.0,1.3/4,211.9,14.0,[東] 水野貴広,2021101233,202405030304,3歳未勝利｜2024年6月8日 | 競馬データベース - netkeiba,2026-05-19T12:09:17.725129,牝,3,402.0,4.0,0,0,5.0,5.67,41.1,0.1667,0,7,41.1,41.1,41.1,0.1667,41.1
17.0,5,9,ディヴァイネスト,55.0,オシェア,1:50.4,2,23.2,5.0,[東] 勢司和浩,2021105816,202405030304,3歳未勝利｜2024年6月8日 | 競馬データベース - netkeiba,2026-05-19T12:09:17.725129,牝,3,440.0,2.0,0,0,8.6,10.67,36.1,0.1042,0,7,36.1,36.1,36.1,0.1042,36.1
18.0,6,11,ガンバリキ,55.0,吉田豊,1:50.6,1.1/2,304.1,18.0,[東] 的場均,2021106053,202405030304,3歳未勝利｜2024年6月8日 | 競馬データベース - netkeiba,2026-05-19T12:09:17.725129,牝,3,452.0,8.0,0,0,5.8,7.0,39.84,0.1471,0,11,39.84,39.84,39.84,0.1471,39.84
1.0,8,8,コートアリシアン,55.0,菅原明良,1:35.1,,3.5,2.0,[東] 伊藤大士,2022105326,202405030305,2歳新馬｜2024年6月8日 | 競馬データベース - netkeiba,2026-05-19T12:10:04.390678,牝,2,438.0,0.0,1,1,4.0,3.33,33.84,0.2,0,3,33.84,33.84,33.84,0.2,33.84
2.0,2,2,ベルリネッタ,54.0,原優介,1:35.9,5,4.7,3.0,[東] 矢野英一,2022101426,202405030305,2歳新馬｜2024年6月8日 | 競馬データベース - netkeiba,2026-05-19T12:10:04.390678,牡,2,490.0,0.0,0,1,3.0,3.0,39.47,0.25,0,1,39.47,39.47,39.47,0.25,39.47
3.0,5,5,ヴィーデ,55.0,オシェア,1:36.0,3/4,15.7,4.0,[東] 戸田博文,2022100548,202405030305,2歳新馬｜2024年6月8日 | 競馬データベース - netkeiba,2026-05-19T12:10:04.390678,牡,2,472.0,0.0,0,1,12.4,15.0,40.04,0.0746,0,15,40.04,40.04,40.04,0.0746,40.04
4.0,7,7,レイヤードレッド,55.0,内田博幸,1:36.0,ハナ,24.5,5.0,[東] 手塚貴久,2022103310,202405030305,2歳新馬｜2024年6月8日 | 競馬データベース - netkeiba,2026-05-19T12:10:04.390678,牡,2,472.0,0.0,0,0,5.0,5.33,34.86,0.1667,0,4,34.86,34.86,34.86,0.1667,34.86
5.0,4,4,ハイタイド,55.0,木幡巧也,1:36.2,1.1/4,34.2,6.0,[東] 牧光二,2022104503,202405030305,2歳新馬｜2024年6月8日 | 競馬データベース - netkeiba,2026-05-19T12:10:04.390678,牡,2,454.0,0.0,0,0,11.0,13.67,38.56,0.0833,0,16,38.56,38.56,38.56,0.0833,38.56
6.0,1,1,グラフレナート,55.0,ルメール,1:36.5,2,1.6,1.0,[東] 宮田敬介,2022104671,202405030305,2歳新馬｜2024年6月8日 | 競馬データベース - netkeiba,2026-05-19T12:10:04.390678,牡,2,452.0,0.0,0,0,5.75,5.67,36.3,0.1481,0,4,36.3,36.3,36.3,0.1481,36.3
7.0,6,6,イッシンフラン,55.0,江田照男,1:36.6,3/4,53.9,7.0,[東] 竹内正洋,2022101416,202405030305,2歳新馬｜2024年6月8日 | 競馬データベース - netkeiba,2026-05-19T12:10:04.390678,牝,2,452.0,0.0,0,0,3.6,3.33,39.28,0.2174,0,3,39.28,39.28,39.28,0.2174,39.28
8.0,3,3,ハクサンリンド,55.0,杉原誠人,1:37.2,3.1/2,85.5,8.0,[東] 菊川正達,2022104548,202405030305,2歳新馬｜2024年6月8日 | 競馬データベース - netkeiba,2026-05-19T12:10:04.390678,牡,2,446.0,0.0,0,0,7.6,7.0,38.0,0.1163,0,8,38.0,38.0,38.0,0.1163,38.0
1.0,4,7,サクラトップリアル,57.0,ルメール,1:36.9,,1.8,1.0,[東] 田村康仁,2021104159,202405030306,3歳未勝利｜2024年6月8日 | 競馬データベース - netkeiba,2026-05-19T12:10:29.712322,牡,3,502.0,-2.0,1,1,5.2,7.67,37.32,0.1613,0,16,37.32,37.32,37.32,0.1613,37.32
2.0,7,14,アオイミモザ,57.0,北村宏司,1:37.2,1.3/4,4.5,3.0,[東] 古賀慎明,2021100873,202405030306,3歳未勝利｜2024年6月8日 | 競馬データベース - netkeiba,2026-05-19T12:10:29.712322,セ,3,476.0,-16.0,0,1,9.4,8.33,38.14,0.0962,0,1,38.14,38.14,38.14,0.0962,38.14
3.0,8,16,プルメリアクヒオ,55.0,藤田菜七,1:37.5,1.1/2,4.0,2.0,[東] 深山雅史,2021103208,202405030306,3歳未勝利｜2024年6月8日 | 競馬データベース - netkeiba,2026-05-19T12:10:29.712322,牡,3,448.0,2.0,0,1,7.8,9.0,40.08,0.1136,0,8,40.08,40.08,40.08,0.1136,40.08
4.0,1,2,ロジゴールデン,57.0,オシェア,1:38.8,8,46.8,6.0,[東] 国枝栄,2021105029,202405030306,3歳未勝利｜2024年6月8日 | 競馬データベース - netkeiba,2026-05-19T12:10:29.712322,牡,3,506.0,-6.0,0,0,7.75,8.67,38.95,0.1143,0,4,38.95,38.95,38.95,0.1143,38.95
5.0,7,13,アイスブレイカー,57.0,丸田恭介,1:39.0,1.1/4,15.0,4.0,[東] 伊坂重信,2021103332,202405030306,3歳未勝利｜2024年6月8日 | 競馬データベース - netkeiba,2026-05-19T12:10:29.712322,牡,3,480.0,0.0,0,0,8.8,9.67,36.86,0.102,0,11,36.86,36.86,36.86,0.102,36.86
6.0,2,3,ドレッシーナイト,57.0,津村明秀,1:39.3,2,50.8,9.0,[東] 林徹,2021105100,202405030306,3歳未勝利｜2024年6月8日 | 競馬データベース - netkeiba,2026-05-19T12:10:29.712322,牡,3,500.0,0.0,0,0,6.0,6.0,36.6,0.1429,0,6,36.6,36.6,36.6,0.1429,36.6
7.0,1,1,アレスエルピーダ,57.0,菊沢一樹,1:39.6,1.1/2,48.7,8.0,[東] 和田雄二,2021104541,202405030306,3歳未勝利｜2024年6月8日 | 競馬データベース - netkeiba,2026-05-19T12:10:29.712322,牡,3,476.0,6.0,0,0,3.2,2.67,39.6,0.2381,0,2,39.6,39.6,39.6,0.2381,39.6
8.0,4,8,カシノカンピオーネ,57.0,岩部純二,1:39.7,1/2,520.5,16.0,[東] 天間昭一,2021100516,202405030306,3歳未勝利｜2024年6月8日 | 競馬データベース - netkeiba,2026-05-19T12:10:29.712322,牡,3,486.0,4.0,0,0,7.4,9.33,40.36,0.119,0,11,40.36,40.36,40.36,0.119,40.36
9.0,6,11,ブルズアイ,57.0,木幡巧也,1:39.7,クビ,48.6,7.0,[東] 松山将樹,2021100466,202405030306,3歳未勝利｜2024年6月8日 | 競馬データベース - netkeiba,2026-05-19T12:10:29.712322,牡,3,554.0,-4.0,0,0,2.8,4.0,38.86,0.2632,0,3,38.86,38.86,38.86,0.2632,38.86
10.0,2,4,アルヴァレス,56.0,原優介,1:39.9,1.1/2,138.4,11.0,[東] 奥村武,2021103041,202405030306,3歳未勝利｜2024年6月8日 | 競馬データベース - netkeiba,2026-05-19T12:10:29.712322,牡,3,440.0,-3.0,0,0,6.4,3.0,37.46,0.1351,0,1,37.46,37.46,37.46,0.1351,37.46
11.0,5,10,アカキチノイレブン,57.0,内田博幸,1:40.1,1,178.9,13.0,[東] 伊藤圭三,2021104644,202405030306,3歳未勝利｜2024年6月8日 | 競馬データベース - netkeiba,2026-05-19T12:10:29.712322,牡,3,488.0,-2.0,0,0,6.4,8.33,41.06,0.1351,0,8,41.06,41.06,41.06,0.1351,41.06
12.0,3,6,ミュークインディ,56.0,横山琉人,1:40.7,3.1/2,160.4,12.0,[東] 鈴木慎太,2021102922,202405030306,3歳未勝利｜2024年6月8日 | 競馬データベース - netkeiba,2026-05-19T12:10:29.712322,牡,3,572.0,-8.0,0,0,8.6,10.33,40.53,0.1042,0,12,40.53,40.53,40.53,0.1042,40.53
13.0,5,9,アンリトゥンルール,57.0,戸崎圭太,1:40.9,3/4,24.4,5.0,[東] 栗田徹,2021101668,202405030306,3歳未勝利｜2024年6月8日 | 競馬データベース - netkeiba,2026-05-19T12:10:29.712322,牡,3,488.0,4.0,0,0,0.0,0.0,0.0,0.0,0,0,0.0,0.0,0.0,0.0,0.0
14.0,3,5,ショウナンアムロ,57.0,吉田豊,1:41.6,4,103.1,10.0,[東] 尾関知人,2021105184,202405030306,3歳未勝利｜2024年6月8日 | 競馬データベース - netkeiba,2026-05-19T12:10:29.712322,牡,3,478.0,6.0,0,0,7.6,7.0,40.82,0.1163,0,6,40.82,40.82,40.82,0.1163,40.82
15.0,8,15,スクイッドラン,57.0,原田和真,1:41.7,クビ,488.8,15.0,[東] 松山将樹,2021104343,202405030306,3歳未勝利｜2024年6月8日 | 競馬データベース - netkeiba,2026-05-19T12:10:29.712322,セ,3,510.0,0.0,0,0,6.0,6.33,39.46,0.1429,0,7,39.46,39.46,39.46,0.1429,39.46
16.0,6,12,ピースポート,57.0,木幡育也,1:42.8,7,224.3,14.0,[東] 蛯名正義,2021103611,202405030306,3歳未勝利｜2024年6月8日 | 競馬データベース - netkeiba,2026-05-19T12:10:29.712322,牡,3,496.0,0.0,0,0,6.5,7.0,39.42,0.1333,0,8,39.42,39.42,39.42,0.1333,39.42
1.0,8,12,ハリケーンリッジ,56.0,ルメール,1:33.4,,4.2,3.0,[東] 大和田成,2020103736,202405030307,3歳以上1勝クラス｜2024年6月8日 | 競馬データベース - netkeiba,2026-05-19T12:11:16.224294,牝,4,438.0,-2.0,1,1,6.8,8.33,34.78,0.1282,0,10,34.78,34.78,34.78,0.1282,34.78
2.0,1,1,アトリウムチャペル,53.0,戸崎圭太,1:33.5,1/2,4.4,4.0,[東] 木村哲也,2021105078,202405030307,3歳以上1勝クラス｜2024年6月8日 | 競馬データベース - netkeiba,2026-05-19T12:11:16.224294,牝,3,422.0,6.0,0,1,7.2,5.0,35.3,0.122,0,4,35.3,35.3,35.3,0.122,35.3
3.0,5,7,ディナトセレーネ,55.0,原優介,1:33.5,1/2,26.8,6.0,[東] 尾関知人,2020102934,202405030307,3歳以上1勝クラス｜2024年6月8日 | 競馬データベース - netkeiba,2026-05-19T12:11:16.224294,牝,4,466.0,8.0,0,1,5.8,8.0,39.2,0.1471,0,8,39.2,39.2,39.2,0.1471,39.2
4.0,6,9,メイショウヨゾラ,53.0,三浦皇成,1:33.6,クビ,3.9,2.0,[東] 高柳瑞樹,2021101580,202405030307,3歳以上1勝クラス｜2024年6月8日 | 競馬データベース - netkeiba,2026-05-19T12:11:16.224294,牝,3,466.0,2.0,0,0,7.6,8.67,34.66,0.1163,0,1,34.66,34.66,34.66,0.1163,34.66
5.0,7,11,ガルサブランカ,53.0,北村宏司,1:33.7,1,2.6,1.0,[東] 木村哲也,2021105556,202405030307,3歳以上1勝クラス｜2024年6月8日 | 競馬データベース - netkeiba,2026-05-19T12:11:16.224294,牝,3,458.0,14.0,0,0,5.8,6.33,34.44,0.1471,0,7,34.44,34.44,34.44,0.1471,34.44
6.0,2,2,ウィズダムハート,56.0,石橋脩,1:33.9,1,179.0,11.0,[東] 上原佑紀,2020103365,202405030307,3歳以上1勝クラス｜2024年6月8日 | 競馬データベース - netkeiba,2026-05-19T12:11:16.224294,牝,4,424.0,-4.0,0,0,10.8,11.67,36.96,0.0847,0,13,36.96,36.96,36.96,0.0847,36.96
7.0,8,13,ミエノブラボー,53.0,菅原明良,1:34.0,1,22.0,5.0,[東] 宗像義忠,2021104137,202405030307,3歳以上1勝クラス｜2024年6月8日 | 競馬データベース - netkeiba,2026-05-19T12:11:16.224294,牝,3,466.0,2.0,0,0,5.6,7.33,33.98,0.1515,0,10,33.98,33.98,33.98,0.1515,33.98
8.0,6,8,グレイトクラウン,53.0,木幡巧也,1:34.2,1.1/4,45.6,8.0,[東] 松山将樹,2021107220,202405030307,3歳以上1勝クラス｜2024年6月8日 | 競馬データベース - netkeiba,2026-05-19T12:11:16.224294,牝,3,462.0,10.0,0,0,7.0,7.0,34.42,0.125,0,4,34.42,34.42,34.42,0.125,34.42
9.0,4,4,レリッシュ,53.0,丸田恭介,1:34.4,1.1/4,546.0,12.0,[東] 南田美知,2021101385,202405030307,3歳以上1勝クラス｜2024年6月8日 | 競馬データベース - netkeiba,2026-05-19T12:11:16.224294,牝,3,466.0,-8.0,0,0,9.4,9.0,37.74,0.0962,0,10,37.74,37.74,37.74,0.0962,37.74
10.0,4,5,ニシノコイゴコロ,53.0,野中悠太,1:34.5,1/2,64.7,9.0,[東] 根本康広,2021100189,202405030307,3歳以上1勝クラス｜2024年6月8日 | 競馬データベース - netkeiba,2026-05-19T12:11:16.224294,牝,3,430.0,0.0,0,0,6.2,7.33,35.2,0.1389,0,11,35.2,35.2,35.2,0.1389,35.2
11.0,3,3,アリーチェ,56.0,菊沢一樹,1:35.0,3,178.1,10.0,[東] 戸田博文,2020103305,202405030307,3歳以上1勝クラス｜2024年6月8日 | 競馬データベース - netkeiba,2026-05-19T12:11:16.224294,牝,4,448.0,2.0,0,0,12.6,12.67,36.88,0.0735,0,13,36.88,36.88,36.88,0.0735,36.88
12.0,7,10,スレッタ,50.0,石田拓郎,1:35.1,1/2,674.7,13.0,[東] 土田稔,2021105203,202405030307,3歳以上1勝クラス｜2024年6月8日 | 競馬データベース - netkeiba,2026-05-19T12:11:16.224294,牝,3,388.0,12.0,0,0,0.0,0.0,0.0,0.0,0,0,0.0,0.0,0.0,0.0,0.0
13.0,5,6,キトゥンズマーチ,56.0,オシェア,1:37.3,大,33.8,7.0,[東] 上原博之,2018100096,202405030307,3歳以上1勝クラス｜2024年6月8日 | 競馬データベース - netkeiba,2026-05-19T12:11:16.224294,牝,6,458.0,-10.0,0,0,10.6,15.33,36.62,0.0862,0,16,36.62,36.62,36.62,0.0862,36.62
1.0,4,7,メイプルタピット,55.0,丸田恭介,2:11.4,,2.4,1.0,[東] 南田美知,2021103140,202405030308,3歳以上1勝クラス｜2024年6月8日 | 競馬データベース - netkeiba,2026-05-19T12:11:54.127700,牡,3,506.0,2.0,1,1,9.2,8.67,37.34,0.098,0,13,37.34,37.34,37.34,0.098,37.34
2.0,8,16,クロックフォード,58.0,菅原明良,2:12.2,5,3.7,2.0,[東] 田島俊明,2020102805,202405030308,3歳以上1勝クラス｜2024年6月8日 | 競馬データベース - netkeiba,2026-05-19T12:11:54.127700,セ,4,492.0,-4.0,0,1,4.8,5.67,37.2,0.1724,0,13,37.2,37.2,37.2,0.1724,37.2
3.0,4,8,マウンテンエース,58.0,津村明秀,2:12.2,ハナ,4.9,3.0,[東] 和田雄二,2020104452,202405030308,3歳以上1勝クラス｜2024年6月8日 | 競馬データベース - netkeiba,2026-05-19T12:11:54.127700,牡,4,498.0,0.0,0,1,7.2,9.0,38.64,0.122,0,13,38.64,38.64,38.64,0.122,38.64
4.0,7,13,ディズレーリ,58.0,杉原誠人,2:12.4,1.1/4,36.8,8.0,[東] 池上昌和,2020103119,202405030308,3歳以上1勝クラス｜2024年6月8日 | 競馬データベース - netkeiba,2026-05-19T12:11:54.127700,セ,4,512.0,0.0,0,0,4.0,3.0,38.28,0.2,0,1,38.28,38.28,38.28,0.2,38.28
5.0,1,2,プレジール,54.0,原優介,2:12.6,3/4,14.8,5.0,[東] 嘉藤貴行,2021106209,202405030308,3歳以上1勝クラス｜2024年6月8日 | 競馬データベース - netkeiba,2026-05-19T12:11:54.127700,牡,3,462.0,2.0,0,0,6.8,6.0,38.8,0.1282,0,1,38.8,38.8,38.8,0.1282,38.8
6.0,1,1,コスモジンバック,55.0,石橋脩,2:12.6,アタマ,28.3,6.0,[東] 相沢郁,2021106797,202405030308,3歳以上1勝クラス｜2024年6月8日 | 競馬データベース - netkeiba,2026-05-19T12:11:54.127700,牡,3,474.0,2.0,0,0,10.2,11.33,38.04,0.0893,0,10,38.04,38.04,38.04,0.0893,38.04
7.0,6,12,バンドネオン,58.0,嶋田純次,2:12.7,1/2,56.4,10.0,[東] 手塚貴久,2020103520,202405030308,3歳以上1勝クラス｜2024年6月8日 | 競馬データベース - netkeiba,2026-05-19T12:11:54.127700,セ,4,514.0,-14.0,0,0,5.4,4.67,39.56,0.1562,0,9,39.56,39.56,39.56,0.1562,39.56
8.0,3,5,イデアユウシン,58.0,三浦皇成,2:12.7,ハナ,6.3,4.0,[東] 松永康利,2020106549,202405030308,3歳以上1勝クラス｜2024年6月8日 | 競馬データベース - netkeiba,2026-05-19T12:11:54.127700,牡,4,542.0,-6.0,0,0,12.0,10.5,39.88,0.0769,0,10,39.88,39.88,39.88,0.0769,39.88
9.0,6,11,ターコイズデュー,56.0,柴田大知,2:12.9,3/4,54.4,9.0,[東] 畠山吉宏,2020101377,202405030308,3歳以上1勝クラス｜2024年6月8日 | 競馬データベース - netkeiba,2026-05-19T12:11:54.127700,牝,4,498.0,-4.0,0,0,5.2,5.0,40.26,0.1613,0,13,40.26,40.26,40.26,0.1613,40.26
10.0,5,10,コトブキヘスペラス,58.0,野中悠太,2:12.9,クビ,122.4,12.0,[東] 金成貴史,2020100209,202405030308,3歳以上1勝クラス｜2024年6月8日 | 競馬データベース - netkeiba,2026-05-19T12:11:54.127700,牡,4,454.0,0.0,0,0,9.5,10.33,38.57,0.0952,0,12,38.57,38.57,38.57,0.0952,38.57
11.0,8,15,ヘヴンリーハンド,55.0,木幡巧也,2:13.2,1.3/4,110.4,11.0,[東] 武井亮,2021106910,202405030308,3歳以上1勝クラス｜2024年6月8日 | 競馬データベース - netkeiba,2026-05-19T12:11:54.127700,セ,3,502.0,-22.0,0,0,6.0,5.33,37.2,0.1429,0,10,37.2,37.2,37.2,0.1429,37.2
12.0,3,6,エメリヨン,56.0,北村宏司,2:13.3,1/2,36.7,7.0,[東] 加藤士津,2020103120,202405030308,3歳以上1勝クラス｜2024年6月8日 | 競馬データベース - netkeiba,2026-05-19T12:11:54.127700,牝,4,456.0,2.0,0,0,7.0,8.67,35.1,0.125,0,11,35.1,35.1,35.1,0.125,35.1
13.0,2,3,タマモエイトビート,58.0,江田照男,2:13.4,クビ,166.0,13.0,[東] 村田一誠,2019106954,202405030308,3歳以上1勝クラス｜2024年6月8日 | 競馬データベース - netkeiba,2026-05-19T12:11:54.127700,牡,5,518.0,0.0,0,0,9.8,9.33,39.74,0.0926,0,7,39.74,39.74,39.74,0.0926,39.74
14.0,7,14,リネンマンボ,58.0,丸山元気,2:13.5,1/2,253.6,14.0,[東] 粕谷昌央,2020101457,202405030308,3歳以上1勝クラス｜2024年6月8日 | 競馬データベース - netkeiba,2026-05-19T12:11:54.127700,牡,4,462.0,-2.0,0,0,8.2,10.0,38.92,0.1087,0,8,38.92,38.92,38.92,0.1087,38.92
15.0,5,9,サフランブライト,56.0,藤田菜七,2:14.4,5,311.0,16.0,[東] 小西一男,2019102728,202405030308,3歳以上1勝クラス｜2024年6月8日 | 競馬データベース - netkeiba,2026-05-19T12:11:54.127700,牡,5,522.0,8.0,0,0,2.0,2.33,39.36,0.3333,0,3,39.36,39.36,39.36,0.3333,39.36
16.0,2,4,サハラ,58.0,菊沢一樹,2:14.5,3/4,268.4,15.0,[東] 粕谷昌央,2019101646,202405030308,3歳以上1勝クラス｜2024年6月8日 | 競馬データベース - netkeiba,2026-05-19T12:11:54.127700,牡,5,490.0,-2.0,0,0,6.6,5.33,36.7,0.1316,0,2,36.7,36.7,36.7,0.1316,36.7
1.0,8,12,トロヴァトーレ,54.0,ルメール,1:32.5,,1.9,1.0,[東] 鹿戸雄一,2021105557,202405030309,芦ノ湖特別｜2024年6月8日 | 競馬データベース - netkeiba,2026-05-19T12:12:43.701668,牡,3,486.0,-12.0,1,1,4.2,2.0,34.78,0.1923,0,1,34.78,34.78,34.78,0.1923,34.78
2.0,5,6,ファビュラススター,54.0,菅原明良,1:32.8,2,3.1,2.0,[東] 萩原清,2021103478,202405030309,芦ノ湖特別｜2024年6月8日 | 競馬データベース - netkeiba,2026-05-19T12:12:43.701668,牡,3,500.0,-2.0,0,1,6.6,6.0,34.08,0.1316,0,11,34.08,34.08,34.08,0.1316,34.08
3.0,7,10,ロゼル,55.0,杉原誠人,1:32.9,1/2,69.3,9.0,[東] 大和田成,2020106415,202405030309,芦ノ湖特別｜2024年6月8日 | 競馬データベース - netkeiba,2026-05-19T12:12:43.701668,牡,4,484.0,2.0,0,1,5.8,6.33,35.1,0.1471,0,6,35.1,35.1,35.1,0.1471,35.1
4.0,6,8,マルチャン,55.0,丸田恭介,1:33.1,1,11.8,4.0,[東] 武市康男,2020103066,202405030309,芦ノ湖特別｜2024年6月8日 | 競馬データベース - netkeiba,2026-05-19T12:12:43.701668,牡,4,464.0,-6.0,0,0,12.4,12.0,34.58,0.0746,0,14,34.58,34.58,34.58,0.0746,34.58
5.0,3,3,コスモスプモーニ,55.0,津村明秀,1:33.1,アタマ,17.4,6.0,[東] 松山将樹,2020101261,202405030309,芦ノ湖特別｜2024年6月8日 | 競馬データベース - netkeiba,2026-05-19T12:12:43.701668,牡,4,482.0,-2.0,0,0,8.75,9.5,36.27,0.1026,0,9,36.27,36.27,36.27,0.1026,36.27
6.0,7,9,ヴルカーノ,56.0,オシェア,1:33.1,ハナ,12.9,5.0,[東] 稲垣幸雄,2018109026,202405030309,芦ノ湖特別｜2024年6月8日 | 競馬データベース - netkeiba,2026-05-19T12:12:43.701668,牡,6,484.0,0.0,0,0,6.4,7.67,34.76,0.1351,0,10,34.76,34.76,34.76,0.1351,34.76
7.0,4,4,ダッチアイリス,53.0,吉田豊,1:33.1,アタマ,8.7,3.0,[東] 相沢郁,2020106392,202405030309,芦ノ湖特別｜2024年6月8日 | 競馬データベース - netkeiba,2026-05-19T12:12:43.701668,牝,4,438.0,0.0,0,0,4.2,4.0,34.18,0.1923,0,7,34.18,34.18,34.18,0.1923,34.18
8.0,2,2,ジッピーレーサー,55.0,石川裕紀,1:33.2,クビ,49.1,8.0,[東] 高木登,2017110086,202405030309,芦ノ湖特別｜2024年6月8日 | 競馬データベース - netkeiba,2026-05-19T12:12:43.701668,セ,7,480.0,10.0,0,0,9.2,9.0,34.5,0.098,0,12,34.5,34.5,34.5,0.098,34.5
9.0,5,5,パンドレア,52.0,丸山元気,1:33.3,1/2,40.4,7.0,[西] 斉藤崇史,2019104557,202405030309,芦ノ湖特別｜2024年6月8日 | 競馬データベース - netkeiba,2026-05-19T12:12:43.701668,牝,5,452.0,-8.0,0,0,6.6,5.67,34.88,0.1316,0,9,34.88,34.88,34.88,0.1316,34.88
10.0,1,1,ラーテル,50.0,大江原比,1:33.3,クビ,430.8,12.0,[東] 南田美知,2020104285,202405030309,芦ノ湖特別｜2024年6月8日 | 競馬データベース - netkeiba,2026-05-19T12:12:43.701668,セ,4,460.0,0.0,0,0,8.8,8.33,35.74,0.102,0,7,35.74,35.74,35.74,0.102,35.74
11.0,8,11,バーンパッション,53.0,木幡巧也,1:33.6,1.1/2,182.3,10.0,[東] 天間昭一,2017104128,202405030309,芦ノ湖特別｜2024年6月8日 | 競馬データベース - netkeiba,2026-05-19T12:12:43.701668,牡,7,472.0,-4.0,0,0,2.0,2.0,0.0,0.3333,0,3,0.0,0.0,0.0,0.3333,0.0
12.0,6,7,タケルジャック,53.0,藤田菜七,1:34.7,7,262.9,11.0,[東] 辻哲英,2018100719,202405030309,芦ノ湖特別｜2024年6月8日 | 競馬データベース - netkeiba,2026-05-19T12:12:43.701668,牡,6,482.0,0.0,0,0,13.0,12.0,37.74,0.0714,0,12,37.74,37.74,37.74,0.0714,37.74
1.0,2,3,グラウンドビート,55.0,ルメール,1:36.3,,1.6,1.0,[東] 田村康仁,2021105120,202405030310,青梅特別｜2024年6月8日 | 競馬データベース - netkeiba,2026-05-19T12:13:23.057747,牡,3,486.0,4.0,1,1,6.8,7.33,36.18,0.1282,0,8,36.18,36.18,36.18,0.1282,36.18
2.0,1,1,スタンリーテソーロ,55.0,戸崎圭太,1:36.5,1.1/2,4.2,2.0,[東] 稲垣幸雄,2021102275,202405030310,青梅特別｜2024年6月8日 | 競馬データベース - netkeiba,2026-05-19T12:13:23.057747,牡,3,420.0,-4.0,0,1,7.4,8.0,36.82,0.119,0,6,36.82,36.82,36.82,0.119,36.82
3.0,5,9,ショウナンカブト,58.0,菅原明良,1:36.7,1,7.2,3.0,[東] 戸田博文,2020104107,202405030310,青梅特別｜2024年6月8日 | 競馬データベース - netkeiba,2026-05-19T12:13:23.057747,牡,4,540.0,-4.0,0,1,7.4,5.33,37.88,0.119,0,1,37.88,37.88,37.88,0.119,37.88
4.0,4,7,マンノステータス,58.0,吉田豊,1:36.8,1,14.2,4.0,[東] 小野次郎,2020105471,202405030310,青梅特別｜2024年6月8日 | 競馬データベース - netkeiba,2026-05-19T12:13:23.057747,牡,4,524.0,-2.0,0,0,11.0,15.0,38.16,0.0833,0,15,38.16,38.16,38.16,0.0833,38.16
5.0,3,4,アッチャゴーラ,58.0,小崎綾也,1:36.8,アタマ,21.8,5.0,[西] 村山明,2020102843,202405030310,青梅特別｜2024年6月8日 | 競馬データベース - netkeiba,2026-05-19T12:13:23.057747,牡,4,496.0,0.0,0,0,6.8,6.0,36.1,0.1282,0,7,36.1,36.1,36.1,0.1282,36.1
6.0,6,10,ショウナンガロ,58.0,津村明秀,1:37.1,1.1/2,64.1,10.0,[東] 武市康男,2020105372,202405030310,青梅特別｜2024年6月8日 | 競馬データベース - netkeiba,2026-05-19T12:13:23.057747,牡,4,502.0,0.0,0,0,7.0,7.5,37.5,0.125,0,9,37.5,37.5,37.5,0.125,37.5
7.0,5,8,ジューンポンポン,56.0,田辺裕信,1:37.3,1.1/4,56.7,9.0,[東] 和田勇介,2019102552,202405030310,青梅特別｜2024年6月8日 | 競馬データベース - netkeiba,2026-05-19T12:13:23.057747,牝,5,488.0,0.0,0,0,5.8,6.33,35.98,0.1471,0,12,35.98,35.98,35.98,0.1471,35.98
8.0,4,6,パンテレリア,58.0,伊藤工真,1:37.3,アタマ,48.7,8.0,[東] 林徹,2019105822,202405030310,青梅特別｜2024年6月8日 | 競馬データベース - netkeiba,2026-05-19T12:13:23.057747,牡,5,496.0,-6.0,0,0,2.8,2.33,40.98,0.2632,0,2,40.98,40.98,40.98,0.2632,40.98
9.0,7,12,ララエフォール,58.0,柴田大知,1:37.6,2,25.2,6.0,[東] 和田雄二,2019101121,202405030310,青梅特別｜2024年6月8日 | 競馬データベース - netkeiba,2026-05-19T12:13:23.057747,牡,5,496.0,8.0,0,0,2.0,2.0,39.02,0.3333,0,4,39.02,39.02,39.02,0.3333,39.02
10.0,2,2,ヤマニンバンタジオ,58.0,菊沢一樹,1:37.6,アタマ,178.0,14.0,[東] 田島俊明,2014100566,202405030310,青梅特別｜2024年6月8日 | 競馬データベース - netkeiba,2026-05-19T12:13:23.057747,セ,10,552.0,-6.0,0,0,8.4,9.33,36.68,0.1064,0,10,36.68,36.68,36.68,0.1064,36.68
11.0,8,15,リンクスルーファス,56.0,荻野極,1:37.6,ハナ,100.8,12.0,[東] 手塚貴久,2019105510,202405030310,青梅特別｜2024年6月8日 | 競馬データベース - netkeiba,2026-05-19T12:13:23.057747,牝,5,512.0,2.0,0,0,6.2,5.33,35.82,0.1389,0,6,35.82,35.82,35.82,0.1389,35.82
12.0,7,13,ナンヨーヴィヨレ,58.0,丸田恭介,1:37.7,クビ,67.4,11.0,[東] 宗像義忠,2018105748,202405030310,青梅特別｜2024年6月8日 | 競馬データベース - netkeiba,2026-05-19T12:13:23.057747,牡,6,480.0,16.0,0,0,5.4,6.0,41.0,0.1562,0,8,41.0,41.0,41.0,0.1562,41.0
13.0,6,11,カフェカルマ,58.0,内田博幸,1:38.1,2.1/2,147.1,13.0,[東] 古賀慎明,2019103309,202405030310,青梅特別｜2024年6月8日 | 競馬データベース - netkeiba,2026-05-19T12:13:23.057747,牡,5,540.0,-2.0,0,0,12.6,12.67,39.34,0.0735,0,12,39.34,39.34,39.34,0.0735,39.34
14.0,3,5,フィフティシェビー,58.0,石川裕紀,1:38.6,3,183.3,15.0,[東] 黒岩陽一,2019110074,202405030310,青梅特別｜2024年6月8日 | 競馬データベース - netkeiba,2026-05-19T12:13:23.057747,牡,5,512.0,0.0,0,0,9.4,10.33,36.02,0.0962,0,13,36.02,36.02,36.02,0.0962,36.02
15.0,8,14,ロンズデーライト,58.0,オシェア,1:39.1,3,34.0,7.0,[西] 高橋一哉,2018105129,202405030310,青梅特別｜2024年6月8日 | 競馬データベース - netkeiba,2026-05-19T12:13:23.057747,牡,6,510.0,-6.0,0,0,6.8,5.0,36.62,0.1282,0,7,36.62,36.62,36.62,0.1282,36.62
1.0,4,6,エリカヴァレリア,54.0,田辺裕信,2:25.3,,12.5,6.0,[東] 久保田貴,2018104558,202405030311,ジューンステークス｜2024年6月8日 | 競馬データベース - netkeiba,2026-05-19T12:14:08.442085,牝,6,472.0,-2.0,1,1,6.2,6.67,35.7,0.1389,0,14,35.7,35.7,35.7,0.1389,35.7
2.0,8,13,ハーツコンチェルト,58.0,菅原明良,2:25.4,1/2,2.8,2.0,[東] 武井亮,2020105681,202405030311,ジューンステークス｜2024年6月8日 | 競馬データベース - netkeiba,2026-05-19T12:14:08.442085,牡,4,502.0,0.0,0,1,3.5,4.0,33.72,0.2222,0,3,33.72,33.72,33.72,0.2222,33.72
3.0,5,8,サトノクローク,56.0,戸崎圭太,2:25.4,ハナ,8.0,3.0,[西] 橋口慎介,2020106667,202405030311,ジューンステークス｜2024年6月8日 | 競馬データベース - netkeiba,2026-05-19T12:14:08.442085,牡,4,474.0,-4.0,0,1,8.2,7.0,34.98,0.1087,0,2,34.98,34.98,34.98,0.1087,34.98
4.0,6,9,アームブランシュ,56.0,吉田豊,2:25.4,アタマ,10.5,5.0,[東] 竹内正洋,2020102925,202405030311,ジューンステークス｜2024年6月8日 | 競馬データベース - netkeiba,2026-05-19T12:14:08.442085,牡,4,466.0,-2.0,0,0,13.0,13.67,36.92,0.0714,0,13,36.92,36.92,36.92,0.0714,36.92
5.0,4,5,メインクーン,53.0,津村明秀,2:25.5,1/2,46.1,8.0,[東] 林徹,2020102762,202405030311,ジューンステークス｜2024年6月8日 | 競馬データベース - netkeiba,2026-05-19T12:14:08.442085,牝,4,438.0,4.0,0,0,10.6,12.0,34.98,0.0862,0,13,34.98,34.98,34.98,0.0862,34.98
6.0,1,1,オープンファイア,57.0,ルメール,2:25.5,クビ,2.8,1.0,[西] 斉藤崇史,2020103373,202405030311,ジューンステークス｜2024年6月8日 | 競馬データベース - netkeiba,2026-05-19T12:14:08.442085,牡,4,502.0,2.0,0,0,8.8,8.0,33.76,0.102,0,6,33.76,33.76,33.76,0.102,33.76
7.0,3,3,メイテソーロ,55.0,石橋脩,2:25.7,1,48.5,9.0,[東] 武市康男,2020101198,202405030311,ジューンステークス｜2024年6月8日 | 競馬データベース - netkeiba,2026-05-19T12:14:08.442085,牡,4,494.0,-4.0,0,0,9.6,7.67,39.16,0.0943,0,6,39.16,39.16,39.16,0.0943,39.16
8.0,5,7,ダノングロワール,55.0,北村宏司,2:25.7,クビ,69.2,11.0,[東] 国枝栄,2017105408,202405030311,ジューンステークス｜2024年6月8日 | 競馬データベース - netkeiba,2026-05-19T12:14:08.442085,牡,7,490.0,-6.0,0,0,6.4,7.0,34.67,0.1351,0,5,34.67,34.67,34.67,0.1351,34.67
9.0,8,14,シーウィザード,56.0,荻野極,2:25.8,1/2,9.1,4.0,[東] 鹿戸雄一,2020101695,202405030311,ジューンステークス｜2024年6月8日 | 競馬データベース - netkeiba,2026-05-19T12:14:08.442085,牡,4,494.0,10.0,0,0,7.8,8.0,35.36,0.1136,0,9,35.36,35.36,35.36,0.1136,35.36
10.0,3,4,マイネルカンパーナ,55.0,石川裕紀,2:25.8,クビ,52.1,10.0,[東] 青木孝文,2020105798,202405030311,ジューンステークス｜2024年6月8日 | 競馬データベース - netkeiba,2026-05-19T12:14:08.442085,牡,4,402.0,-6.0,0,0,6.2,6.33,35.26,0.1389,0,10,35.26,35.26,35.26,0.1389,35.26
11.0,7,12,スズカノロッソ,54.0,杉原誠人,2:26.1,1.3/4,240.1,14.0,[東] 小島茂之,2015102127,202405030311,ジューンステークス｜2024年6月8日 | 競馬データベース - netkeiba,2026-05-19T12:14:08.442085,セ,9,486.0,6.0,0,0,9.4,8.33,34.66,0.0962,0,11,34.66,34.66,34.66,0.0962,34.66
12.0,2,2,エイカイマッケンロ,56.0,オシェア,2:26.3,1,23.4,7.0,[西] 藤原英昭,2019104800,202405030311,ジューンステークス｜2024年6月8日 | 競馬データベース - netkeiba,2026-05-19T12:14:08.442085,牡,5,494.0,4.0,0,0,10.8,10.0,35.6,0.0847,0,15,35.6,35.6,35.6,0.0847,35.6
13.0,6,10,エクセレントタイム,55.0,木幡巧也,2:26.5,1.1/4,159.6,13.0,[東] 中川公成,2018105524,202405030311,ジューンステークス｜2024年6月8日 | 競馬データベース - netkeiba,2026-05-19T12:14:08.442085,セ,6,482.0,2.0,0,0,6.4,6.0,38.92,0.1351,0,9,38.92,38.92,38.92,0.1351,38.92
14.0,7,11,エメヴィベール,54.0,原優介,2:26.5,クビ,82.2,12.0,[西] 吉岡辰弥,2019104907,202405030311,ジューンステークス｜2024年6月8日 | 競馬データベース - netkeiba,2026-05-19T12:14:08.442085,牡,5,568.0,-8.0,0,0,7.6,4.33,39.36,0.1163,0,9,39.36,39.36,39.36,0.1163,39.36
1.0,8,15,アルジェンタージョ,53.0,戸崎圭太,1:24.4,,2.3,1.0,[東] 伊藤圭三,2021103706,202405030312,3歳以上1勝クラス｜2024年6月8日 | 競馬データベース - netkeiba,2026-05-19T12:14:50.144084,牝,3,462.0,4.0,1,1,4.6,4.33,36.48,0.1786,0,7,36.48,36.48,36.48,0.1786,36.48
2.0,4,7,マーゴットレーヴ,56.0,荻野極,1:24.5,3/4,46.9,9.0,[東] 伊坂重信,2020105813,202405030312,3歳以上1勝クラス｜2024年6月8日 | 競馬データベース - netkeiba,2026-05-19T12:14:50.144084,牝,4,460.0,-6.0,0,1,8.4,11.67,36.62,0.1064,0,9,36.62,36.62,36.62,0.1064,36.62
3.0,5,10,ユニヴェール,55.0,菅原明良,1:24.6,1/2,14.6,6.0,[東] 高木登,2021103044,202405030312,3歳以上1勝クラス｜2024年6月8日 | 競馬データベース - netkeiba,2026-05-19T12:14:50.144084,牡,3,470.0,2.0,0,1,3.0,2.33,39.12,0.25,0,2,39.12,39.12,39.12,0.25,39.12
4.0,6,11,ピコニ,55.0,木幡巧也,1:24.8,3/4,5.6,3.0,[東] 牧光二,2021101727,202405030312,3歳以上1勝クラス｜2024年6月8日 | 競馬データベース - netkeiba,2026-05-19T12:14:50.144084,牡,3,490.0,-6.0,0,0,0.0,0.0,0.0,0.0,0,0,0.0,0.0,0.0,0.0,0.0
5.0,7,14,キタノソワレ,53.0,オシェア,1:24.8,クビ,9.5,5.0,[東] 本間忍,2021106421,202405030312,3歳以上1勝クラス｜2024年6月8日 | 競馬データベース - netkeiba,2026-05-19T12:14:50.144084,牝,3,458.0,-4.0,0,0,4.6,4.33,35.68,0.1786,0,4,35.68,35.68,35.68,0.1786,35.68
6.0,8,16,カルネヴァーレ,53.0,菊沢一樹,1:25.0,1,18.8,7.0,[東] 菊沢隆徳,2021103720,202405030312,3歳以上1勝クラス｜2024年6月8日 | 競馬データベース - netkeiba,2026-05-19T12:14:50.144084,牝,3,506.0,-8.0,0,0,7.0,8.67,38.2,0.125,0,4,38.2,38.2,38.2,0.125,38.2
7.0,7,13,トルーマンテソーロ,58.0,柴田大知,1:25.0,クビ,8.1,4.0,[東] 小手川準,2019102082,202405030312,3歳以上1勝クラス｜2024年6月8日 | 競馬データベース - netkeiba,2026-05-19T12:14:50.144084,牡,5,532.0,0.0,0,0,9.0,10.0,37.88,0.1,0,14,37.88,37.88,37.88,0.1,37.88
8.0,6,12,オーロラアーク,55.0,原優介,1:25.4,2.1/2,27.2,8.0,[東] 石栗龍彦,2019102186,202405030312,3歳以上1勝クラス｜2024年6月8日 | 競馬データベース - netkeiba,2026-05-19T12:14:50.144084,牝,5,456.0,-2.0,0,0,11.0,13.0,37.6,0.0833,0,15,37.6,37.6,37.6,0.0833,37.6
9.0,3,5,ダイヤモンドビーチ,58.0,内田博幸,1:26.0,3.1/2,87.6,11.0,[東] 鈴木慎太,2020103956,202405030312,3歳以上1勝クラス｜2024年6月8日 | 競馬データベース - netkeiba,2026-05-19T12:14:50.144084,牡,4,460.0,2.0,0,0,4.6,5.0,38.5,0.1786,0,9,38.5,38.5,38.5,0.1786,38.5
10.0,3,6,フラムブランシュ,55.0,三浦皇成,1:26.0,クビ,81.0,10.0,[東] 稲垣幸雄,2021100929,202405030312,3歳以上1勝クラス｜2024年6月8日 | 競馬データベース - netkeiba,2026-05-19T12:14:50.144084,牡,3,484.0,-4.0,0,0,9.2,10.67,42.58,0.098,0,9,42.58,42.58,42.58,0.098,42.58
11.0,2,3,シャーンゴッセ,58.0,ルメール,1:26.3,1.3/4,4.8,2.0,[東] 蛯名正義,2020106930,202405030312,3歳以上1勝クラス｜2024年6月8日 | 競馬データベース - netkeiba,2026-05-19T12:14:50.144084,セ,4,492.0,0.0,0,0,4.2,5.0,37.08,0.1923,0,7,37.08,37.08,37.08,0.1923,37.08
12.0,1,1,キョウエイジョイ,56.0,杉原誠人,1:27.1,5,323.4,14.0,[東] 中川公成,2020104648,202405030312,3歳以上1勝クラス｜2024年6月8日 | 競馬データベース - netkeiba,2026-05-19T12:14:50.144084,牝,4,476.0,6.0,0,0,6.8,8.33,40.52,0.1282,0,11,40.52,40.52,40.52,0.1282,40.52
13.0,4,8,ゲラウィン,56.0,丸田恭介,1:27.1,クビ,189.6,13.0,[東] 池上昌和,2020103211,202405030312,3歳以上1勝クラス｜2024年6月8日 | 競馬データベース - netkeiba,2026-05-19T12:14:50.144084,牝,4,478.0,14.0,0,0,8.6,6.67,41.24,0.1042,0,8,41.24,41.24,41.24,0.1042,41.24
14.0,1,2,レッドリターン,56.0,石橋脩,1:27.2,クビ,391.0,15.0,[東] 萱野浩二,2020105855,202405030312,3歳以上1勝クラス｜2024年6月8日 | 競馬データベース - netkeiba,2026-05-19T12:14:50.144084,牝,4,456.0,0.0,0,0,9.4,12.0,39.24,0.0962,0,14,39.24,39.24,39.24,0.0962,39.24
15.0,2,4,モルフェブーケ,56.0,原田和真,1:27.6,2.1/2,492.6,16.0,[東] 本間忍,2020100351,202405030312,3歳以上1勝クラス｜2024年6月8日 | 競馬データベース - netkeiba,2026-05-19T12:14:50.144084,牝,4,442.0,6.0,0,0,5.4,6.0,39.3,0.1562,0,7,39.3,39.3,39.3,0.1562,39.3
16.0,5,9,ジュンフシナ,58.0,北村宏司,1:31.4,大,145.1,12.0,[東] 中舘英二,2020100343,202405030312,3歳以上1勝クラス｜2024年6月8日 | 競馬データベース - netkeiba,2026-05-19T12:14:50.144084,牡,4,478.0,-6.0,0,0,15.6,14.33,38.28,0.0602,0,11,38.28,38.28,38.28,0.0602,38.28
1.0,5,9,タガノエクレール,55.0,幸英明,1:54.5,,8.9,3.0,[西] 西園正都,2021106540,202408040301,3歳未勝利｜2024年6月8日 | 競馬データベース - netkeiba,2026-05-19T12:15:36.287425,牝,3,460.0,-2.0,1,1,7.2,6.0,38.6,0.122,0,4,38.6,38.6,38.6,0.122,38.6
2.0,2,3,ハイウェイスター,55.0,川田将雅,1:54.8,2,1.7,1.0,[西] 宮本博,2021106621,202408040301,3歳未勝利｜2024年6月8日 | 競馬データベース - netkeiba,2026-05-19T12:15:36.287425,牝,3,488.0,6.0,0,1,2.0,1.67,0.0,0.3333,0,2,0.0,0.0,0.0,0.3333,0.0
3.0,1,2,ナムラリーナ,55.0,和田竜二,1:55.5,4,17.1,7.0,[西] 川村禎彦,2021104304,202408040301,3歳未勝利｜2024年6月8日 | 競馬データベース - netkeiba,2026-05-19T12:15:36.287425,牝,3,488.0,0.0,0,1,4.2,5.0,40.02,0.1923,0,1,40.02,40.02,40.02,0.1923,40.02
4.0,4,7,ジューンナデシコ,55.0,団野大成,1:55.7,1.1/4,53.3,11.0,[西] 杉山佳明,2021100922,202408040301,3歳未勝利｜2024年6月8日 | 競馬データベース - netkeiba,2026-05-19T12:15:36.287425,牝,3,466.0,-4.0,0,0,5.0,5.67,40.6,0.1667,0,6,40.6,40.6,40.6,0.1667,40.6
5.0,1,1,ステラマリーナ,55.0,岩田康誠,1:55.9,1.1/4,10.2,4.0,[西] 上村洋行,2021107167,202408040301,3歳未勝利｜2024年6月8日 | 競馬データベース - netkeiba,2026-05-19T12:15:36.287425,牝,3,474.0,-8.0,0,0,4.8,5.0,40.66,0.1724,0,6,40.66,40.66,40.66,0.1724,40.66
6.0,6,12,レイナドラーダ,55.0,西村淳也,1:56.1,3/4,40.5,9.0,[西] 高野友和,2021104866,202408040301,3歳未勝利｜2024年6月8日 | 競馬データベース - netkeiba,2026-05-19T12:15:36.287425,牝,3,432.0,6.0,0,0,8.0,6.67,38.17,0.1111,0,7,38.17,38.17,38.17,0.1111,38.17
7.0,2,4,オーロヴェール,55.0,坂井瑠星,1:56.2,1/2,44.1,10.0,[西] 田中克典,2021103232,202408040301,3歳未勝利｜2024年6月8日 | 競馬データベース - netkeiba,2026-05-19T12:15:36.287425,牝,3,482.0,0.0,0,0,5.4,5.33,39.1,0.1562,0,4,39.1,39.1,39.1,0.1562,39.1
8.0,3,6,ブギーナイツ,55.0,松若風馬,1:56.6,2.1/2,14.9,5.0,[西] 鮫島一歩,2021103240,202408040301,3歳未勝利｜2024年6月8日 | 競馬データベース - netkeiba,2026-05-19T12:15:36.287425,牝,3,458.0,8.0,0,0,4.0,5.67,39.9,0.2,0,8,39.9,39.9,39.9,0.2,39.9
9.0,7,14,キタノレガーロ,55.0,国分優作,1:57.2,3.1/2,172.4,13.0,[西] 坂口智康,2021106455,202408040301,3歳未勝利｜2024年6月8日 | 競馬データベース - netkeiba,2026-05-19T12:15:36.287425,牝,3,450.0,0.0,0,0,8.0,9.0,40.06,0.1111,0,9,40.06,40.06,40.06,0.1111,40.06
10.0,8,16,キタサンバンビーナ,53.0,西塚洸二,1:57.5,1.1/2,331.0,15.0,[西] 梅田智之,2021103644,202408040301,3歳未勝利｜2024年6月8日 | 競馬データベース - netkeiba,2026-05-19T12:15:36.287425,牝,3,424.0,0.0,0,0,7.2,7.33,40.48,0.122,0,7,40.48,40.48,40.48,0.122,40.48
11.0,8,15,カプシーヌ,55.0,国分恭介,1:57.8,2,200.4,14.0,[西] 森田直行,2021102917,202408040301,3歳未勝利｜2024年6月8日 | 競馬データベース - netkeiba,2026-05-19T12:15:36.287425,牝,3,554.0,-4.0,0,0,11.4,9.67,38.42,0.0806,0,16,38.42,38.42,38.42,0.0806,38.42
12.0,4,8,ラヴベイ,54.0,田口貫太,1:57.9,3/4,5.9,2.0,[西] 四位洋文,2021106969,202408040301,3歳未勝利｜2024年6月8日 | 競馬データベース - netkeiba,2026-05-19T12:15:36.287425,牝,3,390.0,-8.0,0,0,5.6,4.67,40.7,0.1515,0,8,40.7,40.7,40.7,0.1515,40.7
13.0,3,5,ベレンガリア,55.0,Ｍ．デム,1:57.9,ハナ,16.6,6.0,[西] 平田修,2021104803,202408040301,3歳未勝利｜2024年6月8日 | 競馬データベース - netkeiba,2026-05-19T12:15:36.287425,牝,3,424.0,-2.0,0,0,9.4,10.67,39.06,0.0962,0,9,39.06,39.06,39.06,0.0962,39.06
14.0,7,13,タッケンウルル,52.0,吉村誠之,1:59.3,8,24.9,8.0,[西] 池江泰寿,2021104162,202408040301,3歳未勝利｜2024年6月8日 | 競馬データベース - netkeiba,2026-05-19T12:15:36.287425,牝,3,460.0,10.0,0,0,6.0,5.33,41.66,0.1429,0,3,41.66,41.66,41.66,0.1429,41.66
15.0,6,11,ダブルイプシロン,55.0,岩田望来,1:59.6,1.3/4,106.9,12.0,[西] 矢作芳人,2021105832,202408040301,3歳未勝利｜2024年6月8日 | 競馬データベース - netkeiba,2026-05-19T12:15:36.287425,牝,3,472.0,4.0,0,0,15.5,15.5,40.1,0.0606,0,15,40.1,40.1,40.1,0.0606,40.1
16.0,5,10,ペイシャグレイス,52.0,橋木太希,1:59.7,クビ,549.7,16.0,[西] 坂口智康,2021102308,202408040301,3歳未勝利｜2024年6月8日 | 競馬データベース - netkeiba,2026-05-19T12:15:36.287425,牝,3,442.0,10.0,0,0,8.6,8.33,42.14,0.1042,0,12,42.14,42.14,42.14,0.1042,42.14
1.0,8,15,セールヴォラン,57.0,幸英明,1:12.2,,23.7,6.0,[西] 北出成人,2021101057,202408040302,3歳未勝利｜2024年6月8日 | 競馬データベース - netkeiba,2026-05-19T12:16:27.361841,牡,3,442.0,-2.0,1,1,6.0,8.67,36.66,0.1429,0,8,36.66,36.66,36.66,0.1429,36.66
2.0,2,4,レーベンヘルツ,57.0,松山弘平,1:12.6,2.1/2,5.7,4.0,[西] 西園翔太,2021103528,202408040302,3歳未勝利｜2024年6月8日 | 競馬データベース - netkeiba,2026-05-19T12:16:27.361841,牡,3,452.0,0.0,0,1,7.4,7.0,38.58,0.119,0,6,38.58,38.58,38.58,0.119,38.58
3.0,6,12,マサレエトワール,52.0,吉村誠之,1:12.6,ハナ,4.9,3.0,[西] 安田翔伍,2021104834,202408040302,3歳未勝利｜2024年6月8日 | 競馬データベース - netkeiba,2026-05-19T12:16:27.361841,牝,3,490.0,28.0,0,1,6.6,9.33,36.88,0.1316,0,13,36.88,36.88,36.88,0.1316,36.88
4.0,7,14,ダンデライオン,54.0,角田大和,1:13.1,3,51.6,10.0,[西] 佐々木晶,2021106631,202408040302,3歳未勝利｜2024年6月8日 | 競馬データベース - netkeiba,2026-05-19T12:16:27.361841,牝,3,486.0,22.0,0,0,1.0,1.0,39.64,0.5,0,1,39.64,39.64,39.64,0.5,39.64
5.0,4,8,メイショウオオコ,57.0,団野大成,1:13.4,2,4.3,2.0,[西] 荒川義之,2021102572,202408040302,3歳未勝利｜2024年6月8日 | 競馬データベース - netkeiba,2026-05-19T12:16:27.361841,牡,3,462.0,-8.0,0,0,6.2,5.67,37.32,0.1389,0,5,37.32,37.32,37.32,0.1389,37.32
6.0,6,11,デュアル,57.0,岩田望来,1:13.5,クビ,3.2,1.0,[西] 野中賢二,2021104063,202408040302,3歳未勝利｜2024年6月8日 | 競馬データベース - netkeiba,2026-05-19T12:16:27.361841,牡,3,486.0,-2.0,0,0,5.8,7.33,40.44,0.1471,0,8,40.44,40.44,40.44,0.1471,40.44
7.0,8,16,アーニャワクワク,52.0,橋木太希,1:13.5,クビ,174.8,15.0,[西] 藤沢則雄,2021101048,202408040302,3歳未勝利｜2024年6月8日 | 競馬データベース - netkeiba,2026-05-19T12:16:27.361841,牝,3,432.0,4.0,0,0,6.2,8.33,36.12,0.1389,0,10,36.12,36.12,36.12,0.1389,36.12
8.0,5,9,コンスピリート,55.0,西塚洸二,1:14.0,3,32.3,8.0,[西] 清水久詞,2021106705,202408040302,3歳未勝利｜2024年6月8日 | 競馬データベース - netkeiba,2026-05-19T12:16:27.361841,牡,3,506.0,-14.0,0,0,7.6,9.33,41.36,0.1163,0,8,41.36,41.36,41.36,0.1163,41.36
9.0,4,7,クレスコウェイ,57.0,中井裕二,1:14.1,3/4,375.3,16.0,[西] 羽月友彦,2021102077,202408040302,3歳未勝利｜2024年6月8日 | 競馬データベース - netkeiba,2026-05-19T12:16:27.361841,牡,3,500.0,0.0,0,0,4.8,5.0,40.66,0.1724,0,5,40.66,40.66,40.66,0.1724,40.66
10.0,2,3,プルーフリーダー,57.0,松若風馬,1:14.3,1,25.6,7.0,[西] 藤野健太,2021104437,202408040302,3歳未勝利｜2024年6月8日 | 競馬データベース - netkeiba,2026-05-19T12:16:27.361841,牡,3,466.0,-4.0,0,0,6.6,6.33,41.04,0.1316,0,13,41.04,41.04,41.04,0.1316,41.04
11.0,3,6,ピエナクレスコ,57.0,和田翼,1:14.5,1.1/4,146.0,14.0,[西] 谷潔,2021101153,202408040302,3歳未勝利｜2024年6月8日 | 競馬データベース - netkeiba,2026-05-19T12:16:27.361841,牡,3,466.0,2.0,0,0,5.6,4.33,39.46,0.1515,0,1,39.46,39.46,39.46,0.1515,39.46
12.0,1,1,フォージドブリック,57.0,長岡禎仁,1:14.6,クビ,86.0,12.0,[西] 森田直行,2021104800,202408040302,3歳未勝利｜2024年6月8日 | 競馬データベース - netkeiba,2026-05-19T12:16:27.361841,牡,3,538.0,-2.0,0,0,3.0,2.33,0.0,0.25,0,3,0.0,0.0,0.0,0.25,0.0
13.0,3,5,ピコリーナ,55.0,Ｍ．デム,1:14.8,1.1/4,113.7,13.0,[西] 杉山佳明,2021103521,202408040302,3歳未勝利｜2024年6月8日 | 競馬データベース - netkeiba,2026-05-19T12:16:27.361841,牝,3,492.0,-8.0,0,0,9.6,9.33,42.02,0.0943,0,9,42.02,42.02,42.02,0.0943,42.02
14.0,5,10,ルージュチルル,53.0,永島まな,1:14.8,クビ,61.2,11.0,[西] 音無秀孝,2021103801,202408040302,3歳未勝利｜2024年6月8日 | 競馬データベース - netkeiba,2026-05-19T12:16:27.361841,牝,3,386.0,-4.0,0,0,13.25,12.67,37.35,0.0702,0,12,37.35,37.35,37.35,0.0702,37.35
15.0,1,2,クリノビックマロン,56.0,田口貫太,1:15.4,3.1/2,37.4,9.0,[西] 高橋義忠,2021103827,202408040302,3歳未勝利｜2024年6月8日 | 競馬データベース - netkeiba,2026-05-19T12:16:27.361841,牡,3,464.0,-10.0,0,0,9.4,10.33,40.58,0.0962,0,10,40.58,40.58,40.58,0.0962,40.58
16.0,7,13,シアーエレガンス,55.0,西村淳也,1:15.9,3,7.9,5.0,[西] 長谷川浩,2021105165,202408040302,3歳未勝利｜2024年6月8日 | 競馬データベース - netkeiba,2026-05-19T12:16:27.361841,牝,3,458.0,-6.0,0,0,7.4,8.0,41.36,0.119,0,11,41.36,41.36,41.36,0.119,41.36
1.0,4,8,メイショウマドロス,57.0,坂井瑠星,1:52.6,,2.3,1.0,[西] 石橋守,2021102835,202408040303,3歳未勝利｜2024年6月8日 | 競馬データベース - netkeiba,2026-05-19T12:17:28.125296,牡,3,482.0,0.0,1,1,3.67,3.67,36.6,0.2141,0,1,36.6,36.6,36.6,0.2141,36.6
2.0,3,6,トーレ,57.0,太宰啓介,1:54.5,大,84.1,14.0,[西] 高橋亮,2021103161,202408040303,3歳未勝利｜2024年6月8日 | 競馬データベース - netkeiba,2026-05-19T12:17:28.125296,牡,3,474.0,4.0,0,1,13.8,14.33,39.38,0.0676,0,12,39.38,39.38,39.38,0.0676,39.38
3.0,1,1,ライスベリー,57.0,松若風馬,1:54.8,1.3/4,9.0,4.0,[西] 吉田直弘,2021101565,202408040303,3歳未勝利｜2024年6月8日 | 競馬データベース - netkeiba,2026-05-19T12:17:28.125296,牡,3,466.0,-8.0,0,1,5.0,5.33,38.82,0.1667,0,6,38.82,38.82,38.82,0.1667,38.82
4.0,7,14,トゥラッタッタ,56.0,小沢大仁,1:55.0,1,7.7,3.0,[西] 石坂公一,2021102973,202408040303,3歳未勝利｜2024年6月8日 | 競馬データベース - netkeiba,2026-05-19T12:17:28.125296,牡,3,458.0,0.0,0,0,5.6,3.67,0.0,0.1515,0,4,0.0,0.0,0.0,0.1515,0.0
5.0,5,9,パワーマックィーン,57.0,酒井学,1:55.0,ハナ,19.2,7.0,[西] 大橋勇樹,2021101585,202408040303,3歳未勝利｜2024年6月8日 | 競馬データベース - netkeiba,2026-05-19T12:17:28.125296,牡,3,460.0,2.0,0,0,4.0,5.33,39.56,0.2,0,11,39.56,39.56,39.56,0.2,39.56
6.0,6,12,ハイグッドワールド,57.0,幸英明,1:55.0,アタマ,3.9,2.0,[西] 谷潔,2021104474,202408040303,3歳未勝利｜2024年6月8日 | 競馬データベース - netkeiba,2026-05-19T12:17:28.125296,牡,3,498.0,2.0,0,0,5.8,5.67,37.5,0.1471,0,5,37.5,37.5,37.5,0.1471,37.5
7.0,2,4,スティルザワン,55.0,西塚洸二,1:55.6,3.1/2,42.4,9.0,[西] 野中賢二,2021100193,202408040303,3歳未勝利｜2024年6月8日 | 競馬データベース - netkeiba,2026-05-19T12:17:28.125296,牡,3,440.0,-2.0,0,0,4.8,5.33,39.14,0.1724,0,6,39.14,39.14,39.14,0.1724,39.14
8.0,3,5,タマモジャケット,56.0,角田大和,1:55.7,3/4,39.8,8.0,[西] 角田晃一,2021106420,202408040303,3歳未勝利｜2024年6月8日 | 競馬データベース - netkeiba,2026-05-19T12:17:28.125296,牡,3,468.0,-6.0,0,0,5.8,6.33,41.3,0.1471,0,9,41.3,41.3,41.3,0.1471,41.3
9.0,7,13,モッドフレイム,57.0,国分優作,1:56.0,2,46.8,11.0,[西] 矢作芳人,2021104960,202408040303,3歳未勝利｜2024年6月8日 | 競馬データベース - netkeiba,2026-05-19T12:17:28.125296,牡,3,512.0,0.0,0,0,5.6,5.33,39.84,0.1515,0,14,39.84,39.84,39.84,0.1515,39.84
10.0,6,11,タイセイブロウ,56.0,田口貫太,1:56.1,1/2,73.7,13.0,[西] 平田修,2021104101,202408040303,3歳未勝利｜2024年6月8日 | 競馬データベース - netkeiba,2026-05-19T12:17:28.125296,牡,3,516.0,0.0,0,0,5.6,5.33,36.94,0.1515,0,6,36.94,36.94,36.94,0.1515,36.94
11.0,8,16,マサハヤヴォス,54.0,吉村誠之,1:56.1,ハナ,44.2,10.0,[西] 今野貞一,2021105047,202408040303,3歳未勝利｜2024年6月8日 | 競馬データベース - netkeiba,2026-05-19T12:17:28.125296,牡,3,448.0,6.0,0,0,10.8,12.67,36.36,0.0847,0,12,36.36,36.36,36.36,0.0847,36.36
12.0,5,10,オメガナビゲーター,57.0,岩田望来,1:56.9,5,12.5,5.0,[西] 安田翔伍,2021105247,202408040303,3歳未勝利｜2024年6月8日 | 競馬データベース - netkeiba,2026-05-19T12:17:28.125296,セ,3,492.0,2.0,0,0,5.0,3.67,35.06,0.1667,0,7,35.06,35.06,35.06,0.1667,35.06
13.0,8,15,オーケーサンダー,57.0,団野大成,1:57.4,3,16.3,6.0,[西] 杉山佳明,2021100981,202408040303,3歳未勝利｜2024年6月8日 | 競馬データベース - netkeiba,2026-05-19T12:17:28.125296,牡,3,458.0,-2.0,0,0,5.2,8.0,41.16,0.1613,0,10,41.16,41.16,41.16,0.1613,41.16
14.0,2,3,ドリームライク,57.0,加藤祥太,1:58.6,7,68.7,12.0,[西] 羽月友彦,2021100928,202408040303,3歳未勝利｜2024年6月8日 | 競馬データベース - netkeiba,2026-05-19T12:17:28.125296,牡,3,460.0,0.0,0,0,1.5,2.0,39.85,0.4,0,1,39.85,39.85,39.85,0.4,39.85
15.0,4,7,ハートオブロック,57.0,西村淳也,1:59.6,6,112.5,15.0,[西] 矢作芳人,2021104518,202408040303,3歳未勝利｜2024年6月8日 | 競馬データベース - netkeiba,2026-05-19T12:17:28.125296,牡,3,548.0,24.0,0,0,9.0,7.5,45.03,0.1,0,7,45.03,45.03,45.03,0.1,45.03
16.0,1,2,ケニルワース,57.0,長岡禎仁,2:02.6,大,273.6,16.0,[西] 今野貞一,2021109093,202408040303,3歳未勝利｜2024年6月8日 | 競馬データベース - netkeiba,2026-05-19T12:17:28.125296,セ,3,510.0,0.0,0,0,1.4,1.33,39.48,0.4167,0,1,39.48,39.48,39.48,0.4167,39.48
1.0,6,11,ドランクマン,57.0,坂井瑠星,1:08.7,,3.0,1.0,[西] 新谷功一,2021102164,202408040304,3歳未勝利｜2024年6月8日 | 競馬データベース - netkeiba,2026-05-19T12:18:14.489726,牡,3,452.0,2.0,1,1,0.0,0.0,0.0,0.0,0,0,0.0,0.0,0.0,0.0,0.0
2.0,7,15,シャドフ,55.0,Ｍ．デム,1:08.8,1/2,6.6,4.0,[西] 庄野靖志,2021105563,202408040304,3歳未勝利｜2024年6月8日 | 競馬データベース - netkeiba,2026-05-19T12:18:14.489726,牝,3,452.0,2.0,0,1,9.6,13.0,36.72,0.0943,0,9,36.72,36.72,36.72,0.0943,36.72
3.0,7,14,キルケロッソ,54.0,秋山稔樹,1:08.9,1/2,54.2,11.0,[西] 村山明,2021106019,202408040304,3歳未勝利｜2024年6月8日 | 競馬データベース - netkeiba,2026-05-19T12:18:14.489726,牝,3,446.0,4.0,0,1,7.0,10.33,39.64,0.125,0,11,39.64,39.64,39.64,0.125,39.64
4.0,8,16,スピークイージー,53.0,河原田菜,1:08.9,クビ,32.8,9.0,[西] 本田優,2021102592,202408040304,3歳未勝利｜2024年6月8日 | 競馬データベース - netkeiba,2026-05-19T12:18:14.489726,牡,3,494.0,24.0,0,0,4.0,6.0,36.53,0.2,0,1,36.53,36.53,36.53,0.2,36.53
5.0,4,7,リーサムギニー,57.0,松山弘平,1:09.0,クビ,19.5,7.0,[西] 矢作芳人,2021110081,202408040304,3歳未勝利｜2024年6月8日 | 競馬データベース - netkeiba,2026-05-19T12:18:14.489726,牡,3,490.0,-8.0,0,0,9.4,11.33,36.8,0.0962,0,9,36.8,36.8,36.8,0.0962,36.8
6.0,1,2,エクストラドライ,57.0,岩田望来,1:09.0,クビ,6.0,3.0,[西] 藤岡健一,2021104835,202408040304,3歳未勝利｜2024年6月8日 | 競馬データベース - netkeiba,2026-05-19T12:18:14.489726,牡,3,472.0,-4.0,0,0,3.2,2.67,40.5,0.2381,0,1,40.5,40.5,40.5,0.2381,40.5
7.0,2,3,ラグリマスマリア,55.0,幸英明,1:09.2,1,22.9,8.0,[西] 森田直行,2021107243,202408040304,3歳未勝利｜2024年6月8日 | 競馬データベース - netkeiba,2026-05-19T12:18:14.489726,牝,3,452.0,8.0,0,0,7.0,8.33,40.28,0.125,0,11,40.28,40.28,40.28,0.125,40.28
8.0,5,10,チェリアーナ,57.0,和田竜二,1:09.2,クビ,52.9,10.0,[西] 中竹和也,2021106613,202408040304,3歳未勝利｜2024年6月8日 | 競馬データベース - netkeiba,2026-05-19T12:18:14.489726,牡,3,518.0,-6.0,0,0,6.2,8.67,40.86,0.1389,0,9,40.86,40.86,40.86,0.1389,40.86
9.0,5,9,マーメイド,54.0,田口貫太,1:09.2,ハナ,14.9,6.0,[西] 寺島良,2021101474,202408040304,3歳未勝利｜2024年6月8日 | 競馬データベース - netkeiba,2026-05-19T12:18:14.489726,牝,3,444.0,-2.0,0,0,8.0,8.0,39.12,0.1111,0,4,39.12,39.12,39.12,0.1111,39.12
10.0,1,1,プルミエプランタン,57.0,松若風馬,1:09.2,ハナ,8.5,5.0,[西] 音無秀孝,2021105217,202408040304,3歳未勝利｜2024年6月8日 | 競馬データベース - netkeiba,2026-05-19T12:18:14.489726,牡,3,484.0,-8.0,0,0,10.0,12.67,35.1,0.0909,0,15,35.1,35.1,35.1,0.0909,35.1
11.0,3,6,リプレット,54.0,小沢大仁,1:09.3,クビ,69.7,14.0,[西] 飯田祐史,2021105046,202408040304,3歳未勝利｜2024年6月8日 | 競馬データベース - netkeiba,2026-05-19T12:18:14.489726,牝,3,408.0,10.0,0,0,9.2,9.0,40.44,0.098,0,11,40.44,40.44,40.44,0.098,40.44
12.0,8,17,エガオニナッテ,53.0,永島まな,1:09.5,1,5.1,2.0,[西] 高橋康之,2021101601,202408040304,3歳未勝利｜2024年6月8日 | 競馬データベース - netkeiba,2026-05-19T12:18:14.489726,牝,3,436.0,2.0,0,0,10.8,9.0,39.2,0.0847,0,9,39.2,39.2,39.2,0.0847,39.2
13.0,6,12,カフジレニウム,55.0,国分恭介,1:09.7,1.1/4,498.5,18.0,[西] 森田直行,2021105826,202408040304,3歳未勝利｜2024年6月8日 | 競馬データベース - netkeiba,2026-05-19T12:18:14.489726,牝,3,400.0,-5.0,0,0,10.0,10.67,44.86,0.0909,0,12,44.86,44.86,44.86,0.0909,44.86
14.0,8,18,ホーギー,54.0,吉村誠之,1:09.7,クビ,55.4,12.0,[西] 吉村圭司,2021102909,202408040304,3歳未勝利｜2024年6月8日 | 競馬データベース - netkeiba,2026-05-19T12:18:14.489726,牡,3,472.0,-6.0,0,0,7.6,6.67,42.06,0.1163,0,6,42.06,42.06,42.06,0.1163,42.06
15.0,2,4,ダイメイコスズ,57.0,藤懸貴志,1:09.7,クビ,193.9,15.0,[西] 森田直行,2021106718,202408040304,3歳未勝利｜2024年6月8日 | 競馬データベース - netkeiba,2026-05-19T12:18:14.489726,牡,3,458.0,-8.0,0,0,8.4,9.33,39.56,0.1064,0,11,39.56,39.56,39.56,0.1064,39.56
16.0,7,13,ムーンセット,53.0,西塚洸二,1:10.2,3,224.4,16.0,[西] 小栗実,2021104396,202408040304,3歳未勝利｜2024年6月8日 | 競馬データベース - netkeiba,2026-05-19T12:18:14.489726,牝,3,442.0,8.0,0,0,5.6,4.67,40.32,0.1515,0,7,40.32,40.32,40.32,0.1515,40.32
17.0,4,8,クリノローレライ,54.0,角田大和,1:10.8,3.1/2,406.3,17.0,[西] 長谷川浩,2021101126,202408040304,3歳未勝利｜2024年6月8日 | 競馬データベース - netkeiba,2026-05-19T12:18:14.489726,牝,3,434.0,4.0,0,0,13.8,15.0,37.24,0.0676,0,11,37.24,37.24,37.24,0.0676,37.24
18.0,3,5,ロードトワイライト,57.0,西村淳也,1:11.0,3/4,56.1,13.0,[西] 牧浦充徳,2021100147,202408040304,3歳未勝利｜2024年6月8日 | 競馬データベース - netkeiba,2026-05-19T12:18:14.489726,牡,3,490.0,0.0,0,0,7.0,8.0,44.92,0.125,0,9,44.92,44.92,44.92,0.125,44.92
1.0,6,7,サニーサルサ,53.0,永島まな,1:34.1,,29.0,7.0,[西] 高橋康之,2022105407,202408040305,2歳新馬｜2024年6月8日 | 競馬データベース - netkeiba,2026-05-19T12:19:06.673069,牝,2,468.0,0.0,1,1,9.5,10.0,36.28,0.0952,0,4,36.28,36.28,36.28,0.0952,36.28
2.0,5,5,ジャルディニエ,55.0,坂井瑠星,1:34.2,クビ,10.7,6.0,[西] 奥村豊,2022105031,202408040305,2歳新馬｜2024年6月8日 | 競馬データベース - netkeiba,2026-05-19T12:19:06.673069,牝,2,448.0,0.0,0,1,6.6,7.33,35.08,0.1316,0,8,35.08,35.08,35.08,0.1316,35.08
3.0,8,11,バダジェフスカ,55.0,和田竜二,1:34.3,3/4,64.8,9.0,[西] 新谷功一,2022106590,202408040305,2歳新馬｜2024年6月8日 | 競馬データベース - netkeiba,2026-05-19T12:19:06.673069,牝,2,466.0,0.0,0,1,3.4,4.67,38.86,0.2273,0,12,38.86,38.86,38.86,0.2273,38.86
4.0,6,8,ゼンダンハヤブサ,55.0,団野大成,1:34.4,1/2,7.2,4.0,[西] 佐々木晶,2022106306,202408040305,2歳新馬｜2024年6月8日 | 競馬データベース - netkeiba,2026-05-19T12:19:06.673069,牡,2,444.0,0.0,0,0,5.4,3.67,34.3,0.1562,0,5,34.3,34.3,34.3,0.1562,34.3
5.0,5,6,スカイブルー,55.0,西村淳也,1:35.7,8,3.4,2.0,[西] 杉山晴紀,2022100136,202408040305,2歳新馬｜2024年6月8日 | 競馬データベース - netkeiba,2026-05-19T12:19:06.673069,牡,2,502.0,0.0,0,0,9.6,10.0,37.3,0.0943,0,13,37.3,37.3,37.3,0.0943,37.3
6.0,4,4,マーウォルス,55.0,幸英明,1:36.1,2.1/2,40.4,8.0,[西] 茶木太樹,2022102394,202408040305,2歳新馬｜2024年6月8日 | 競馬データベース - netkeiba,2026-05-19T12:19:06.673069,牡,2,468.0,0.0,0,0,5.2,4.0,37.58,0.1613,0,6,37.58,37.58,37.58,0.1613,37.58
7.0,3,3,ゴルティス,54.0,田口貫太,1:36.1,アタマ,66.5,10.0,[西] 藤野健太,2022107239,202408040305,2歳新馬｜2024年6月8日 | 競馬データベース - netkeiba,2026-05-19T12:19:06.673069,牝,2,446.0,0.0,0,0,2.4,2.33,40.44,0.2941,0,4,40.44,40.44,40.44,0.2941,40.44
8.0,1,1,ダノンフェルゼン,55.0,川田将雅,1:36.3,3/4,2.9,1.0,[西] 音無秀孝,2022104892,202408040305,2歳新馬｜2024年6月8日 | 競馬データベース - netkeiba,2026-05-19T12:19:06.673069,牡,2,480.0,0.0,0,0,5.2,7.33,39.32,0.1613,0,6,39.32,39.32,39.32,0.1613,39.32
9.0,2,2,ロザリアン,55.0,酒井学,1:36.3,アタマ,122.8,11.0,[西] 谷潔,2022103148,202408040305,2歳新馬｜2024年6月8日 | 競馬データベース - netkeiba,2026-05-19T12:19:06.673069,牝,2,454.0,0.0,0,0,8.4,7.67,39.88,0.1064,0,6,39.88,39.88,39.88,0.1064,39.88
10.0,8,12,ベルビースタローン,55.0,岩田望来,1:36.3,クビ,8.1,5.0,[西] 西村真幸,2022106389,202408040305,2歳新馬｜2024年6月8日 | 競馬データベース - netkeiba,2026-05-19T12:19:06.673069,牝,2,490.0,0.0,0,0,4.2,4.33,35.36,0.1923,0,1,35.36,35.36,35.36,0.1923,35.36
11.0,7,9,スマートエクシード,53.0,西塚洸二,1:36.6,1.3/4,199.0,12.0,[西] 村山明,2022103945,202408040305,2歳新馬｜2024年6月8日 | 競馬データベース - netkeiba,2026-05-19T12:19:06.673069,牡,2,472.0,0.0,0,0,4.0,3.0,40.56,0.2,0,2,40.56,40.56,40.56,0.2,40.56
12.0,7,10,カルドウェル,55.0,松山弘平,1:36.8,1.1/4,6.2,3.0,[西] 中村直也,2022105503,202408040305,2歳新馬｜2024年6月8日 | 競馬データベース - netkeiba,2026-05-19T12:19:06.673069,牝,2,466.0,0.0,0,0,6.6,1.33,39.64,0.1316,0,1,39.64,39.64,39.64,0.1316,39.64
1.0,7,14,シャイニングソード,57.0,川田将雅,2:24.5,,1.9,1.0,[西] 中内田充,2021110077,202408040306,3歳未勝利｜2024年6月8日 | 競馬データベース - netkeiba,2026-05-19T12:19:39.514220,牡,3,514.0,4.0,1,1,3.8,5.0,34.06,0.2083,0,2,34.06,34.06,34.06,0.2083,34.06
2.0,7,13,テイクザクラウン,57.0,Ｍ．デム,2:24.7,1.1/4,4.3,2.0,[西] 吉村圭司,2021102379,202408040306,3歳未勝利｜2024年6月8日 | 競馬データベース - netkeiba,2026-05-19T12:19:39.514220,牡,3,438.0,-2.0,0,1,6.0,3.33,35.1,0.1429,0,2,35.1,35.1,35.1,0.1429,35.1
3.0,3,6,アラナコア,56.0,小沢大仁,2:25.0,1.3/4,32.3,7.0,[西] 田中克典,2021103002,202408040306,3歳未勝利｜2024年6月8日 | 競馬データベース - netkeiba,2026-05-19T12:19:39.514220,牡,3,498.0,-6.0,0,1,4.0,4.0,37.48,0.2,0,7,37.48,37.48,37.48,0.2,37.48
4.0,6,12,ジャスティンダイス,57.0,松山弘平,2:25.5,3.1/2,5.4,3.0,[西] 吉岡辰弥,2021102622,202408040306,3歳未勝利｜2024年6月8日 | 競馬データベース - netkeiba,2026-05-19T12:19:39.514220,牡,3,506.0,4.0,0,0,2.25,2.33,35.35,0.3077,0,1,35.35,35.35,35.35,0.3077,35.35
5.0,4,8,サンブノワ,57.0,岩田望来,2:25.6,3/4,24.2,5.0,[西] 斉藤崇史,2021105546,202408040306,3歳未勝利｜2024年6月8日 | 競馬データベース - netkeiba,2026-05-19T12:19:39.514220,牡,3,508.0,0.0,0,0,7.4,9.67,39.76,0.119,0,8,39.76,39.76,39.76,0.119,39.76
6.0,5,9,マテンロウマルス,57.0,太宰啓介,2:26.0,2,433.1,18.0,[西] 昆貢,2021106974,202408040306,3歳未勝利｜2024年6月8日 | 競馬データベース - netkeiba,2026-05-19T12:19:39.514220,牡,3,502.0,0.0,0,0,10.0,10.33,36.66,0.0909,0,10,36.66,36.66,36.66,0.0909,36.66
7.0,1,1,ヘザルフェン,57.0,横山典弘,2:26.2,1,10.6,4.0,[西] 昆貢,2021110022,202408040306,3歳未勝利｜2024年6月8日 | 競馬データベース - netkeiba,2026-05-19T12:19:39.514220,牡,3,486.0,-6.0,0,0,3.6,4.67,0.0,0.2174,0,7,0.0,0.0,0.0,0.2174,0.0
8.0,2,3,ショウナンダダン,54.0,吉村誠之,2:26.5,2,40.3,9.0,[西] 清水久詞,2021104241,202408040306,3歳未勝利｜2024年6月8日 | 競馬データベース - netkeiba,2026-05-19T12:19:39.514220,牡,3,488.0,4.0,0,0,5.6,7.0,39.58,0.1515,0,4,39.58,39.58,39.58,0.1515,39.58
9.0,5,10,インジケーター,55.0,西塚洸二,2:26.6,1/2,429.3,17.0,[西] 高橋康之,2021103574,202408040306,3歳未勝利｜2024年6月8日 | 競馬データベース - netkeiba,2026-05-19T12:19:39.514220,牡,3,496.0,4.0,0,0,7.2,7.33,39.42,0.122,0,1,39.42,39.42,39.42,0.122,39.42
10.0,1,2,サウンドヴェール,54.0,田口貫太,2:26.6,クビ,200.3,15.0,[西] 安達昭夫,2021101013,202408040306,3歳未勝利｜2024年6月8日 | 競馬データベース - netkeiba,2026-05-19T12:19:39.514220,牝,3,478.0,2.0,0,0,9.6,9.67,35.08,0.0943,0,9,35.08,35.08,35.08,0.0943,35.08
11.0,7,15,メイショウカイコン,57.0,団野大成,2:26.6,ハナ,31.4,6.0,[西] 千田輝彦,2021103156,202408040306,3歳未勝利｜2024年6月8日 | 競馬データベース - netkeiba,2026-05-19T12:19:39.514220,牡,3,512.0,16.0,0,0,2.0,1.33,38.46,0.3333,0,1,38.46,38.46,38.46,0.3333,38.46
12.0,8,16,アスタラビスタ,55.0,永島まな,2:26.7,クビ,135.7,14.0,[西] 新谷功一,2021106678,202408040306,3歳未勝利｜2024年6月8日 | 競馬データベース - netkeiba,2026-05-19T12:19:39.514220,牡,3,448.0,0.0,0,0,0.0,0.0,0.0,0.0,0,0,0.0,0.0,0.0,0.0,0.0
13.0,3,5,ペプチドシュジャク,57.0,坂井瑠星,2:26.8,1,55.3,10.0,[西] 武英智,2021102733,202408040306,3歳未勝利｜2024年6月8日 | 競馬データベース - netkeiba,2026-05-19T12:19:39.514220,牡,3,420.0,-4.0,0,0,7.0,7.33,41.34,0.125,0,9,41.34,41.34,41.34,0.125,41.34
14.0,8,18,プルーヴンウィナー,55.0,藤懸貴志,2:26.9,クビ,201.7,16.0,[西] 矢作芳人,2021104780,202408040306,3歳未勝利｜2024年6月8日 | 競馬データベース - netkeiba,2026-05-19T12:19:39.514220,牝,3,492.0,-2.0,0,0,8.0,6.33,39.32,0.1111,0,3,39.32,39.32,39.32,0.1111,39.32
15.0,4,7,メイショウガイフウ,56.0,角田大和,2:27.1,1.1/2,112.9,13.0,[西] 角田晃一,2021106247,202408040306,3歳未勝利｜2024年6月8日 | 競馬データベース - netkeiba,2026-05-19T12:19:39.514220,牡,3,440.0,4.0,0,0,6.8,7.67,40.08,0.1282,0,8,40.08,40.08,40.08,0.1282,40.08
16.0,6,11,セーラス,55.0,国分優作,2:27.1,ハナ,84.6,11.0,[西] 河嶋宏樹,2021106657,202408040306,3歳未勝利｜2024年6月8日 | 競馬データベース - netkeiba,2026-05-19T12:19:39.514220,牝,3,442.0,-2.0,0,0,8.4,8.33,35.82,0.1064,0,6,35.82,35.82,35.82,0.1064,35.82
17.0,2,4,シングルハーテッド,55.0,幸英明,2:28.2,7,88.3,12.0,[西] 吉岡辰弥,2021105572,202408040306,3歳未勝利｜2024年6月8日 | 競馬データベース - netkeiba,2026-05-19T12:19:39.514220,牝,3,424.0,0.0,0,0,8.6,7.0,37.0,0.1042,0,14,37.0,37.0,37.0,0.1042,37.0
18.0,8,17,ダノンウィルヘルム,57.0,西村淳也,2:28.9,4,35.7,8.0,[西] 池江泰寿,2021105719,202408040306,3歳未勝利｜2024年6月8日 | 競馬データベース - netkeiba,2026-05-19T12:19:39.514220,牡,3,486.0,0.0,0,0,1.8,1.33,39.08,0.3571,0,1,39.08,39.08,39.08,0.3571,39.08
1.0,1,1,クリノフィガロ,55.0,団野大成,1:58.7,,17.8,6.0,[西] 荒川義之,2021101226,202408040307,3歳以上1勝クラス｜2024年6月8日 | 競馬データベース - netkeiba,2026-05-19T12:20:33.261077,牡,3,490.0,-6.0,1,1,7.0,9.0,37.12,0.125,0,8,37.12,37.12,37.12,0.125,37.12
2.0,5,9,アンバードール,55.0,岩田望来,1:58.7,アタマ,2.6,1.0,[西] 吉岡辰弥,2021104448,202408040307,3歳以上1勝クラス｜2024年6月8日 | 競馬データベース - netkeiba,2026-05-19T12:20:33.261077,牡,3,508.0,2.0,0,1,4.6,4.33,37.48,0.1786,0,5,37.48,37.48,37.48,0.1786,37.48
3.0,4,8,ヒロノラメール,55.0,和田竜二,1:59.3,3.1/2,3.5,2.0,[西] 川村禎彦,2021104131,202408040307,3歳以上1勝クラス｜2024年6月8日 | 競馬データベース - netkeiba,2026-05-19T12:20:33.261077,牡,3,474.0,-2.0,0,1,7.4,9.0,36.54,0.119,0,8,36.54,36.54,36.54,0.119,36.54
4.0,3,6,ジョータルマエ,58.0,鮫島良太,1:59.7,2,24.4,7.0,[西] 河嶋宏樹,2020100771,202408040307,3歳以上1勝クラス｜2024年6月8日 | 競馬データベース - netkeiba,2026-05-19T12:20:33.261077,セ,4,484.0,-2.0,0,0,5.6,3.33,38.12,0.1515,0,3,38.12,38.12,38.12,0.1515,38.12
5.0,5,10,マサハヤウォルズ,58.0,松若風馬,2:00.3,3.1/2,13.3,5.0,[西] 今野貞一,2020103045,202408040307,3歳以上1勝クラス｜2024年6月8日 | 競馬データベース - netkeiba,2026-05-19T12:20:33.261077,牡,4,474.0,10.0,0,0,8.75,9.67,41.3,0.1026,0,11,41.3,41.3,41.3,0.1026,41.3
6.0,6,12,メイショウカシワデ,54.0,角田大和,2:00.6,2,6.1,3.0,[西] 角田晃一,2021103154,202408040307,3歳以上1勝クラス｜2024年6月8日 | 競馬データベース - netkeiba,2026-05-19T12:20:33.261077,牡,3,448.0,-8.0,0,0,2.6,2.67,37.66,0.2778,0,1,37.66,37.66,37.66,0.2778,37.66
7.0,8,15,タマモマスラオ,58.0,国分恭介,2:00.9,1.3/4,345.7,16.0,[西] 緒方努,2020103994,202408040307,3歳以上1勝クラス｜2024年6月8日 | 競馬データベース - netkeiba,2026-05-19T12:20:33.261077,牡,4,492.0,-6.0,0,0,8.2,9.33,40.46,0.1087,0,9,40.46,40.46,40.46,0.1087,40.46
8.0,4,7,チェリーロシアン,58.0,藤懸貴志,2:01.1,1.1/4,157.9,14.0,[東] 小西一男,2020100859,202408040307,3歳以上1勝クラス｜2024年6月8日 | 競馬データベース - netkeiba,2026-05-19T12:20:33.261077,牡,4,526.0,2.0,0,0,3.2,3.0,39.76,0.2381,0,3,39.76,39.76,39.76,0.2381,39.76
9.0,2,3,ニホンピロゴルディ,55.0,幸英明,2:01.2,3/4,43.1,10.0,[西] 安達昭夫,2021103845,202408040307,3歳以上1勝クラス｜2024年6月8日 | 競馬データベース - netkeiba,2026-05-19T12:20:33.261077,牡,3,454.0,-6.0,0,0,4.2,3.33,35.06,0.1923,0,2,35.06,35.06,35.06,0.1923,35.06
10.0,7,14,ペロ,55.0,西村淳也,2:01.3,クビ,34.6,9.0,[西] 橋口慎介,2021103283,202408040307,3歳以上1勝クラス｜2024年6月8日 | 競馬データベース - netkeiba,2026-05-19T12:20:33.261077,牡,3,496.0,2.0,0,0,6.2,7.67,37.3,0.1389,0,14,37.3,37.3,37.3,0.1389,37.3
11.0,1,2,ヒロピアーナ,58.0,中井裕二,2:01.4,1/2,227.2,15.0,[西] 川村禎彦,2020105914,202408040307,3歳以上1勝クラス｜2024年6月8日 | 競馬データベース - netkeiba,2026-05-19T12:20:33.261077,牡,4,534.0,0.0,0,0,11.0,13.0,37.97,0.0833,0,13,37.97,37.97,37.97,0.0833,37.97
12.0,6,11,カールスタード,55.0,松山弘平,2:01.6,1.1/4,7.2,4.0,[西] 吉岡辰弥,2021105554,202408040307,3歳以上1勝クラス｜2024年6月8日 | 競馬データベース - netkeiba,2026-05-19T12:20:33.261077,牡,3,490.0,0.0,0,0,9.0,9.33,37.37,0.1,0,6,37.37,37.37,37.37,0.1,37.37
13.0,8,16,イエスウィズキャン,57.0,小沢大仁,2:01.7,3/4,34.4,8.0,[西] 羽月友彦,2020100472,202408040307,3歳以上1勝クラス｜2024年6月8日 | 競馬データベース - netkeiba,2026-05-19T12:20:33.261077,牡,4,540.0,4.0,0,0,1.8,1.67,38.68,0.3571,0,3,38.68,38.68,38.68,0.3571,38.68
14.0,3,5,ロードマグマ,56.0,西塚洸二,2:01.8,クビ,91.9,12.0,[西] 小椋研介,2019101012,202408040307,3歳以上1勝クラス｜2024年6月8日 | 競馬データベース - netkeiba,2026-05-19T12:20:33.261077,牡,5,480.0,4.0,0,0,7.6,12.0,39.22,0.1163,0,9,39.22,39.22,39.22,0.1163,39.22
15.0,2,4,ストラクチャー,52.0,吉村誠之,2:01.9,1/2,107.3,13.0,[西] 浜田多実,2021101216,202408040307,3歳以上1勝クラス｜2024年6月8日 | 競馬データベース - netkeiba,2026-05-19T12:20:33.261077,セ,3,428.0,-14.0,0,0,5.6,4.67,0.0,0.1515,0,6,0.0,0.0,0.0,0.1515,0.0
16.0,7,13,ウインアラジン,57.0,田口貫太,2:02.1,1.1/4,85.4,11.0,[西] 高橋一哉,2019106069,202408040307,3歳以上1勝クラス｜2024年6月8日 | 競馬データベース - netkeiba,2026-05-19T12:20:33.261077,牡,5,500.0,-6.0,0,0,8.4,7.0,38.4,0.1064,0,6,38.4,38.4,38.4,0.1064,38.4
1.0,8,9,テンカジョウ,53.0,国分優作,1:52.5,,2.0,1.0,[西] 岡田稲男,2021102729,202408040308,3歳以上2勝クラス｜2024年6月8日 | 競馬データベース - netkeiba,2026-05-19T12:21:21.475533,牝,3,486.0,12.0,1,1,3.8,3.33,38.5,0.2083,0,2,38.5,38.5,38.5,0.2083,38.5
2.0,7,8,テーオールビー,52.0,秋山稔樹,1:52.9,2.1/2,4.0,2.0,[西] 宮徹,2021109027,202408040308,3歳以上2勝クラス｜2024年6月8日 | 競馬データベース - netkeiba,2026-05-19T12:21:21.475533,牝,3,452.0,8.0,0,1,6.6,9.0,37.78,0.1316,0,11,37.78,37.78,37.78,0.1316,37.78
3.0,7,7,ウインメイフラワー,56.0,松山弘平,1:52.9,クビ,37.4,8.0,[西] 梅田智之,2019101930,202408040308,3歳以上2勝クラス｜2024年6月8日 | 競馬データベース - netkeiba,2026-05-19T12:21:21.475533,牝,5,488.0,-2.0,0,1,10.4,10.0,38.0,0.0877,0,7,38.0,38.0,38.0,0.0877,38.0
4.0,5,5,メイショウホマレ,55.0,小沢大仁,1:53.1,1.1/2,29.5,7.0,[西] 木原一良,2019103401,202408040308,3歳以上2勝クラス｜2024年6月8日 | 競馬データベース - netkeiba,2026-05-19T12:21:21.475533,牝,5,450.0,-6.0,0,0,2.6,2.33,37.38,0.2778,0,2,37.38,37.38,37.38,0.2778,37.38
5.0,8,10,ランスオブサターン,54.0,永島まな,1:53.6,3,26.4,6.0,[西] 本田優,2020104772,202408040308,3歳以上2勝クラス｜2024年6月8日 | 競馬データベース - netkeiba,2026-05-19T12:21:21.475533,牝,4,448.0,4.0,0,0,10.8,10.33,36.9,0.0847,0,7,36.9,36.9,36.9,0.0847,36.9
6.0,4,4,エールミネルヴァ,56.0,和田竜二,1:53.7,クビ,104.2,9.0,[西] 橋口慎介,2020102680,202408040308,3歳以上2勝クラス｜2024年6月8日 | 競馬データベース - netkeiba,2026-05-19T12:21:21.475533,牝,4,470.0,-4.0,0,0,3.2,2.67,40.5,0.2381,0,3,40.5,40.5,40.5,0.2381,40.5
7.0,1,1,スタティスティクス,56.0,西村淳也,1:53.9,1.1/2,14.0,5.0,[西] 石坂公一,2019104825,202408040308,3歳以上2勝クラス｜2024年6月8日 | 競馬データベース - netkeiba,2026-05-19T12:21:21.475533,牝,5,452.0,2.0,0,0,8.0,9.67,37.3,0.1111,0,15,37.3,37.3,37.3,0.1111,37.3
8.0,3,3,クリノニキータ,52.0,河原田菜,1:54.1,1.1/2,312.4,10.0,[西] 大根田裕,2017102145,202408040308,3歳以上2勝クラス｜2024年6月8日 | 競馬データベース - netkeiba,2026-05-19T12:21:21.475533,牝,7,488.0,6.0,0,0,8.6,9.33,39.48,0.1042,0,9,39.48,39.48,39.48,0.1042,39.48
9.0,2,2,プレッジ,56.0,岩田望来,1:54.2,1/2,6.4,4.0,[西] 中内田充,2020104472,202408040308,3歳以上2勝クラス｜2024年6月8日 | 競馬データベース - netkeiba,2026-05-19T12:21:21.475533,牝,4,476.0,2.0,0,0,6.0,9.0,38.84,0.1429,0,12,38.84,38.84,38.84,0.1429,38.84
,6,6,アウロス,56.0,Ｍ．デム,,,5.7,3.0,[西] 上村洋行,2020106306,202408040308,3歳以上2勝クラス｜2024年6月8日 | 競馬データベース - netkeiba,2026-05-19T12:21:21.475533,牝,4,468.0,-8.0,0,0,10.75,13.0,38.97,0.0851,0,14,38.97,38.97,38.97,0.0851,38.97
1.0,8,9,メルトユアハート,53.0,川田将雅,1:59.5,,1.4,1.0,[西] 長谷川浩,2021100143,202408040309,一乗寺特別｜2024年6月8日 | 競馬データベース - netkeiba,2026-05-19T12:21:50.390772,牝,3,494.0,-4.0,1,1,9.8,9.67,34.88,0.0926,0,9,34.88,34.88,34.88,0.0926,34.88
2.0,1,1,トラストエムシー,58.0,幸英明,1:59.6,1/2,47.0,7.0,[西] 北出成人,2020103502,202408040309,一乗寺特別｜2024年6月8日 | 競馬データベース - netkeiba,2026-05-19T12:21:50.390772,牡,4,436.0,-4.0,0,1,9.2,8.33,37.55,0.098,0,7,37.55,37.55,37.55,0.098,37.55
3.0,5,5,カズキ,58.0,松若風馬,1:59.6,クビ,84.0,8.0,[西] 梅田智之,2020102340,202408040309,一乗寺特別｜2024年6月8日 | 競馬データベース - netkeiba,2026-05-19T12:21:50.390772,牡,4,438.0,0.0,0,1,6.8,6.33,34.82,0.1282,0,6,34.82,34.82,34.82,0.1282,34.82
4.0,2,2,ルクスマーベリック,55.0,横山典弘,1:59.7,1/2,5.3,2.0,[西] 松永幹夫,2021104105,202408040309,一乗寺特別｜2024年6月8日 | 競馬データベース - netkeiba,2026-05-19T12:21:50.390772,牡,3,444.0,-4.0,0,0,10.2,10.0,37.36,0.0893,0,13,37.36,37.36,37.36,0.0893,37.36
5.0,4,4,ラウダブル,55.0,西村淳也,1:59.9,1,12.0,4.0,[西] 池江泰寿,2021104752,202408040309,一乗寺特別｜2024年6月8日 | 競馬データベース - netkeiba,2026-05-19T12:21:50.390772,牡,3,512.0,2.0,0,0,7.8,7.67,37.27,0.1136,0,4,37.27,37.27,37.27,0.1136,37.27
6.0,3,3,ホルトバージ,55.0,岩田望来,2:00.1,1.1/4,23.9,6.0,[西] 寺島良,2021102905,202408040309,一乗寺特別｜2024年6月8日 | 競馬データベース - netkeiba,2026-05-19T12:21:50.390772,牡,3,470.0,2.0,0,0,9.2,9.33,37.62,0.098,0,8,37.62,37.62,37.62,0.098,37.62
7.0,7,7,ゴールドブレス,55.0,団野大成,2:00.1,アタマ,6.0,3.0,[西] 西園翔太,2021100081,202408040309,一乗寺特別｜2024年6月8日 | 競馬データベース - netkeiba,2026-05-19T12:21:50.390772,牡,3,434.0,4.0,0,0,5.2,7.33,34.32,0.1613,0,8,34.32,34.32,34.32,0.1613,34.32
8.0,6,6,ラブカ,55.0,小沢大仁,2:00.1,アタマ,17.5,5.0,[西] 今野貞一,2021101003,202408040309,一乗寺特別｜2024年6月8日 | 競馬データベース - netkeiba,2026-05-19T12:21:50.390772,牡,3,452.0,8.0,0,0,7.4,7.67,36.74,0.119,0,2,36.74,36.74,36.74,0.119,36.74
9.0,8,8,ピエナオルフェ,55.0,田中健,2:00.7,3.1/2,105.1,9.0,[西] 荒川義之,2021101155,202408040309,一乗寺特別｜2024年6月8日 | 競馬データベース - netkeiba,2026-05-19T12:21:50.390772,牡,3,444.0,-8.0,0,0,15.2,14.67,35.54,0.0617,0,14,35.54,35.54,35.54,0.0617,35.54
1.0,4,4,テイエムリステット,55.0,酒井学,1:24.3,,1.5,1.0,[西] 木原一良,2021103725,202408040310,長浜特別｜2024年6月8日 | 競馬データベース - netkeiba,2026-05-19T12:22:14.039087,牡,3,468.0,-4.0,1,1,11.4,10.0,35.6,0.0806,0,15,35.6,35.6,35.6,0.0806,35.6
2.0,1,1,カッティングジェム,58.0,川田将雅,1:24.5,1.1/4,9.0,4.0,[西] 小崎憲,2020104091,202408040310,長浜特別｜2024年6月8日 | 競馬データベース - netkeiba,2026-05-19T12:22:14.039087,牡,4,510.0,4.0,0,1,5.4,7.67,37.72,0.1562,0,6,37.72,37.72,37.72,0.1562,37.72
3.0,8,11,フラムリンガム,55.0,団野大成,1:24.7,1,11.2,5.0,[西] 田中克典,2021104910,202408040310,長浜特別｜2024年6月8日 | 競馬データベース - netkeiba,2026-05-19T12:22:14.039087,牡,3,484.0,-8.0,0,1,11.8,10.33,38.2,0.0781,0,11,38.2,38.2,38.2,0.0781,38.2
4.0,6,7,プレシオーソ,58.0,田口貫太,1:25.0,2,172.8,10.0,[西] 岡田稲男,2017104092,202408040310,長浜特別｜2024年6月8日 | 競馬データベース - netkeiba,2026-05-19T12:22:14.039087,セ,7,480.0,-2.0,0,0,3.75,5.0,40.38,0.2105,0,9,40.38,40.38,40.38,0.2105,40.38
5.0,7,8,シゲルソロソロ,56.0,幸英明,1:25.1,クビ,6.2,2.0,[西] 谷潔,2020110100,202408040310,長浜特別｜2024年6月8日 | 競馬データベース - netkeiba,2026-05-19T12:22:14.039087,牝,4,472.0,0.0,0,0,9.8,9.0,36.72,0.0926,0,13,36.72,36.72,36.72,0.0926,36.72
6.0,8,10,サザーランド,56.0,藤懸貴志,1:25.4,2,51.4,7.0,[西] 小林真也,2020101575,202408040310,長浜特別｜2024年6月8日 | 競馬データベース - netkeiba,2026-05-19T12:22:14.039087,牝,4,460.0,8.0,0,0,8.6,11.33,38.06,0.1042,0,12,38.06,38.06,38.06,0.1042,38.06
7.0,5,5,ケイアイメビウス,58.0,岩田望来,1:25.8,2.1/2,120.2,9.0,[西] 村山明,2019100323,202408040310,長浜特別｜2024年6月8日 | 競馬データベース - netkeiba,2026-05-19T12:22:14.039087,牡,5,510.0,-10.0,0,0,7.25,8.5,39.9,0.1212,0,4,39.9,39.9,39.9,0.1212,39.9
8.0,2,2,ベレザニーニャ,56.0,松若風馬,1:26.0,1.1/2,248.2,11.0,[西] 小崎憲,2020106746,202408040310,長浜特別｜2024年6月8日 | 競馬データベース - netkeiba,2026-05-19T12:22:14.039087,牝,4,480.0,6.0,0,0,9.4,10.0,36.34,0.0962,0,11,36.34,36.34,36.34,0.0962,36.34
9.0,3,3,エアメテオラ,58.0,松山弘平,1:26.5,3,14.5,6.0,[西] 池添学,2020110118,202408040310,長浜特別｜2024年6月8日 | 競馬データベース - netkeiba,2026-05-19T12:22:14.039087,牡,4,508.0,-8.0,0,0,8.8,11.33,37.28,0.102,0,9,37.28,37.28,37.28,0.102,37.28
10.0,6,6,ハクサンバード,58.0,鮫島良太,1:27.0,3,100.1,8.0,[西] 高橋一哉,2020100792,202408040310,長浜特別｜2024年6月8日 | 競馬データベース - netkeiba,2026-05-19T12:22:14.039087,牡,4,490.0,10.0,0,0,0.0,0.0,0.0,0.0,0,0,0.0,0.0,0.0,0.0,0.0
11.0,7,9,ラヴオントップ,53.0,坂井瑠星,1:28.5,9,6.9,3.0,[西] 西村真幸,2021104399,202408040310,長浜特別｜2024年6月8日 | 競馬データベース - netkeiba,2026-05-19T12:22:14.039087,牝,3,478.0,-4.0,0,0,6.8,5.67,36.64,0.1282,0,11,36.64,36.64,36.64,0.1282,36.64
1.0,7,7,ジュンブロッサム,58.0,川田将雅,1:31.5,,1.8,1.0,[西] 友道康夫,2019105118,202408040311,水無月ステークス｜2024年6月8日 | 競馬データベース - netkeiba,2026-05-19T12:22:48.307445,牡,5,476.0,-2.0,1,1,8.4,9.0,33.76,0.1064,0,9,33.76,33.76,33.76,0.1064,33.76
2.0,4,4,ウインスノーライト,58.0,Ｍ．デム,1:32.0,3,12.9,5.0,[西] 杉山晴紀,2020105198,202408040311,水無月ステークス｜2024年6月8日 | 競馬データベース - netkeiba,2026-05-19T12:22:48.307445,牡,4,490.0,4.0,0,1,12.0,12.33,33.66,0.0769,0,14,33.66,33.66,33.66,0.0769,33.66
3.0,1,1,アイスグリーン,58.0,松山弘平,1:32.0,クビ,4.8,2.0,[西] 池添学,2020103354,202408040311,水無月ステークス｜2024年6月8日 | 競馬データベース - netkeiba,2026-05-19T12:22:48.307445,牡,4,478.0,-4.0,0,1,5.0,5.67,35.78,0.1667,0,7,35.78,35.78,35.78,0.1667,35.78
4.0,8,10,テンノメッセージ,56.0,坂井瑠星,1:32.1,1/2,5.7,3.0,[西] 高柳大輔,2020103471,202408040311,水無月ステークス｜2024年6月8日 | 競馬データベース - netkeiba,2026-05-19T12:22:48.307445,牝,4,474.0,4.0,0,0,6.6,9.33,34.22,0.1316,0,14,34.22,34.22,34.22,0.1316,34.22
5.0,2,2,リッケンバッカー,58.0,川須栄彦,1:32.3,3/4,7.3,4.0,[西] 西村真幸,2018103590,202408040311,水無月ステークス｜2024年6月8日 | 競馬データベース - netkeiba,2026-05-19T12:22:48.307445,牡,6,484.0,-2.0,0,0,10.0,8.0,33.82,0.0909,0,10,33.82,33.82,33.82,0.0909,33.82
6.0,6,6,エアミアーニ,58.0,西村淳也,1:32.3,クビ,24.3,6.0,[西] 笹田和秀,2018106663,202408040311,水無月ステークス｜2024年6月8日 | 競馬データベース - netkeiba,2026-05-19T12:22:48.307445,セ,6,446.0,-4.0,0,0,9.4,10.0,34.32,0.0962,0,10,34.32,34.32,34.32,0.0962,34.32
7.0,5,5,タイゲン,58.0,和田竜二,1:32.4,クビ,27.4,7.0,[西] 平田修,2019105413,202408040311,水無月ステークス｜2024年6月8日 | 競馬データベース - netkeiba,2026-05-19T12:22:48.307445,牡,5,480.0,0.0,0,0,10.0,11.67,36.2,0.0909,0,14,36.2,36.2,36.2,0.0909,36.2
8.0,7,8,ヴィアルークス,58.0,西塚洸二,1:32.7,2,95.3,9.0,[西] 藤原英昭,2018106815,202408040311,水無月ステークス｜2024年6月8日 | 競馬データベース - netkeiba,2026-05-19T12:22:48.307445,牡,6,502.0,0.0,0,0,6.8,7.67,34.7,0.1282,0,11,34.7,34.7,34.7,0.1282,34.7
9.0,3,3,インヒズアイズ,56.0,岩田望来,1:33.2,3,29.6,8.0,[西] 矢作芳人,2020110147,202408040311,水無月ステークス｜2024年6月8日 | 競馬データベース - netkeiba,2026-05-19T12:22:48.307445,牝,4,478.0,-2.0,0,0,5.8,8.0,41.44,0.1471,0,11,41.44,41.44,41.44,0.1471,41.44
10.0,8,9,ハギノメーテル,56.0,藤懸貴志,1:33.4,1.1/4,246.5,10.0,[西] 寺島良,2019100653,202408040311,水無月ステークス｜2024年6月8日 | 競馬データベース - netkeiba,2026-05-19T12:22:48.307445,牝,5,490.0,0.0,0,0,11.6,11.67,35.68,0.0794,0,14,35.68,35.68,35.68,0.0794,35.68
1.0,4,8,カズゴルティス,55.0,和田竜二,1:24.3,,2.5,1.0,[西] 杉山晴紀,2021105608,202408040312,3歳以上1勝クラス｜2024年6月8日 | 競馬データベース - netkeiba,2026-05-19T12:23:15.601215,牡,3,504.0,2.0,1,1,7.8,10.33,36.34,0.1136,0,8,36.34,36.34,36.34,0.1136,36.34
2.0,1,2,ジャーヴィス,58.0,松山弘平,1:24.8,3,11.8,5.0,[西] 千田輝彦,2020103902,202408040312,3歳以上1勝クラス｜2024年6月8日 | 競馬データベース - netkeiba,2026-05-19T12:23:15.601215,牡,4,478.0,-2.0,0,1,9.6,7.67,35.86,0.0943,0,7,35.86,35.86,35.86,0.0943,35.86
3.0,8,16,フェリーニ,55.0,川田将雅,1:25.0,1.1/4,3.6,2.0,[西] 橋口慎介,2021105862,202408040312,3歳以上1勝クラス｜2024年6月8日 | 競馬データベース - netkeiba,2026-05-19T12:23:15.601215,牡,3,504.0,4.0,0,1,10.4,11.0,35.76,0.0877,0,7,35.76,35.76,35.76,0.0877,35.76
4.0,4,7,クリノキングマン,55.0,酒井学,1:25.5,3,42.9,10.0,[西] 高橋康之,2021101431,202408040312,3歳以上1勝クラス｜2024年6月8日 | 競馬データベース - netkeiba,2026-05-19T12:23:15.601215,牡,3,488.0,-6.0,0,0,9.6,9.0,38.8,0.0943,0,15,38.8,38.8,38.8,0.0943,38.8
5.0,3,5,ナチュラルリバー,56.0,永島まな,1:25.5,クビ,47.9,11.0,[西] 武英智,2020102559,202408040312,3歳以上1勝クラス｜2024年6月8日 | 競馬データベース - netkeiba,2026-05-19T12:23:15.601215,牡,4,470.0,-2.0,0,0,8.8,7.67,38.5,0.102,0,11,38.5,38.5,38.5,0.102,38.5
6.0,5,9,タガノヒナタ,52.0,小沢大仁,1:25.6,クビ,69.2,14.0,[西] 石橋守,2021106542,202408040312,3歳以上1勝クラス｜2024年6月8日 | 競馬データベース - netkeiba,2026-05-19T12:23:15.601215,牝,3,504.0,0.0,0,0,5.6,4.33,38.4,0.1515,0,5,38.4,38.4,38.4,0.1515,38.4
7.0,7,14,テーオードラッカー,52.0,吉村誠之,1:25.7,3/4,6.4,3.0,[西] 高柳大輔,2021102244,202408040312,3歳以上1勝クラス｜2024年6月8日 | 競馬データベース - netkeiba,2026-05-19T12:23:15.601215,牡,3,520.0,4.0,0,0,8.6,8.0,39.92,0.1042,0,10,39.92,39.92,39.92,0.1042,39.92
8.0,7,13,オコタンペ,55.0,坂井瑠星,1:25.9,1.1/4,7.8,4.0,[西] 須貝尚介,2021105849,202408040312,3歳以上1勝クラス｜2024年6月8日 | 競馬データベース - netkeiba,2026-05-19T12:23:15.601215,牡,3,494.0,2.0,0,0,8.0,7.67,36.6,0.1111,0,9,36.6,36.6,36.6,0.1111,36.6
9.0,2,3,ドライグ,58.0,国分優作,1:26.1,1,56.2,13.0,[西] 大根田裕,2020101652,202408040312,3歳以上1勝クラス｜2024年6月8日 | 競馬データベース - netkeiba,2026-05-19T12:23:15.601215,牡,4,462.0,-4.0,0,0,8.2,6.33,37.08,0.1087,0,1,37.08,37.08,37.08,0.1087,37.08
10.0,5,10,スターザサンライズ,54.0,西塚洸二,1:26.1,アタマ,42.6,9.0,[西] 小椋研介,2019101624,202408040312,3歳以上1勝クラス｜2024年6月8日 | 競馬データベース - netkeiba,2026-05-19T12:23:15.601215,牝,5,456.0,4.0,0,0,6.8,7.0,36.02,0.1282,0,9,36.02,36.02,36.02,0.1282,36.02
11.0,3,6,ウインバリオス,58.0,Ｍ．デム,1:26.2,1/2,26.1,6.0,[西] 吉田直弘,2019100195,202408040312,3歳以上1勝クラス｜2024年6月8日 | 競馬データベース - netkeiba,2026-05-19T12:23:15.601215,牡,5,474.0,-2.0,0,0,7.6,6.67,38.82,0.1163,0,6,38.82,38.82,38.82,0.1163,38.82
12.0,1,1,ストームバンガード,55.0,水口優也,1:26.2,ハナ,36.2,8.0,[西] 岡田稲男,2021103819,202408040312,3歳以上1勝クラス｜2024年6月8日 | 競馬データベース - netkeiba,2026-05-19T12:23:15.601215,牡,3,482.0,-8.0,0,0,10.4,9.0,38.33,0.0877,0,2,38.33,38.33,38.33,0.0877,38.33
13.0,6,11,レヴィアタン,58.0,加藤祥太,1:26.3,3/4,319.5,15.0,[西] 梅田智之,2020100619,202408040312,3歳以上1勝クラス｜2024年6月8日 | 競馬データベース - netkeiba,2026-05-19T12:23:15.601215,牡,4,490.0,0.0,0,0,7.6,7.67,40.16,0.1163,0,8,40.16,40.16,40.16,0.1163,40.16
14.0,2,4,ヴォルスター,55.0,幸英明,1:27.0,4,34.4,7.0,[西] 清水久詞,2021100677,202408040312,3歳以上1勝クラス｜2024年6月8日 | 競馬データベース - netkeiba,2026-05-19T12:23:15.601215,牡,3,430.0,2.0,0,0,10.0,11.0,40.23,0.0909,0,12,40.23,40.23,40.23,0.0909,40.23
15.0,6,12,ベンダバール,55.0,川須栄彦,1:27.0,ハナ,54.0,12.0,[西] 牧浦充徳,2021101077,202408040312,3歳以上1勝クラス｜2024年6月8日 | 競馬データベース - netkeiba,2026-05-19T12:23:15.601215,牡,3,462.0,4.0,0,0,4.4,2.67,36.18,0.1852,0,5,36.18,36.18,36.18,0.1852,36.18
,8,15,メイショウミシガン,55.0,岩田望来,,,,,[西] 鮫島一歩,2021105328,202408040312,3歳以上1勝クラス｜2024年6月8日 | 競馬データベース - netkeiba,2026-05-19T12:23:15.601215,牡,3,,,0,0,6.8,9.33,37.06,0.1282,0,14,37.06,37.06,37.06,0.1282,37.06
1.0,4,8,ベアゴーゴー,55.0,大野拓弥,1:08.4,,1.8,1.0,[東] 杉浦宏昭,2021105872,202402010201,3歳未勝利｜2024年6月9日 | 競馬データベース - netkeiba,2026-05-19T12:24:04.463774,牝,3,476.0,10.0,1,1,2.75,3.5,34.65,0.2667,0,2,34.65,34.65,34.65,0.2667,34.65
2.0,3,6,ニシノシャミナード,54.0,永野猛蔵,1:08.8,2.1/2,6.2,2.0,[東] 嘉藤貴行,2021102686,202402010201,3歳未勝利｜2024年6月9日 | 競馬データベース - netkeiba,2026-05-19T12:24:04.463774,牝,3,424.0,16.0,0,1,10.4,9.67,41.78,0.0877,0,12,41.78,41.78,41.78,0.0877,41.78
3.0,2,4,グランテレーズ,55.0,斎藤新,1:09.0,1.1/2,10.2,4.0,[西] 渡辺薫彦,2021102401,202402010201,3歳未勝利｜2024年6月9日 | 競馬データベース - netkeiba,2026-05-19T12:24:04.463774,牝,3,436.0,2.0,0,1,5.0,5.67,34.64,0.1667,0,2,34.64,34.64,34.64,0.1667,34.64
4.0,7,14,ノイヤー,54.0,角田大河,1:09.2,3/4,16.8,6.0,[西] 高橋亮,2021101064,202402010201,3歳未勝利｜2024年6月9日 | 競馬データベース - netkeiba,2026-05-19T12:24:04.463774,牝,3,454.0,-2.0,0,0,5.8,2.0,39.28,0.1471,0,1,39.28,39.28,39.28,0.1471,39.28
5.0,5,9,セジールレーヴ,55.0,坂井瑠星,1:09.3,3/4,18.8,7.0,[西] 友道康夫,2021101136,202402010201,3歳未勝利｜2024年6月9日 | 競馬データベース - netkeiba,2026-05-19T12:24:04.463774,牝,3,464.0,14.0,0,0,4.4,4.67,37.9,0.1852,0,4,37.9,37.9,37.9,0.1852,37.9
6.0,8,16,オレンジサファイア,55.0,菱田裕二,1:09.5,1.1/2,56.2,11.0,[西] 岡田稲男,2021104989,202402010201,3歳未勝利｜2024年6月9日 | 競馬データベース - netkeiba,2026-05-19T12:24:04.463774,牝,3,462.0,-4.0,0,0,7.2,7.67,35.34,0.122,0,10,35.34,35.34,35.34,0.122,35.34
7.0,6,12,フィローシャ,54.0,小林勝太,1:09.6,クビ,59.3,12.0,[東] 菊川正達,2021106050,202402010201,3歳未勝利｜2024年6月9日 | 競馬データベース - netkeiba,2026-05-19T12:24:04.463774,牡,3,464.0,-6.0,0,0,8.4,7.67,40.4,0.1064,0,9,40.4,40.4,40.4,0.1064,40.4
8.0,2,3,カフジニホニウム,53.0,古川奈穂,1:09.7,1/2,12.8,5.0,[西] 矢作芳人,2021110098,202402010201,3歳未勝利｜2024年6月9日 | 競馬データベース - netkeiba,2026-05-19T12:24:04.463774,牡,3,480.0,2.0,0,0,3.6,3.67,36.94,0.2174,0,1,36.94,36.94,36.94,0.2174,36.94
9.0,1,2,メイショウマゴイチ,57.0,武豊,1:09.7,アタマ,7.5,3.0,[西] 武幸四郎,2021100747,202402010201,3歳未勝利｜2024年6月9日 | 競馬データベース - netkeiba,2026-05-19T12:24:04.463774,牡,3,476.0,4.0,0,0,2.8,2.0,40.78,0.2632,0,1,40.78,40.78,40.78,0.2632,40.78
10.0,6,11,ライズガール,55.0,池添謙一,1:09.7,クビ,51.0,10.0,[東] 牧光二,2021102675,202402010201,3歳未勝利｜2024年6月9日 | 競馬データベース - netkeiba,2026-05-19T12:24:04.463774,牝,3,444.0,2.0,0,0,8.0,8.33,38.35,0.1111,0,10,38.35,38.35,38.35,0.1111,38.35
11.0,1,1,カントゥータ,55.0,鮫島克駿,1:10.1,2.1/2,50.3,9.0,[西] 茶木太樹,2021104933,202402010201,3歳未勝利｜2024年6月9日 | 競馬データベース - netkeiba,2026-05-19T12:24:04.463774,牝,3,444.0,-6.0,0,0,6.8,6.67,41.46,0.1282,0,6,41.46,41.46,41.46,0.1282,41.46
12.0,3,5,シナモンデイジー,55.0,富田暁,1:10.3,1.1/2,329.8,15.0,[東] 菊川正達,2021103025,202402010201,3歳未勝利｜2024年6月9日 | 競馬データベース - netkeiba,2026-05-19T12:24:04.463774,牝,3,462.0,-4.0,0,0,3.5,2.5,37.98,0.2222,0,2,37.98,37.98,37.98,0.2222,37.98
13.0,7,13,ズーキャンベラ,53.0,横山和生,1:10.3,ハナ,120.9,14.0,[東] 上原佑紀,2021110167,202402010201,3歳未勝利｜2024年6月9日 | 競馬データベース - netkeiba,2026-05-19T12:24:04.463774,牝,3,466.0,0.0,0,0,12.5,12.5,35.55,0.0741,0,12,35.55,35.55,35.55,0.0741,35.55
14.0,4,7,ラインメジャー,57.0,藤岡佑介,1:11.3,6,82.8,13.0,[東] 水野貴広,2021105303,202402010201,3歳未勝利｜2024年6月9日 | 競馬データベース - netkeiba,2026-05-19T12:24:04.463774,牡,3,436.0,-4.0,0,0,12.75,14.0,37.12,0.0727,0,14,37.12,37.12,37.12,0.0727,37.12
15.0,8,15,ロマンスシアター,55.0,亀田温心,1:11.4,1/2,37.6,8.0,[西] 鮫島一歩,2021110018,202402010201,3歳未勝利｜2024年6月9日 | 競馬データベース - netkeiba,2026-05-19T12:24:04.463774,牝,3,462.0,20.0,0,0,10.0,12.33,38.1,0.0909,0,11,38.1,38.1,38.1,0.0909,38.1
16.0,5,10,コウエツ,52.0,長浜鴻緒,1:11.9,3,412.4,16.0,[東] 宗像義忠,2021106922,202402010201,3歳未勝利｜2024年6月9日 | 競馬データベース - netkeiba,2026-05-19T12:24:04.463774,牝,3,386.0,-12.0,0,0,3.8,3.67,40.96,0.2083,0,3,40.96,40.96,40.96,0.2083,40.96
1.0,7,12,ワンダーカモン,57.0,川又賢治,1:46.5,,4.3,2.0,[西] 吉村圭司,2021100739,202402010202,3歳未勝利｜2024年6月9日 | 競馬データベース - netkeiba,2026-05-19T12:24:49.504813,牡,3,470.0,0.0,1,1,7.8,8.67,36.16,0.1136,0,10,36.16,36.16,36.16,0.1136,36.16
2.0,3,3,プラムダンディ,57.0,丹内祐次,1:46.6,1/2,13.7,5.0,[東] 尾形和幸,2021100389,202402010202,3歳未勝利｜2024年6月9日 | 競馬データベース - netkeiba,2026-05-19T12:24:49.504813,牡,3,442.0,2.0,0,1,4.4,6.33,37.8,0.1852,0,11,37.8,37.8,37.8,0.1852,37.8
3.0,6,9,レガッタ,57.0,横山和生,1:46.8,1,15.1,6.0,[西] 昆貢,2021102991,202402010202,3歳未勝利｜2024年6月9日 | 競馬データベース - netkeiba,2026-05-19T12:24:49.504813,牡,3,474.0,2.0,0,1,6.4,7.33,40.02,0.1351,0,11,40.02,40.02,40.02,0.1351,40.02
4.0,8,13,リネアグローリア,57.0,鮫島克駿,1:46.9,1/2,2.4,1.0,[西] 小崎憲,2021106757,202402010202,3歳未勝利｜2024年6月9日 | 競馬データベース - netkeiba,2026-05-19T12:24:49.504813,牡,3,474.0,4.0,0,0,6.4,7.67,36.48,0.1351,0,7,36.48,36.48,36.48,0.1351,36.48
5.0,2,2,ヒデシンイメル,57.0,藤岡佑介,1:47.1,1.1/2,4.4,3.0,[西] 武英智,2021100678,202402010202,3歳未勝利｜2024年6月9日 | 競馬データベース - netkeiba,2026-05-19T12:24:49.504813,牡,3,460.0,0.0,0,0,5.4,3.33,40.2,0.1562,0,2,40.2,40.2,40.2,0.1562,40.2
6.0,5,8,オセアトップガン,57.0,横山武史,1:47.6,3,8.9,4.0,[東] 加藤征弘,2021105722,202402010202,3歳未勝利｜2024年6月9日 | 競馬データベース - netkeiba,2026-05-19T12:24:49.504813,牡,3,500.0,4.0,0,0,6.0,6.33,40.6,0.1429,0,10,40.6,40.6,40.6,0.1429,40.6
7.0,5,7,ニホンピロトッティ,55.0,菱田裕二,1:48.2,3.1/2,146.5,12.0,[西] 緒方努,2021104210,202402010202,3歳未勝利｜2024年6月9日 | 競馬データベース - netkeiba,2026-05-19T12:24:49.504813,牝,3,396.0,6.0,0,0,6.8,8.33,36.92,0.1282,0,14,36.92,36.92,36.92,0.1282,36.92
8.0,1,1,サンネリネ,55.0,古川吉洋,1:48.3,3/4,327.5,14.0,[西] 畑端省吾,2021101298,202402010202,3歳未勝利｜2024年6月9日 | 競馬データベース - netkeiba,2026-05-19T12:24:49.504813,牝,3,456.0,4.0,0,0,6.6,7.33,39.98,0.1316,0,12,39.98,39.98,39.98,0.1316,39.98
9.0,3,4,タイガノイッテキ,57.0,佐々木大,1:48.3,アタマ,79.2,11.0,[東] 土田稔,2021103870,202402010202,3歳未勝利｜2024年6月9日 | 競馬データベース - netkeiba,2026-05-19T12:24:49.504813,セ,3,484.0,8.0,0,0,8.6,9.67,38.5,0.1042,0,5,38.5,38.5,38.5,0.1042,38.5
10.0,4,6,メイショウヤスマサ,56.0,角田大河,1:48.4,クビ,48.4,9.0,[西] 本田優,2021103531,202402010202,3歳未勝利｜2024年6月9日 | 競馬データベース - netkeiba,2026-05-19T12:24:49.504813,牡,3,462.0,-4.0,0,0,4.8,3.33,40.16,0.1724,0,1,40.16,40.16,40.16,0.1724,40.16
11.0,4,5,アヌーク,55.0,小林凌大,1:48.9,3,246.2,13.0,[東] 石栗龍彦,2021103577,202402010202,3歳未勝利｜2024年6月9日 | 競馬データベース - netkeiba,2026-05-19T12:24:49.504813,牝,3,420.0,12.0,0,0,2.75,3.0,39.88,0.2667,0,4,39.88,39.88,39.88,0.2667,39.88
12.0,6,10,パレスパートナー,51.0,小林美駒,1:48.9,クビ,25.1,7.0,[東] 鈴木伸尋,2021102357,202402010202,3歳未勝利｜2024年6月9日 | 競馬データベース - netkeiba,2026-05-19T12:24:49.504813,牝,3,480.0,4.0,0,0,6.6,6.33,39.08,0.1316,0,10,39.08,39.08,39.08,0.1316,39.08
13.0,7,11,ダイシンカーリー,52.0,今村聖奈,1:49.1,1,71.2,10.0,[西] 吉田直弘,2021101838,202402010202,3歳未勝利｜2024年6月9日 | 競馬データベース - netkeiba,2026-05-19T12:24:49.504813,牝,3,434.0,2.0,0,0,8.0,7.33,39.5,0.1111,0,13,39.5,39.5,39.5,0.1111,39.5
14.0,8,14,アルレジャン,57.0,坂井瑠星,1:49.5,2.1/2,26.8,8.0,[西] 藤原英昭,2021105383,202402010202,3歳未勝利｜2024年6月9日 | 競馬データベース - netkeiba,2026-05-19T12:24:49.504813,牡,3,506.0,-2.0,0,0,9.75,10.0,40.32,0.093,0,9,40.32,40.32,40.32,0.093,40.32
1.0,8,10,ブレーザー,57.0,嶋田純次,0:58.7,,3.1,1.0,[東] 伊坂重信,2021100114,202402010203,3歳未勝利｜2024年6月9日 | 競馬データベース - netkeiba,2026-05-19T12:25:32.769024,牡,3,514.0,-16.0,1,1,3.4,3.33,36.3,0.2273,0,1,36.3,36.3,36.3,0.2273,36.3
2.0,2,2,テイエムタリスマ,57.0,富田暁,0:59.1,2.1/2,4.7,4.0,[西] 木原一良,2021109043,202402010203,3歳未勝利｜2024年6月9日 | 競馬データベース - netkeiba,2026-05-19T12:25:32.769024,牡,3,468.0,6.0,0,1,10.0,9.0,36.18,0.0909,0,2,36.18,36.18,36.18,0.0909,36.18
3.0,5,5,タマモアルタイル,57.0,横山和生,0:59.5,2.1/2,4.2,2.0,[東] 水野貴広,2021101558,202402010203,3歳未勝利｜2024年6月9日 | 競馬データベース - netkeiba,2026-05-19T12:25:32.769024,牡,3,486.0,0.0,0,1,0.0,0.0,0.0,0.0,0,0,0.0,0.0,0.0,0.0,0.0
4.0,7,8,バッファローライズ,53.0,小林美駒,0:59.5,アタマ,4.6,3.0,[東] 伊藤圭三,2021103754,202402010203,3歳未勝利｜2024年6月9日 | 競馬データベース - netkeiba,2026-05-19T12:25:32.769024,牡,3,506.0,-2.0,0,0,3.4,3.33,37.58,0.2273,0,6,37.58,37.58,37.58,0.2273,37.58
5.0,6,6,ヒカルエリザベス,55.0,古川吉洋,1:00.1,3.1/2,88.1,7.0,[東] 的場均,2021104487,202402010203,3歳未勝利｜2024年6月9日 | 競馬データベース - netkeiba,2026-05-19T12:25:32.769024,牝,3,462.0,-4.0,0,0,1.8,2.33,40.0,0.3571,0,1,40.0,40.0,40.0,0.3571,40.0
6.0,4,4,フォートボヤール,54.0,小林勝太,1:00.1,クビ,5.3,5.0,[東] 辻哲英,2021105907,202402010203,3歳未勝利｜2024年6月9日 | 競馬データベース - netkeiba,2026-05-19T12:25:32.769024,牡,3,490.0,-2.0,0,0,7.0,9.33,36.72,0.125,0,10,36.72,36.72,36.72,0.125,36.72
7.0,7,7,スマートレパード,54.0,高杉吏麒,1:00.6,3,20.4,6.0,[西] 西園翔太,2021102720,202402010203,3歳未勝利｜2024年6月9日 | 競馬データベース - netkeiba,2026-05-19T12:25:32.769024,牡,3,508.0,0.0,0,0,9.5,11.0,41.72,0.0952,0,11,41.72,41.72,41.72,0.0952,41.72
8.0,8,9,キチロクサクラ,55.0,佐々木大,1:01.0,2.1/2,140.4,9.0,[東] 松永康利,2021106000,202402010203,3歳未勝利｜2024年6月9日 | 競馬データベース - netkeiba,2026-05-19T12:25:32.769024,牝,3,426.0,4.0,0,0,6.25,6.0,42.8,0.1379,0,3,42.8,42.8,42.8,0.1379,42.8
9.0,1,1,キタノスティール,56.0,永野猛蔵,1:01.2,1,127.2,8.0,[東] 粕谷昌央,2021101794,202402010203,3歳未勝利｜2024年6月9日 | 競馬データベース - netkeiba,2026-05-19T12:25:32.769024,牡,3,460.0,-2.0,0,0,11.8,10.33,36.94,0.0781,0,11,36.94,36.94,36.94,0.0781,36.94
10.0,3,3,ピカイチキリシマ,53.0,古川奈穂,1:02.7,9,166.2,10.0,[東] 天間昭一,2021107119,202402010203,3歳未勝利｜2024年6月9日 | 競馬データベース - netkeiba,2026-05-19T12:25:32.769024,牡,3,456.0,10.0,0,0,12.0,12.0,36.6,0.0769,0,10,36.6,36.6,36.6,0.0769,36.6
1.0,3,4,サンライズガッツ,57.0,横山武史,2:40.1,,6.1,3.0,[西] 茶木太樹,2021105982,202402010204,3歳未勝利｜2024年6月9日 | 競馬データベース - netkeiba,2026-05-19T12:25:58.239332,牡,3,484.0,2.0,1,1,10.0,9.0,37.58,0.0909,0,7,37.58,37.58,37.58,0.0909,37.58
2.0,2,2,カラーオブジアース,57.0,横山和生,2:40.2,クビ,8.8,4.0,[東] 上原佑紀,2021100360,202402010204,3歳未勝利｜2024年6月9日 | 競馬データベース - netkeiba,2026-05-19T12:25:58.239332,牡,3,482.0,6.0,0,1,7.4,7.0,39.96,0.119,0,8,39.96,39.96,39.96,0.119,39.96
3.0,4,6,アークドール,57.0,武豊,2:40.2,アタマ,13.8,5.0,[西] 松永幹夫,2021110012,202402010204,3歳未勝利｜2024年6月9日 | 競馬データベース - netkeiba,2026-05-19T12:25:58.239332,牡,3,436.0,0.0,0,1,2.0,1.67,37.14,0.3333,0,1,37.14,37.14,37.14,0.3333,37.14
4.0,8,13,サトノファントム,57.0,坂井瑠星,2:40.4,1,4.1,2.0,[西] 友道康夫,2021105410,202402010204,3歳未勝利｜2024年6月9日 | 競馬データベース - netkeiba,2026-05-19T12:25:58.239332,牡,3,508.0,-2.0,0,0,9.2,11.33,41.66,0.098,0,12,41.66,41.66,41.66,0.098,41.66
5.0,3,3,ミスガリレオアスク,51.0,古川奈穂,2:40.4,ハナ,17.6,6.0,[西] 矢作芳人,2021110016,202402010204,3歳未勝利｜2024年6月9日 | 競馬データベース - netkeiba,2026-05-19T12:25:58.239332,牝,3,432.0,-4.0,0,0,3.6,5.0,35.9,0.2174,0,4,35.9,35.9,35.9,0.2174,35.9
6.0,1,1,ウインメラナイト,57.0,丹内祐次,2:40.6,1.1/4,20.9,9.0,[西] 寺島良,2021106196,202402010204,3歳未勝利｜2024年6月9日 | 競馬データベース - netkeiba,2026-05-19T12:25:58.239332,牡,3,492.0,0.0,0,0,5.8,6.33,41.06,0.1471,0,9,41.06,41.06,41.06,0.1471,41.06
7.0,8,14,ヤルダバオト,54.0,小林勝太,2:40.8,1.1/2,18.1,7.0,[東] 蛯名利弘,2021106802,202402010204,3歳未勝利｜2024年6月9日 | 競馬データベース - netkeiba,2026-05-19T12:25:58.239332,牡,3,430.0,8.0,0,0,8.2,8.67,38.74,0.1087,0,10,38.74,38.74,38.74,0.1087,38.74
8.0,6,10,グランドブレーカー,57.0,松岡正海,2:41.0,3/4,80.1,12.0,[東] 西田雄一,2021104799,202402010204,3歳未勝利｜2024年6月9日 | 競馬データベース - netkeiba,2026-05-19T12:25:58.239332,牡,3,518.0,4.0,0,0,8.0,8.67,39.62,0.1111,0,12,39.62,39.62,39.62,0.1111,39.62
9.0,7,12,スターチョウサン,54.0,永野猛蔵,2:41.1,1/2,2.8,1.0,[東] 小島茂之,2021102412,202402010204,3歳未勝利｜2024年6月9日 | 競馬データベース - netkeiba,2026-05-19T12:25:58.239332,牝,3,488.0,2.0,0,0,6.2,3.67,37.96,0.1389,0,5,37.96,37.96,37.96,0.1389,37.96
10.0,5,8,ユーキャンドゥイッ,57.0,斎藤新,2:42.2,7,27.8,10.0,[西] 池江泰寿,2021103527,202402010204,3歳未勝利｜2024年6月9日 | 競馬データベース - netkeiba,2026-05-19T12:25:58.239332,牡,3,464.0,0.0,0,0,7.8,8.33,37.86,0.1136,0,1,37.86,37.86,37.86,0.1136,37.86
11.0,6,9,スマートマナリス,54.0,高杉吏麒,2:42.3,クビ,122.9,14.0,[西] 石橋守,2021102059,202402010204,3歳未勝利｜2024年6月9日 | 競馬データベース - netkeiba,2026-05-19T12:25:58.239332,牡,3,468.0,0.0,0,0,5.4,4.67,40.34,0.1562,0,6,40.34,40.34,40.34,0.1562,40.34
12.0,4,5,エムバランス,57.0,富田暁,2:42.7,2.1/2,119.1,13.0,[西] 西園翔太,2021106916,202402010204,3歳未勝利｜2024年6月9日 | 競馬データベース - netkeiba,2026-05-19T12:25:58.239332,牡,3,470.0,-2.0,0,0,4.4,3.33,40.04,0.1852,0,3,40.04,40.04,40.04,0.1852,40.04
13.0,7,11,ピークブルーム,55.0,佐々木大,2:42.8,3/4,32.0,11.0,[東] 蛯名正義,2021103311,202402010204,3歳未勝利｜2024年6月9日 | 競馬データベース - netkeiba,2026-05-19T12:25:58.239332,牝,3,452.0,0.0,0,0,4.0,4.33,40.08,0.2,0,2,40.08,40.08,40.08,0.2,40.08
14.0,5,7,ジャンビ,51.0,小林美駒,2:44.8,大,19.4,8.0,[西] 牧田和弥,2021103878,202402010204,3歳未勝利｜2024年6月9日 | 競馬データベース - netkeiba,2026-05-19T12:25:58.239332,牝,3,444.0,-6.0,0,0,8.2,10.67,34.68,0.1087,0,15,34.68,34.68,34.68,0.1087,34.68
1.0,3,4,エメラヴィ,55.0,横山武史,1:09.7,,18.6,8.0,[西] 松永幹夫,2022100135,202402010205,2歳新馬｜2024年6月9日 | 競馬データベース - netkeiba,2026-05-19T12:26:38.344697,牝,2,440.0,0.0,1,1,5.4,4.67,35.78,0.1562,0,1,35.78,35.78,35.78,0.1562,35.78
2.0,5,8,カルミネイション,55.0,菱田裕二,1:10.1,2.1/2,10.8,5.0,[西] 緒方努,2022103154,202402010205,2歳新馬｜2024年6月9日 | 競馬データベース - netkeiba,2026-05-19T12:26:38.344697,牝,2,426.0,0.0,0,1,6.8,5.33,41.56,0.1282,0,8,41.56,41.56,41.56,0.1282,41.56
3.0,6,9,グランカメリア,55.0,池添謙一,1:10.2,3/4,4.1,2.0,[西] 吉田直弘,2022102780,202402010205,2歳新馬｜2024年6月9日 | 競馬データベース - netkeiba,2026-05-19T12:26:38.344697,牡,2,480.0,0.0,0,1,5.8,8.67,36.94,0.1471,0,9,36.94,36.94,36.94,0.1471,36.94
4.0,1,1,リンゲルブルーメ,55.0,鮫島克駿,1:10.4,1,11.1,6.0,[西] 池添学,2022105011,202402010205,2歳新馬｜2024年6月9日 | 競馬データベース - netkeiba,2026-05-19T12:26:38.344697,牝,2,482.0,0.0,0,0,9.6,10.0,39.02,0.0943,0,14,39.02,39.02,39.02,0.0943,39.02
5.0,4,6,イガッチ,55.0,浜中俊,1:10.4,アタマ,5.4,3.0,[西] 笹田和秀,2022100699,202402010205,2歳新馬｜2024年6月9日 | 競馬データベース - netkeiba,2026-05-19T12:26:38.344697,牡,2,462.0,0.0,0,0,2.4,2.33,34.6,0.2941,0,1,34.6,34.6,34.6,0.2941,34.6
6.0,6,10,モジャーリオ,55.0,斎藤新,1:10.4,クビ,3.8,1.0,[東] 斎藤誠,2022106603,202402010205,2歳新馬｜2024年6月9日 | 競馬データベース - netkeiba,2026-05-19T12:26:38.344697,牡,2,454.0,0.0,0,0,4.2,6.0,34.06,0.1923,0,7,34.06,34.06,34.06,0.1923,34.06
7.0,8,13,アイヨトワニ,51.0,小林美駒,1:10.5,クビ,68.8,12.0,[東] 千葉直人,2022105896,202402010205,2歳新馬｜2024年6月9日 | 競馬データベース - netkeiba,2026-05-19T12:26:38.344697,牝,2,446.0,0.0,0,0,6.8,9.0,38.08,0.1282,0,10,38.08,38.08,38.08,0.1282,38.08
8.0,8,14,メイショウホダワラ,55.0,武豊,1:10.6,3/4,8.2,4.0,[西] 荒川義之,2022103237,202402010205,2歳新馬｜2024年6月9日 | 競馬データベース - netkeiba,2026-05-19T12:26:38.344697,牝,2,472.0,0.0,0,0,8.0,12.0,37.42,0.1111,0,16,37.42,37.42,37.42,0.1111,37.42
9.0,4,5,アールプロスト,55.0,藤岡佑介,1:10.6,ハナ,12.4,7.0,[東] 伊藤大士,2022102167,202402010205,2歳新馬｜2024年6月9日 | 競馬データベース - netkeiba,2026-05-19T12:26:38.344697,牡,2,486.0,0.0,0,0,9.8,12.33,37.94,0.0926,0,12,37.94,37.94,37.94,0.0926,37.94
10.0,3,3,リケアダージリン,55.0,横山和生,1:10.9,1.3/4,36.9,11.0,[東] 小野次郎,2022104576,202402010205,2歳新馬｜2024年6月9日 | 競馬データベース - netkeiba,2026-05-19T12:26:38.344697,牝,2,416.0,0.0,0,0,9.0,9.33,39.78,0.1,0,11,39.78,39.78,39.78,0.1,39.78
11.0,2,2,ニシノクードクール,54.0,永野猛蔵,1:10.9,ハナ,34.1,10.0,[東] 武藤善則,2022106999,202402010205,2歳新馬｜2024年6月9日 | 競馬データベース - netkeiba,2026-05-19T12:26:38.344697,牝,2,452.0,0.0,0,0,8.6,12.33,36.7,0.1042,0,15,36.7,36.7,36.7,0.1042,36.7
12.0,7,12,マハートマーベル,55.0,佐々木大,1:11.5,4,31.9,9.0,[西] 西村真幸,2022104413,202402010205,2歳新馬｜2024年6月9日 | 競馬データベース - netkeiba,2026-05-19T12:26:38.344697,牡,2,458.0,0.0,0,0,10.4,10.0,37.86,0.0877,0,5,37.86,37.86,37.86,0.0877,37.86
13.0,5,7,トリリオンボーイ,55.0,松岡正海,1:11.9,2.1/2,80.1,13.0,[東] 武井亮,2022102493,202402010205,2歳新馬｜2024年6月9日 | 競馬データベース - netkeiba,2026-05-19T12:26:38.344697,牡,2,448.0,0.0,0,0,9.6,9.33,36.16,0.0943,0,8,36.16,36.16,36.16,0.0943,36.16
14.0,7,11,イサチルカムカム,55.0,川又賢治,1:12.9,6,80.2,14.0,[東] 竹内正洋,2022102698,202402010205,2歳新馬｜2024年6月9日 | 競馬データベース - netkeiba,2026-05-19T12:26:38.344697,牡,2,422.0,0.0,0,0,2.8,2.67,40.38,0.2632,0,3,40.38,40.38,40.38,0.2632,40.38
1.0,6,10,ロードオールライト,57.0,藤岡佑介,2:01.9,,4.6,2.0,[西] 中内田充,2021100148,202402010206,3歳未勝利｜2024年6月9日 | 競馬データベース - netkeiba,2026-05-19T12:27:20.317653,牡,3,514.0,-4.0,1,1,8.4,9.0,36.55,0.1064,0,5,36.55,36.55,36.55,0.1064,36.55
2.0,5,7,コンテナワールド,57.0,鮫島克駿,2:02.1,3/4,5.4,3.0,[西] 中竹和也,2021104924,202402010206,3歳未勝利｜2024年6月9日 | 競馬データベース - netkeiba,2026-05-19T12:27:20.317653,牡,3,468.0,2.0,0,1,4.8,4.0,0.0,0.1724,0,3,0.0,0.0,0.0,0.1724,0.0
3.0,5,8,サラトガチップス,57.0,横山武史,2:02.1,ハナ,1.9,1.0,[西] 新谷功一,2021105002,202402010206,3歳未勝利｜2024年6月9日 | 競馬データベース - netkeiba,2026-05-19T12:27:20.317653,牡,3,440.0,-2.0,0,1,2.6,3.33,36.6,0.2778,0,2,36.6,36.6,36.6,0.2778,36.6
4.0,8,14,プロスペクト,57.0,佐々木大,2:02.1,クビ,11.3,4.0,[西] 須貝尚介,2021101430,202402010206,3歳未勝利｜2024年6月9日 | 競馬データベース - netkeiba,2026-05-19T12:27:20.317653,牡,3,512.0,10.0,0,0,9.75,10.33,40.48,0.093,0,13,40.48,40.48,40.48,0.093,40.48
5.0,4,5,トーセンオリックス,57.0,大野拓弥,2:02.3,1,63.9,10.0,[東] 池上昌和,2021104708,202402010206,3歳未勝利｜2024年6月9日 | 競馬データベース - netkeiba,2026-05-19T12:27:20.317653,牡,3,454.0,16.0,0,0,6.0,7.67,36.52,0.1429,0,9,36.52,36.52,36.52,0.1429,36.52
6.0,2,2,ダンツタロン,56.0,角田大河,2:02.4,1/2,80.7,12.0,[西] 本田優,2021104578,202402010206,3歳未勝利｜2024年6月9日 | 競馬データベース - netkeiba,2026-05-19T12:27:20.317653,牡,3,486.0,6.0,0,0,4.0,5.33,40.76,0.2,0,11,40.76,40.76,40.76,0.2,40.76
7.0,3,4,ダイユウファリーナ,57.0,松岡正海,2:02.5,1/2,13.6,5.0,[東] 松永康利,2021101896,202402010206,3歳未勝利｜2024年6月9日 | 競馬データベース - netkeiba,2026-05-19T12:27:20.317653,牡,3,484.0,0.0,0,0,5.2,7.67,38.52,0.1613,0,12,38.52,38.52,38.52,0.1613,38.52
8.0,3,3,マウリノ,54.0,長浜鴻緒,2:02.7,1.1/2,65.4,11.0,[東] 手塚貴久,2021101440,202402010206,3歳未勝利｜2024年6月9日 | 競馬データベース - netkeiba,2026-05-19T12:27:20.317653,牡,3,456.0,4.0,0,0,5.0,5.33,41.32,0.1667,0,2,41.32,41.32,41.32,0.1667,41.32
9.0,4,6,クライミーアリバー,55.0,池添謙一,2:02.7,クビ,29.2,8.0,[西] 松下武士,2021102168,202402010206,3歳未勝利｜2024年6月9日 | 競馬データベース - netkeiba,2026-05-19T12:27:20.317653,牝,3,418.0,6.0,0,0,4.2,4.33,38.9,0.1923,0,5,38.9,38.9,38.9,0.1923,38.9
10.0,7,12,マイネルガンナー,57.0,丹内祐次,2:03.0,1.1/2,21.6,6.0,[東] 畠山吉宏,2021106775,202402010206,3歳未勝利｜2024年6月9日 | 競馬データベース - netkeiba,2026-05-19T12:27:20.317653,牡,3,458.0,0.0,0,0,0.0,0.0,0.0,0.0,0,0,0.0,0.0,0.0,0.0,0.0
11.0,1,1,ワイドマルガリータ,51.0,小林美駒,2:03.2,1.1/4,27.6,7.0,[西] 西園正都,2021104926,202402010206,3歳未勝利｜2024年6月9日 | 競馬データベース - netkeiba,2026-05-19T12:27:20.317653,牝,3,464.0,0.0,0,0,4.6,3.0,39.72,0.1786,0,2,39.72,39.72,39.72,0.1786,39.72
12.0,6,9,シビックシャルル,57.0,菱田裕二,2:03.5,2,275.2,14.0,[西] 高橋義忠,2021102385,202402010206,3歳未勝利｜2024年6月9日 | 競馬データベース - netkeiba,2026-05-19T12:27:20.317653,牡,3,448.0,14.0,0,0,2.6,2.33,41.2,0.2778,0,1,41.2,41.2,41.2,0.2778,41.2
13.0,7,11,イズジョーノヒカリ,52.0,川端海翼,2:03.6,クビ,59.4,9.0,[西] 中尾秀正,2021107101,202402010206,3歳未勝利｜2024年6月9日 | 競馬データベース - netkeiba,2026-05-19T12:27:20.317653,牝,3,478.0,4.0,0,0,7.2,8.33,40.08,0.122,0,9,40.08,40.08,40.08,0.122,40.08
14.0,8,13,ボールドホーク,53.0,古川奈穂,2:03.6,クビ,232.8,13.0,[東] 鈴木慎太,2021100030,202402010206,3歳未勝利｜2024年6月9日 | 競馬データベース - netkeiba,2026-05-19T12:27:20.317653,牡,3,444.0,12.0,0,0,3.6,4.0,40.4,0.2174,0,7,40.4,40.4,40.4,0.2174,40.4
1.0,6,6,レアグリフォン,52.0,小林勝太,0:58.8,,3.2,1.0,[東] 稲垣幸雄,2021103556,202402010207,3歳以上1勝クラス｜2024年6月9日 | 競馬データベース - netkeiba,2026-05-19T12:28:02.070164,牡,3,464.0,0.0,1,1,9.8,9.0,38.56,0.0926,0,7,38.56,38.56,38.56,0.0926,38.56
2.0,8,9,ミッキースピナッチ,58.0,浜中俊,0:59.4,3.1/2,3.7,2.0,[西] 音無秀孝,2020101649,202402010207,3歳以上1勝クラス｜2024年6月9日 | 競馬データベース - netkeiba,2026-05-19T12:28:02.070164,牡,4,510.0,8.0,0,1,8.4,9.33,40.12,0.1064,0,10,40.12,40.12,40.12,0.1064,40.12
3.0,8,10,オオゾラヒバリ,50.0,長浜鴻緒,0:59.6,1.1/2,4.5,4.0,[東] 根本康広,2021101793,202402010207,3歳以上1勝クラス｜2024年6月9日 | 競馬データベース - netkeiba,2026-05-19T12:28:02.070164,牝,3,454.0,12.0,0,1,9.2,11.0,36.3,0.098,0,15,36.3,36.3,36.3,0.098,36.3
4.0,4,4,ロザシアニン,56.0,丹内祐次,0:59.7,クビ,74.5,8.0,[東] 佐藤吉勝,2019100097,202402010207,3歳以上1勝クラス｜2024年6月9日 | 競馬データベース - netkeiba,2026-05-19T12:28:02.070164,牝,5,466.0,-4.0,0,0,11.2,12.0,37.98,0.082,0,13,37.98,37.98,37.98,0.082,37.98
5.0,2,2,ヨドノゴールド,54.0,小林美駒,0:59.9,1.1/4,3.8,3.0,[西] 西園正都,2018103293,202402010207,3歳以上1勝クラス｜2024年6月9日 | 競馬データベース - netkeiba,2026-05-19T12:28:02.070164,牡,6,472.0,-2.0,0,0,7.0,7.67,37.35,0.125,0,9,37.35,37.35,37.35,0.125,37.35
6.0,1,1,シンゼンシャイン,55.0,今村聖奈,1:00.0,1/2,16.5,6.0,[西] 飯田祐史,2018106865,202402010207,3歳以上1勝クラス｜2024年6月9日 | 競馬データベース - netkeiba,2026-05-19T12:28:02.070164,牡,6,514.0,2.0,0,0,6.2,7.33,37.7,0.1389,0,7,37.7,37.7,37.7,0.1389,37.7
7.0,3,3,ニシノルミリオン,54.0,永野猛蔵,1:00.2,1.1/2,15.0,5.0,[東] 武藤善則,2021106994,202402010207,3歳以上1勝クラス｜2024年6月9日 | 競馬データベース - netkeiba,2026-05-19T12:28:02.070164,牡,3,482.0,6.0,0,0,4.6,3.67,36.14,0.1786,0,2,36.14,36.14,36.14,0.1786,36.14
8.0,5,5,ヒメカミノイタダキ,58.0,古川吉洋,1:00.4,1.1/4,25.2,7.0,[東] 武市康男,2019101794,202402010207,3歳以上1勝クラス｜2024年6月9日 | 競馬データベース - netkeiba,2026-05-19T12:28:02.070164,牡,5,498.0,-6.0,0,0,11.4,12.33,35.46,0.0806,0,18,35.46,35.46,35.46,0.0806,35.46
9.0,7,7,キーチズカンパニー,54.0,古川奈穂,1:00.6,1,161.4,10.0,[東] 小手川準,2019101100,202402010207,3歳以上1勝クラス｜2024年6月9日 | 競馬データベース - netkeiba,2026-05-19T12:28:02.070164,牡,5,482.0,-10.0,0,0,9.0,9.0,40.52,0.1,0,7,40.52,40.52,40.52,0.1,40.52
10.0,7,8,ナムラシベラ,53.0,川端海翼,1:01.3,4,88.8,9.0,[西] 藤沢則雄,2018100094,202402010207,3歳以上1勝クラス｜2024年6月9日 | 競馬データベース - netkeiba,2026-05-19T12:28:02.070164,牝,6,448.0,4.0,0,0,8.2,6.67,39.92,0.1087,0,10,39.92,39.92,39.92,0.1087,39.92
1.0,4,4,クファシル,58.0,池添謙一,1:08.8,,38.1,8.0,[西] 池添学,2020103356,202402010208,3歳以上1勝クラス｜2024年6月9日 | 競馬データベース - netkeiba,2026-05-19T12:28:33.769475,牡,4,500.0,8.0,1,1,8.0,8.0,34.42,0.1111,0,8,34.42,34.42,34.42,0.1111,34.42
2.0,5,6,フィオライア,53.0,坂井瑠星,1:08.9,3/4,4.6,3.0,[西] 西園正都,2021101924,202402010208,3歳以上1勝クラス｜2024年6月9日 | 競馬データベース - netkeiba,2026-05-19T12:28:33.769475,牝,3,458.0,-2.0,0,1,9.6,9.67,34.24,0.0943,0,18,34.24,34.24,34.24,0.0943,34.24
3.0,7,11,ジョーメッドヴィン,55.0,佐々木大,1:09.0,クビ,6.0,4.0,[西] 清水久詞,2021100522,202402010208,3歳以上1勝クラス｜2024年6月9日 | 競馬データベース - netkeiba,2026-05-19T12:28:33.769475,牡,3,500.0,0.0,0,1,6.4,7.33,33.9,0.1351,0,3,33.9,33.9,33.9,0.1351,33.9
4.0,6,9,カレンナオトメ,53.0,黛弘人,1:09.0,アタマ,47.8,9.0,[東] 小野次郎,2021103325,202402010208,3歳以上1勝クラス｜2024年6月9日 | 競馬データベース - netkeiba,2026-05-19T12:28:33.769475,牝,3,418.0,-4.0,0,0,8.4,8.33,35.42,0.1064,0,8,35.42,35.42,35.42,0.1064,35.42
5.0,6,8,スピニングマーリン,53.0,小林勝太,1:09.0,クビ,120.1,12.0,[東] 西田雄一,2020104415,202402010208,3歳以上1勝クラス｜2024年6月9日 | 競馬データベース - netkeiba,2026-05-19T12:28:33.769475,牝,4,478.0,-14.0,0,0,11.8,13.33,36.72,0.0781,0,16,36.72,36.72,36.72,0.0781,36.72
6.0,5,7,ハッピーパンニャ,54.0,小林美駒,1:09.0,ハナ,13.2,5.0,[東] 鈴木伸尋,2020104340,202402010208,3歳以上1勝クラス｜2024年6月9日 | 競馬データベース - netkeiba,2026-05-19T12:28:33.769475,牡,4,506.0,6.0,0,0,8.2,5.0,35.32,0.1087,0,4,35.32,35.32,35.32,0.1087,35.32
7.0,1,1,ゴールドサーベル,55.0,武豊,1:09.1,1/2,14.7,6.0,[西] 大久保龍,2021105039,202402010208,3歳以上1勝クラス｜2024年6月9日 | 競馬データベース - netkeiba,2026-05-19T12:28:33.769475,牡,3,464.0,-4.0,0,0,8.0,10.33,34.44,0.1111,0,13,34.44,34.44,34.44,0.1111,34.44
8.0,2,2,ワンリオン,58.0,亀田温心,1:09.2,1/2,63.4,10.0,[西] 北出成人,2019101446,202402010208,3歳以上1勝クラス｜2024年6月9日 | 競馬データベース - netkeiba,2026-05-19T12:28:33.769475,牡,5,488.0,-12.0,0,0,5.8,6.0,40.88,0.1471,0,8,40.88,40.88,40.88,0.1471,40.88
9.0,4,5,メージャーテソーロ,58.0,丹内祐次,1:09.3,クビ,67.5,11.0,[東] 畠山吉宏,2020100342,202402010208,3歳以上1勝クラス｜2024年6月9日 | 競馬データベース - netkeiba,2026-05-19T12:28:33.769475,牡,4,438.0,-2.0,0,0,4.2,6.0,40.0,0.1923,0,1,40.0,40.0,40.0,0.1923,40.0
10.0,7,10,ヤマニンアストロン,54.0,角田大河,1:09.3,ハナ,3.1,1.0,[西] 石橋守,2021106594,202402010208,3歳以上1勝クラス｜2024年6月9日 | 競馬データベース - netkeiba,2026-05-19T12:28:33.769475,牡,3,492.0,12.0,0,0,6.0,5.67,34.98,0.1429,0,3,34.98,34.98,34.98,0.1429,34.98
11.0,8,13,カフェクロニクル,58.0,菱田裕二,1:09.3,クビ,22.5,7.0,[東] 堀宣行,2019106183,202402010208,3歳以上1勝クラス｜2024年6月9日 | 競馬データベース - netkeiba,2026-05-19T12:28:33.769475,牡,5,458.0,-10.0,0,0,8.4,8.67,34.66,0.1064,0,14,34.66,34.66,34.66,0.1064,34.66
12.0,8,12,カツノテンス,58.0,松岡正海,1:10.3,6,146.7,13.0,[東] 伊藤伸一,2020105525,202402010208,3歳以上1勝クラス｜2024年6月9日 | 競馬データベース - netkeiba,2026-05-19T12:28:33.769475,牡,4,436.0,-6.0,0,0,7.0,7.33,37.48,0.125,0,8,37.48,37.48,37.48,0.125,37.48
13.0,3,3,スカイキャンバス,53.0,横山武史,1:12.6,大,3.6,2.0,[東] 武井亮,2021100359,202402010208,3歳以上1勝クラス｜2024年6月9日 | 競馬データベース - netkeiba,2026-05-19T12:28:33.769475,牝,3,436.0,-2.0,0,0,11.0,11.67,38.36,0.0833,0,16,38.36,38.36,38.36,0.0833,38.36
1.0,7,7,エラトー,53.0,横山和生,1:47.9,,3.7,2.0,[西] 上村洋行,2021105442,202402010209,遊楽部特別｜2024年6月9日 | 競馬データベース - netkeiba,2026-05-19T12:29:12.982393,牝,3,490.0,8.0,1,1,7.2,8.67,35.08,0.122,0,13,35.08,35.08,35.08,0.122,35.08
2.0,1,1,エイシンジェンマ,56.0,菱田裕二,1:48.4,3,13.1,5.0,[西] 中尾秀正,2020107017,202402010209,遊楽部特別｜2024年6月9日 | 競馬データベース - netkeiba,2026-05-19T12:29:12.982393,牝,4,498.0,4.0,0,1,7.8,10.0,34.38,0.1136,0,11,34.38,34.38,34.38,0.1136,34.38
3.0,6,6,ラヴスコール,53.0,横山武史,1:48.7,1.3/4,2.6,1.0,[東] 加藤征弘,2021105473,202402010209,遊楽部特別｜2024年6月9日 | 競馬データベース - netkeiba,2026-05-19T12:29:12.982393,牝,3,416.0,-2.0,0,1,5.8,6.67,34.96,0.1471,0,6,34.96,34.96,34.96,0.1471,34.96
4.0,8,8,キーパフォーマー,53.0,古川吉洋,1:48.7,クビ,56.1,9.0,[西] 佐々木晶,2021104948,202402010209,遊楽部特別｜2024年6月9日 | 競馬データベース - netkeiba,2026-05-19T12:29:12.982393,牝,3,454.0,14.0,0,0,4.8,6.67,34.84,0.1724,0,14,34.84,34.84,34.84,0.1724,34.84
5.0,3,3,レディマリオン,53.0,鮫島克駿,1:48.7,アタマ,4.9,3.0,[西] 長谷川浩,2021105752,202402010209,遊楽部特別｜2024年6月9日 | 競馬データベース - netkeiba,2026-05-19T12:29:12.982393,牝,3,452.0,20.0,0,0,7.4,9.0,34.24,0.119,0,14,34.24,34.24,34.24,0.119,34.24
6.0,2,2,エイトスターズ,56.0,武豊,1:48.8,アタマ,5.4,4.0,[西] 坂口智康,2020103772,202402010209,遊楽部特別｜2024年6月9日 | 競馬データベース - netkeiba,2026-05-19T12:29:12.982393,牝,4,476.0,2.0,0,0,9.0,9.33,37.24,0.1,0,9,37.24,37.24,37.24,0.1,37.24
7.0,4,4,パルクリチュード,56.0,池添謙一,1:48.9,3/4,20.1,6.0,[西] 松永幹夫,2020103361,202402010209,遊楽部特別｜2024年6月9日 | 競馬データベース - netkeiba,2026-05-19T12:29:12.982393,牝,4,438.0,-8.0,0,0,6.4,9.67,36.98,0.1351,0,10,36.98,36.98,36.98,0.1351,36.98
8.0,5,5,サトノリーベ,56.0,坂井瑠星,1:48.9,ハナ,28.0,8.0,[西] 藤原英昭,2019101635,202402010209,遊楽部特別｜2024年6月9日 | 競馬データベース - netkeiba,2026-05-19T12:29:12.982393,牝,5,432.0,2.0,0,0,6.0,6.33,35.14,0.1429,0,8,35.14,35.14,35.14,0.1429,35.14
9.0,8,9,ランカグア,56.0,丹内祐次,1:49.1,1.1/2,27.8,7.0,[東] 奥村武,2020103547,202402010209,遊楽部特別｜2024年6月9日 | 競馬データベース - netkeiba,2026-05-19T12:29:12.982393,牝,4,452.0,0.0,0,0,9.6,9.67,40.22,0.0943,0,11,40.22,40.22,40.22,0.0943,40.22
1.0,8,13,シゲルショウグン,55.0,角田大河,1:43.2,,4.6,2.0,[西] 大橋勇樹,2020101694,202402010210,津軽海峡特別｜2024年6月9日 | 競馬データベース - netkeiba,2026-05-19T12:29:41.262034,牡,4,508.0,12.0,1,1,8.2,12.33,37.82,0.1087,0,15,37.82,37.82,37.82,0.1087,37.82
2.0,6,10,ビーアイオラクル,57.0,鮫島克駿,1:44.9,10,5.6,3.0,[西] 牧田和弥,2019106691,202402010210,津軽海峡特別｜2024年6月9日 | 競馬データベース - netkeiba,2026-05-19T12:29:41.262034,牡,5,490.0,6.0,0,1,8.8,8.67,37.77,0.102,0,6,37.77,37.77,37.77,0.102,37.77
3.0,1,1,タシロ,53.0,永野猛蔵,1:45.3,2.1/2,117.0,14.0,[東] 伊藤大士,2017104262,202402010210,津軽海峡特別｜2024年6月9日 | 競馬データベース - netkeiba,2026-05-19T12:29:41.262034,牡,7,534.0,-2.0,0,1,4.4,6.67,40.52,0.1852,0,7,40.52,40.52,40.52,0.1852,40.52
4.0,2,2,レディーシス,52.0,富田暁,1:45.4,3/4,93.5,13.0,[西] 小崎憲,2019106868,202402010210,津軽海峡特別｜2024年6月9日 | 競馬データベース - netkeiba,2026-05-19T12:29:41.262034,牝,5,438.0,10.0,0,0,8.0,11.67,38.18,0.1111,0,12,38.18,38.18,38.18,0.1111,38.18
5.0,6,9,アレクサ,54.0,斎藤新,1:45.8,2.1/2,14.1,6.0,[東] 斎藤誠,2020100189,202402010210,津軽海峡特別｜2024年6月9日 | 競馬データベース - netkeiba,2026-05-19T12:29:41.262034,牡,4,500.0,-2.0,0,0,9.4,9.67,40.18,0.0962,0,12,40.18,40.18,40.18,0.0962,40.18
6.0,7,12,スズカマジェスタ,56.0,横山和生,1:46.0,1,21.4,8.0,[西] 須貝尚介,2019103824,202402010210,津軽海峡特別｜2024年6月9日 | 競馬データベース - netkeiba,2026-05-19T12:29:41.262034,牡,5,438.0,0.0,0,0,5.75,5.5,37.6,0.1481,0,5,37.6,37.6,37.6,0.1481,37.6
7.0,3,3,メジャークオリティ,56.0,坂井瑠星,1:46.2,1.1/4,9.2,5.0,[西] 西園正都,2019104913,202402010210,津軽海峡特別｜2024年6月9日 | 競馬データベース - netkeiba,2026-05-19T12:29:41.262034,牡,5,490.0,0.0,0,0,6.25,4.5,41.48,0.1379,0,7,41.48,41.48,41.48,0.1379,41.48
8.0,8,14,ディサイド,55.0,佐々木大,1:46.4,1,16.5,7.0,[西] 高野友和,2019100663,202402010210,津軽海峡特別｜2024年6月9日 | 競馬データベース - netkeiba,2026-05-19T12:29:41.262034,牡,5,486.0,2.0,0,0,8.2,8.0,39.02,0.1087,0,8,39.02,39.02,39.02,0.1087,39.02
9.0,5,7,クリノグローリー,57.0,小林勝太,1:46.4,クビ,2.9,1.0,[西] 谷潔,2020102360,202402010210,津軽海峡特別｜2024年6月9日 | 競馬データベース - netkeiba,2026-05-19T12:29:41.262034,牡,4,482.0,10.0,0,0,7.4,7.67,37.82,0.119,0,4,37.82,37.82,37.82,0.119,37.82
10.0,4,5,ベルシャンソン,53.0,丹内祐次,1:46.6,1,24.6,9.0,[東] 西田雄一,2020103888,202402010210,津軽海峡特別｜2024年6月9日 | 競馬データベース - netkeiba,2026-05-19T12:29:41.262034,牝,4,472.0,8.0,0,0,9.0,9.0,37.66,0.1,0,8,37.66,37.66,37.66,0.1,37.66
11.0,3,4,ヴァンルーラー,52.0,菱田裕二,1:47.1,3,53.8,11.0,[西] 河嶋宏樹,2019105141,202402010210,津軽海峡特別｜2024年6月9日 | 競馬データベース - netkeiba,2026-05-19T12:29:41.262034,牝,5,458.0,-4.0,0,0,8.6,10.0,36.64,0.1042,0,11,36.64,36.64,36.64,0.1042,36.64
12.0,5,8,ヒドゥンキング,57.0,黛弘人,1:47.6,3,8.9,4.0,[東] 伊藤大士,2019106716,202402010210,津軽海峡特別｜2024年6月9日 | 競馬データベース - netkeiba,2026-05-19T12:29:41.262034,牡,5,462.0,2.0,0,0,4.8,6.67,37.6,0.1724,0,1,37.6,37.6,37.6,0.1724,37.6
13.0,7,11,タロントゥーズ,56.0,池添謙一,1:47.6,アタマ,32.6,10.0,[西] 大久保龍,2020102932,202402010210,津軽海峡特別｜2024年6月9日 | 競馬データベース - netkeiba,2026-05-19T12:29:41.262034,牡,4,466.0,-4.0,0,0,4.6,6.0,0.0,0.1786,0,11,0.0,0.0,0.0,0.1786,0.0
14.0,4,6,ピッチパーフェクト,53.0,小林凌大,1:48.8,7,58.3,12.0,[東] 伊藤圭三,2020104134,202402010210,津軽海峡特別｜2024年6月9日 | 競馬データベース - netkeiba,2026-05-19T12:29:41.262034,牝,4,490.0,2.0,0,0,8.0,10.33,39.9,0.1111,0,14,39.9,39.9,39.9,0.1111,39.9
1.0,2,4,サトノレーヴ,57.0,浜中俊,1:08.4,,3.6,2.0,[東] 堀宣行,2019101700,202402010211,函館スプリントS｜2024年6月9日 | 競馬データベース - netkeiba,2026-05-19T12:30:26.258319,牡,5,532.0,-2.0,1,1,3.6,4.0,32.7,0.2174,0,2,32.7,32.7,32.7,0.2174,32.7
2.0,5,10,ウイングレイテスト,59.0,松岡正海,1:08.6,1.1/4,18.5,5.0,[東] 畠山吉宏,2017101423,202402010211,函館スプリントS｜2024年6月9日 | 競馬データベース - netkeiba,2026-05-19T12:30:26.258319,牡,7,504.0,0.0,0,1,7.0,4.33,34.2,0.125,0,7,34.2,34.2,34.2,0.125,34.2
3.0,7,13,ビッグシーザー,57.0,坂井瑠星,1:08.6,クビ,7.6,3.0,[西] 西園正都,2020100896,202402010211,函館スプリントS｜2024年6月9日 | 競馬データベース - netkeiba,2026-05-19T12:30:26.258319,牡,4,516.0,2.0,0,1,8.4,10.67,33.88,0.1064,0,11,33.88,33.88,33.88,0.1064,33.88
4.0,1,1,サウザンサニー,57.0,菱田裕二,1:08.6,クビ,24.3,7.0,[東] 岩戸孝樹,2020109102,202402010211,函館スプリントS｜2024年6月9日 | 競馬データベース - netkeiba,2026-05-19T12:30:26.258319,牡,4,526.0,8.0,0,0,10.0,13.0,34.5,0.0909,0,15,34.5,34.5,34.5,0.0909,34.5
5.0,3,5,オタルエバー,57.0,角田大河,1:08.7,アタマ,69.9,13.0,[西] 中竹和也,2019105658,202402010211,函館スプリントS｜2024年6月9日 | 競馬データベース - netkeiba,2026-05-19T12:30:26.258319,牡,5,490.0,0.0,0,0,13.6,12.0,35.12,0.0685,0,6,35.12,35.12,35.12,0.0685,35.12
6.0,8,16,ゾンニッヒ,57.0,武豊,1:08.8,1/2,31.0,9.0,[西] 池江泰寿,2018101343,202402010211,函館スプリントS｜2024年6月9日 | 競馬データベース - netkeiba,2026-05-19T12:30:26.258319,牡,6,476.0,2.0,0,0,8.8,7.67,34.16,0.102,0,7,34.16,34.16,34.16,0.102,34.16
7.0,5,9,キミワクイーン,56.0,横山武史,1:08.9,1/2,22.7,6.0,[東] 奥村武,2019104470,202402010211,函館スプリントS｜2024年6月9日 | 競馬データベース - netkeiba,2026-05-19T12:30:26.258319,牝,5,454.0,2.0,0,0,8.2,10.67,33.94,0.1087,0,13,33.94,33.94,33.94,0.1087,33.94
8.0,7,14,セッション,57.0,藤岡佑介,1:08.9,ハナ,34.3,11.0,[西] 斉藤崇史,2020103639,202402010211,函館スプリントS｜2024年6月9日 | 競馬データベース - netkeiba,2026-05-19T12:30:26.258319,牡,4,514.0,-2.0,0,0,9.2,8.67,34.74,0.098,0,13,34.74,34.74,34.74,0.098,34.74
9.0,2,3,アサカラキング,57.0,斎藤新,1:08.9,アタマ,2.3,1.0,[東] 斎藤誠,2020105154,202402010211,函館スプリントS｜2024年6月9日 | 競馬データベース - netkeiba,2026-05-19T12:30:26.258319,牡,4,524.0,0.0,0,0,11.4,9.0,35.06,0.0806,0,18,35.06,35.06,35.06,0.0806,35.06
10.0,6,11,ジャスティンスカイ,57.0,池添謙一,1:08.9,クビ,9.9,4.0,[西] 友道康夫,2019105512,202402010211,函館スプリントS｜2024年6月9日 | 競馬データベース - netkeiba,2026-05-19T12:30:26.258319,牡,5,538.0,2.0,0,0,11.4,12.0,33.96,0.0806,0,14,33.96,33.96,33.96,0.0806,33.96
11.0,3,6,シナモンスティック,55.0,丹内祐次,1:09.1,1,33.8,10.0,[東] 宗像義忠,2019100791,202402010211,函館スプリントS｜2024年6月9日 | 競馬データベース - netkeiba,2026-05-19T12:30:26.258319,牝,5,470.0,-2.0,0,0,10.6,11.33,34.82,0.0862,0,16,34.82,34.82,34.82,0.0862,34.82
12.0,4,7,シュバルツカイザー,57.0,大野拓弥,1:09.3,1,44.2,12.0,[東] 大竹正博,2018110035,202402010211,函館スプリントS｜2024年6月9日 | 競馬データベース - netkeiba,2026-05-19T12:30:26.258319,セ,6,492.0,-10.0,0,0,8.2,11.0,34.7,0.1087,0,10,34.7,34.7,34.7,0.1087,34.7
13.0,8,15,マテンロウオリオン,57.0,横山和生,1:09.4,1/2,98.9,15.0,[西] 昆貢,2019100965,202402010211,函館スプリントS｜2024年6月9日 | 競馬データベース - netkeiba,2026-05-19T12:30:26.258319,牡,5,496.0,6.0,0,0,13.0,13.67,35.8,0.0714,0,15,35.8,35.8,35.8,0.0714,35.8
14.0,6,12,ジュビリーヘッド,57.0,富田暁,1:09.4,ハナ,97.7,14.0,[西] 西園翔太,2017105661,202402010211,函館スプリントS｜2024年6月9日 | 競馬データベース - netkeiba,2026-05-19T12:30:26.258319,牡,7,474.0,-8.0,0,0,0.0,0.0,0.0,0.0,0,0,0.0,0.0,0.0,0.0,0.0
15.0,1,2,カイザーメランジェ,57.0,佐々木大,1:09.5,3/4,265.4,16.0,[東] 矢嶋大樹,2015105850,202402010211,函館スプリントS｜2024年6月9日 | 競馬データベース - netkeiba,2026-05-19T12:30:26.258319,牡,9,490.0,0.0,0,0,8.4,7.33,40.78,0.1064,0,10,40.78,40.78,40.78,0.1064,40.78
16.0,4,8,カルネアサーダ,55.0,鮫島克駿,1:10.6,7,29.2,8.0,[西] 福永祐一,2019104841,202402010211,函館スプリントS｜2024年6月9日 | 競馬データベース - netkeiba,2026-05-19T12:30:26.258319,牝,5,472.0,6.0,0,0,12.2,11.67,36.58,0.0758,0,15,36.58,36.58,36.58,0.0758,36.58
1.0,5,5,メリタテス,52.0,古川奈穂,1:44.2,,7.9,4.0,[西] 矢作芳人,2020110076,202402010212,3歳以上1勝クラス｜2024年6月9日 | 競馬データベース - netkeiba,2026-05-19T12:31:10.325644,牝,4,438.0,2.0,1,1,5.4,2.67,39.12,0.1562,0,3,39.12,39.12,39.12,0.1562,39.12
2.0,2,2,オーバーザドリーム,58.0,坂井瑠星,1:44.6,2,9.0,5.0,[西] 清水久詞,2020105734,202402010212,3歳以上1勝クラス｜2024年6月9日 | 競馬データベース - netkeiba,2026-05-19T12:31:10.325644,牡,4,468.0,2.0,0,1,8.4,8.67,38.85,0.1064,0,8,38.85,38.85,38.85,0.1064,38.85
3.0,1,1,コスモオピニオン,58.0,丹内祐次,1:44.7,1/2,4.3,2.0,[東] 黒岩陽一,2020101258,202402010212,3歳以上1勝クラス｜2024年6月9日 | 競馬データベース - netkeiba,2026-05-19T12:31:10.325644,牡,4,498.0,0.0,0,1,6.0,6.0,35.12,0.1429,0,8,35.12,35.12,35.12,0.1429,35.12
4.0,5,6,ロードブレイズ,55.0,横山和生,1:44.7,クビ,2.6,1.0,[東] 稲垣幸雄,2021100162,202402010212,3歳以上1勝クラス｜2024年6月9日 | 競馬データベース - netkeiba,2026-05-19T12:31:10.325644,牡,3,480.0,-8.0,0,0,4.8,5.67,37.76,0.1724,0,1,37.76,37.76,37.76,0.1724,37.76
5.0,4,4,メイショウクモイ,58.0,武豊,1:45.0,2,5.9,3.0,[西] 飯田祐史,2020106922,202402010212,3歳以上1勝クラス｜2024年6月9日 | 競馬データベース - netkeiba,2026-05-19T12:31:10.325644,牡,4,480.0,2.0,0,0,6.4,4.33,37.46,0.1351,0,2,37.46,37.46,37.46,0.1351,37.46
6.0,8,12,トウロウノオノ,52.0,小林美駒,1:46.2,7,11.2,6.0,[東] 竹内正洋,2020105578,202402010212,3歳以上1勝クラス｜2024年6月9日 | 競馬データベース - netkeiba,2026-05-19T12:31:10.325644,牝,4,438.0,-4.0,0,0,7.0,6.33,39.4,0.125,0,8,39.4,39.4,39.4,0.125,39.4
7.0,3,3,リードアクトレス,53.0,古川吉洋,1:46.2,クビ,164.5,11.0,[西] 安達昭夫,2021102654,202402010212,3歳以上1勝クラス｜2024年6月9日 | 競馬データベース - netkeiba,2026-05-19T12:31:10.325644,牝,3,474.0,10.0,0,0,7.6,7.0,0.0,0.1163,0,9,0.0,0.0,0.0,0.1163,0.0
8.0,6,8,ダノンフューチャー,55.0,今村聖奈,1:46.3,1/2,31.3,8.0,[西] 寺島良,2019105456,202402010212,3歳以上1勝クラス｜2024年6月9日 | 競馬データベース - netkeiba,2026-05-19T12:31:10.325644,牡,5,506.0,-10.0,0,0,9.4,11.33,38.68,0.0962,0,8,38.68,38.68,38.68,0.0962,38.68
9.0,7,9,アベベ,52.0,長浜鴻緒,1:46.8,3,14.7,7.0,[東] 根本康広,2021109113,202402010212,3歳以上1勝クラス｜2024年6月9日 | 競馬データベース - netkeiba,2026-05-19T12:31:10.325644,牡,3,460.0,0.0,0,0,9.6,7.0,37.94,0.0943,0,5,37.94,37.94,37.94,0.0943,37.94
10.0,7,10,オリンポスカズマ,58.0,菱田裕二,1:47.2,2.1/2,49.6,9.0,[西] 平田修,2020102013,202402010212,3歳以上1勝クラス｜2024年6月9日 | 競馬データベース - netkeiba,2026-05-19T12:31:10.325644,牡,4,506.0,0.0,0,0,9.2,8.0,39.4,0.098,0,6,39.4,39.4,39.4,0.098,39.4
11.0,6,7,ソルトゴールド,58.0,富田暁,1:47.2,クビ,253.8,12.0,[西] 木原一良,2019102661,202402010212,3歳以上1勝クラス｜2024年6月9日 | 競馬データベース - netkeiba,2026-05-19T12:31:10.325644,牡,5,504.0,-2.0,0,0,8.6,8.33,41.28,0.1042,0,3,41.28,41.28,41.28,0.1042,41.28
12.0,8,11,サルトルーヴィル,55.0,高杉吏麒,1:48.4,7,55.9,10.0,[東] 牧光二,2020101896,202402010212,3歳以上1勝クラス｜2024年6月9日 | 競馬データベース - netkeiba,2026-05-19T12:31:10.325644,牡,4,508.0,10.0,0,0,10.4,9.67,37.1,0.0877,0,12,37.1,37.1,37.1,0.0877,37.1
1.0,6,11,カーリングホリデー,52.0,石田拓郎,1:38.7,,181.5,14.0,[東] 宗像義忠,2021106982,202405030401,3歳未勝利｜2024年6月9日 | 競馬データベース - netkeiba,2026-05-19T12:31:49.661280,牝,3,464.0,-4.0,1,1,13.2,13.67,38.92,0.0704,0,15,38.92,38.92,38.92,0.0704,38.92
2.0,2,3,セージグリーン,55.0,内田博幸,1:38.9,1.1/4,5.1,3.0,[東] 菊川正達,2021104850,202405030401,3歳未勝利｜2024年6月9日 | 競馬データベース - netkeiba,2026-05-19T12:31:49.661280,牝,3,478.0,4.0,0,1,6.4,6.0,38.86,0.1351,0,8,38.86,38.86,38.86,0.1351,38.86
3.0,4,8,ピースヒロフェイス,55.0,石橋脩,1:39.0,クビ,3.0,1.0,[東] 牧光二,2021105769,202405030401,3歳未勝利｜2024年6月9日 | 競馬データベース - netkeiba,2026-05-19T12:31:49.661280,牝,3,462.0,0.0,0,1,6.8,7.67,34.82,0.1282,0,12,34.82,34.82,34.82,0.1282,34.82
4.0,6,12,ルルフィーユ,55.0,北村宏司,1:39.0,クビ,3.0,2.0,[東] 伊藤大士,2021102894,202405030401,3歳未勝利｜2024年6月9日 | 競馬データベース - netkeiba,2026-05-19T12:31:49.661280,牝,3,454.0,2.0,0,0,7.2,11.0,38.3,0.122,0,9,38.3,38.3,38.3,0.122,38.3
5.0,5,10,アズベリー,54.0,原優介,1:39.1,アタマ,21.2,7.0,[東] 上原佑紀,2021101732,202405030401,3歳未勝利｜2024年6月9日 | 競馬データベース - netkeiba,2026-05-19T12:31:49.661280,牝,3,466.0,6.0,0,0,8.0,11.33,40.2,0.1111,0,13,40.2,40.2,40.2,0.1111,40.2
6.0,2,4,ノルディア,55.0,伊藤工真,1:39.1,アタマ,31.8,8.0,[東] 金成貴史,2021101678,202405030401,3歳未勝利｜2024年6月9日 | 競馬データベース - netkeiba,2026-05-19T12:31:49.661280,牝,3,458.0,6.0,0,0,0.0,0.0,0.0,0.0,0,0,0.0,0.0,0.0,0.0,0.0
7.0,4,7,ワカメチャン,55.0,野中悠太,1:39.1,クビ,9.0,4.0,[東] 鈴木慎太,2021101915,202405030401,3歳未勝利｜2024年6月9日 | 競馬データベース - netkeiba,2026-05-19T12:31:49.661280,牝,3,494.0,6.0,0,0,5.8,6.0,39.64,0.1471,0,3,39.64,39.64,39.64,0.1471,39.64
8.0,8,15,ココボロ,52.0,土田真翔,1:39.2,クビ,106.1,13.0,[東] 松山将樹,2021106419,202405030401,3歳未勝利｜2024年6月9日 | 競馬データベース - netkeiba,2026-05-19T12:31:49.661280,牝,3,512.0,0.0,0,0,12.4,11.0,38.44,0.0746,0,11,38.44,38.44,38.44,0.0746,38.44
9.0,5,9,パナマテソーロ,55.0,柴田大知,1:39.8,3.1/2,68.7,11.0,[東] 畠山吉宏,2021104442,202405030401,3歳未勝利｜2024年6月9日 | 競馬データベース - netkeiba,2026-05-19T12:31:49.661280,牝,3,484.0,-4.0,0,0,9.0,9.33,39.95,0.1,0,10,39.95,39.95,39.95,0.1,39.95
10.0,1,1,グッドイナフ,55.0,杉原誠人,1:40.0,1.1/4,189.9,15.0,[東] 田村康仁,2021106575,202405030401,3歳未勝利｜2024年6月9日 | 競馬データベース - netkeiba,2026-05-19T12:31:49.661280,牝,3,508.0,-2.0,0,0,10.4,10.67,40.72,0.0877,0,10,40.72,40.72,40.72,0.0877,40.72
11.0,3,5,オンザジュピター,55.0,丸山元気,1:40.2,1.1/4,39.1,9.0,[東] 大和田成,2021105087,202405030401,3歳未勝利｜2024年6月9日 | 競馬データベース - netkeiba,2026-05-19T12:31:49.661280,牝,3,466.0,0.0,0,0,9.0,8.33,39.85,0.1,0,11,39.85,39.85,39.85,0.1,39.85
12.0,7,14,トーセンシエンタ,55.0,吉田豊,1:40.4,1.1/2,19.8,6.0,[東] 菊沢隆徳,2021104709,202405030401,3歳未勝利｜2024年6月9日 | 競馬データベース - netkeiba,2026-05-19T12:31:49.661280,牝,3,454.0,-4.0,0,0,7.4,6.0,38.2,0.119,0,6,38.2,38.2,38.2,0.119,38.2
13.0,7,13,カリプソ,55.0,菅原明良,1:40.6,1.1/4,102.2,12.0,[東] 小西一男,2021100504,202405030401,3歳未勝利｜2024年6月9日 | 競馬データベース - netkeiba,2026-05-19T12:31:49.661280,牝,3,418.0,-6.0,0,0,8.0,7.5,39.33,0.1111,0,8,39.33,39.33,39.33,0.1111,39.33
14.0,8,16,サクブット,52.0,石神深道,1:41.2,3.1/2,357.8,16.0,[東] 和田勇介,2021100729,202405030401,3歳未勝利｜2024年6月9日 | 競馬データベース - netkeiba,2026-05-19T12:31:49.661280,牝,3,438.0,6.0,0,0,8.5,2.5,40.85,0.1053,0,1,40.85,40.85,40.85,0.1053,40.85
15.0,1,2,フミソニック,51.0,大江原比,1:42.0,5,64.8,10.0,[東] 黒岩陽一,2021103654,202405030401,3歳未勝利｜2024年6月9日 | 競馬データベース - netkeiba,2026-05-19T12:31:49.661280,牝,3,414.0,16.0,0,0,4.6,4.33,40.82,0.1786,0,5,40.82,40.82,40.82,0.1786,40.82
16.0,3,6,トニーアワード,55.0,戸崎圭太,1:44.2,大,12.8,5.0,[東] 萩原清,2021102428,202405030401,3歳未勝利｜2024年6月9日 | 競馬データベース - netkeiba,2026-05-19T12:31:49.661280,牝,3,426.0,-4.0,0,0,9.25,10.33,37.48,0.0976,0,5,37.48,37.48,37.48,0.0976,37.48
1.0,4,7,ラッキーヤース,57.0,津村明秀,1:25.5,,11.3,3.0,[東] 鈴木伸尋,2021101081,202405030402,3歳未勝利｜2024年6月9日 | 競馬データベース - netkeiba,2026-05-19T12:32:38.004841,牡,3,474.0,-2.0,1,1,6.8,7.0,37.22,0.1282,0,10,37.22,37.22,37.22,0.1282,37.22
2.0,3,5,ユイノコミチ,57.0,田辺裕信,1:25.6,1/2,1.4,1.0,[東] 竹内正洋,2021101459,202405030402,3歳未勝利｜2024年6月9日 | 競馬データベース - netkeiba,2026-05-19T12:32:38.004841,牡,3,488.0,0.0,0,1,6.8,7.67,40.26,0.1282,0,5,40.26,40.26,40.26,0.1282,40.26
3.0,7,13,プエルトガレラ,57.0,木幡巧也,1:26.0,2.1/2,15.0,4.0,[東] 小笠倫弘,2021100955,202405030402,3歳未勝利｜2024年6月9日 | 競馬データベース - netkeiba,2026-05-19T12:32:38.004841,牡,3,434.0,-4.0,0,1,4.8,4.67,36.74,0.1724,0,4,36.74,36.74,36.74,0.1724,36.74
4.0,8,15,エッカート,57.0,三浦皇成,1:26.0,ハナ,4.1,2.0,[東] 和田正一,2021106756,202405030402,3歳未勝利｜2024年6月9日 | 競馬データベース - netkeiba,2026-05-19T12:32:38.004841,牡,3,472.0,4.0,0,0,6.2,6.0,38.44,0.1389,0,7,38.44,38.44,38.44,0.1389,38.44
5.0,7,14,ハツワカ,56.0,原優介,1:26.4,2.1/2,18.8,5.0,[東] 矢野英一,2021106693,202405030402,3歳未勝利｜2024年6月9日 | 競馬データベース - netkeiba,2026-05-19T12:32:38.004841,牡,3,464.0,-6.0,0,0,4.0,3.0,39.94,0.2,0,1,39.94,39.94,39.94,0.2,39.94
6.0,6,11,ビックリマーク,57.0,丸田恭介,1:27.1,4,98.2,10.0,[東] 宗像義忠,2021106984,202405030402,3歳未勝利｜2024年6月9日 | 競馬データベース - netkeiba,2026-05-19T12:32:38.004841,牡,3,488.0,-2.0,0,0,6.33,8.5,39.87,0.1364,0,8,39.87,39.87,39.87,0.1364,39.87
7.0,8,16,ホウオウフロイト,57.0,石川裕紀,1:27.2,3/4,36.0,6.0,[東] 加藤和宏,2021103549,202405030402,3歳未勝利｜2024年6月9日 | 競馬データベース - netkeiba,2026-05-19T12:32:38.004841,牡,3,428.0,-6.0,0,0,7.4,8.0,36.2,0.119,0,7,36.2,36.2,36.2,0.119,36.2
8.0,5,9,ノーブルニードル,57.0,柴田大知,1:27.3,1/2,66.7,8.0,[東] 粕谷昌央,2021104382,202405030402,3歳未勝利｜2024年6月9日 | 競馬データベース - netkeiba,2026-05-19T12:32:38.004841,牡,3,526.0,-2.0,0,0,5.0,3.33,39.92,0.1667,0,2,39.92,39.92,39.92,0.1667,39.92
9.0,2,3,ナツリュウオー,55.0,木幡育也,1:27.5,1.1/4,278.5,14.0,[東] 松永康利,2021100125,202405030402,3歳未勝利｜2024年6月9日 | 競馬データベース - netkeiba,2026-05-19T12:32:38.004841,牝,3,430.0,6.0,0,0,7.5,7.33,38.83,0.1176,0,10,38.83,38.83,38.83,0.1176,38.83
10.0,2,4,ハクサンソヌス,52.0,石田拓郎,1:27.5,ハナ,152.8,12.0,[東] 加藤士津,2021100780,202405030402,3歳未勝利｜2024年6月9日 | 競馬データベース - netkeiba,2026-05-19T12:32:38.004841,牝,3,440.0,6.0,0,0,0.0,0.0,0.0,0.0,0,0,0.0,0.0,0.0,0.0,0.0
11.0,1,1,セイウンダキシメテ,55.0,野中悠太,1:28.2,4,55.7,7.0,[東] 土田稔,2021107073,202405030402,3歳未勝利｜2024年6月9日 | 競馬データベース - netkeiba,2026-05-19T12:32:38.004841,牝,3,440.0,-2.0,0,0,7.8,8.0,42.16,0.1136,0,8,42.16,42.16,42.16,0.1136,42.16
12.0,3,6,サンマルファンキー,57.0,岩部純二,1:28.4,1,357.2,15.0,[東] 佐藤吉勝,2021102695,202405030402,3歳未勝利｜2024年6月9日 | 競馬データベース - netkeiba,2026-05-19T12:32:38.004841,牡,3,452.0,2.0,0,0,0.0,0.0,0.0,0.0,0,0,0.0,0.0,0.0,0.0,0.0
13.0,5,10,エラトステネス,57.0,杉原誠人,1:29.1,4,405.5,16.0,[東] 田村康仁,2021103547,202405030402,3歳未勝利｜2024年6月9日 | 競馬データベース - netkeiba,2026-05-19T12:32:38.004841,牡,3,478.0,-4.0,0,0,9.6,10.33,41.16,0.0943,0,10,41.16,41.16,41.16,0.0943,41.16
14.0,4,8,キーシンガー,55.0,菊沢一樹,1:29.3,1.1/2,213.3,13.0,[東] 青木孝文,2021102566,202405030402,3歳未勝利｜2024年6月9日 | 競馬データベース - netkeiba,2026-05-19T12:32:38.004841,牝,3,436.0,4.0,0,0,8.0,9.0,41.66,0.1111,0,8,41.66,41.66,41.66,0.1111,41.66
15.0,6,12,チャーチルテソーロ,57.0,菅原明良,1:29.5,1,79.5,9.0,[東] 高木登,2021102286,202405030402,3歳未勝利｜2024年6月9日 | 競馬データベース - netkeiba,2026-05-19T12:32:38.004841,牡,3,476.0,0.0,0,0,3.2,4.0,40.4,0.2381,0,6,40.4,40.4,40.4,0.2381,40.4
16.0,1,2,ウインウェイウェイ,53.0,藤田菜七,1:30.4,5,110.8,11.0,[東] 本間忍,2021103391,202405030402,3歳未勝利｜2024年6月9日 | 競馬データベース - netkeiba,2026-05-19T12:32:38.004841,牝,3,404.0,0.0,0,0,7.6,7.33,39.44,0.1163,0,9,39.44,39.44,39.44,0.1163,39.44
1.0,5,10,ホウオウフェイント,57.0,菅原明良,1:37.7,,1.1,1.0,[東] 高木登,2021103481,202405030403,3歳未勝利｜2024年6月9日 | 競馬データベース - netkeiba,2026-05-19T12:33:28.029902,牡,3,488.0,0.0,1,1,7.2,5.33,38.66,0.122,0,12,38.66,38.66,38.66,0.122,38.66
2.0,2,4,コスモフレディ,57.0,武藤雅,1:38.1,2.1/2,20.4,4.0,[東] 水野貴広,2021100730,202405030403,3歳未勝利｜2024年6月9日 | 競馬データベース - netkeiba,2026-05-19T12:33:28.029902,牡,3,460.0,8.0,0,1,6.0,5.0,40.04,0.1429,0,8,40.04,40.04,40.04,0.1429,40.04
3.0,3,5,フィージビリティー,57.0,岩田望来,1:38.4,2,8.1,2.0,[東] 栗田徹,2021106626,202405030403,3歳未勝利｜2024年6月9日 | 競馬データベース - netkeiba,2026-05-19T12:33:28.029902,牡,3,510.0,6.0,0,1,4.2,4.67,38.82,0.1923,0,7,38.82,38.82,38.82,0.1923,38.82
4.0,7,14,タキザクラ,57.0,三浦皇成,1:38.6,1.1/2,16.2,3.0,[東] 稲垣幸雄,2021100180,202405030403,3歳未勝利｜2024年6月9日 | 競馬データベース - netkeiba,2026-05-19T12:33:28.029902,牡,3,466.0,-4.0,0,0,8.6,9.0,42.1,0.1042,0,9,42.1,42.1,42.1,0.1042,42.1
5.0,5,9,エルキーオ,54.0,石田拓郎,1:38.8,1,81.9,8.0,[東] 新開幸一,2021101881,202405030403,3歳未勝利｜2024年6月9日 | 競馬データベース - netkeiba,2026-05-19T12:33:28.029902,牡,3,488.0,-4.0,0,0,5.0,3.0,40.66,0.1667,0,5,40.66,40.66,40.66,0.1667,40.66
6.0,7,13,グラスフェロー,57.0,柴田善臣,1:38.9,1,42.2,7.0,[東] 佐藤吉勝,2021103906,202405030403,3歳未勝利｜2024年6月9日 | 競馬データベース - netkeiba,2026-05-19T12:33:28.029902,セ,3,460.0,-4.0,0,0,5.8,5.33,41.74,0.1471,0,6,41.74,41.74,41.74,0.1471,41.74
7.0,1,1,キョウエイブラーボ,57.0,丸田恭介,1:39.3,2.1/2,171.6,11.0,[東] 伊坂重信,2021103362,202405030403,3歳未勝利｜2024年6月9日 | 競馬データベース - netkeiba,2026-05-19T12:33:28.029902,牡,3,464.0,-4.0,0,0,4.6,5.0,40.28,0.1786,0,7,40.28,40.28,40.28,0.1786,40.28
8.0,2,3,レッドラウル,57.0,横山典弘,1:39.4,1/2,26.6,5.0,[東] 国枝栄,2021103233,202405030403,3歳未勝利｜2024年6月9日 | 競馬データベース - netkeiba,2026-05-19T12:33:28.029902,牡,3,542.0,0.0,0,0,8.2,7.67,38.14,0.1087,0,8,38.14,38.14,38.14,0.1087,38.14
9.0,8,16,カドサンガンバル,57.0,菊沢一樹,1:39.5,クビ,176.9,12.0,[東] 岩戸孝樹,2021104264,202405030403,3歳未勝利｜2024年6月9日 | 競馬データベース - netkeiba,2026-05-19T12:33:28.029902,牡,3,452.0,-12.0,0,0,5.2,5.0,40.76,0.1613,0,3,40.76,40.76,40.76,0.1613,40.76
10.0,3,6,バティックオーレ,53.0,大江原比,1:40.2,4,363.3,16.0,[東] 青木孝文,2021104664,202405030403,3歳未勝利｜2024年6月9日 | 競馬データベース - netkeiba,2026-05-19T12:33:28.029902,牡,3,456.0,0.0,0,0,5.6,4.33,40.52,0.1515,0,8,40.52,40.52,40.52,0.1515,40.52
11.0,8,15,バルサミコ,55.0,柴田大知,1:40.3,1/2,116.7,9.0,[東] 小手川準,2021103798,202405030403,3歳未勝利｜2024年6月9日 | 競馬データベース - netkeiba,2026-05-19T12:33:28.029902,牝,3,424.0,2.0,0,0,7.8,8.33,37.96,0.1136,0,10,37.96,37.96,37.96,0.1136,37.96
12.0,4,8,ライヴロッキー,57.0,石橋脩,1:40.6,1.3/4,190.5,13.0,[東] 尾形和幸,2021104000,202405030403,3歳未勝利｜2024年6月9日 | 競馬データベース - netkeiba,2026-05-19T12:33:28.029902,牡,3,490.0,8.0,0,0,4.6,3.33,38.94,0.1786,0,8,38.94,38.94,38.94,0.1786,38.94
13.0,6,11,サトノリアン,57.0,オシェア,1:41.2,4,35.2,6.0,[東] 国枝栄,2021104155,202405030403,3歳未勝利｜2024年6月9日 | 競馬データベース - netkeiba,2026-05-19T12:33:28.029902,牡,3,480.0,-4.0,0,0,6.8,7.0,38.5,0.1282,0,5,38.5,38.5,38.5,0.1282,38.5
14.0,6,12,エクラメテオール,57.0,内田博幸,1:41.9,4,313.4,15.0,[東] 堀内岳志,2021103492,202405030403,3歳未勝利｜2024年6月9日 | 競馬データベース - netkeiba,2026-05-19T12:33:28.029902,牡,3,490.0,4.0,0,0,12.2,10.33,44.0,0.0758,0,11,44.0,44.0,44.0,0.0758,44.0
15.0,1,2,ラヴシュプリーム,56.0,横山琉人,1:42.1,1,125.5,10.0,[東] 鈴木慎太,2021103686,202405030403,3歳未勝利｜2024年6月9日 | 競馬データベース - netkeiba,2026-05-19T12:33:28.029902,牡,3,460.0,4.0,0,0,12.0,12.0,43.42,0.0769,0,12,43.42,43.42,43.42,0.0769,43.42
16.0,4,7,シトパレード,57.0,杉原誠人,1:43.0,5,229.4,14.0,[東] 松山将樹,2021104458,202405030403,3歳未勝利｜2024年6月9日 | 競馬データベース - netkeiba,2026-05-19T12:33:28.029902,牡,3,490.0,-4.0,0,0,16.0,16.0,39.88,0.0588,0,16,39.88,39.88,39.88,0.0588,39.88
1.0,6,10,ズイウンゴサイ,53.0,大江原比,2:27.5,,10.9,4.0,[東] 武市康男,2021100597,202405030404,3歳未勝利｜2024年6月9日 | 競馬データベース - netkeiba,2026-05-19T12:34:15.080554,牡,3,458.0,0.0,1,1,5.8,5.67,33.94,0.1471,0,5,33.94,33.94,33.94,0.1471,33.94
2.0,5,8,ダノンロッキー,57.0,戸崎圭太,2:27.6,クビ,2.9,1.0,[東] 萩原清,2021105654,202405030404,3歳未勝利｜2024年6月9日 | 競馬データベース - netkeiba,2026-05-19T12:34:15.080554,牡,3,496.0,2.0,0,1,3.4,3.0,0.0,0.2273,0,6,0.0,0.0,0.0,0.2273,0.0
3.0,3,5,シドニーライト,57.0,江田照男,2:27.8,1.1/2,13.5,5.0,[東] 中舘英二,2021100649,202405030404,3歳未勝利｜2024年6月9日 | 競馬データベース - netkeiba,2026-05-19T12:34:15.080554,牡,3,462.0,-2.0,0,1,6.8,3.0,35.32,0.1282,0,1,35.32,35.32,35.32,0.1282,35.32
4.0,5,9,ボクラヲツナグモノ,57.0,菅原明良,2:27.9,3/4,3.1,2.0,[東] 清水英克,2021100441,202405030404,3歳未勝利｜2024年6月9日 | 競馬データベース - netkeiba,2026-05-19T12:34:15.080554,牡,3,452.0,16.0,0,0,8.0,7.0,35.48,0.1111,0,12,35.48,35.48,35.48,0.1111,35.48
5.0,7,12,スカイブライトネス,56.0,原優介,2:27.9,アタマ,49.4,8.0,[東] 蛯名正義,2021107175,202405030404,3歳未勝利｜2024年6月9日 | 競馬データベース - netkeiba,2026-05-19T12:34:15.080554,牡,3,454.0,-8.0,0,0,3.6,4.33,39.38,0.2174,0,2,39.38,39.38,39.38,0.2174,39.38
6.0,6,11,テイキットイージー,57.0,津村明秀,2:27.9,ハナ,15.8,6.0,[東] 萱野浩二,2021101088,202405030404,3歳未勝利｜2024年6月9日 | 競馬データベース - netkeiba,2026-05-19T12:34:15.080554,牡,3,430.0,2.0,0,0,8.0,6.67,36.04,0.1111,0,6,36.04,36.04,36.04,0.1111,36.04
7.0,2,2,ヒットアンドロール,57.0,丸田恭介,2:28.2,1.3/4,30.4,7.0,[東] 宗像義忠,2021104974,202405030404,3歳未勝利｜2024年6月9日 | 競馬データベース - netkeiba,2026-05-19T12:34:15.080554,牡,3,436.0,-4.0,0,0,6.2,8.33,0.0,0.1389,0,6,0.0,0.0,0.0,0.1389,0.0
8.0,4,6,マジェンカ,55.0,柴田善臣,2:28.3,クビ,266.1,15.0,[東] 大和田成,2021107241,202405030404,3歳未勝利｜2024年6月9日 | 競馬データベース - netkeiba,2026-05-19T12:34:15.080554,牝,3,422.0,4.0,0,0,3.6,5.0,40.48,0.2174,0,7,40.48,40.48,40.48,0.2174,40.48
9.0,2,3,レギウス,54.0,石神深道,2:28.5,1.1/2,61.9,11.0,[東] 森一誠,2021103048,202405030404,3歳未勝利｜2024年6月9日 | 競馬データベース - netkeiba,2026-05-19T12:34:15.080554,牡,3,456.0,0.0,0,0,0.0,0.0,0.0,0.0,0,0,0.0,0.0,0.0,0.0,0.0
10.0,8,14,ヘヴンズクライ,57.0,田辺裕信,2:28.5,クビ,4.2,3.0,[東] 大竹正博,2021105981,202405030404,3歳未勝利｜2024年6月9日 | 競馬データベース - netkeiba,2026-05-19T12:34:15.080554,牡,3,414.0,-6.0,0,0,0.0,0.0,0.0,0.0,0,0,0.0,0.0,0.0,0.0,0.0
11.0,8,15,レッドハルバード,57.0,北村友一,2:28.7,1.1/4,200.2,14.0,[東] 尾関知人,2021104921,202405030404,3歳未勝利｜2024年6月9日 | 競馬データベース - netkeiba,2026-05-19T12:34:15.080554,セ,3,460.0,2.0,0,0,11.8,11.33,36.24,0.0781,0,14,36.24,36.24,36.24,0.0781,36.24
12.0,1,1,エウロス,54.0,石田拓郎,2:29.0,1.3/4,60.4,10.0,[東] 奥平雅士,2021100825,202405030404,3歳未勝利｜2024年6月9日 | 競馬データベース - netkeiba,2026-05-19T12:34:15.080554,牡,3,430.0,-4.0,0,0,3.5,3.0,39.0,0.2222,0,3,39.0,39.0,39.0,0.2222,39.0
13.0,4,7,チュウワダイオウ,57.0,伊藤工真,2:29.6,3.1/2,54.9,9.0,[東] 林徹,2021102294,202405030404,3歳未勝利｜2024年6月9日 | 競馬データベース - netkeiba,2026-05-19T12:34:15.080554,セ,3,434.0,4.0,0,0,5.0,4.67,38.64,0.1667,0,4,38.64,38.64,38.64,0.1667,38.64
14.0,3,4,アルディオール,57.0,吉田豊,2:29.7,3/4,111.3,13.0,[東] 田中剛,2021101721,202405030404,3歳未勝利｜2024年6月9日 | 競馬データベース - netkeiba,2026-05-19T12:34:15.080554,牡,3,456.0,2.0,0,0,8.2,9.0,40.6,0.1087,0,8,40.6,40.6,40.6,0.1087,40.6
15.0,7,13,キタサンクリーガー,57.0,北村宏司,2:31.4,10,90.8,12.0,[東] 奥村武,2021104036,202405030404,3歳未勝利｜2024年6月9日 | 競馬データベース - netkeiba,2026-05-19T12:34:15.080554,牡,3,498.0,-8.0,0,0,13.5,13.5,37.2,0.069,0,15,37.2,37.2,37.2,0.069,37.2
1.0,6,6,クロワデュノール,55.0,北村友一,1:46.7,,6.1,3.0,[西] 斉藤崇史,2022105102,202405030405,2歳新馬｜2024年6月9日 | 競馬データベース - netkeiba,2026-05-19T12:34:56.898047,牡,2,480.0,0.0,1,1,4.2,2.0,34.73,0.1923,0,1,34.73,34.73,34.73,0.1923,34.73
2.0,7,8,アルレッキーノ,55.0,ルメール,1:47.1,2.1/2,1.7,1.0,[東] 国枝栄,2022104898,202405030405,2歳新馬｜2024年6月9日 | 競馬データベース - netkeiba,2026-05-19T12:34:56.898047,牡,2,460.0,0.0,0,1,6.8,5.0,35.58,0.1282,0,11,35.58,35.58,35.58,0.1282,35.58
3.0,7,9,ウィンスタンリー,55.0,菅原明良,1:47.8,4,18.3,4.0,[東] 黒岩陽一,2022104684,202405030405,2歳新馬｜2024年6月9日 | 競馬データベース - netkeiba,2026-05-19T12:34:56.898047,牡,2,480.0,0.0,0,1,4.6,4.0,36.3,0.1786,0,8,36.3,36.3,36.3,0.1786,36.3
4.0,5,5,アクアジェット,55.0,津村明秀,1:47.9,1,36.0,7.0,[東] 岩戸孝樹,2022104076,202405030405,2歳新馬｜2024年6月9日 | 競馬データベース - netkeiba,2026-05-19T12:34:56.898047,牡,2,438.0,0.0,0,0,3.0,3.67,39.66,0.25,0,4,39.66,39.66,39.66,0.25,39.66
5.0,1,1,ライヴバフィ,55.0,木幡巧也,1:48.4,3,137.1,11.0,[東] 牧光二,2022102498,202405030405,2歳新馬｜2024年6月9日 | 競馬データベース - netkeiba,2026-05-19T12:34:56.898047,牡,2,452.0,0.0,0,0,4.8,3.33,38.18,0.1724,0,2,38.18,38.18,38.18,0.1724,38.18
6.0,6,7,ニシノタンギー,55.0,武藤雅,1:49.1,4,30.4,6.0,[東] 水野貴広,2022100540,202405030405,2歳新馬｜2024年6月9日 | 競馬データベース - netkeiba,2026-05-19T12:34:56.898047,牡,2,458.0,0.0,0,0,12.4,12.0,35.12,0.0746,0,12,35.12,35.12,35.12,0.0746,35.12
7.0,4,4,シュガーハイ,55.0,北村宏司,1:49.9,5,82.0,10.0,[東] 加藤士津,2022104177,202405030405,2歳新馬｜2024年6月9日 | 競馬データベース - netkeiba,2026-05-19T12:34:56.898047,牡,2,500.0,0.0,0,0,7.8,8.67,38.88,0.1136,0,11,38.88,38.88,38.88,0.1136,38.88
8.0,8,10,プルクワ,55.0,戸崎圭太,1:50.0,1,28.8,5.0,[西] 奥村豊,2022105714,202405030405,2歳新馬｜2024年6月9日 | 競馬データベース - netkeiba,2026-05-19T12:34:56.898047,牡,2,466.0,0.0,0,0,2.8,2.33,39.8,0.2632,0,2,39.8,39.8,39.8,0.2632,39.8
9.0,8,11,ジャスパークロス,55.0,御神本訓,1:50.1,1/2,73.8,9.0,[西] 森秀行,2022110085,202405030405,2歳新馬｜2024年6月9日 | 競馬データベース - netkeiba,2026-05-19T12:34:56.898047,牡,2,484.0,0.0,0,0,9.0,9.0,36.0,0.1,0,9,36.0,36.0,36.0,0.1,36.0
10.0,2,2,ブラックセイバー,55.0,岩田望来,1:50.2,3/4,3.2,2.0,[東] 栗田徹,2022105699,202405030405,2歳新馬｜2024年6月9日 | 競馬データベース - netkeiba,2026-05-19T12:34:56.898047,牡,2,484.0,0.0,0,0,8.0,7.33,38.3,0.1111,0,4,38.3,38.3,38.3,0.1111,38.3
11.0,3,3,ダイシンレアレア,55.0,石川裕紀,1:52.8,大,65.7,8.0,[西] 高橋一哉,2022106566,202405030405,2歳新馬｜2024年6月9日 | 競馬データベース - netkeiba,2026-05-19T12:34:56.898047,牡,2,476.0,0.0,0,0,5.8,4.0,39.22,0.1471,0,3,39.22,39.22,39.22,0.1471,39.22
1.0,7,14,レッドアトレーヴ,57.0,ルメール,1:33.7,,1.3,1.0,[東] 手塚貴久,2021105837,202405030406,3歳未勝利｜2024年6月9日 | 競馬データベース - netkeiba,2026-05-19T12:35:34.619304,牡,3,476.0,-4.0,1,1,8.6,9.33,33.9,0.1042,0,15,33.9,33.9,33.9,0.1042,33.9
2.0,4,7,モデルニスモ,55.0,岩田望来,1:33.9,1.1/4,17.3,4.0,[東] 斎藤誠,2021105158,202405030406,3歳未勝利｜2024年6月9日 | 競馬データベース - netkeiba,2026-05-19T12:35:34.619304,牝,3,472.0,-10.0,0,1,9.0,7.0,36.15,0.1,0,13,36.15,36.15,36.15,0.1,36.15
3.0,2,4,グレートスピリット,57.0,菊沢一樹,1:34.0,1/2,91.8,9.0,[東] 菊沢隆徳,2021103981,202405030406,3歳未勝利｜2024年6月9日 | 競馬データベース - netkeiba,2026-05-19T12:35:34.619304,牡,3,520.0,5.0,0,1,5.6,6.33,41.0,0.1515,0,12,41.0,41.0,41.0,0.1515,41.0
4.0,2,3,アートハラン,55.0,丸田恭介,1:34.1,1,239.0,12.0,[東] 大竹正博,2021103174,202405030406,3歳未勝利｜2024年6月9日 | 競馬データベース - netkeiba,2026-05-19T12:35:34.619304,牝,3,452.0,10.0,0,0,6.4,7.0,42.02,0.1351,0,12,42.02,42.02,42.02,0.1351,42.02
5.0,8,17,ダイシンネイビー,57.0,北村友一,1:34.3,1,19.2,5.0,[東] 戸田博文,2021106551,202405030406,3歳未勝利｜2024年6月9日 | 競馬データベース - netkeiba,2026-05-19T12:35:34.619304,牡,3,488.0,0.0,0,0,11.2,12.0,40.43,0.082,0,10,40.43,40.43,40.43,0.082,40.43
6.0,8,18,グローリアミノル,57.0,田辺裕信,1:34.5,1.1/4,5.4,2.0,[東] 中舘英二,2021104432,202405030406,3歳未勝利｜2024年6月9日 | 競馬データベース - netkeiba,2026-05-19T12:35:34.619304,牡,3,460.0,0.0,0,0,8.0,12.33,38.14,0.1111,0,14,38.14,38.14,38.14,0.1111,38.14
7.0,4,8,ベルウッドボヌール,57.0,木幡巧也,1:34.5,ハナ,39.1,7.0,[東] 本間忍,2021106921,202405030406,3歳未勝利｜2024年6月9日 | 競馬データベース - netkeiba,2026-05-19T12:35:34.619304,牡,3,460.0,-4.0,0,0,3.4,3.33,40.4,0.2273,0,5,40.4,40.4,40.4,0.2273,40.4
8.0,1,1,ユウキヒャクバイ,56.0,原優介,1:34.6,3/4,51.9,8.0,[東] 加藤和宏,2021101644,202405030406,3歳未勝利｜2024年6月9日 | 競馬データベース - netkeiba,2026-05-19T12:35:34.619304,牡,3,494.0,-4.0,0,0,6.4,8.67,42.26,0.1351,0,11,42.26,42.26,42.26,0.1351,42.26
9.0,6,12,カジカライズ,57.0,菅原明良,1:34.6,クビ,25.8,6.0,[東] 久保田貴,2021106519,202405030406,3歳未勝利｜2024年6月9日 | 競馬データベース - netkeiba,2026-05-19T12:35:34.619304,牡,3,426.0,0.0,0,0,5.6,3.33,40.68,0.1515,0,2,40.68,40.68,40.68,0.1515,40.68
10.0,1,2,ヤルヤン,55.0,石橋脩,1:35.1,2.1/2,15.1,3.0,[東] 伊藤大士,2021110166,202405030406,3歳未勝利｜2024年6月9日 | 競馬データベース - netkeiba,2026-05-19T12:35:34.619304,牡,3,444.0,0.0,0,0,4.0,5.0,40.24,0.2,0,5,40.24,40.24,40.24,0.2,40.24
11.0,3,5,ティファニーユー,52.0,石神深道,1:35.3,1.1/4,254.3,13.0,[東] 岩戸孝樹,2021100749,202405030406,3歳未勝利｜2024年6月9日 | 競馬データベース - netkeiba,2026-05-19T12:35:34.619304,牝,3,428.0,0.0,0,0,6.6,7.33,42.16,0.1316,0,9,42.16,42.16,42.16,0.1316,42.16
12.0,5,10,エルキュール,52.0,土田真翔,1:35.5,1.1/2,277.7,14.0,[東] 天間昭一,2021100288,202405030406,3歳未勝利｜2024年6月9日 | 競馬データベース - netkeiba,2026-05-19T12:35:34.619304,牝,3,426.0,-2.0,0,0,4.2,4.67,40.22,0.1923,0,7,40.22,40.22,40.22,0.1923,40.22
13.0,5,9,オルセー,57.0,江田照男,1:35.7,1.1/4,327.2,17.0,[東] 加藤征弘,2021102012,202405030406,3歳未勝利｜2024年6月9日 | 競馬データベース - netkeiba,2026-05-19T12:35:34.619304,牡,3,446.0,12.0,0,0,12.2,11.33,39.56,0.0758,0,7,39.56,39.56,39.56,0.0758,39.56
14.0,6,11,ヘブンズサウンド,56.0,横山琉人,1:36.0,1.3/4,233.2,11.0,[東] 武藤善則,2021103551,202405030406,3歳未勝利｜2024年6月9日 | 競馬データベース - netkeiba,2026-05-19T12:35:34.619304,牡,3,412.0,-2.0,0,0,10.2,10.33,40.68,0.0893,0,10,40.68,40.68,40.68,0.0893,40.68
15.0,3,6,ラテラルアーク,52.0,佐藤翔馬,1:36.4,2.1/2,343.7,18.0,[東] 伊藤伸一,2021101839,202405030406,3歳未勝利｜2024年6月9日 | 競馬データベース - netkeiba,2026-05-19T12:35:34.619304,牝,3,426.0,-8.0,0,0,9.4,9.0,43.82,0.0962,0,11,43.82,43.82,43.82,0.0962,43.82
16.0,7,13,サイモンモーニング,57.0,オシェア,1:36.4,アタマ,109.2,10.0,[東] 勢司和浩,2021103106,202405030406,3歳未勝利｜2024年6月9日 | 競馬データベース - netkeiba,2026-05-19T12:35:34.619304,牡,3,428.0,-10.0,0,0,5.6,6.33,40.56,0.1515,0,10,40.56,40.56,40.56,0.1515,40.56
17.0,8,16,ミリオーレアルバ,57.0,野中悠太,1:36.7,2,285.3,15.0,[東] 加藤和宏,2021105090,202405030406,3歳未勝利｜2024年6月9日 | 競馬データベース - netkeiba,2026-05-19T12:35:34.619304,牡,3,476.0,4.0,0,0,6.4,5.33,40.74,0.1351,0,3,40.74,40.74,40.74,0.1351,40.74
18.0,7,15,ジーティージン,57.0,杉原誠人,1:37.2,3,311.5,16.0,[東] 石栗龍彦,2021100119,202405030406,3歳未勝利｜2024年6月9日 | 競馬データベース - netkeiba,2026-05-19T12:35:34.619304,牡,3,490.0,0.0,0,0,1.8,1.67,38.86,0.3571,0,2,38.86,38.86,38.86,0.3571,38.86
1.0,5,7,ルージュスタニング,53.0,戸崎圭太,1:36.9,,3.2,2.0,[西] 友道康夫,2021105775,202405030407,3歳以上1勝クラス｜2024年6月9日 | 競馬データベース - netkeiba,2026-05-19T12:36:22.729081,牝,3,500.0,6.0,1,1,5.0,6.0,36.64,0.1667,0,1,36.64,36.64,36.64,0.1667,36.64
2.0,5,8,エリカサファイア,53.0,岩田望来,1:37.0,1/2,1.7,1.0,[東] 堀宣行,2021103732,202405030407,3歳以上1勝クラス｜2024年6月9日 | 競馬データベース - netkeiba,2026-05-19T12:36:22.729081,牝,3,496.0,0.0,0,1,5.8,6.33,38.38,0.1471,0,5,38.38,38.38,38.38,0.1471,38.38
3.0,6,10,プチブール,52.0,原優介,1:37.4,2.1/2,10.9,4.0,[東] 小西一男,2021104205,202405030407,3歳以上1勝クラス｜2024年6月9日 | 競馬データベース - netkeiba,2026-05-19T12:36:22.729081,牝,3,440.0,-6.0,0,1,6.2,8.33,37.26,0.1389,0,4,37.26,37.26,37.26,0.1389,37.26
4.0,8,13,ラズライト,56.0,木幡巧也,1:37.7,1.1/2,152.6,10.0,[東] 松山将樹,2019103122,202405030407,3歳以上1勝クラス｜2024年6月9日 | 競馬データベース - netkeiba,2026-05-19T12:36:22.729081,牝,5,442.0,2.0,0,0,3.8,3.67,37.78,0.2083,0,4,37.78,37.78,37.78,0.2083,37.78
5.0,3,4,エイシンホイップ,53.0,吉田豊,1:37.7,クビ,38.9,6.0,[東] 田中剛,2021100088,202405030407,3歳以上1勝クラス｜2024年6月9日 | 競馬データベース - netkeiba,2026-05-19T12:36:22.729081,牝,3,462.0,0.0,0,0,4.0,4.0,37.2,0.2,0,3,37.2,37.2,37.2,0.2,37.2
6.0,4,6,アルヴィエンヌ,56.0,ルメール,1:37.9,1.1/4,6.8,3.0,[東] 林徹,2020103225,202405030407,3歳以上1勝クラス｜2024年6月9日 | 競馬データベース - netkeiba,2026-05-19T12:36:22.729081,牝,4,466.0,-6.0,0,0,8.0,8.67,39.44,0.1111,0,8,39.44,39.44,39.44,0.1111,39.44
7.0,6,9,フイノマジワリ,53.0,オシェア,1:38.2,2,28.1,5.0,[東] 竹内正洋,2021101415,202405030407,3歳以上1勝クラス｜2024年6月9日 | 競馬データベース - netkeiba,2026-05-19T12:36:22.729081,牝,3,440.0,4.0,0,0,5.6,5.67,39.44,0.1515,0,8,39.44,39.44,39.44,0.1515,39.44
8.0,4,5,クイーンオブソウル,56.0,津村明秀,1:38.3,クビ,52.3,7.0,[東] 林徹,2020102995,202405030407,3歳以上1勝クラス｜2024年6月9日 | 競馬データベース - netkeiba,2026-05-19T12:36:22.729081,牝,4,462.0,-8.0,0,0,8.0,5.0,38.68,0.1111,0,1,38.68,38.68,38.68,0.1111,38.68
9.0,8,14,シウン,56.0,菊沢一樹,1:38.4,1/2,452.3,14.0,[東] 矢野英一,2019105420,202405030407,3歳以上1勝クラス｜2024年6月9日 | 競馬データベース - netkeiba,2026-05-19T12:36:22.729081,牝,5,472.0,-2.0,0,0,14.0,13.33,37.82,0.0667,0,14,37.82,37.82,37.82,0.0667,37.82
10.0,7,11,トーセンクライネ,53.0,江田照男,1:39.1,4,91.9,9.0,[東] 田村康仁,2021104724,202405030407,3歳以上1勝クラス｜2024年6月9日 | 競馬データベース - netkeiba,2026-05-19T12:36:22.729081,牝,3,438.0,-10.0,0,0,7.25,9.33,35.7,0.1212,0,10,35.7,35.7,35.7,0.1212,35.7
11.0,3,3,オランジー,56.0,武藤雅,1:39.1,クビ,261.6,12.0,[東] 青木孝文,2020103375,202405030407,3歳以上1勝クラス｜2024年6月9日 | 競馬データベース - netkeiba,2026-05-19T12:36:22.729081,牝,4,444.0,-2.0,0,0,0.0,0.0,0.0,0.0,0,0,0.0,0.0,0.0,0.0,0.0
12.0,1,1,ゼンリョクダンス,54.0,藤田菜七,1:39.1,ハナ,250.0,11.0,[東] 鈴木慎太,2020102393,202405030407,3歳以上1勝クラス｜2024年6月9日 | 競馬データベース - netkeiba,2026-05-19T12:36:22.729081,牝,4,466.0,12.0,0,0,7.8,8.67,39.84,0.1136,0,10,39.84,39.84,39.84,0.1136,39.84
13.0,2,2,トゥピ,56.0,三浦皇成,1:39.3,1,62.1,8.0,[東] 田村康仁,2020106776,202405030407,3歳以上1勝クラス｜2024年6月9日 | 競馬データベース - netkeiba,2026-05-19T12:36:22.729081,牝,4,464.0,-2.0,0,0,7.6,8.67,38.16,0.1163,0,1,38.16,38.16,38.16,0.1163,38.16
14.0,7,12,レオエンプレス,50.0,大江原比,1:39.8,3,330.9,13.0,[東] 奥平雅士,2021100060,202405030407,3歳以上1勝クラス｜2024年6月9日 | 競馬データベース - netkeiba,2026-05-19T12:36:22.729081,牝,3,482.0,6.0,0,0,13.8,15.67,37.76,0.0676,0,16,37.76,37.76,37.76,0.0676,37.76
1.0,4,4,ヴィレム,55.0,北村宏司,1:59.5,,2.4,2.0,[西] 藤原英昭,2021106738,202405030408,3歳以上1勝クラス｜2024年6月9日 | 競馬データベース - netkeiba,2026-05-19T12:37:04.094222,牡,3,510.0,-2.0,1,1,3.2,3.0,33.58,0.2381,0,6,33.58,33.58,33.58,0.2381,33.58
2.0,2,2,スティンガーグラス,55.0,ルメール,1:59.6,1/2,1.9,1.0,[東] 木村哲也,2021105829,202405030408,3歳以上1勝クラス｜2024年6月9日 | 競馬データベース - netkeiba,2026-05-19T12:37:04.094222,牡,3,476.0,6.0,0,1,3.2,1.33,35.26,0.2381,0,1,35.26,35.26,35.26,0.2381,35.26
3.0,7,8,ブラックヴァール,56.0,吉田豊,1:59.9,1.3/4,16.0,4.0,[東] 菊川正達,2020100742,202405030408,3歳以上1勝クラス｜2024年6月9日 | 競馬データベース - netkeiba,2026-05-19T12:37:04.094222,牝,4,456.0,2.0,0,1,5.0,7.0,36.02,0.1667,0,7,36.02,36.02,36.02,0.1667,36.02
4.0,1,1,スパークタイムリー,55.0,横山琉人,2:00.2,1.3/4,69.2,8.0,[東] 小島茂之,2020103440,202405030408,3歳以上1勝クラス｜2024年6月9日 | 競馬データベース - netkeiba,2026-05-19T12:37:04.094222,牝,4,460.0,-4.0,0,0,9.4,11.33,36.8,0.0962,0,7,36.8,36.8,36.8,0.0962,36.8
5.0,8,10,ロードヴェスパー,55.0,田辺裕信,2:00.4,1.1/4,21.8,5.0,[東] 和田勇介,2021100136,202405030408,3歳以上1勝クラス｜2024年6月9日 | 競馬データベース - netkeiba,2026-05-19T12:37:04.094222,牡,3,440.0,2.0,0,0,8.0,9.0,40.84,0.1111,0,9,40.84,40.84,40.84,0.1111,40.84
6.0,6,7,ユイアングレイス,56.0,藤田菜七,2:01.0,3.1/2,84.5,9.0,[東] 矢嶋大樹,2020100257,202405030408,3歳以上1勝クラス｜2024年6月9日 | 競馬データベース - netkeiba,2026-05-19T12:37:04.094222,牡,4,444.0,-14.0,0,0,5.8,5.33,40.8,0.1471,0,4,40.8,40.8,40.8,0.1471,40.8
7.0,3,3,ドゥムーラン,56.0,岩田望来,2:01.1,1/2,6.9,3.0,[東] 尾関知人,2020103219,202405030408,3歳以上1勝クラス｜2024年6月9日 | 競馬データベース - netkeiba,2026-05-19T12:37:04.094222,牝,4,460.0,8.0,0,0,12.4,12.67,36.38,0.0746,0,13,36.38,36.38,36.38,0.0746,36.38
8.0,8,11,トワイライトウェイ,55.0,御神本訓,2:01.6,3,54.0,7.0,[地] 佐藤裕太,2021105237,202405030408,3歳以上1勝クラス｜2024年6月9日 | 競馬データベース - netkeiba,2026-05-19T12:37:04.094222,牡,3,474.0,-2.0,0,0,5.6,5.0,38.44,0.1515,0,11,38.44,38.44,38.44,0.1515,38.44
9.0,5,5,サーストンシカゴ,58.0,的場勇人,2:01.9,1.3/4,118.9,10.0,[東] 的場均,2017103353,202405030408,3歳以上1勝クラス｜2024年6月9日 | 競馬データベース - netkeiba,2026-05-19T12:37:04.094222,セ,7,514.0,6.0,0,0,8.6,8.67,36.32,0.1042,0,10,36.32,36.32,36.32,0.1042,36.32
10.0,6,6,ウイングランブルー,58.0,菊沢一樹,2:02.5,3.1/2,50.4,6.0,[東] 深山雅史,2020105211,202405030408,3歳以上1勝クラス｜2024年6月9日 | 競馬データベース - netkeiba,2026-05-19T12:37:04.094222,牡,4,468.0,0.0,0,0,8.2,9.33,0.0,0.1087,0,8,0.0,0.0,0.0,0.1087,0.0
11.0,7,9,アンノウンレディ,56.0,オシェア,2:03.9,9,210.8,11.0,[東] 清水英克,2020105797,202405030408,3歳以上1勝クラス｜2024年6月9日 | 競馬データベース - netkeiba,2026-05-19T12:37:04.094222,牝,4,454.0,6.0,0,0,11.4,10.67,37.06,0.0806,0,13,37.06,37.06,37.06,0.0806,37.06
1.0,1,1,ベルウッドグラス,58.0,木幡巧也,2:10.8,,13.7,6.0,[東] 牧光二,2020104945,202405030409,八王子特別｜2024年6月9日 | 競馬データベース - netkeiba,2026-05-19T12:37:35.325042,牡,4,488.0,0.0,1,1,5.0,7.0,40.98,0.1667,0,4,40.98,40.98,40.98,0.1667,40.98
2.0,2,2,トクシースタローン,58.0,内田博幸,2:10.9,1/2,3.1,1.0,[東] 辻哲英,2019103728,202405030409,八王子特別｜2024年6月9日 | 競馬データベース - netkeiba,2026-05-19T12:37:35.325042,牡,5,502.0,4.0,0,1,5.8,7.33,38.08,0.1471,0,8,38.08,38.08,38.08,0.1471,38.08
3.0,7,9,ムジェロ,58.0,戸崎圭太,2:11.0,クビ,4.2,2.0,[西] 藤原英昭,2020103414,202405030409,八王子特別｜2024年6月9日 | 競馬データベース - netkeiba,2026-05-19T12:37:35.325042,牡,4,512.0,-2.0,0,1,3.6,4.0,38.8,0.2174,0,4,38.8,38.8,38.8,0.2174,38.8
4.0,5,5,サハラヴァンクール,58.0,田辺裕信,2:11.2,1.1/4,57.9,10.0,[東] 和田勇介,2018101704,202405030409,八王子特別｜2024年6月9日 | 競馬データベース - netkeiba,2026-05-19T12:37:35.325042,牡,6,484.0,0.0,0,0,7.75,8.5,39.02,0.1143,0,9,39.02,39.02,39.02,0.1143,39.02
5.0,5,6,アメリカンエール,58.0,武藤雅,2:11.2,ハナ,157.4,12.0,[東] 戸田博文,2018110132,202405030409,八王子特別｜2024年6月9日 | 競馬データベース - netkeiba,2026-05-19T12:37:35.325042,セ,6,488.0,0.0,0,0,10.2,11.67,39.7,0.0893,0,11,39.7,39.7,39.7,0.0893,39.7
6.0,6,8,キングサーガ,58.0,オシェア,2:11.4,1.1/2,6.0,4.0,[西] 池江泰寿,2017105439,202405030409,八王子特別｜2024年6月9日 | 競馬データベース - netkeiba,2026-05-19T12:37:35.325042,セ,7,494.0,-2.0,0,0,6.2,7.0,35.8,0.1389,0,11,35.8,35.8,35.8,0.1389,35.8
7.0,7,10,フミヤングフェイス,58.0,松本大輝,2:11.9,3,5.1,3.0,[西] 新谷功一,2020101960,202405030409,八王子特別｜2024年6月9日 | 競馬データベース - netkeiba,2026-05-19T12:37:35.325042,牡,4,506.0,-10.0,0,0,4.8,5.33,37.34,0.1724,0,7,37.34,37.34,37.34,0.1724,37.34
8.0,8,11,アンクラウデッド,58.0,原優介,2:12.4,3.1/2,57.5,9.0,[東] 古賀慎明,2018104503,202405030409,八王子特別｜2024年6月9日 | 競馬データベース - netkeiba,2026-05-19T12:37:35.325042,牡,6,504.0,4.0,0,0,6.5,6.0,37.75,0.1333,0,5,37.75,37.75,37.75,0.1333,37.75
9.0,4,4,コウユーパパニニテ,58.0,吉田豊,2:13.0,3.1/2,42.8,8.0,[東] 辻哲英,2019100119,202405030409,八王子特別｜2024年6月9日 | 競馬データベース - netkeiba,2026-05-19T12:37:35.325042,牡,5,526.0,2.0,0,0,14.6,13.67,40.86,0.0641,0,12,40.86,40.86,40.86,0.0641,40.86
10.0,3,3,ショウサンキズナ,58.0,北村友一,2:13.1,1/2,16.7,7.0,[西] 松下武士,2019102265,202405030409,八王子特別｜2024年6月9日 | 競馬データベース - netkeiba,2026-05-19T12:37:35.325042,牡,5,518.0,-2.0,0,0,3.6,3.33,40.0,0.2174,0,2,40.0,40.0,40.0,0.2174,40.0
11.0,6,7,ロードディフィート,58.0,菅原明良,2:14.6,9,75.9,11.0,[東] 和田勇介,2020102119,202405030409,八王子特別｜2024年6月9日 | 競馬データベース - netkeiba,2026-05-19T12:37:35.325042,牡,4,428.0,-6.0,0,0,0.0,0.0,0.0,0.0,0,0,0.0,0.0,0.0,0.0,0.0
12.0,8,12,ダノンヒューマ,58.0,岩田望来,2:15.0,2.1/2,7.5,5.0,[西] 大久保龍,2020102936,202405030409,八王子特別｜2024年6月9日 | 競馬データベース - netkeiba,2026-05-19T12:37:35.325042,牡,4,476.0,2.0,0,0,6.4,7.33,39.12,0.1351,0,12,39.12,39.12,39.12,0.1351,39.12
1.0,2,4,サンテックス,58.0,岩田望来,1:36.1,,55.7,11.0,[西] 浜田多実,2020100635,202405030410,夏至ステークス｜2024年6月9日 | 競馬データベース - netkeiba,2026-05-19T12:38:12.064534,牡,4,532.0,-4.0,1,1,3.8,4.67,38.25,0.2083,0,11,38.25,38.25,38.25,0.2083,38.25
2.0,2,3,サルヴァトーレ,58.0,菅原明良,1:36.3,1,3.9,2.0,[東] 和田正一,2020100301,202405030410,夏至ステークス｜2024年6月9日 | 競馬データベース - netkeiba,2026-05-19T12:38:12.064534,牡,4,480.0,-2.0,0,1,6.6,5.33,36.92,0.1316,0,4,36.92,36.92,36.92,0.1316,36.92
3.0,3,6,ウェイワードアクト,58.0,戸崎圭太,1:36.3,ハナ,1.9,1.0,[東] 田中博康,2020110024,202405030410,夏至ステークス｜2024年6月9日 | 競馬データベース - netkeiba,2026-05-19T12:38:12.064534,牡,4,542.0,4.0,0,1,2.75,4.5,36.6,0.2667,0,2,36.6,36.6,36.6,0.2667,36.6
4.0,8,16,コンティノアール,58.0,津村明秀,1:36.4,3/4,5.9,3.0,[西] 矢作芳人,2020103785,202405030410,夏至ステークス｜2024年6月9日 | 競馬データベース - netkeiba,2026-05-19T12:38:12.064534,牡,4,544.0,4.0,0,0,11.0,11.67,38.64,0.0833,0,11,38.64,38.64,38.64,0.0833,38.64
5.0,8,15,オンザライン,58.0,石橋脩,1:36.5,3/4,52.0,10.0,[東] 大和田成,2018104646,202405030410,夏至ステークス｜2024年6月9日 | 競馬データベース - netkeiba,2026-05-19T12:38:12.064534,セ,6,452.0,-2.0,0,0,9.2,7.33,37.28,0.098,0,13,37.28,37.28,37.28,0.098,37.28
6.0,7,13,パーティーベル,58.0,ルメール,1:36.6,3/4,12.4,4.0,[西] 松永幹夫,2019104853,202405030410,夏至ステークス｜2024年6月9日 | 競馬データベース - netkeiba,2026-05-19T12:38:12.064534,牡,5,460.0,2.0,0,0,7.8,7.33,39.2,0.1136,0,7,39.2,39.2,39.2,0.1136,39.2
7.0,6,12,マリアナトレンチ,58.0,三浦皇成,1:36.8,1,34.1,7.0,[西] 音無秀孝,2020102737,202405030410,夏至ステークス｜2024年6月9日 | 競馬データベース - netkeiba,2026-05-19T12:38:12.064534,牡,4,470.0,-6.0,0,0,8.6,10.67,37.6,0.1042,0,7,37.6,37.6,37.6,0.1042,37.6
8.0,5,9,ストライク,58.0,オシェア,1:36.9,3/4,19.1,5.0,[東] 加藤士津,2020105869,202405030410,夏至ステークス｜2024年6月9日 | 競馬データベース - netkeiba,2026-05-19T12:38:12.064534,牡,4,502.0,-2.0,0,0,0.0,0.0,0.0,0.0,0,0,0.0,0.0,0.0,0.0,0.0
9.0,1,2,アースライザー,58.0,木幡巧也,1:37.1,3/4,349.9,15.0,[東] 鈴木慎太,2017103285,202405030410,夏至ステークス｜2024年6月9日 | 競馬データベース - netkeiba,2026-05-19T12:38:12.064534,セ,7,490.0,-2.0,0,0,3.4,4.67,39.38,0.2273,0,2,39.38,39.38,39.38,0.2273,39.38
10.0,6,11,メイショウモズ,58.0,柴田善臣,1:37.2,3/4,71.3,12.0,[西] 石橋守,2020106196,202405030410,夏至ステークス｜2024年6月9日 | 競馬データベース - netkeiba,2026-05-19T12:38:12.064534,牡,4,502.0,-10.0,0,0,11.0,12.0,37.72,0.0833,0,13,37.72,37.72,37.72,0.0833,37.72
11.0,4,8,イグザルト,58.0,江田照男,1:37.5,1.1/2,27.4,6.0,[東] 田中剛,2019101741,202405030410,夏至ステークス｜2024年6月9日 | 競馬データベース - netkeiba,2026-05-19T12:38:12.064534,牡,5,502.0,0.0,0,0,8.2,6.0,37.28,0.1087,0,8,37.28,37.28,37.28,0.1087,37.28
12.0,1,1,フランスゴデイナ,58.0,御神本訓,1:37.5,クビ,40.5,8.0,[西] 森秀行,2018110117,202405030410,夏至ステークス｜2024年6月9日 | 競馬データベース - netkeiba,2026-05-19T12:38:12.064534,牡,6,492.0,-6.0,0,0,10.0,11.0,37.14,0.0909,0,12,37.14,37.14,37.14,0.0909,37.14
13.0,5,10,オールフラッグ,58.0,内田博幸,1:37.7,1.1/2,232.4,13.0,[東] 奥村武,2019105170,202405030410,夏至ステークス｜2024年6月9日 | 競馬データベース - netkeiba,2026-05-19T12:38:12.064534,牡,5,488.0,0.0,0,0,6.8,5.67,38.64,0.1282,0,9,38.64,38.64,38.64,0.1282,38.64
14.0,3,5,カシノブレンド,58.0,原優介,1:37.8,クビ,284.9,14.0,[東] 蛯名利弘,2016100297,202405030410,夏至ステークス｜2024年6月9日 | 競馬データベース - netkeiba,2026-05-19T12:38:12.064534,セ,8,470.0,4.0,0,0,5.0,4.67,39.24,0.1667,0,6,39.24,39.24,39.24,0.1667,39.24
15.0,4,7,デルマオニキス,58.0,菊沢一樹,1:37.9,1/2,468.3,16.0,[東] 勢司和浩,2017100811,202405030410,夏至ステークス｜2024年6月9日 | 競馬データベース - netkeiba,2026-05-19T12:38:12.064534,牡,7,500.0,-2.0,0,0,10.4,10.0,37.48,0.0877,0,11,37.48,37.48,37.48,0.0877,37.48
16.0,7,14,ベンテイガ,58.0,北村友一,1:38.6,4,42.2,9.0,[東] 戸田博文,2019105996,202405030410,夏至ステークス｜2024年6月9日 | 競馬データベース - netkeiba,2026-05-19T12:38:12.064534,牡,5,504.0,-8.0,0,0,6.0,5.33,38.28,0.1429,0,3,38.28,38.28,38.28,0.1429,38.28
1.0,3,6,レーベンスティール,59.0,ルメール,1:44.7,,3.6,1.0,[東] 田中博康,2020102078,202405030411,エプソムカップ｜2024年6月9日 | 競馬データベース - netkeiba,2026-05-19T12:39:03.099010,牡,4,482.0,-4.0,1,1,5.4,6.33,34.02,0.1562,0,6,34.02,34.02,34.02,0.1562,34.02
2.0,8,17,ニシノスーベニア,57.0,田辺裕信,1:45.0,2,19.3,9.0,[東] 上原博之,2019101408,202405030411,エプソムカップ｜2024年6月9日 | 競馬データベース - netkeiba,2026-05-19T12:39:03.099010,牡,5,524.0,-8.0,0,1,9.8,12.67,33.38,0.0926,0,16,33.38,33.38,33.38,0.0926,33.38
3.0,5,10,シルトホルン,57.0,吉田豊,1:45.3,2,12.0,7.0,[東] 新開幸一,2020105424,202405030411,エプソムカップ｜2024年6月9日 | 競馬データベース - netkeiba,2026-05-19T12:39:03.099010,牡,4,470.0,-6.0,0,1,5.6,5.0,34.76,0.1515,0,7,34.76,34.76,34.76,0.1515,34.76
4.0,6,11,サイルーン,57.0,岩田望来,1:45.3,アタマ,5.5,2.0,[東] 堀宣行,2019104838,202405030411,エプソムカップ｜2024年6月9日 | 競馬データベース - netkeiba,2026-05-19T12:39:03.099010,セ,5,472.0,2.0,0,0,6.6,7.0,35.14,0.1316,0,2,35.14,35.14,35.14,0.1316,35.14
5.0,7,15,アルナシーム,57.0,横山典弘,1:45.3,アタマ,9.5,4.0,[西] 橋口慎介,2019105252,202405030411,エプソムカップ｜2024年6月9日 | 競馬データベース - netkeiba,2026-05-19T12:39:03.099010,牡,5,440.0,-6.0,0,0,10.0,7.67,35.48,0.0909,0,6,35.48,35.48,35.48,0.0909,35.48
6.0,8,16,グランディア,57.0,三浦皇成,1:45.3,ハナ,9.9,5.0,[西] 中内田充,2019105302,202405030411,エプソムカップ｜2024年6月9日 | 競馬データベース - netkeiba,2026-05-19T12:39:03.099010,セ,5,482.0,2.0,0,0,4.4,2.33,34.7,0.1852,0,1,34.7,34.7,34.7,0.1852,34.7
7.0,8,18,セルバーグ,58.0,丸山元気,1:45.4,1/2,45.4,12.0,[西] 鈴木孝志,2019106670,202405030411,エプソムカップ｜2024年6月9日 | 競馬データベース - netkeiba,2026-05-19T12:39:03.099010,牡,5,438.0,-4.0,0,0,8.4,10.0,35.34,0.1064,0,13,35.34,35.34,35.34,0.1064,35.34
8.0,6,12,グランスラムアスク,55.0,御神本訓,1:45.4,クビ,223.7,17.0,[西] 矢作芳人,2019101629,202405030411,エプソムカップ｜2024年6月9日 | 競馬データベース - netkeiba,2026-05-19T12:39:03.099010,牝,5,466.0,4.0,0,0,10.4,10.67,35.3,0.0877,0,12,35.3,35.3,35.3,0.0877,35.3
9.0,2,4,ヴェルトライゼンデ,58.0,戸崎圭太,1:45.4,アタマ,7.2,3.0,[西] 池江泰寿,2017105567,202405030411,エプソムカップ｜2024年6月9日 | 競馬データベース - netkeiba,2026-05-19T12:39:03.099010,牡,7,492.0,-6.0,0,0,6.4,9.33,35.16,0.1351,0,10,35.16,35.16,35.16,0.1351,35.16
10.0,1,1,トゥデイイズザデイ,57.0,津村明秀,1:45.5,1/2,10.5,6.0,[西] 池江泰寿,2019100628,202405030411,エプソムカップ｜2024年6月9日 | 競馬データベース - netkeiba,2026-05-19T12:39:03.099010,牡,5,468.0,0.0,0,0,8.8,11.0,34.82,0.102,0,13,34.82,34.82,34.82,0.102,34.82
11.0,2,3,ルージュリナージュ,55.0,丸田恭介,1:45.5,ハナ,12.5,8.0,[東] 宗像義忠,2019103973,202405030411,エプソムカップ｜2024年6月9日 | 競馬データベース - netkeiba,2026-05-19T12:39:03.099010,牝,5,446.0,-2.0,0,0,7.4,7.0,33.64,0.119,0,3,33.64,33.64,33.64,0.119,33.64
12.0,7,14,カレンシュトラウス,57.0,北村宏司,1:45.6,クビ,119.5,16.0,[西] 平田修,2017102897,202405030411,エプソムカップ｜2024年6月9日 | 競馬データベース - netkeiba,2026-05-19T12:39:03.099010,牡,7,522.0,4.0,0,0,11.6,13.67,35.4,0.0794,0,18,35.4,35.4,35.4,0.0794,35.4
13.0,4,7,マイネルケレリウス,57.0,石川裕紀,1:45.6,ハナ,26.0,10.0,[東] 奥村武,2020105781,202405030411,エプソムカップ｜2024年6月9日 | 競馬データベース - netkeiba,2026-05-19T12:39:03.099010,牡,4,422.0,-6.0,0,0,6.2,4.67,34.06,0.1389,0,4,34.06,34.06,34.06,0.1389,34.06
14.0,1,2,ノースザワールド,57.0,菅原明良,1:45.8,1,63.2,14.0,[東] 斎藤誠,2018100420,202405030411,エプソムカップ｜2024年6月9日 | 競馬データベース - netkeiba,2026-05-19T12:39:03.099010,牡,6,490.0,0.0,0,0,2.8,2.67,39.62,0.2632,0,4,39.62,39.62,39.62,0.2632,39.62
15.0,3,5,タイムトゥヘヴン,57.0,北村友一,1:45.9,1.1/4,42.4,11.0,[東] 戸田博文,2018100184,202405030411,エプソムカップ｜2024年6月9日 | 競馬データベース - netkeiba,2026-05-19T12:39:03.099010,牡,6,484.0,-4.0,0,0,10.75,12.5,33.73,0.0851,0,13,33.73,33.73,33.73,0.0851,33.73
16.0,4,8,ワールドウインズ,57.0,内田博幸,1:46.0,1/2,267.5,18.0,[西] 笹田和秀,2017104093,202405030411,エプソムカップ｜2024年6月9日 | 競馬データベース - netkeiba,2026-05-19T12:39:03.099010,セ,7,458.0,2.0,0,0,10.6,14.67,34.88,0.0862,0,10,34.88,34.88,34.88,0.0862,34.88
17.0,5,9,レッドランメルト,57.0,オシェア,1:46.1,クビ,107.0,15.0,[東] 国枝栄,2019104981,202405030411,エプソムカップ｜2024年6月9日 | 競馬データベース - netkeiba,2026-05-19T12:39:03.099010,牡,5,520.0,2.0,0,0,9.4,11.33,36.92,0.0962,0,10,36.92,36.92,36.92,0.0962,36.92
18.0,7,13,ラケマーダ,57.0,石橋脩,1:46.1,クビ,50.7,13.0,[西] 千田輝彦,2020101784,202405030411,エプソムカップ｜2024年6月9日 | 競馬データベース - netkeiba,2026-05-19T12:39:03.099010,牡,4,492.0,2.0,0,0,7.4,7.67,33.84,0.119,0,4,33.84,33.84,33.84,0.119,33.84
1.0,7,13,ニュージーズ,55.0,ルメール,1:33.0,,2.3,1.0,[東] 木村哲也,2021105807,202405030412,3歳以上1勝クラス｜2024年6月9日 | 競馬データベース - netkeiba,2026-05-19T12:39:58.342949,牡,3,486.0,-4.0,1,1,8.4,12.0,35.32,0.1064,0,16,35.32,35.32,35.32,0.1064,35.32
2.0,6,12,ヴァンガーズハート,58.0,石川裕紀,1:33.3,2,5.0,3.0,[東] 鹿戸雄一,2019105187,202405030412,3歳以上1勝クラス｜2024年6月9日 | 競馬データベース - netkeiba,2026-05-19T12:39:58.342949,セ,5,518.0,-2.0,0,1,9.2,11.0,36.84,0.098,0,11,36.84,36.84,36.84,0.098,36.84
3.0,5,10,クリーンエア,55.0,田辺裕信,1:33.4,クビ,4.7,2.0,[東] 上原博之,2021101651,202405030412,3歳以上1勝クラス｜2024年6月9日 | 競馬データベース - netkeiba,2026-05-19T12:39:58.342949,牡,3,464.0,-4.0,0,1,9.0,11.33,35.54,0.1,0,12,35.54,35.54,35.54,0.1,35.54
4.0,4,7,ヴァルドルチャ,55.0,戸崎圭太,1:33.7,2,13.6,5.0,[東] 田中博康,2021103000,202405030412,3歳以上1勝クラス｜2024年6月9日 | 競馬データベース - netkeiba,2026-05-19T12:39:58.342949,牡,3,446.0,-6.0,0,0,7.6,11.67,39.02,0.1163,0,9,39.02,39.02,39.02,0.1163,39.02
5.0,2,4,ロジプラヤ,55.0,三浦皇成,1:33.7,クビ,15.6,6.0,[東] 新開幸一,2021106104,202405030412,3歳以上1勝クラス｜2024年6月9日 | 競馬データベース - netkeiba,2026-05-19T12:39:58.342949,牡,3,454.0,-12.0,0,0,7.4,10.33,35.46,0.119,0,13,35.46,35.46,35.46,0.119,35.46
6.0,7,14,ドリーミングアップ,55.0,吉田豊,1:33.7,ハナ,8.1,4.0,[東] 高橋文雅,2021103303,202405030412,3歳以上1勝クラス｜2024年6月9日 | 競馬データベース - netkeiba,2026-05-19T12:39:58.342949,牡,3,456.0,-4.0,0,0,4.2,4.0,35.56,0.1923,0,5,35.56,35.56,35.56,0.1923,35.56
7.0,8,15,ヴィスパメンテ,56.0,岩田望来,1:33.7,アタマ,43.7,10.0,[東] 嘉藤貴行,2019104528,202405030412,3歳以上1勝クラス｜2024年6月9日 | 競馬データベース - netkeiba,2026-05-19T12:39:58.342949,牝,5,480.0,0.0,0,0,8.4,11.33,36.02,0.1064,0,10,36.02,36.02,36.02,0.1064,36.02
8.0,3,6,セレンディピティ,58.0,菊沢一樹,1:33.8,クビ,36.1,8.0,[東] 菊沢隆徳,2020103420,202405030412,3歳以上1勝クラス｜2024年6月9日 | 競馬データベース - netkeiba,2026-05-19T12:39:58.342949,セ,4,482.0,-16.0,0,0,7.8,8.33,35.06,0.1136,0,9,35.06,35.06,35.06,0.1136,35.06
9.0,1,1,シルバースペード,58.0,菅原明良,1:33.8,アタマ,36.8,9.0,[東] 小野次郎,2020104745,202405030412,3歳以上1勝クラス｜2024年6月9日 | 競馬データベース - netkeiba,2026-05-19T12:39:58.342949,牡,4,486.0,6.0,0,0,9.0,7.33,36.77,0.1,0,5,36.77,36.77,36.77,0.1,36.77
10.0,1,2,ジャグアール,54.0,原優介,1:33.9,1/2,27.4,7.0,[東] 矢野英一,2021102717,202405030412,3歳以上1勝クラス｜2024年6月9日 | 競馬データベース - netkeiba,2026-05-19T12:39:58.342949,牡,3,450.0,-2.0,0,0,6.6,6.0,34.74,0.1316,0,7,34.74,34.74,34.74,0.1316,34.74
11.0,8,16,リメリック,55.0,丸山元気,1:34.1,1.1/4,70.4,11.0,[東] 宗像義忠,2021104554,202405030412,3歳以上1勝クラス｜2024年6月9日 | 競馬データベース - netkeiba,2026-05-19T12:39:58.342949,牡,3,450.0,-2.0,0,0,4.8,4.67,39.32,0.1724,0,4,39.32,39.32,39.32,0.1724,39.32
12.0,2,3,コスモメイゲツ,58.0,オシェア,1:34.3,1.1/2,269.4,15.0,[東] 矢嶋大樹,2020105770,202405030412,3歳以上1勝クラス｜2024年6月9日 | 競馬データベース - netkeiba,2026-05-19T12:39:58.342949,牡,4,482.0,4.0,0,0,4.2,3.33,39.8,0.1923,0,1,39.8,39.8,39.8,0.1923,39.8
13.0,8,17,タフトテソーロ,58.0,木幡巧也,1:34.6,1.3/4,280.5,16.0,[東] 千葉直人,2019103663,202405030412,3歳以上1勝クラス｜2024年6月9日 | 競馬データベース - netkeiba,2026-05-19T12:39:58.342949,牡,5,462.0,8.0,0,0,5.0,4.33,40.46,0.1667,0,4,40.46,40.46,40.46,0.1667,40.46
14.0,4,8,シャイニースイフト,58.0,柴田善臣,1:34.9,2,100.4,12.0,[東] 菊川正達,2020101184,202405030412,3歳以上1勝クラス｜2024年6月9日 | 競馬データベース - netkeiba,2026-05-19T12:39:58.342949,牡,4,436.0,-4.0,0,0,10.0,8.67,35.02,0.0909,0,6,35.02,35.02,35.02,0.0909,35.02
15.0,6,11,アブストゥルース,58.0,内田博幸,1:35.2,1.3/4,139.1,14.0,[東] 上原博之,2020110050,202405030412,3歳以上1勝クラス｜2024年6月9日 | 競馬データベース - netkeiba,2026-05-19T12:39:58.342949,牡,4,502.0,0.0,0,0,2.8,3.67,40.04,0.2632,0,1,40.04,40.04,40.04,0.2632,40.04
16.0,3,5,カルツァクライン,55.0,津村明秀,1:35.3,1/2,104.4,13.0,[東] 林徹,2021102933,202405030412,3歳以上1勝クラス｜2024年6月9日 | 競馬データベース - netkeiba,2026-05-19T12:39:58.342949,牡,3,440.0,-2.0,0,0,13.4,14.33,37.9,0.0694,0,14,37.9,37.9,37.9,0.0694,37.9
17.0,5,9,ベアヌカサナイデ,52.0,佐藤翔馬,1:37.2,大,424.7,17.0,[東] 杉浦宏昭,2021100055,202405030412,3歳以上1勝クラス｜2024年6月9日 | 競馬データベース - netkeiba,2026-05-19T12:39:58.342949,牡,3,456.0,-9.0,0,0,8.2,8.33,39.32,0.1087,0,7,39.32,39.32,39.32,0.1087,39.32
1.0,2,2,スマイルスルー,60.0,高田潤,3:16.7,,1.7,1.0,[西] 斉藤崇史,2020103446,202408040401,障害3歳以上未勝利｜2024年6月9日 | 競馬データベース - netkeiba,2026-05-19T12:40:48.230926,牡,4,518.0,0.0,1,1,2.2,3.0,0.0,0.3125,0,2,0.0,0.0,0.0,0.3125,0.0
2.0,7,7,オオキニ,60.0,森一馬,3:17.1,2.1/2,3.4,2.0,[西] 鈴木孝志,2019100675,202408040401,障害3歳以上未勝利｜2024年6月9日 | 競馬データベース - netkeiba,2026-05-19T12:40:48.230926,牡,5,460.0,2.0,0,1,2.0,2.33,0.0,0.3333,0,2,0.0,0.0,0.0,0.3333,0.0
3.0,4,4,アメリカンピース,60.0,小坂忠士,3:18.0,5,20.1,6.0,[西] 音無秀孝,2018110131,202408040401,障害3歳以上未勝利｜2024年6月9日 | 競馬データベース - netkeiba,2026-05-19T12:40:48.230926,セ,6,460.0,0.0,0,1,6.0,7.67,0.0,0.1429,0,9,0.0,0.0,0.0,0.1429,0.0
4.0,6,6,グローツラング,60.0,中村将之,3:18.3,2,15.2,5.0,[西] 安達昭夫,2019100360,202408040401,障害3歳以上未勝利｜2024年6月9日 | 競馬データベース - netkeiba,2026-05-19T12:40:48.230926,牡,5,532.0,4.0,0,0,8.0,8.0,38.8,0.1111,0,8,38.8,38.8,38.8,0.1111,38.8
5.0,5,5,アスターチェンチ,60.0,井上敏樹,3:19.3,6,73.2,10.0,[西] 河嶋宏樹,2020101710,202408040401,障害3歳以上未勝利｜2024年6月9日 | 競馬データベース - netkeiba,2026-05-19T12:40:48.230926,牡,4,528.0,2.0,0,0,8.2,8.33,40.9,0.1087,0,13,40.9,40.9,40.9,0.1087,40.9
6.0,1,1,ウインエタンセル,60.0,小野寺祐,3:19.4,1/2,8.7,3.0,[西] 西園翔太,2020105201,202408040401,障害3歳以上未勝利｜2024年6月9日 | 競馬データベース - netkeiba,2026-05-19T12:40:48.230926,牡,4,488.0,0.0,0,0,8.4,8.0,40.18,0.1064,0,10,40.18,40.18,40.18,0.1064,40.18
7.0,8,9,カイトレッド,58.0,上野翔,3:19.8,2.1/2,57.7,9.0,[東] 和田雄二,2017100641,202408040401,障害3歳以上未勝利｜2024年6月9日 | 競馬データベース - netkeiba,2026-05-19T12:40:48.230926,牝,7,486.0,-2.0,0,0,8.0,10.0,0.0,0.1111,0,10,0.0,0.0,0.0,0.1111,0.0
8.0,3,3,デザートスター,60.0,石神深一,3:20.0,1.1/4,40.0,7.0,[東] 武井亮,2019101825,202408040401,障害3歳以上未勝利｜2024年6月9日 | 競馬データベース - netkeiba,2026-05-19T12:40:48.230926,セ,5,458.0,-4.0,0,0,5.0,6.5,0.0,0.1667,0,2,0.0,0.0,0.0,0.1667,0.0
9.0,7,8,メイショウオキビ,60.0,西谷誠,3:20.4,2.1/2,47.1,8.0,[西] 飯田祐史,2018105846,202408040401,障害3歳以上未勝利｜2024年6月9日 | 競馬データベース - netkeiba,2026-05-19T12:40:48.230926,牡,6,506.0,4.0,0,0,7.0,7.67,40.7,0.125,0,8,40.7,40.7,40.7,0.125,40.7
10.0,8,10,ニューモニュメント,60.0,黒岩悠,3:25.7,大,12.2,4.0,[西] 小崎憲,2016105885,202408040401,障害3歳以上未勝利｜2024年6月9日 | 競馬データベース - netkeiba,2026-05-19T12:40:48.230926,牡,8,502.0,2.0,0,0,8.8,7.67,37.17,0.102,0,9,37.17,37.17,37.17,0.102,37.17
1.0,1,1,サリュエ,55.0,西塚洸二,1:25.7,,4.5,2.0,[西] 野中賢二,2021101650,202408040402,3歳未勝利｜2024年6月9日 | 競馬データベース - netkeiba,2026-05-19T12:41:17.088827,牡,3,480.0,-2.0,1,1,6.0,6.33,33.98,0.1429,0,10,33.98,33.98,33.98,0.1429,33.98
2.0,4,8,カーロアヴァンティ,57.0,松山弘平,1:26.0,2,2.2,1.0,[西] 中村直也,2021103056,202408040402,3歳未勝利｜2024年6月9日 | 競馬データベース - netkeiba,2026-05-19T12:41:17.088827,牡,3,510.0,-4.0,0,1,5.4,6.67,42.06,0.1562,0,1,42.06,42.06,42.06,0.1562,42.06
3.0,5,10,カセノラオー,57.0,幸英明,1:26.2,1,8.3,4.0,[西] 中尾秀正,2021106310,202408040402,3歳未勝利｜2024年6月9日 | 競馬データベース - netkeiba,2026-05-19T12:41:17.088827,牡,3,476.0,-6.0,0,1,5.8,9.0,40.16,0.1471,0,10,40.16,40.16,40.16,0.1471,40.16
4.0,8,15,ゼットシルヴィア,53.0,永島まな,1:26.2,ハナ,21.5,7.0,[西] 川村禎彦,2021104414,202408040402,3歳未勝利｜2024年6月9日 | 競馬データベース - netkeiba,2026-05-19T12:41:17.088827,牝,3,446.0,8.0,0,0,3.0,3.0,39.4,0.25,0,4,39.4,39.4,39.4,0.25,39.4
5.0,2,3,フォーレ,55.0,Ｍ．デム,1:26.3,クビ,35.5,9.0,[西] 浜田多実,2021104533,202408040402,3歳未勝利｜2024年6月9日 | 競馬データベース - netkeiba,2026-05-19T12:41:17.088827,牝,3,426.0,10.0,0,0,5.4,3.67,40.34,0.1562,0,2,40.34,40.34,40.34,0.1562,40.34
6.0,4,7,エクステンシヴリー,57.0,西村淳也,1:26.4,1/2,7.0,3.0,[西] 小栗実,2021100715,202408040402,3歳未勝利｜2024年6月9日 | 競馬データベース - netkeiba,2026-05-19T12:41:17.088827,牡,3,520.0,0.0,0,0,8.75,7.5,41.3,0.1026,0,7,41.3,41.3,41.3,0.1026,41.3
7.0,6,11,スカイイズユアーズ,56.0,小沢大仁,1:26.4,クビ,148.5,12.0,[西] 飯田祐史,2021106634,202408040402,3歳未勝利｜2024年6月9日 | 競馬データベース - netkeiba,2026-05-19T12:41:17.088827,牡,3,490.0,0.0,0,0,1.6,1.33,39.24,0.3846,0,1,39.24,39.24,39.24,0.3846,39.24
8.0,8,16,ナインストーンズ,57.0,団野大成,1:27.8,8,9.5,5.0,[西] 池添学,2021105576,202408040402,3歳未勝利｜2024年6月9日 | 競馬データベース - netkeiba,2026-05-19T12:41:17.088827,牡,3,486.0,2.0,0,0,4.8,3.67,38.76,0.1724,0,3,38.76,38.76,38.76,0.1724,38.76
9.0,3,5,レッドコート,57.0,田中健,1:28.0,1,173.6,13.0,[西] 中村直也,2021102678,202408040402,3歳未勝利｜2024年6月9日 | 競馬データベース - netkeiba,2026-05-19T12:41:17.088827,牡,3,474.0,2.0,0,0,7.0,7.33,40.7,0.125,0,10,40.7,40.7,40.7,0.125,40.7
10.0,7,13,パリッドキャリア,54.0,吉村誠之,1:28.0,アタマ,25.1,8.0,[西] 清水久詞,2021107230,202408040402,3歳未勝利｜2024年6月9日 | 競馬データベース - netkeiba,2026-05-19T12:41:17.088827,牡,3,496.0,0.0,0,0,2.6,3.67,39.16,0.2778,0,6,39.16,39.16,39.16,0.2778,39.16
11.0,1,2,グラフ,51.0,河原田菜,1:28.9,5,137.4,11.0,[西] 渡辺薫彦,2021101232,202408040402,3歳未勝利｜2024年6月9日 | 競馬データベース - netkeiba,2026-05-19T12:41:17.088827,牝,3,464.0,0.0,0,0,4.6,4.67,38.66,0.1786,0,5,38.66,38.66,38.66,0.1786,38.66
12.0,2,4,チュウワレイク,55.0,小崎綾也,1:29.2,2,182.8,15.0,[西] 小崎憲,2021102292,202408040402,3歳未勝利｜2024年6月9日 | 競馬データベース - netkeiba,2026-05-19T12:41:17.088827,牝,3,450.0,-10.0,0,0,9.2,9.0,44.08,0.098,0,11,44.08,44.08,44.08,0.098,44.08
13.0,6,12,ケイティバトラー,57.0,藤懸貴志,1:29.3,クビ,80.3,10.0,[西] 高橋康之,2021107214,202408040402,3歳未勝利｜2024年6月9日 | 競馬データベース - netkeiba,2026-05-19T12:41:17.088827,牡,3,510.0,-4.0,0,0,7.2,5.0,39.06,0.122,0,6,39.06,39.06,39.06,0.122,39.06
14.0,5,9,ビッグアンサー,57.0,松若風馬,1:29.8,3,180.2,14.0,[西] 牧田和弥,2021101524,202408040402,3歳未勝利｜2024年6月9日 | 競馬データベース - netkeiba,2026-05-19T12:41:17.088827,牡,3,502.0,14.0,0,0,14.2,13.0,38.78,0.0658,0,10,38.78,38.78,38.78,0.0658,38.78
15.0,7,14,ダノンボーンレディ,52.0,橋木太希,1:29.9,3/4,445.7,16.0,[西] 坂口智康,2021101477,202408040402,3歳未勝利｜2024年6月9日 | 競馬データベース - netkeiba,2026-05-19T12:41:17.088827,牝,3,408.0,-6.0,0,0,14.0,14.0,38.47,0.0667,0,15,38.47,38.47,38.47,0.0667,38.47
16.0,3,6,アースアート,55.0,和田竜二,1:32.1,大,17.5,6.0,[西] 小崎憲,2021101690,202408040402,3歳未勝利｜2024年6月9日 | 競馬データベース - netkeiba,2026-05-19T12:41:17.088827,牝,3,534.0,0.0,0,0,8.0,8.33,44.08,0.1111,0,9,44.08,44.08,44.08,0.1111,44.08
1.0,8,16,レイドデザート,57.0,幸英明,1:54.0,,3.4,2.0,[西] 大根田裕,2021103065,202408040403,3歳未勝利｜2024年6月9日 | 競馬データベース - netkeiba,2026-05-19T12:42:07.061407,牡,3,536.0,-2.0,1,1,4.4,5.67,39.72,0.1852,0,15,39.72,39.72,39.72,0.1852,39.72
2.0,2,4,スマートレザルト,57.0,和田竜二,1:54.4,2.1/2,15.9,7.0,[西] 吉田直弘,2021102722,202408040403,3歳未勝利｜2024年6月9日 | 競馬データベース - netkeiba,2026-05-19T12:42:07.061407,牡,3,456.0,-6.0,0,1,3.6,4.33,42.2,0.2174,0,1,42.2,42.2,42.2,0.2174,42.2
3.0,5,9,テイエムデンセツ,57.0,国分恭介,1:54.5,クビ,14.3,6.0,[西] 鈴木孝志,2021102160,202408040403,3歳未勝利｜2024年6月9日 | 競馬データベース - netkeiba,2026-05-19T12:42:07.061407,牡,3,476.0,-14.0,0,1,6.4,6.33,39.7,0.1351,0,7,39.7,39.7,39.7,0.1351,39.7
4.0,6,12,ワーキングアセット,57.0,川田将雅,1:54.9,2.1/2,2.0,1.0,[西] 吉村圭司,2021104936,202408040403,3歳未勝利｜2024年6月9日 | 競馬データベース - netkeiba,2026-05-19T12:42:07.061407,牡,3,478.0,6.0,0,0,3.6,3.67,40.48,0.2174,0,1,40.48,40.48,40.48,0.2174,40.48
5.0,2,3,ガブリエルアクア,55.0,Ｍ．デム,1:55.0,クビ,16.9,8.0,[西] 橋口慎介,2021110163,202408040403,3歳未勝利｜2024年6月9日 | 競馬データベース - netkeiba,2026-05-19T12:42:07.061407,牡,3,454.0,0.0,0,0,8.2,8.33,38.7,0.1087,0,15,38.7,38.7,38.7,0.1087,38.7
6.0,8,15,クリティカルヒット,57.0,松若風馬,1:55.0,クビ,12.1,4.0,[西] 宮本博,2021110096,202408040403,3歳未勝利｜2024年6月9日 | 競馬データベース - netkeiba,2026-05-19T12:42:07.061407,牡,3,574.0,-12.0,0,0,2.8,2.67,37.46,0.2632,0,5,37.46,37.46,37.46,0.2632,37.46
7.0,5,10,ナムラミック,56.0,秋山稔樹,1:55.0,ハナ,204.0,11.0,[西] 村山明,2021102630,202408040403,3歳未勝利｜2024年6月9日 | 競馬データベース - netkeiba,2026-05-19T12:42:07.061407,牡,3,474.0,-8.0,0,0,6.0,6.67,38.8,0.1429,0,8,38.8,38.8,38.8,0.1429,38.8
8.0,3,6,ミグラテール,54.0,吉村誠之,1:55.0,ハナ,13.8,5.0,[西] 小栗実,2021106758,202408040403,3歳未勝利｜2024年6月9日 | 競馬データベース - netkeiba,2026-05-19T12:42:07.061407,牡,3,502.0,0.0,0,0,5.6,6.0,39.94,0.1515,0,6,39.94,39.94,39.94,0.1515,39.94
9.0,3,5,リアルペガサス,56.0,田口貫太,1:55.0,ハナ,10.2,3.0,[西] 大橋勇樹,2021103316,202408040403,3歳未勝利｜2024年6月9日 | 競馬データベース - netkeiba,2026-05-19T12:42:07.061407,牡,3,456.0,4.0,0,0,8.0,8.0,38.72,0.1111,0,9,38.72,38.72,38.72,0.1111,38.72
10.0,1,2,ヒロアプリオリ,57.0,小崎綾也,1:55.4,2.1/2,181.1,10.0,[西] 川村禎彦,2021101954,202408040403,3歳未勝利｜2024年6月9日 | 競馬データベース - netkeiba,2026-05-19T12:42:07.061407,牡,3,444.0,6.0,0,0,0.0,0.0,0.0,0.0,0,0,0.0,0.0,0.0,0.0,0.0
11.0,4,8,ギフテッドリーダー,57.0,長岡禎仁,1:55.9,3,515.2,16.0,[西] 杉山佳明,2021104917,202408040403,3歳未勝利｜2024年6月9日 | 競馬データベース - netkeiba,2026-05-19T12:42:07.061407,牡,3,496.0,6.0,0,0,5.8,5.0,42.34,0.1471,0,6,42.34,42.34,42.34,0.1471,42.34
12.0,7,14,メイショウタイセツ,57.0,川須栄彦,1:56.2,2,208.8,12.0,[西] 長谷川浩,2021102834,202408040403,3歳未勝利｜2024年6月9日 | 競馬データベース - netkeiba,2026-05-19T12:42:07.061407,牡,3,492.0,4.0,0,0,3.8,5.67,38.92,0.2083,0,6,38.92,38.92,38.92,0.2083,38.92
13.0,1,1,テザリング,54.0,橋木太希,1:56.2,ハナ,92.5,9.0,[西] 西園正都,2021103973,202408040403,3歳未勝利｜2024年6月9日 | 競馬データベース - netkeiba,2026-05-19T12:42:07.061407,牡,3,496.0,4.0,0,0,5.6,5.67,39.46,0.1515,0,7,39.46,39.46,39.46,0.1515,39.46
14.0,6,11,メイショウナニクソ,53.0,河原田菜,1:56.7,3,306.0,14.0,[西] 高橋亮,2021103264,202408040403,3歳未勝利｜2024年6月9日 | 競馬データベース - netkeiba,2026-05-19T12:42:07.061407,牡,3,464.0,-2.0,0,0,4.8,4.33,39.44,0.1724,0,3,39.44,39.44,39.44,0.1724,39.44
15.0,4,7,マーブルカリクロ,55.0,永島まな,1:58.2,9,272.2,13.0,[西] 茶木太樹,2021103606,202408040403,3歳未勝利｜2024年6月9日 | 競馬データベース - netkeiba,2026-05-19T12:42:07.061407,セ,3,458.0,0.0,0,0,10.4,11.0,39.64,0.0877,0,15,39.64,39.64,39.64,0.0877,39.64
16.0,7,13,カインドオブユー,55.0,西塚洸二,2:01.7,大,358.5,15.0,[西] 茶木太樹,2021106001,202408040403,3歳未勝利｜2024年6月9日 | 競馬データベース - netkeiba,2026-05-19T12:42:07.061407,牡,3,532.0,0.0,0,0,4.4,4.33,40.04,0.1852,0,7,40.04,40.04,40.04,0.1852,40.04
1.0,3,6,フレミングフープ,55.0,Ｍ．デム,1:33.6,,2.5,1.0,[西] 友道康夫,2021105581,202408040404,3歳未勝利｜2024年6月9日 | 競馬データベース - netkeiba,2026-05-19T12:42:52.053637,牝,3,478.0,-4.0,1,1,4.2,6.0,34.2,0.1923,0,12,34.2,34.2,34.2,0.1923,34.2
2.0,8,16,ブリックワーク,53.0,西塚洸二,1:33.7,1/2,5.8,3.0,[西] 辻野泰之,2021101382,202408040404,3歳未勝利｜2024年6月9日 | 競馬データベース - netkeiba,2026-05-19T12:42:52.053637,牝,3,434.0,-4.0,0,1,9.0,6.0,34.18,0.1,0,4,34.18,34.18,34.18,0.1,34.18
3.0,4,8,ホウオウアムルーズ,55.0,川田将雅,1:34.1,2.1/2,2.9,2.0,[西] 安田翔伍,2021101416,202408040404,3歳未勝利｜2024年6月9日 | 競馬データベース - netkeiba,2026-05-19T12:42:52.053637,牝,3,430.0,0.0,0,1,4.8,5.0,40.28,0.1724,0,6,40.28,40.28,40.28,0.1724,40.28
4.0,7,13,ナムライリス,54.0,田口貫太,1:34.4,2,40.6,8.0,[西] 中竹和也,2021101825,202408040404,3歳未勝利｜2024年6月9日 | 競馬データベース - netkeiba,2026-05-19T12:42:52.053637,牝,3,434.0,12.0,0,0,4.75,5.33,38.93,0.1739,0,10,38.93,38.93,38.93,0.1739,38.93
5.0,5,10,レザンクレール,55.0,西村淳也,1:34.5,1/2,9.1,4.0,[西] 西村真幸,2021105794,202408040404,3歳未勝利｜2024年6月9日 | 競馬データベース - netkeiba,2026-05-19T12:42:52.053637,牝,3,420.0,0.0,0,0,11.8,11.0,36.22,0.0781,0,13,36.22,36.22,36.22,0.0781,36.22
6.0,5,9,タガノアミカル,55.0,田中健,1:35.0,3,243.4,14.0,[西] 荒川義之,2021106549,202408040404,3歳未勝利｜2024年6月9日 | 競馬データベース - netkeiba,2026-05-19T12:42:52.053637,牝,3,446.0,-6.0,0,0,10.2,10.67,40.66,0.0893,0,10,40.66,40.66,40.66,0.0893,40.66
7.0,1,2,ツキヨノウサギ,55.0,団野大成,1:35.1,1/2,51.6,9.0,[西] 奥村豊,2021101175,202408040404,3歳未勝利｜2024年6月9日 | 競馬データベース - netkeiba,2026-05-19T12:42:52.053637,牝,3,400.0,6.0,0,0,0.0,0.0,0.0,0.0,0,0,0.0,0.0,0.0,0.0,0.0
8.0,3,5,ランスオブプライム,55.0,松山弘平,1:35.4,1.3/4,13.4,5.0,[西] 奥村豊,2021104426,202408040404,3歳未勝利｜2024年6月9日 | 競馬データベース - netkeiba,2026-05-19T12:42:52.053637,牝,3,450.0,-8.0,0,0,12.2,13.67,35.9,0.0758,0,16,35.9,35.9,35.9,0.0758,35.9
9.0,8,17,イッツマイトリート,54.0,小沢大仁,1:35.4,クビ,134.2,12.0,[西] 野中賢二,2021102358,202408040404,3歳未勝利｜2024年6月9日 | 競馬データベース - netkeiba,2026-05-19T12:42:52.053637,牝,3,446.0,-10.0,0,0,7.2,8.33,41.96,0.122,0,11,41.96,41.96,41.96,0.122,41.96
10.0,4,7,チリエージョドラマ,55.0,高倉稜,1:35.5,3/4,726.8,18.0,[西] 安達昭夫,2021106342,202408040404,3歳未勝利｜2024年6月9日 | 競馬データベース - netkeiba,2026-05-19T12:42:52.053637,牝,3,436.0,-6.0,0,0,5.8,4.67,38.66,0.1471,0,10,38.66,38.66,38.66,0.1471,38.66
11.0,6,11,ジュリアスローズ,53.0,永島まな,1:35.6,1/2,97.3,11.0,[西] 新谷功一,2021103506,202408040404,3歳未勝利｜2024年6月9日 | 競馬データベース - netkeiba,2026-05-19T12:42:52.053637,牝,3,458.0,6.0,0,0,8.4,7.67,35.2,0.1064,0,9,35.2,35.2,35.2,0.1064,35.2
12.0,2,3,アリストロシュ,55.0,水口優也,1:35.7,1/2,378.5,15.0,[西] 佐々木晶,2021102341,202408040404,3歳未勝利｜2024年6月9日 | 競馬データベース - netkeiba,2026-05-19T12:42:52.053637,牝,3,440.0,6.0,0,0,7.2,7.33,41.3,0.122,0,7,41.3,41.3,41.3,0.122,41.3
13.0,2,4,ニエキヤ,52.0,吉村誠之,1:35.8,1/2,75.1,10.0,[西] 清水久詞,2021105538,202408040404,3歳未勝利｜2024年6月9日 | 競馬データベース - netkeiba,2026-05-19T12:42:52.053637,牝,3,406.0,10.0,0,0,9.4,12.0,35.9,0.0962,0,13,35.9,35.9,35.9,0.0962,35.9
14.0,6,12,ジューンバタフライ,55.0,酒井学,1:35.9,3/4,31.5,7.0,[西] 飯田祐史,2021100705,202408040404,3歳未勝利｜2024年6月9日 | 競馬データベース - netkeiba,2026-05-19T12:42:52.053637,牝,3,474.0,6.0,0,0,6.0,5.0,40.24,0.1429,0,9,40.24,40.24,40.24,0.1429,40.24
15.0,1,1,ミヤジテン,55.0,和田竜二,1:36.0,クビ,170.9,13.0,[西] 川村禎彦,2021102531,202408040404,3歳未勝利｜2024年6月9日 | 競馬データベース - netkeiba,2026-05-19T12:42:52.053637,牝,3,478.0,-2.0,0,0,8.0,5.67,38.34,0.1111,0,3,38.34,38.34,38.34,0.1111,38.34
16.0,7,14,ラブアンドラッキー,51.0,河原田菜,1:36.2,1,466.7,16.0,[西] 本田優,2021100450,202408040404,3歳未勝利｜2024年6月9日 | 競馬データベース - netkeiba,2026-05-19T12:42:52.053637,牝,3,458.0,6.0,0,0,0.0,0.0,0.0,0.0,0,0,0.0,0.0,0.0,0.0,0.0
17.0,8,18,ピアリ,55.0,松若風馬,1:36.3,1,24.8,6.0,[西] 高橋一哉,2021105701,202408040404,3歳未勝利｜2024年6月9日 | 競馬データベース - netkeiba,2026-05-19T12:42:52.053637,牝,3,472.0,18.0,0,0,7.0,8.0,41.64,0.125,0,8,41.64,41.64,41.64,0.125,41.64
18.0,7,15,ワキノルーチェ,54.0,秋山稔樹,1:36.5,1.1/4,591.4,17.0,[西] 高橋義忠,2021102156,202408040404,3歳未勝利｜2024年6月9日 | 競馬データベース - netkeiba,2026-05-19T12:42:52.053637,牝,3,402.0,-6.0,0,0,8.0,9.67,43.08,0.1111,0,10,43.08,43.08,43.08,0.1111,43.08
1.0,7,7,ポートデラメール,55.0,団野大成,1:11.3,,1.6,1.0,[西] 斉藤崇史,2022105963,202408040405,2歳新馬｜2024年6月9日 | 競馬データベース - netkeiba,2026-05-19T12:43:43.652558,牝,2,408.0,0.0,1,1,4.0,3.67,36.74,0.2,0,2,36.74,36.74,36.74,0.2,36.74
2.0,5,5,オンザブルースカイ,55.0,幸英明,1:11.3,アタマ,6.6,3.0,[西] 谷潔,2022104163,202408040405,2歳新馬｜2024年6月9日 | 競馬データベース - netkeiba,2026-05-19T12:43:43.652558,牡,2,456.0,0.0,0,1,9.0,8.0,34.72,0.1,0,13,34.72,34.72,34.72,0.1,34.72
3.0,3,3,ネーブルオレンジ,55.0,西村淳也,1:11.5,1,4.0,2.0,[西] 杉山佳明,2022105431,202408040405,2歳新馬｜2024年6月9日 | 競馬データベース - netkeiba,2026-05-19T12:43:43.652558,牝,2,470.0,0.0,0,1,6.8,7.33,34.58,0.1282,0,6,34.58,34.58,34.58,0.1282,34.58
4.0,1,1,スターアイズ,55.0,松若風馬,1:12.2,4,9.2,4.0,[西] 小椋研介,2022104493,202408040405,2歳新馬｜2024年6月9日 | 競馬データベース - netkeiba,2026-05-19T12:43:43.652558,牝,2,422.0,0.0,0,0,7.6,8.0,40.2,0.1163,0,9,40.2,40.2,40.2,0.1163,40.2
5.0,6,6,ハックルベリー,54.0,秋山稔樹,1:12.3,1/2,75.5,7.0,[西] 村山明,2022101933,202408040405,2歳新馬｜2024年6月9日 | 競馬データベース - netkeiba,2026-05-19T12:43:43.652558,牡,2,466.0,0.0,0,0,5.4,6.67,40.5,0.1562,0,14,40.5,40.5,40.5,0.1562,40.5
6.0,2,2,ダイメイハマダ,53.0,永島まな,1:12.4,1/2,15.7,5.0,[西] 本田優,2022104001,202408040405,2歳新馬｜2024年6月9日 | 競馬データベース - netkeiba,2026-05-19T12:43:43.652558,牡,2,450.0,0.0,0,0,9.0,9.0,41.42,0.1,0,11,41.42,41.42,41.42,0.1,41.42
7.0,4,4,アンヘリート,55.0,川須栄彦,1:12.5,1/2,17.7,6.0,[西] 高橋一哉,2022103841,202408040405,2歳新馬｜2024年6月9日 | 競馬データベース - netkeiba,2026-05-19T12:43:43.652558,牝,2,444.0,0.0,0,0,2.0,2.33,39.56,0.3333,0,1,39.56,39.56,39.56,0.3333,39.56
1.0,2,4,エボルヴィング,57.0,川田将雅,1:47.8,,1.8,1.0,[西] 藤原英昭,2021105865,202408040406,3歳未勝利｜2024年6月9日 | 競馬データベース - netkeiba,2026-05-19T12:44:04.217924,牡,3,450.0,2.0,1,1,8.6,10.0,35.56,0.1042,0,1,35.56,35.56,35.56,0.1042,35.56
2.0,8,18,シュヴェルトリリエ,57.0,松若風馬,1:47.8,ハナ,12.8,4.0,[西] 矢作芳人,2021105855,202408040406,3歳未勝利｜2024年6月9日 | 競馬データベース - netkeiba,2026-05-19T12:44:04.217924,牡,3,452.0,-4.0,0,1,4.75,3.5,35.58,0.1739,0,5,35.58,35.58,35.58,0.1739,35.58
3.0,1,2,ダノンアトラス,57.0,Ｍ．デム,1:47.8,クビ,10.6,3.0,[西] 橋口慎介,2021105113,202408040406,3歳未勝利｜2024年6月9日 | 競馬データベース - netkeiba,2026-05-19T12:44:04.217924,牡,3,404.0,0.0,0,1,6.2,2.67,34.8,0.1389,0,3,34.8,34.8,34.8,0.1389,34.8
4.0,6,11,タガノディオーサ,54.0,角田大和,1:47.9,1/2,22.6,8.0,[西] 長谷川浩,2021106537,202408040406,3歳未勝利｜2024年6月9日 | 競馬データベース - netkeiba,2026-05-19T12:44:04.217924,牝,3,458.0,0.0,0,0,1.6,1.33,39.08,0.3846,0,1,39.08,39.08,39.08,0.3846,39.08
5.0,4,8,ゼンノクレバー,57.0,幸英明,1:48.0,3/4,88.6,11.0,[西] 四位洋文,2021106977,202408040406,3歳未勝利｜2024年6月9日 | 競馬データベース - netkeiba,2026-05-19T12:44:04.217924,牡,3,440.0,6.0,0,0,5.4,7.0,41.2,0.1562,0,9,41.2,41.2,41.2,0.1562,41.2
6.0,7,14,アイビーブリッツ,56.0,田口貫太,1:48.1,クビ,41.4,10.0,[西] 吉村圭司,2021106946,202408040406,3歳未勝利｜2024年6月9日 | 競馬データベース - netkeiba,2026-05-19T12:44:04.217924,牡,3,444.0,-10.0,0,0,5.0,5.33,40.58,0.1667,0,10,40.58,40.58,40.58,0.1667,40.58
7.0,7,13,グランセイント,57.0,団野大成,1:48.3,1.1/2,4.7,2.0,[西] 千田輝彦,2021107040,202408040406,3歳未勝利｜2024年6月9日 | 競馬データベース - netkeiba,2026-05-19T12:44:04.217924,牡,3,514.0,-2.0,0,0,6.25,7.33,35.27,0.1379,0,13,35.27,35.27,35.27,0.1379,35.27
8.0,6,12,メイショウライメイ,57.0,酒井学,1:48.3,ハナ,109.7,12.0,[西] 本田優,2021102549,202408040406,3歳未勝利｜2024年6月9日 | 競馬データベース - netkeiba,2026-05-19T12:44:04.217924,牡,3,468.0,12.0,0,0,7.0,5.67,39.4,0.125,0,7,39.4,39.4,39.4,0.125,39.4
9.0,1,1,アクシノス,57.0,川須栄彦,1:48.3,ハナ,17.4,7.0,[西] 佐々木晶,2021100452,202408040406,3歳未勝利｜2024年6月9日 | 競馬データベース - netkeiba,2026-05-19T12:44:04.217924,牡,3,466.0,-2.0,0,0,5.6,5.67,40.84,0.1515,0,8,40.84,40.84,40.84,0.1515,40.84
10.0,7,15,アタラヨ,55.0,松山弘平,1:48.4,1/2,36.0,9.0,[西] 松永幹夫,2021110070,202408040406,3歳未勝利｜2024年6月9日 | 競馬データベース - netkeiba,2026-05-19T12:44:04.217924,牝,3,444.0,0.0,0,0,7.6,9.0,36.36,0.1163,0,10,36.36,36.36,36.36,0.1163,36.36
11.0,3,5,チャウチャウチャウ,55.0,国分優作,1:48.8,2.1/2,339.2,15.0,[西] 緒方努,2021101131,202408040406,3歳未勝利｜2024年6月9日 | 競馬データベース - netkeiba,2026-05-19T12:44:04.217924,牝,3,454.0,-2.0,0,0,4.6,5.67,40.38,0.1786,0,11,40.38,40.38,40.38,0.1786,40.38
12.0,8,16,ハートストロング,55.0,永島まな,1:48.9,3/4,351.6,16.0,[西] 笹田和秀,2021102600,202408040406,3歳未勝利｜2024年6月9日 | 競馬データベース - netkeiba,2026-05-19T12:44:04.217924,セ,3,402.0,-30.0,0,0,11.0,9.33,37.83,0.0833,0,12,37.83,37.83,37.83,0.0833,37.83
13.0,4,7,プエルタアスール,55.0,和田竜二,1:49.1,1,297.5,14.0,[西] 鈴木孝志,2021103423,202408040406,3歳未勝利｜2024年6月9日 | 競馬データベース - netkeiba,2026-05-19T12:44:04.217924,牝,3,476.0,2.0,0,0,6.6,5.33,42.22,0.1316,0,7,42.22,42.22,42.22,0.1316,42.22
14.0,5,9,コレギウム,54.0,吉村誠之,1:49.2,1/2,16.9,6.0,[西] 池江泰寿,2021106616,202408040406,3歳未勝利｜2024年6月9日 | 競馬データベース - netkeiba,2026-05-19T12:44:04.217924,牡,3,490.0,6.0,0,0,3.0,2.67,40.3,0.25,0,1,40.3,40.3,40.3,0.25,40.3
15.0,8,17,エターナルブルー,57.0,国分恭介,1:49.3,3/4,364.3,17.0,[西] 茶木太樹,2021103608,202408040406,3歳未勝利｜2024年6月9日 | 競馬データベース - netkeiba,2026-05-19T12:44:04.217924,セ,3,450.0,-16.0,0,0,3.2,4.33,39.82,0.2381,0,3,39.82,39.82,39.82,0.2381,39.82
16.0,2,3,ベニスズメ,54.0,秋山稔樹,1:49.3,クビ,577.1,18.0,[西] 高橋康之,2021100777,202408040406,3歳未勝利｜2024年6月9日 | 競馬データベース - netkeiba,2026-05-19T12:44:04.217924,牝,3,448.0,6.0,0,0,11.4,13.33,36.7,0.0806,0,16,36.7,36.7,36.7,0.0806,36.7
17.0,5,10,シトロンヴェール,55.0,西塚洸二,1:49.7,2.1/2,182.4,13.0,[西] 吉田直弘,2021100199,202408040406,3歳未勝利｜2024年6月9日 | 競馬データベース - netkeiba,2026-05-19T12:44:04.217924,牡,3,526.0,6.0,0,0,8.0,9.0,41.28,0.1111,0,7,41.28,41.28,41.28,0.1111,41.28
18.0,3,6,ルクスデルフィー,55.0,西村淳也,1:49.7,アタマ,14.9,5.0,[西] 清水久詞,2021103937,202408040406,3歳未勝利｜2024年6月9日 | 競馬データベース - netkeiba,2026-05-19T12:44:04.217924,牝,3,456.0,0.0,0,0,0.0,0.0,0.0,0.0,0,0,0.0,0.0,0.0,0.0,0.0
1.0,7,13,レアンダー,55.0,国分優作,1:53.0,,166.4,14.0,[西] 大根田裕,2021100836,202408040407,3歳以上1勝クラス｜2024年6月9日 | 競馬データベース - netkeiba,2026-05-19T12:44:57.006219,牡,3,460.0,0.0,1,1,12.4,14.0,39.24,0.0746,0,14,39.24,39.24,39.24,0.0746,39.24
2.0,5,10,ギマール,55.0,岩田康誠,1:53.2,1.1/2,5.4,2.0,[西] 上村洋行,2021105931,202408040407,3歳以上1勝クラス｜2024年6月9日 | 競馬データベース - netkeiba,2026-05-19T12:44:57.006219,牡,3,452.0,0.0,0,1,4.0,3.0,37.52,0.2,0,4,37.52,37.52,37.52,0.2,37.52
3.0,6,11,ポンサン,58.0,藤懸貴志,1:53.5,2,20.5,5.0,[東] 小西一男,2020100838,202408040407,3歳以上1勝クラス｜2024年6月9日 | 競馬データベース - netkeiba,2026-05-19T12:44:57.006219,牡,4,486.0,8.0,0,1,8.4,11.33,37.92,0.1064,0,11,37.92,37.92,37.92,0.1064,37.92
4.0,1,2,モズバンディット,58.0,幸英明,1:53.6,1/2,46.6,8.0,[西] 中尾秀正,2020101268,202408040407,3歳以上1勝クラス｜2024年6月9日 | 競馬データベース - netkeiba,2026-05-19T12:44:57.006219,牡,4,448.0,-8.0,0,0,6.0,4.67,38.2,0.1429,0,7,38.2,38.2,38.2,0.1429,38.2
5.0,4,7,タイトニット,58.0,松若風馬,1:54.0,2.1/2,118.6,11.0,[西] 今野貞一,2020102750,202408040407,3歳以上1勝クラス｜2024年6月9日 | 競馬データベース - netkeiba,2026-05-19T12:44:57.006219,牡,4,542.0,15.0,0,0,4.8,5.0,36.64,0.1724,0,1,36.64,36.64,36.64,0.1724,36.64
6.0,3,5,モズミツボシ,57.0,角田大和,1:54.4,2.1/2,66.6,9.0,[西] 飯田祐史,2019103718,202408040407,3歳以上1勝クラス｜2024年6月9日 | 競馬データベース - netkeiba,2026-05-19T12:44:57.006219,牡,5,524.0,-2.0,0,0,6.0,5.67,42.06,0.1429,0,5,42.06,42.06,42.06,0.1429,42.06
7.0,1,1,フラッシング,55.0,Ｍ．デム,1:54.5,クビ,27.7,6.0,[西] 牧浦充徳,2021105971,202408040407,3歳以上1勝クラス｜2024年6月9日 | 競馬データベース - netkeiba,2026-05-19T12:44:57.006219,牡,3,478.0,2.0,0,0,8.0,7.0,37.24,0.1111,0,6,37.24,37.24,37.24,0.1111,37.24
8.0,6,12,アスクナサニエル,53.0,西塚洸二,1:54.5,アタマ,79.5,10.0,[西] 藤原英昭,2021110006,202408040407,3歳以上1勝クラス｜2024年6月9日 | 競馬データベース - netkeiba,2026-05-19T12:44:57.006219,牡,3,500.0,-6.0,0,0,9.8,9.0,38.36,0.0926,0,11,38.36,38.36,38.36,0.0926,38.36
9.0,5,9,ローザサンリヴァル,55.0,松山弘平,1:54.6,アタマ,8.1,4.0,[西] 高野友和,2021105910,202408040407,3歳以上1勝クラス｜2024年6月9日 | 競馬データベース - netkeiba,2026-05-19T12:44:57.006219,牡,3,506.0,14.0,0,0,3.8,4.67,34.66,0.2083,0,10,34.66,34.66,34.66,0.2083,34.66
10.0,3,6,オペラプラージュ,55.0,西村淳也,1:55.3,4,1.7,1.0,[西] 新谷功一,2021104784,202408040407,3歳以上1勝クラス｜2024年6月9日 | 競馬データベース - netkeiba,2026-05-19T12:44:57.006219,牡,3,496.0,4.0,0,0,11.0,12.67,40.16,0.0833,0,10,40.16,40.16,40.16,0.0833,40.16
11.0,8,15,イサイアス,57.0,小沢大仁,1:55.8,3,182.6,15.0,[西] 吉村圭司,2020110073,202408040407,3歳以上1勝クラス｜2024年6月9日 | 競馬データベース - netkeiba,2026-05-19T12:44:57.006219,牡,4,462.0,-2.0,0,0,5.25,4.0,39.42,0.16,0,5,39.42,39.42,39.42,0.16,39.42
12.0,8,16,メイプルギャング,52.0,橋木太希,1:56.0,1.1/4,130.8,12.0,[西] 中竹和也,2021110063,202408040407,3歳以上1勝クラス｜2024年6月9日 | 競馬データベース - netkeiba,2026-05-19T12:44:57.006219,牡,3,480.0,-6.0,0,0,8.4,9.67,37.5,0.1064,0,8,37.5,37.5,37.5,0.1064,37.5
13.0,2,4,サークルオブジョイ,55.0,川田将雅,1:56.4,2.1/2,6.0,3.0,[西] 池添学,2021105796,202408040407,3歳以上1勝クラス｜2024年6月9日 | 競馬データベース - netkeiba,2026-05-19T12:44:57.006219,牡,3,488.0,18.0,0,0,4.4,6.33,34.64,0.1852,0,6,34.64,34.64,34.64,0.1852,34.64
14.0,7,14,リトルミム,56.0,酒井学,1:56.7,1.3/4,257.1,16.0,[西] 鮫島一歩,2020102599,202408040407,3歳以上1勝クラス｜2024年6月9日 | 競馬データベース - netkeiba,2026-05-19T12:44:57.006219,牝,4,528.0,10.0,0,0,12.2,13.0,39.14,0.0758,0,14,39.14,39.14,39.14,0.0758,39.14
15.0,2,3,シャスティフォル,58.0,和田竜二,1:57.0,2,36.9,7.0,[西] 友道康夫,2020110017,202408040407,3歳以上1勝クラス｜2024年6月9日 | 競馬データベース - netkeiba,2026-05-19T12:44:57.006219,牡,4,546.0,0.0,0,0,11.5,11.5,39.55,0.08,0,8,39.55,39.55,39.55,0.08,39.55
16.0,4,8,ミッキーキング,57.0,田口貫太,1:57.1,1/2,141.6,13.0,[西] 音無秀孝,2019105460,202408040407,3歳以上1勝クラス｜2024年6月9日 | 競馬データベース - netkeiba,2026-05-19T12:44:57.006219,セ,5,470.0,5.0,0,0,9.5,16.0,40.35,0.0952,0,16,40.35,40.35,40.35,0.0952,40.35
1.0,4,4,マイネルティグレ,55.0,和田竜二,1:34.9,,3.3,1.0,[西] 西園正都,2021106815,202408040408,3歳以上1勝クラス｜2024年6月9日 | 競馬データベース - netkeiba,2026-05-19T12:45:43.035310,牡,3,474.0,0.0,1,1,5.25,7.0,34.62,0.16,0,11,34.62,34.62,34.62,0.16,34.62
2.0,6,7,バレルターン,55.0,西村淳也,1:34.9,ハナ,8.3,4.0,[西] 茶木太樹,2021104906,202408040408,3歳以上1勝クラス｜2024年6月9日 | 競馬データベース - netkeiba,2026-05-19T12:45:43.035310,牡,3,482.0,14.0,0,1,2.8,3.0,34.04,0.2632,0,2,34.04,34.04,34.04,0.2632,34.04
3.0,8,11,レディントン,55.0,川田将雅,1:35.2,1.1/2,3.3,2.0,[西] 杉山晴紀,2021105926,202408040408,3歳以上1勝クラス｜2024年6月9日 | 競馬データベース - netkeiba,2026-05-19T12:45:43.035310,牡,3,476.0,-4.0,0,1,8.2,12.0,36.7,0.1087,0,14,36.7,36.7,36.7,0.1087,36.7
4.0,3,3,サンライズプルート,58.0,松若風馬,1:35.2,ハナ,14.0,7.0,[西] 音無秀孝,2020102326,202408040408,3歳以上1勝クラス｜2024年6月9日 | 競馬データベース - netkeiba,2026-05-19T12:45:43.035310,牡,4,474.0,-2.0,0,0,8.8,11.67,37.4,0.102,0,9,37.4,37.4,37.4,0.102,37.4
5.0,6,8,カフジキアッキエレ,56.0,国分恭介,1:35.2,クビ,34.8,9.0,[西] 森田直行,2020103256,202408040408,3歳以上1勝クラス｜2024年6月9日 | 競馬データベース - netkeiba,2026-05-19T12:45:43.035310,牝,4,426.0,6.0,0,0,8.2,7.0,35.9,0.1087,0,7,35.9,35.9,35.9,0.1087,35.9
6.0,2,2,ショウナンラウール,52.0,田口貫太,1:35.3,3/4,5.0,3.0,[西] 高橋義忠,2021104242,202408040408,3歳以上1勝クラス｜2024年6月9日 | 競馬データベース - netkeiba,2026-05-19T12:45:43.035310,牝,3,420.0,2.0,0,0,6.6,7.67,34.78,0.1316,0,6,34.78,34.78,34.78,0.1316,34.78
7.0,1,1,レオンバローズ,58.0,岩田康誠,1:35.3,ハナ,11.0,5.0,[西] 渡辺薫彦,2019104068,202408040408,3歳以上1勝クラス｜2024年6月9日 | 競馬データベース - netkeiba,2026-05-19T12:45:43.035310,牡,5,470.0,0.0,0,0,11.0,14.33,37.64,0.0833,0,13,37.64,37.64,37.64,0.0833,37.64
8.0,5,5,エーデルサンライズ,56.0,藤懸貴志,1:35.4,1/2,21.2,8.0,[西] 小林真也,2020102329,202408040408,3歳以上1勝クラス｜2024年6月9日 | 競馬データベース - netkeiba,2026-05-19T12:45:43.035310,牝,4,428.0,2.0,0,0,6.6,7.33,34.68,0.1316,0,7,34.68,34.68,34.68,0.1316,34.68
9.0,8,12,ホウオウペトリュス,51.0,永島まな,1:35.5,3/4,54.9,10.0,[西] 須貝尚介,2021105694,202408040408,3歳以上1勝クラス｜2024年6月9日 | 競馬データベース - netkeiba,2026-05-19T12:45:43.035310,牝,3,440.0,0.0,0,0,6.4,7.33,35.22,0.1351,0,12,35.22,35.22,35.22,0.1351,35.22
10.0,7,9,ビーグラッド,53.0,松山弘平,1:35.5,ハナ,13.3,6.0,[西] 岡田稲男,2021100683,202408040408,3歳以上1勝クラス｜2024年6月9日 | 競馬データベース - netkeiba,2026-05-19T12:45:43.035310,牝,3,442.0,6.0,0,0,11.2,11.67,34.64,0.082,0,11,34.64,34.64,34.64,0.082,34.64
11.0,7,10,オールアイウォント,56.0,幸英明,1:35.6,1/2,128.7,11.0,[西] 森田直行,2020102977,202408040408,3歳以上1勝クラス｜2024年6月9日 | 競馬データベース - netkeiba,2026-05-19T12:45:43.035310,牝,4,466.0,2.0,0,0,10.8,11.67,35.62,0.0847,0,15,35.62,35.62,35.62,0.0847,35.62
12.0,5,6,ニュージェネラル,52.0,小沢大仁,1:36.7,7,214.2,12.0,[西] 武英智,2021109087,202408040408,3歳以上1勝クラス｜2024年6月9日 | 競馬データベース - netkeiba,2026-05-19T12:45:43.035310,牝,3,458.0,-2.0,0,0,13.4,14.0,37.66,0.0694,0,15,37.66,37.66,37.66,0.0694,37.66
1.0,4,4,インザモーメント,54.0,川田将雅,2:27.5,,1.2,1.0,[西] 田中克典,2021106635,202408040409,常盤特別｜2024年6月9日 | 競馬データベース - netkeiba,2026-05-19T12:46:17.985692,牡,3,476.0,0.0,1,1,9.4,10.0,35.9,0.0962,0,9,35.9,35.9,35.9,0.0962,35.9
2.0,6,6,ローレルキャニオン,58.0,田口貫太,2:27.9,2.1/2,13.7,3.0,[西] 須貝尚介,2020103329,202408040409,常盤特別｜2024年6月9日 | 競馬データベース - netkeiba,2026-05-19T12:46:17.985692,牡,4,568.0,4.0,0,1,8.25,10.0,35.92,0.1081,0,5,35.92,35.92,35.92,0.1081,35.92
3.0,8,8,タガノカイ,58.0,秋山稔樹,2:28.1,1.1/4,74.2,9.0,[西] 宮徹,2018101970,202408040409,常盤特別｜2024年6月9日 | 競馬データベース - netkeiba,2026-05-19T12:46:17.985692,牡,6,512.0,-12.0,0,1,6.2,7.67,34.96,0.1389,0,6,34.96,34.96,34.96,0.1389,34.96
4.0,2,2,プレイリードリーム,58.0,和田竜二,2:28.2,1/2,17.2,5.0,[西] 安達昭夫,2016102767,202408040409,常盤特別｜2024年6月9日 | 競馬データベース - netkeiba,2026-05-19T12:46:17.985692,牡,8,466.0,-2.0,0,0,8.4,8.67,35.4,0.1064,0,9,35.4,35.4,35.4,0.1064,35.4
5.0,1,1,リンフレスカンテ,58.0,松山弘平,2:28.7,3,17.1,4.0,[西] 宮本博,2018104797,202408040409,常盤特別｜2024年6月9日 | 競馬データベース - netkeiba,2026-05-19T12:46:17.985692,牡,6,440.0,-6.0,0,0,8.6,10.0,35.72,0.1042,0,10,35.72,35.72,35.72,0.1042,35.72
6.0,3,3,ダノンターキッシュ,58.0,幸英明,2:28.9,1.1/2,5.1,2.0,[西] 寺島良,2018100410,202408040409,常盤特別｜2024年6月9日 | 競馬データベース - netkeiba,2026-05-19T12:46:17.985692,牡,6,452.0,-6.0,0,0,5.6,6.33,38.42,0.1515,0,8,38.42,38.42,38.42,0.1515,38.42
7.0,7,7,サトノシャローム,58.0,荻野極,2:29.0,1/2,56.5,7.0,[西] 池江泰寿,2017105339,202408040409,常盤特別｜2024年6月9日 | 競馬データベース - netkeiba,2026-05-19T12:46:17.985692,牡,7,524.0,12.0,0,0,7.0,9.0,36.02,0.125,0,7,36.02,36.02,36.02,0.125,36.02
8.0,8,9,タガノバルコス,58.0,西塚洸二,2:29.3,1.1/2,20.5,6.0,[西] 鮫島一歩,2019100549,202408040409,常盤特別｜2024年6月9日 | 競馬データベース - netkeiba,2026-05-19T12:46:17.985692,牡,5,494.0,2.0,0,0,4.8,5.0,0.0,0.1724,0,8,0.0,0.0,0.0,0.1724,0.0
9.0,5,5,アスカノミライ,58.0,中井裕二,2:29.4,3/4,61.5,8.0,[西] 川村禎彦,2018100967,202408040409,常盤特別｜2024年6月9日 | 競馬データベース - netkeiba,2026-05-19T12:46:17.985692,牡,6,516.0,-14.0,0,0,7.8,9.33,35.42,0.1136,0,12,35.42,35.42,35.42,0.1136,35.42
1.0,7,14,ボナンザ,57.0,川田将雅,1:11.3,,1.9,1.0,[西] 庄野靖志,2020101292,202408040410,安芸ステークス｜2024年6月9日 | 競馬データベース - netkeiba,2026-05-19T12:46:48.090608,牡,4,502.0,8.0,1,1,5.4,5.67,36.08,0.1562,0,12,36.08,36.08,36.08,0.1562,36.08
2.0,6,12,サザンエルフ,55.0,田口貫太,1:11.4,クビ,13.3,5.0,[東] 中川公成,2019102011,202408040410,安芸ステークス｜2024年6月9日 | 競馬データベース - netkeiba,2026-05-19T12:46:48.090608,牝,5,478.0,0.0,0,1,7.6,5.67,37.22,0.1163,0,8,37.22,37.22,37.22,0.1163,37.22
3.0,3,5,ペプチドヤマト,56.0,小沢大仁,1:11.5,1/2,62.2,13.0,[西] 武英智,2019103605,202408040410,安芸ステークス｜2024年6月9日 | 競馬データベース - netkeiba,2026-05-19T12:46:48.090608,牡,5,492.0,6.0,0,1,6.8,7.67,35.22,0.1282,0,3,35.22,35.22,35.22,0.1282,35.22
4.0,7,13,エコロアイ,55.0,和田竜二,1:11.5,アタマ,35.2,8.0,[西] 森秀行,2020110137,202408040410,安芸ステークス｜2024年6月9日 | 競馬データベース - netkeiba,2026-05-19T12:46:48.090608,牝,4,516.0,4.0,0,0,11.8,14.0,38.66,0.0781,0,13,38.66,38.66,38.66,0.0781,38.66
5.0,5,10,タイセイブリリオ,57.0,西塚洸二,1:11.8,2,16.0,6.0,[西] 大橋勇樹,2019101005,202408040410,安芸ステークス｜2024年6月9日 | 競馬データベース - netkeiba,2026-05-19T12:46:48.090608,牡,5,484.0,18.0,0,0,10.0,9.33,38.04,0.0909,0,5,38.04,38.04,38.04,0.0909,38.04
6.0,5,9,イチネンエーグミ,56.0,松若風馬,1:11.9,クビ,5.1,2.0,[西] 茶木太樹,2019106684,202408040410,安芸ステークス｜2024年6月9日 | 競馬データベース - netkeiba,2026-05-19T12:46:48.090608,牡,5,566.0,8.0,0,0,6.6,6.33,41.1,0.1316,0,6,41.1,41.1,41.1,0.1316,41.1
7.0,1,1,コパノハンプトン,56.0,岩田康誠,1:12.0,1/2,53.6,12.0,[西] 宮徹,2020104679,202408040410,安芸ステークス｜2024年6月9日 | 競馬データベース - netkeiba,2026-05-19T12:46:48.090608,牡,4,506.0,-4.0,0,0,9.8,10.0,36.46,0.0926,0,12,36.46,36.46,36.46,0.0926,36.46
8.0,3,6,ジェットエンブレム,56.0,吉村誠之,1:12.0,クビ,130.9,16.0,[西] 石坂公一,2018100886,202408040410,安芸ステークス｜2024年6月9日 | 競馬データベース - netkeiba,2026-05-19T12:46:48.090608,牡,6,536.0,0.0,0,0,6.6,8.0,39.32,0.1316,0,6,39.32,39.32,39.32,0.1316,39.32
9.0,8,15,カネコメシスター,53.0,西村淳也,1:12.1,1/2,45.2,9.0,[西] 中尾秀正,2019101055,202408040410,安芸ステークス｜2024年6月9日 | 競馬データベース - netkeiba,2026-05-19T12:46:48.090608,牝,5,504.0,2.0,0,0,5.8,7.0,39.0,0.1471,0,4,39.0,39.0,39.0,0.1471,39.0
10.0,1,2,ナスノカンゲツ,55.0,川須栄彦,1:12.1,クビ,53.4,11.0,[東] 武井亮,2020109094,202408040410,安芸ステークス｜2024年6月9日 | 競馬データベース - netkeiba,2026-05-19T12:46:48.090608,牡,4,522.0,2.0,0,0,8.4,6.67,36.24,0.1064,0,5,36.24,36.24,36.24,0.1064,36.24
11.0,6,11,グットディール,57.0,角田大和,1:12.3,1,50.8,10.0,[西] 須貝尚介,2019105446,202408040410,安芸ステークス｜2024年6月9日 | 競馬データベース - netkeiba,2026-05-19T12:46:48.090608,セ,5,500.0,0.0,0,0,8.2,9.67,38.68,0.1087,0,15,38.68,38.68,38.68,0.1087,38.68
12.0,2,4,クロデメニル,53.0,永島まな,1:13.1,5,81.7,14.0,[西] 森秀行,2019110103,202408040410,安芸ステークス｜2024年6月9日 | 競馬データベース - netkeiba,2026-05-19T12:46:48.090608,牝,5,512.0,18.0,0,0,8.8,8.33,37.44,0.102,0,14,37.44,37.44,37.44,0.102,37.44
13.0,2,3,シラキヌ,54.0,秋山稔樹,1:13.9,5,19.4,7.0,[西] 小林真也,2019110013,202408040410,安芸ステークス｜2024年6月9日 | 競馬データベース - netkeiba,2026-05-19T12:46:48.090608,牝,5,498.0,-8.0,0,0,4.2,5.67,37.5,0.1923,0,13,37.5,37.5,37.5,0.1923,37.5
14.0,8,16,スクーバー,56.0,Ｍ．デム,1:14.1,1.1/2,7.6,3.0,[東] 武藤善則,2020102565,202408040410,安芸ステークス｜2024年6月9日 | 競馬データベース - netkeiba,2026-05-19T12:46:48.090608,牡,4,502.0,2.0,0,0,8.4,7.0,39.76,0.1064,0,3,39.76,39.76,39.76,0.1064,39.76
,4,7,オーガスタスカイ,53.0,団野大成,,,101.5,15.0,[西] 斉藤崇史,2019105161,202408040410,安芸ステークス｜2024年6月9日 | 競馬データベース - netkeiba,2026-05-19T12:46:48.090608,牝,5,480.0,4.0,0,0,9.5,9.0,36.33,0.0952,0,7,36.33,36.33,36.33,0.0952,36.33
,4,8,ダイリュウホマレ,54.0,松山弘平,,,12.4,4.0,[西] 橋口慎介,2020104046,202408040410,安芸ステークス｜2024年6月9日 | 競馬データベース - netkeiba,2026-05-19T12:46:48.090608,牝,4,450.0,10.0,0,0,9.33,9.0,37.8,0.0968,0,4,37.8,37.8,37.8,0.0968,37.8
1.0,1,1,オメガギネス,58.0,松山弘平,1:50.8,,1.8,1.0,[東] 大和田成,2020102904,202408040411,三宮ステークス｜2024年6月9日 | 競馬データベース - netkeiba,2026-05-19T12:47:33.981748,牡,4,496.0,2.0,1,1,4.8,5.33,36.06,0.1724,0,7,36.06,36.06,36.06,0.1724,36.06
2.0,5,10,ラインオブソウル,54.0,松若風馬,1:52.0,7,26.8,9.0,[西] 音無秀孝,2019105993,202408040411,三宮ステークス｜2024年6月9日 | 競馬データベース - netkeiba,2026-05-19T12:47:33.981748,牡,5,514.0,-6.0,0,1,9.4,11.33,37.98,0.0962,0,7,37.98,37.98,37.98,0.0962,37.98
3.0,6,11,デシエルト,57.0,岩田康誠,1:52.1,クビ,5.6,2.0,[西] 安田翔伍,2019105039,202408040411,三宮ステークス｜2024年6月9日 | 競馬データベース - netkeiba,2026-05-19T12:47:33.981748,牡,5,530.0,-2.0,0,1,5.2,6.33,36.74,0.1613,0,14,36.74,36.74,36.74,0.1613,36.74
4.0,3,5,ザイツィンガー,54.0,国分恭介,1:52.1,クビ,160.6,14.0,[西] 牧田和弥,2016103730,202408040411,三宮ステークス｜2024年6月9日 | 競馬データベース - netkeiba,2026-05-19T12:47:33.981748,牡,8,438.0,0.0,0,0,8.2,7.33,36.66,0.1087,0,8,36.66,36.66,36.66,0.1087,36.66
5.0,7,13,マリオロード,55.0,酒井学,1:52.3,3/4,23.4,8.0,[西] 安達昭夫,2019101198,202408040411,三宮ステークス｜2024年6月9日 | 競馬データベース - netkeiba,2026-05-19T12:47:33.981748,牡,5,508.0,2.0,0,0,8.0,9.33,37.56,0.1111,0,4,37.56,37.56,37.56,0.1111,37.56
6.0,2,4,ヴィジョンオブラヴ,52.0,川須栄彦,1:52.3,アタマ,261.7,15.0,[東] 新開幸一,2015100274,202408040411,三宮ステークス｜2024年6月9日 | 競馬データベース - netkeiba,2026-05-19T12:47:33.981748,牡,9,500.0,-12.0,0,0,11.4,10.67,38.18,0.0806,0,15,38.18,38.18,38.18,0.0806,38.18
7.0,7,14,ウェルカムニュース,57.0,西村淳也,1:52.3,ハナ,9.6,4.0,[西] 池江泰寿,2019105537,202408040411,三宮ステークス｜2024年6月9日 | 競馬データベース - netkeiba,2026-05-19T12:47:33.981748,牡,5,500.0,-8.0,0,0,8.2,8.67,37.72,0.1087,0,8,37.72,37.72,37.72,0.1087,37.72
8.0,5,9,アルーブルト,55.0,幸英明,1:52.4,クビ,18.7,7.0,[西] 畑端省吾,2018100763,202408040411,三宮ステークス｜2024年6月9日 | 競馬データベース - netkeiba,2026-05-19T12:47:33.981748,牡,6,480.0,-4.0,0,0,8.4,7.33,39.54,0.1064,0,2,39.54,39.54,39.54,0.1064,39.54
9.0,6,12,オディロン,55.0,Ｍ．デム,1:52.4,クビ,17.6,6.0,[西] 浜田多実,2019102490,202408040411,三宮ステークス｜2024年6月9日 | 競馬データベース - netkeiba,2026-05-19T12:47:33.981748,牡,5,498.0,-6.0,0,0,1.4,1.33,38.78,0.4167,0,2,38.78,38.78,38.78,0.4167,38.78
10.0,4,8,レガーメペスカ,55.0,田口貫太,1:52.5,クビ,9.4,3.0,[西] 藤野健太,2017104106,202408040411,三宮ステークス｜2024年6月9日 | 競馬データベース - netkeiba,2026-05-19T12:47:33.981748,牡,7,494.0,-10.0,0,0,10.8,13.0,40.18,0.0847,0,14,40.18,40.18,40.18,0.0847,40.18
11.0,8,15,アルドーレ,55.0,永島まな,1:52.8,2,272.5,16.0,[東] 戸田博文,2015103217,202408040411,三宮ステークス｜2024年6月9日 | 競馬データベース - netkeiba,2026-05-19T12:47:33.981748,牡,9,484.0,-2.0,0,0,5.4,7.67,40.0,0.1562,0,5,40.0,40.0,40.0,0.1562,40.0
12.0,1,2,マカオンドール,56.0,和田竜二,1:53.1,1.3/4,68.1,12.0,[西] 今野貞一,2018105293,202408040411,三宮ステークス｜2024年6月9日 | 競馬データベース - netkeiba,2026-05-19T12:47:33.981748,牡,6,490.0,0.0,0,0,2.8,2.0,40.06,0.2632,0,2,40.06,40.06,40.06,0.2632,40.06
13.0,2,3,ゴールドハイアー,57.0,西塚洸二,1:54.1,6,16.4,5.0,[西] 大久保龍,2018102195,202408040411,三宮ステークス｜2024年6月9日 | 競馬データベース - netkeiba,2026-05-19T12:47:33.981748,牡,6,506.0,6.0,0,0,7.2,5.67,40.08,0.122,0,7,40.08,40.08,40.08,0.122,40.08
14.0,4,7,エクロジャイト,56.0,小沢大仁,1:54.9,5,55.7,10.0,[西] 福永祐一,2020103295,202408040411,三宮ステークス｜2024年6月9日 | 競馬データベース - netkeiba,2026-05-19T12:47:33.981748,牡,4,518.0,16.0,0,0,9.8,7.33,37.9,0.0926,0,9,37.9,37.9,37.9,0.0926,37.9
15.0,3,6,メイショウドヒョウ,54.0,太宰啓介,1:55.2,2,120.1,13.0,[西] 西園正都,2017106376,202408040411,三宮ステークス｜2024年6月9日 | 競馬データベース - netkeiba,2026-05-19T12:47:33.981748,牡,7,500.0,12.0,0,0,1.6,2.0,39.56,0.3846,0,3,39.56,39.56,39.56,0.3846,39.56
16.0,8,16,スパイラルノヴァ,54.0,角田大和,1:55.3,1/2,66.9,11.0,[西] 藤岡健一,2018106795,202408040411,三宮ステークス｜2024年6月9日 | 競馬データベース - netkeiba,2026-05-19T12:47:33.981748,牡,6,490.0,-6.0,0,0,8.0,8.0,40.52,0.1111,0,9,40.52,40.52,40.52,0.1111,40.52
1.0,6,9,バンドシェル,55.0,松山弘平,1:08.7,,2.1,1.0,[西] 西村真幸,2021102461,202408040412,3歳以上1勝クラス｜2024年6月9日 | 競馬データベース - netkeiba,2026-05-19T12:48:20.253311,牡,3,470.0,-4.0,1,1,6.6,8.67,33.4,0.1316,0,6,33.4,33.4,33.4,0.1316,33.4
2.0,1,1,イツモニコニコ,53.0,田中健,1:08.9,1.1/4,10.0,4.0,[西] 浜田多実,2021107063,202408040412,3歳以上1勝クラス｜2024年6月9日 | 競馬データベース - netkeiba,2026-05-19T12:48:20.253311,牝,3,478.0,-6.0,0,1,7.2,8.67,34.06,0.122,0,13,34.06,34.06,34.06,0.122,34.06
3.0,8,13,アエリーゾ,55.0,田口貫太,1:08.9,クビ,8.4,3.0,[西] 庄野靖志,2019105265,202408040412,3歳以上1勝クラス｜2024年6月9日 | 競馬データベース - netkeiba,2026-05-19T12:48:20.253311,牝,5,460.0,2.0,0,1,5.6,7.67,34.18,0.1515,0,7,34.18,34.18,34.18,0.1515,34.18
4.0,7,11,キーウェーブ,55.0,和田竜二,1:08.9,アタマ,15.2,6.0,[西] 川村禎彦,2021102561,202408040412,3歳以上1勝クラス｜2024年6月9日 | 競馬データベース - netkeiba,2026-05-19T12:48:20.253311,牡,3,424.0,-2.0,0,0,8.4,9.67,34.66,0.1064,0,14,34.66,34.66,34.66,0.1064,34.66
5.0,8,12,ナムラエデン,50.0,吉村誠之,1:09.2,1.3/4,4.5,2.0,[西] 小栗実,2021101102,202408040412,3歳以上1勝クラス｜2024年6月9日 | 競馬データベース - netkeiba,2026-05-19T12:48:20.253311,牝,3,420.0,0.0,0,0,8.2,6.0,36.9,0.1087,0,7,36.9,36.9,36.9,0.1087,36.9
6.0,4,4,コスモグングニール,58.0,Ｍ．デム,1:09.4,3/4,15.4,7.0,[西] 緒方努,2020102271,202408040412,3歳以上1勝クラス｜2024年6月9日 | 競馬データベース - netkeiba,2026-05-19T12:48:20.253311,牡,4,510.0,-10.0,0,0,5.4,5.0,35.26,0.1562,0,7,35.26,35.26,35.26,0.1562,35.26
7.0,6,8,セレッソデアモール,56.0,川須栄彦,1:09.8,2.1/2,27.7,9.0,[西] 庄野靖志,2020106777,202408040412,3歳以上1勝クラス｜2024年6月9日 | 競馬データベース - netkeiba,2026-05-19T12:48:20.253311,牝,4,472.0,-6.0,0,0,6.25,4.0,33.83,0.1379,0,4,33.83,33.83,33.83,0.1379,33.83
8.0,5,7,ハルカナネガイ,52.0,河原田菜,1:10.1,1.3/4,124.8,11.0,[西] 藤沢則雄,2019102062,202408040412,3歳以上1勝クラス｜2024年6月9日 | 競馬データベース - netkeiba,2026-05-19T12:48:20.253311,牝,5,436.0,-6.0,0,0,2.6,2.33,38.78,0.2778,0,3,38.78,38.78,38.78,0.2778,38.78
9.0,2,2,チカポコ,53.0,橋木太希,1:10.3,1,188.5,12.0,[西] 西園正都,2020102537,202408040412,3歳以上1勝クラス｜2024年6月9日 | 競馬データベース - netkeiba,2026-05-19T12:48:20.253311,牝,4,420.0,2.0,0,0,2.8,2.67,39.64,0.2632,0,4,39.64,39.64,39.64,0.2632,39.64
10.0,5,6,アナベルエクラ,52.0,小沢大仁,1:10.3,クビ,221.0,13.0,[西] 清水久詞,2021105435,202408040412,3歳以上1勝クラス｜2024年6月9日 | 競馬データベース - netkeiba,2026-05-19T12:48:20.253311,牝,3,446.0,-4.0,0,0,12.8,14.33,36.26,0.0725,0,16,36.26,36.26,36.26,0.0725,36.26
11.0,7,10,ドナヴィーナス,51.0,永島まな,1:10.4,クビ,11.4,5.0,[西] 庄野靖志,2021100782,202408040412,3歳以上1勝クラス｜2024年6月9日 | 競馬データベース - netkeiba,2026-05-19T12:48:20.253311,牝,3,446.0,-4.0,0,0,10.6,10.0,41.96,0.0862,0,8,41.96,41.96,41.96,0.0862,41.96
12.0,4,5,ソアラ,56.0,藤懸貴志,1:10.6,3/4,22.5,8.0,[西] 高橋康之,2020105897,202408040412,3歳以上1勝クラス｜2024年6月9日 | 競馬データベース - netkeiba,2026-05-19T12:48:20.253311,牝,4,484.0,-8.0,0,0,7.0,6.0,35.36,0.125,0,6,35.36,35.36,35.36,0.125,35.36
13.0,3,3,モラトリアム,54.0,西塚洸二,1:11.1,3,36.6,10.0,[西] 河内洋,2018103125,202408040412,3歳以上1勝クラス｜2024年6月9日 | 競馬データベース - netkeiba,2026-05-19T12:48:20.253311,牝,6,464.0,8.0,0,0,10.6,12.67,37.14,0.0862,0,16,37.14,37.14,37.14,0.0862,37.14
1.0,8,16,ロードトレイル,54.0,高杉吏麒,1:09.3,,4.1,2.0,[西] 藤岡健一,2021100157,202402010301,3歳未勝利｜2024年6月15日 | 競馬データベース - netkeiba,2026-05-19T12:49:17.749777,牡,3,476.0,0.0,1,1,8.0,7.67,34.72,0.1111,0,2,34.72,34.72,34.72,0.1111,34.72
2.0,7,14,テキーラワルツ,52.0,川端海翼,1:09.4,1,135.8,15.0,[西] 大根田裕,2021100718,202402010301,3歳未勝利｜2024年6月15日 | 競馬データベース - netkeiba,2026-05-19T12:49:17.749777,牝,3,428.0,4.0,0,1,8.25,8.67,39.48,0.1081,0,8,39.48,39.48,39.48,0.1081,39.48
3.0,4,7,サニイアール,55.0,丹内祐次,1:09.5,クビ,8.3,4.0,[東] 田村康仁,2021103052,202402010301,3歳未勝利｜2024年6月15日 | 競馬データベース - netkeiba,2026-05-19T12:49:17.749777,牝,3,450.0,10.0,0,1,5.0,5.0,41.44,0.1667,0,4,41.44,41.44,41.44,0.1667,41.44
4.0,8,15,ルクスアドラー,57.0,佐々木大,1:09.5,クビ,4.9,3.0,[西] 須貝尚介,2021101100,202402010301,3歳未勝利｜2024年6月15日 | 競馬データベース - netkeiba,2026-05-19T12:49:17.749777,牡,3,460.0,-2.0,0,0,10.6,13.0,34.42,0.0862,0,12,34.42,34.42,34.42,0.0862,34.42
5.0,5,10,ナリタマフディー,54.0,角田大河,1:09.5,ハナ,31.0,10.0,[西] 高橋亮,2021100775,202402010301,3歳未勝利｜2024年6月15日 | 競馬データベース - netkeiba,2026-05-19T12:49:17.749777,牝,3,480.0,6.0,0,0,5.0,5.33,37.4,0.1667,0,3,37.4,37.4,37.4,0.1667,37.4
6.0,5,9,セジールレーヴ,55.0,鮫島克駿,1:09.6,1/2,13.0,7.0,[西] 友道康夫,2021101136,202402010301,3歳未勝利｜2024年6月15日 | 競馬データベース - netkeiba,2026-05-19T12:49:17.749777,牝,3,452.0,-12.0,0,0,4.4,4.67,37.9,0.1852,0,4,37.9,37.9,37.9,0.1852,37.9
7.0,2,3,マースフルガール,55.0,大野拓弥,1:09.7,1,10.1,5.0,[東] 杉浦宏昭,2021105297,202402010301,3歳未勝利｜2024年6月15日 | 競馬データベース - netkeiba,2026-05-19T12:49:17.749777,牝,3,400.0,-6.0,0,0,8.2,7.67,36.72,0.1087,0,9,36.72,36.72,36.72,0.1087,36.72
8.0,4,8,サクソフィーナ,55.0,横山武史,1:09.7,ハナ,3.9,1.0,[東] 田中博康,2021110042,202402010301,3歳未勝利｜2024年6月15日 | 競馬データベース - netkeiba,2026-05-19T12:49:17.749777,牝,3,482.0,0.0,0,0,9.0,12.0,36.58,0.1,0,11,36.58,36.58,36.58,0.1,36.58
9.0,1,1,プラビータ,54.0,永野猛蔵,1:09.7,ハナ,28.5,9.0,[東] 矢野英一,2021106008,202402010301,3歳未勝利｜2024年6月15日 | 競馬データベース - netkeiba,2026-05-19T12:49:17.749777,牝,3,488.0,2.0,0,0,0.0,0.0,0.0,0.0,0,0,0.0,0.0,0.0,0.0,0.0
10.0,6,11,ポリトナリティー,52.0,土田真翔,1:09.7,ハナ,80.4,13.0,[東] 和田雄二,2021100016,202402010301,3歳未勝利｜2024年6月15日 | 競馬データベース - netkeiba,2026-05-19T12:49:17.749777,牝,3,412.0,10.0,0,0,11.0,10.33,0.0,0.0833,0,10,0.0,0.0,0.0,0.0833,0.0
11.0,3,6,リベリアンガール,52.0,小林勝太,1:10.0,1.1/2,62.0,12.0,[東] 金成貴史,2021106208,202402010301,3歳未勝利｜2024年6月15日 | 競馬データベース - netkeiba,2026-05-19T12:49:17.749777,牝,3,428.0,4.0,0,0,0.0,0.0,0.0,0.0,0,0,0.0,0.0,0.0,0.0,0.0
12.0,6,12,ルージュエリシア,55.0,横山和生,1:10.1,1/2,12.5,6.0,[東] 栗田徹,2021102402,202402010301,3歳未勝利｜2024年6月15日 | 競馬データベース - netkeiba,2026-05-19T12:49:17.749777,牝,3,436.0,2.0,0,0,9.4,10.67,36.72,0.0962,0,12,36.72,36.72,36.72,0.0962,36.72
13.0,1,2,シンパティカ,55.0,古川吉洋,1:10.1,ハナ,21.1,8.0,[西] 昆貢,2021102331,202402010301,3歳未勝利｜2024年6月15日 | 競馬データベース - netkeiba,2026-05-19T12:49:17.749777,牝,3,414.0,2.0,0,0,10.0,11.67,35.9,0.0909,0,7,35.9,35.9,35.9,0.0909,35.9
14.0,2,4,スリータイガー,55.0,斎藤新,1:10.1,アタマ,56.1,11.0,[西] 高橋義忠,2021110074,202402010301,3歳未勝利｜2024年6月15日 | 競馬データベース - netkeiba,2026-05-19T12:49:17.749777,牝,3,430.0,2.0,0,0,3.0,3.67,41.7,0.25,0,5,41.7,41.7,41.7,0.25,41.7
15.0,3,5,グランバイオレット,52.0,長浜鴻緒,1:10.4,1.1/2,183.6,16.0,[東] 和田正一,2021102055,202402010301,3歳未勝利｜2024年6月15日 | 競馬データベース - netkeiba,2026-05-19T12:49:17.749777,牝,3,412.0,4.0,0,0,9.75,13.0,38.1,0.093,0,11,38.1,38.1,38.1,0.093,38.1
16.0,7,13,シャイニングキセキ,51.0,小林美駒,1:10.4,アタマ,93.0,14.0,[西] 小林真也,2021104015,202402010301,3歳未勝利｜2024年6月15日 | 競馬データベース - netkeiba,2026-05-19T12:49:17.749777,牝,3,418.0,26.0,0,0,3.2,2.67,40.48,0.2381,0,2,40.48,40.48,40.48,0.2381,40.48
1.0,4,6,ヨリナエスポワール,57.0,古川吉洋,1:46.4,,103.4,10.0,[東] 牧光二,2021102671,202402010302,3歳未勝利｜2024年6月15日 | 競馬データベース - netkeiba,2026-05-19T12:50:00.481773,牡,3,528.0,0.0,1,1,12.2,13.33,40.88,0.0758,0,12,40.88,40.88,40.88,0.0758,40.88
2.0,6,9,スターゲット,57.0,横山武史,1:46.8,2.1/2,1.6,1.0,[東] 中舘英二,2021104392,202402010302,3歳未勝利｜2024年6月15日 | 競馬データベース - netkeiba,2026-05-19T12:50:00.481773,牡,3,454.0,6.0,0,1,10.6,10.33,40.4,0.0862,0,10,40.4,40.4,40.4,0.0862,40.4
3.0,3,4,ハヤブサキンチャン,52.0,小林勝太,1:47.0,1,65.4,9.0,[東] 稲垣幸雄,2021106579,202402010302,3歳未勝利｜2024年6月15日 | 競馬データベース - netkeiba,2026-05-19T12:50:00.481773,牝,3,466.0,0.0,0,1,4.6,4.0,39.44,0.1786,0,5,39.44,39.44,39.44,0.1786,39.44
4.0,8,14,フルリール,52.0,高杉吏麒,1:47.3,2,17.1,5.0,[西] 藤岡健一,2021107178,202402010302,3歳未勝利｜2024年6月15日 | 競馬データベース - netkeiba,2026-05-19T12:50:00.481773,牝,3,432.0,-2.0,0,0,5.6,6.0,40.26,0.1515,0,10,40.26,40.26,40.26,0.1515,40.26
5.0,5,7,レガッタ,57.0,横山和生,1:47.4,クビ,5.9,3.0,[西] 昆貢,2021102991,202402010302,3歳未勝利｜2024年6月15日 | 競馬データベース - netkeiba,2026-05-19T12:50:00.481773,牡,3,474.0,0.0,0,0,6.4,7.33,40.02,0.1351,0,11,40.02,40.02,40.02,0.1351,40.02
6.0,6,10,ラフォンターナ,57.0,丹内祐次,1:48.1,4,63.5,8.0,[東] 中川公成,2021103474,202402010302,3歳未勝利｜2024年6月15日 | 競馬データベース - netkeiba,2026-05-19T12:50:00.481773,牡,3,526.0,6.0,0,0,7.4,7.33,40.8,0.119,0,5,40.8,40.8,40.8,0.119,40.8
7.0,7,11,マルモリミッション,54.0,角田大河,1:48.3,1.1/4,276.6,13.0,[西] 大橋勇樹,2021101566,202402010302,3歳未勝利｜2024年6月15日 | 競馬データベース - netkeiba,2026-05-19T12:50:00.481773,牝,3,474.0,8.0,0,0,8.0,9.5,39.17,0.1111,0,7,39.17,39.17,39.17,0.1111,39.17
8.0,5,8,リルフロスト,57.0,小林凌大,1:48.8,2.1/2,343.6,14.0,[東] 牧光二,2021103554,202402010302,3歳未勝利｜2024年6月15日 | 競馬データベース - netkeiba,2026-05-19T12:50:00.481773,牡,3,490.0,4.0,0,0,10.6,11.33,41.34,0.0862,0,11,41.34,41.34,41.34,0.0862,41.34
9.0,1,1,ガルニエ,53.0,小林美駒,1:48.9,3/4,12.7,4.0,[東] 萱野浩二,2021100395,202402010302,3歳未勝利｜2024年6月15日 | 競馬データベース - netkeiba,2026-05-19T12:50:00.481773,牡,3,452.0,6.0,0,0,4.8,3.0,40.86,0.1724,0,3,40.86,40.86,40.86,0.1724,40.86
10.0,2,2,ナムラカメジロー,57.0,川又賢治,1:49.0,クビ,5.1,2.0,[西] 杉山佳明,2021104305,202402010302,3歳未勝利｜2024年6月15日 | 競馬データベース - netkeiba,2026-05-19T12:50:00.481773,牡,3,502.0,0.0,0,0,8.2,8.33,39.82,0.1087,0,9,39.82,39.82,39.82,0.1087,39.82
11.0,3,3,アルデリシャス,55.0,松岡正海,1:49.0,アタマ,275.9,12.0,[東] 田中剛,2021105093,202402010302,3歳未勝利｜2024年6月15日 | 競馬データベース - netkeiba,2026-05-19T12:50:00.481773,牝,3,494.0,-2.0,0,0,13.6,13.67,38.64,0.0685,0,11,38.64,38.64,38.64,0.0685,38.64
12.0,7,12,ツマヤ,54.0,長浜鴻緒,1:50.1,7,33.3,7.0,[東] 相沢郁,2021102707,202402010302,3歳未勝利｜2024年6月15日 | 競馬データベース - netkeiba,2026-05-19T12:50:00.481773,牡,3,534.0,0.0,0,0,5.8,8.33,38.36,0.1471,0,11,38.36,38.36,38.36,0.1471,38.36
13.0,4,5,イズモ,54.0,永野猛蔵,1:52.1,大,275.5,11.0,[東] 水野貴広,2021102086,202402010302,3歳未勝利｜2024年6月15日 | 競馬データベース - netkeiba,2026-05-19T12:50:00.481773,牝,3,452.0,-2.0,0,0,6.0,7.0,41.8,0.1429,0,5,41.8,41.8,41.8,0.1429,41.8
,8,13,ランオブザワールド,57.0,佐々木大,,,18.4,6.0,[西] 西村真幸,2021103570,202402010302,3歳未勝利｜2024年6月15日 | 競馬データベース - netkeiba,2026-05-19T12:50:00.481773,牡,3,488.0,-10.0,0,0,6.2,9.0,40.76,0.1389,0,12,40.76,40.76,40.76,0.1389,40.76
1.0,8,11,サンマルブーケ,53.0,藤田菜七,1:00.2,,3.0,1.0,[東] 中川公成,2021101120,202402010303,3歳未勝利｜2024年6月15日 | 競馬データベース - netkeiba,2026-05-19T12:50:25.997170,牝,3,474.0,-4.0,1,1,13.2,12.33,39.4,0.0704,0,11,39.4,39.4,39.4,0.0704,39.4
2.0,5,6,ディディット,55.0,富田暁,1:00.3,1/2,7.3,5.0,[西] 木原一良,2021104542,202402010303,3歳未勝利｜2024年6月15日 | 競馬データベース - netkeiba,2026-05-19T12:50:25.997170,牝,3,442.0,-2.0,0,1,4.0,5.33,39.82,0.2,0,6,39.82,39.82,39.82,0.2,39.82
3.0,1,1,ヴェラリーシャ,54.0,永野猛蔵,1:00.3,クビ,4.0,2.0,[東] 伊藤圭三,2021103172,202402010303,3歳未勝利｜2024年6月15日 | 競馬データベース - netkeiba,2026-05-19T12:50:25.997170,牝,3,482.0,0.0,0,1,11.0,10.0,37.24,0.0833,0,13,37.24,37.24,37.24,0.0833,37.24
4.0,8,12,コパマエチャン,52.0,石田拓郎,1:00.4,クビ,6.6,4.0,[東] 大和田成,2021104459,202402010303,3歳未勝利｜2024年6月15日 | 競馬データベース - netkeiba,2026-05-19T12:50:25.997170,牝,3,476.0,-8.0,0,0,10.6,11.0,41.14,0.0862,0,11,41.14,41.14,41.14,0.0862,41.14
5.0,7,10,ヒカルエリザベス,55.0,古川吉洋,1:00.9,3,41.5,8.0,[東] 的場均,2021104487,202402010303,3歳未勝利｜2024年6月15日 | 競馬データベース - netkeiba,2026-05-19T12:50:25.997170,牝,3,464.0,2.0,0,0,1.8,2.33,40.0,0.3571,0,1,40.0,40.0,40.0,0.3571,40.0
6.0,6,7,ウィスピースノー,54.0,角田大河,1:01.1,1.1/2,12.1,6.0,[西] 今野貞一,2021100648,202402010303,3歳未勝利｜2024年6月15日 | 競馬データベース - netkeiba,2026-05-19T12:50:25.997170,牝,3,434.0,-4.0,0,0,4.4,5.0,40.56,0.1852,0,4,40.56,40.56,40.56,0.1852,40.56
7.0,3,3,ポッピン,52.0,長浜鴻緒,1:01.2,1/2,137.5,12.0,[東] 和田正一,2021100386,202402010303,3歳未勝利｜2024年6月15日 | 競馬データベース - netkeiba,2026-05-19T12:50:25.997170,牝,3,432.0,0.0,0,0,8.6,7.33,39.78,0.1042,0,11,39.78,39.78,39.78,0.1042,39.78
8.0,4,4,ビービーピケット,52.0,小林勝太,1:01.3,クビ,109.5,11.0,[東] 久保田貴,2021102422,202402010303,3歳未勝利｜2024年6月15日 | 競馬データベース - netkeiba,2026-05-19T12:50:25.997170,牝,3,414.0,10.0,0,0,4.8,7.0,39.92,0.1724,0,2,39.92,39.92,39.92,0.1724,39.92
9.0,6,8,ミツカネエリーズ,55.0,丹内祐次,1:01.3,アタマ,22.0,7.0,[東] 清水英克,2021100455,202402010303,3歳未勝利｜2024年6月15日 | 競馬データベース - netkeiba,2026-05-19T12:50:25.997170,牝,3,444.0,-10.0,0,0,0.0,0.0,0.0,0.0,0,0,0.0,0.0,0.0,0.0,0.0
10.0,5,5,フタバ,52.0,今村聖奈,1:01.3,クビ,51.5,9.0,[西] 西村真幸,2021102963,202402010303,3歳未勝利｜2024年6月15日 | 競馬データベース - netkeiba,2026-05-19T12:50:25.997170,牝,3,408.0,4.0,0,0,9.4,9.33,39.84,0.0962,0,14,39.84,39.84,39.84,0.0962,39.84
11.0,2,2,ミトロージア,55.0,佐々木大,1:01.5,1.1/4,95.3,10.0,[東] 勢司和浩,2021100832,202402010303,3歳未勝利｜2024年6月15日 | 競馬データベース - netkeiba,2026-05-19T12:50:25.997170,牝,3,434.0,2.0,0,0,6.8,6.33,41.6,0.1282,0,2,41.6,41.6,41.6,0.1282,41.6
12.0,7,9,サトミノエガオ,55.0,横山武史,1:01.7,1.1/4,5.3,3.0,[東] 鈴木伸尋,2021104959,202402010303,3歳未勝利｜2024年6月15日 | 競馬データベース - netkeiba,2026-05-19T12:50:25.997170,牝,3,452.0,8.0,0,0,8.4,10.0,40.96,0.1064,0,11,40.96,40.96,40.96,0.1064,40.96
1.0,7,14,パンジャ,54.0,小林勝太,2:00.0,,6.3,3.0,[東] 金成貴史,2021105155,202402010304,3歳未勝利｜2024年6月15日 | 競馬データベース - netkeiba,2026-05-19T12:50:59.724134,牡,3,470.0,-4.0,1,1,4.0,5.33,33.98,0.2,0,1,33.98,33.98,33.98,0.2,33.98
2.0,8,16,テンダーデイズ,55.0,武豊,2:00.8,5,7.8,4.0,[西] 笹田和秀,2021102760,202402010304,3歳未勝利｜2024年6月15日 | 競馬データベース - netkeiba,2026-05-19T12:50:59.724134,牝,3,482.0,8.0,0,1,6.4,7.67,35.88,0.1351,0,8,35.88,35.88,35.88,0.1351,35.88
3.0,7,13,ソウルプラウド,57.0,北村友一,2:00.8,アタマ,52.4,12.0,[西] 高橋亮,2021106938,202402010304,3歳未勝利｜2024年6月15日 | 競馬データベース - netkeiba,2026-05-19T12:50:59.724134,牡,3,470.0,-2.0,0,1,3.2,3.67,38.94,0.2381,0,3,38.94,38.94,38.94,0.2381,38.94
4.0,6,11,コンドライト,57.0,横山武史,2:00.8,クビ,3.0,1.0,[東] 菊沢隆徳,2021105351,202402010304,3歳未勝利｜2024年6月15日 | 競馬データベース - netkeiba,2026-05-19T12:50:59.724134,牡,3,474.0,0.0,0,0,6.4,5.0,37.0,0.1351,0,8,37.0,37.0,37.0,0.1351,37.0
5.0,2,4,レディマキシマ,55.0,丹内祐次,2:00.9,クビ,20.4,10.0,[東] 伊藤大士,2021106812,202402010304,3歳未勝利｜2024年6月15日 | 競馬データベース - netkeiba,2026-05-19T12:50:59.724134,牝,3,484.0,0.0,0,0,4.2,4.67,36.58,0.1923,0,7,36.58,36.58,36.58,0.1923,36.58
6.0,4,8,ガルバナム,57.0,鮫島克駿,2:00.9,ハナ,16.1,7.0,[西] 渡辺薫彦,2021105385,202402010304,3歳未勝利｜2024年6月15日 | 競馬データベース - netkeiba,2026-05-19T12:50:59.724134,牡,3,472.0,0.0,0,0,3.4,3.0,40.48,0.2273,0,3,40.48,40.48,40.48,0.2273,40.48
7.0,1,1,ブラックバラード,57.0,横山和生,2:01.1,1.1/4,4.7,2.0,[東] 嘉藤貴行,2021103267,202402010304,3歳未勝利｜2024年6月15日 | 競馬データベース - netkeiba,2026-05-19T12:50:59.724134,牡,3,456.0,-2.0,0,0,2.75,2.33,0.0,0.2667,0,1,0.0,0.0,0.0,0.2667,0.0
8.0,8,15,プロスペクト,57.0,浜中俊,2:01.4,1.3/4,13.1,5.0,[西] 須貝尚介,2021101430,202402010304,3歳未勝利｜2024年6月15日 | 競馬データベース - netkeiba,2026-05-19T12:50:59.724134,牡,3,502.0,-10.0,0,0,9.75,10.33,40.48,0.093,0,13,40.48,40.48,40.48,0.093,40.48
9.0,1,2,オンザプラネット,57.0,菱田裕二,2:02.0,3.1/2,14.1,6.0,[西] 佐々木晶,2021104132,202402010304,3歳未勝利｜2024年6月15日 | 競馬データベース - netkeiba,2026-05-19T12:50:59.724134,牡,3,490.0,-8.0,0,0,7.2,6.0,40.0,0.122,0,6,40.0,40.0,40.0,0.122,40.0
10.0,3,5,ワイドマルガリータ,52.0,高杉吏麒,2:02.1,1/2,148.2,15.0,[西] 西園正都,2021104926,202402010304,3歳未勝利｜2024年6月15日 | 競馬データベース - netkeiba,2026-05-19T12:50:59.724134,牝,3,462.0,-2.0,0,0,4.6,3.0,39.72,0.1786,0,2,39.72,39.72,39.72,0.1786,39.72
11.0,4,7,クライミーアリバー,52.0,長浜鴻緒,2:02.1,クビ,117.0,13.0,[西] 松下武士,2021102168,202402010304,3歳未勝利｜2024年6月15日 | 競馬データベース - netkeiba,2026-05-19T12:50:59.724134,牝,3,418.0,0.0,0,0,4.2,4.33,38.9,0.1923,0,5,38.9,38.9,38.9,0.1923,38.9
12.0,3,6,サイコウダネ,53.0,古川奈穂,2:02.3,3/4,18.7,8.0,[西] 清水久詞,2021102701,202402010304,3歳未勝利｜2024年6月15日 | 競馬データベース - netkeiba,2026-05-19T12:50:59.724134,牡,3,458.0,12.0,0,0,11.4,12.0,38.44,0.0806,0,12,38.44,38.44,38.44,0.0806,38.44
13.0,2,3,ポーラーシュテルン,51.0,小林美駒,2:02.3,アタマ,123.5,14.0,[東] 青木孝文,2021106822,202402010304,3歳未勝利｜2024年6月15日 | 競馬データベース - netkeiba,2026-05-19T12:50:59.724134,牝,3,490.0,12.0,0,0,9.2,9.0,40.82,0.098,0,10,40.82,40.82,40.82,0.098,40.82
14.0,5,10,カリナンラホーヤ,54.0,松本大輝,2:03.3,6,363.9,16.0,[西] 小椋研介,2021104451,202402010304,3歳未勝利｜2024年6月15日 | 競馬データベース - netkeiba,2026-05-19T12:50:59.724134,牝,3,432.0,11.0,0,0,4.4,3.67,39.04,0.1852,0,3,39.04,39.04,39.04,0.1852,39.04
15.0,6,12,フェスティヴカレン,55.0,佐々木大,2:03.3,アタマ,43.3,11.0,[東] 天間昭一,2021103193,202402010304,3歳未勝利｜2024年6月15日 | 競馬データベース - netkeiba,2026-05-19T12:50:59.724134,牝,3,450.0,2.0,0,0,3.8,3.67,40.54,0.2083,0,3,40.54,40.54,40.54,0.2083,40.54
16.0,5,9,ブリージョドラード,57.0,藤岡佑介,2:03.5,1.1/2,19.6,9.0,[西] 中内田充,2021104935,202402010304,3歳未勝利｜2024年6月15日 | 競馬データベース - netkeiba,2026-05-19T12:50:59.724134,牡,3,444.0,-2.0,0,0,7.8,7.0,40.42,0.1136,0,6,40.42,40.42,40.42,0.1136,40.42
1.0,2,2,ヴーレヴー,55.0,浜中俊,1:09.2,,3.2,2.0,[西] 武幸四郎,2022104617,202402010305,2歳新馬｜2024年6月15日 | 競馬データベース - netkeiba,2026-05-19T12:51:34.574321,牝,2,466.0,0.0,1,1,12.0,13.0,36.98,0.0769,0,16,36.98,36.98,36.98,0.0769,36.98
2.0,3,3,チギリ,55.0,横山武史,1:09.4,1.1/2,4.1,3.0,[東] 鹿戸雄一,2022105429,202402010305,2歳新馬｜2024年6月15日 | 競馬データベース - netkeiba,2026-05-19T12:51:34.574321,牝,2,456.0,0.0,0,1,3.6,2.67,37.58,0.2174,0,1,37.58,37.58,37.58,0.2174,37.58
3.0,7,7,ドゥアムール,55.0,横山和生,1:09.5,1/2,2.6,1.0,[西] 中竹和也,2022106666,202402010305,2歳新馬｜2024年6月15日 | 競馬データベース - netkeiba,2026-05-19T12:51:34.574321,牝,2,460.0,0.0,0,1,7.6,8.0,34.36,0.1163,0,4,34.36,34.36,34.36,0.1163,34.36
4.0,4,4,ラピッドグロウス,55.0,鮫島克駿,1:10.0,3,6.8,4.0,[西] 長谷川浩,2022105363,202402010305,2歳新馬｜2024年6月15日 | 競馬データベース - netkeiba,2026-05-19T12:51:34.574321,牝,2,400.0,0.0,0,0,5.8,8.0,36.78,0.1471,0,6,36.78,36.78,36.78,0.1471,36.78
5.0,5,5,ラーナローザ,55.0,丹内祐次,1:10.1,クビ,7.9,5.0,[東] 畠山吉宏,2022102785,202402010305,2歳新馬｜2024年6月15日 | 競馬データベース - netkeiba,2026-05-19T12:51:34.574321,牝,2,484.0,0.0,0,0,6.4,5.67,37.62,0.1351,0,10,37.62,37.62,37.62,0.1351,37.62
6.0,6,6,ビップジェシー,55.0,佐々木大,1:11.5,9,67.2,7.0,[東] 田島俊明,2022103776,202402010305,2歳新馬｜2024年6月15日 | 競馬データベース - netkeiba,2026-05-19T12:51:34.574321,牝,2,410.0,0.0,0,0,8.6,6.67,40.56,0.1042,0,5,40.56,40.56,40.56,0.1042,40.56
7.0,1,1,モモイロタンポポ,55.0,大野拓弥,1:14.4,大,36.7,6.0,[東] 高木登,2022101988,202402010305,2歳新馬｜2024年6月15日 | 競馬データベース - netkeiba,2026-05-19T12:51:34.574321,牝,2,398.0,0.0,0,0,11.5,11.5,40.7,0.08,0,16,40.7,40.7,40.7,0.08,40.7
1.0,7,7,リリーフィールド,55.0,武豊,0:59.0,,2.8,2.0,[西] 小崎憲,2022105718,202402010306,2歳新馬｜2024年6月15日 | 競馬データベース - netkeiba,2026-05-19T12:51:57.259351,牝,2,436.0,0.0,1,1,6.0,6.33,34.8,0.1429,0,6,34.8,34.8,34.8,0.1429,34.8
2.0,1,1,オカメノコイ,55.0,藤岡佑介,1:00.0,6,8.4,4.0,[東] 小笠倫弘,2022106698,202402010306,2歳新馬｜2024年6月15日 | 競馬データベース - netkeiba,2026-05-19T12:51:57.259351,牝,2,448.0,0.0,0,1,11.0,9.0,37.44,0.0833,0,13,37.44,37.44,37.44,0.0833,37.44
3.0,8,8,ユリ,54.0,永野猛蔵,1:00.9,5,2.6,1.0,[東] 伊藤圭三,2022106490,202402010306,2歳新馬｜2024年6月15日 | 競馬データベース - netkeiba,2026-05-19T12:51:57.259351,牝,2,472.0,0.0,0,1,9.0,11.0,39.02,0.1,0,12,39.02,39.02,39.02,0.1,39.02
4.0,6,6,ゴールドシリカ,54.0,角田大河,1:01.1,1,14.8,5.0,[西] 浜田多実,2022106837,202402010306,2歳新馬｜2024年6月15日 | 競馬データベース - netkeiba,2026-05-19T12:51:57.259351,牝,2,426.0,0.0,0,0,5.0,4.67,39.52,0.1667,0,4,39.52,39.52,39.52,0.1667,39.52
5.0,5,5,ジョイナーテソーロ,55.0,丹内祐次,1:01.5,2.1/2,3.8,3.0,[東] 小手川準,2022102267,202402010306,2歳新馬｜2024年6月15日 | 競馬データベース - netkeiba,2026-05-19T12:51:57.259351,牝,2,426.0,0.0,0,0,6.2,8.33,37.0,0.1389,0,11,37.0,37.0,37.0,0.1389,37.0
6.0,4,4,サノノスウィフト,52.0,長浜鴻緒,1:02.0,3,46.9,7.0,[東] 蛯名利弘,2022102029,202402010306,2歳新馬｜2024年6月15日 | 競馬データベース - netkeiba,2026-05-19T12:51:57.259351,牝,2,400.0,0.0,0,0,3.25,4.0,39.73,0.2353,0,7,39.73,39.73,39.73,0.2353,39.73
7.0,2,2,ロジディーズ,52.0,石田拓郎,1:02.1,3/4,20.8,6.0,[東] 新開幸一,2022106575,202402010306,2歳新馬｜2024年6月15日 | 競馬データベース - netkeiba,2026-05-19T12:51:57.259351,牝,2,432.0,0.0,0,0,9.0,9.33,40.88,0.1,0,11,40.88,40.88,40.88,0.1,40.88
,3,3,ローレルゼロ,55.0,斎藤新,,,,,[西] 高橋康之,2022106939,202402010306,2歳新馬｜2024年6月15日 | 競馬データベース - netkeiba,2026-05-19T12:51:57.259351,牡,2,458.0,0.0,0,0,7.4,5.0,37.2,0.119,0,7,37.2,37.2,37.2,0.119,37.2
1.0,2,3,カテリーナ,55.0,北村友一,1:47.9,,2.4,1.0,[西] 田中克典,2021101485,202402010307,3歳未勝利｜2024年6月15日 | 競馬データベース - netkeiba,2026-05-19T12:52:21.539792,牝,3,460.0,-8.0,1,1,6.2,8.0,35.02,0.1389,0,15,35.02,35.02,35.02,0.1389,35.02
2.0,3,6,スウィートリワード,55.0,武豊,1:48.1,1.1/2,2.9,2.0,[西] 宮本博,2021100415,202402010307,3歳未勝利｜2024年6月15日 | 競馬データベース - netkeiba,2026-05-19T12:52:21.539792,牝,3,454.0,0.0,0,1,9.2,10.0,35.54,0.098,0,6,35.54,35.54,35.54,0.098,35.54
3.0,2,4,オレンジダンサー,55.0,鮫島克駿,1:48.5,2.1/2,16.7,5.0,[西] 高野友和,2021105395,202402010307,3歳未勝利｜2024年6月15日 | 競馬データベース - netkeiba,2026-05-19T12:52:21.539792,牝,3,436.0,0.0,0,1,8.4,8.0,41.96,0.1064,0,8,41.96,41.96,41.96,0.1064,41.96
4.0,7,14,シャーリーゴールド,55.0,浜中俊,1:48.6,3/4,54.1,9.0,[西] 須貝尚介,2021104918,202402010307,3歳未勝利｜2024年6月15日 | 競馬データベース - netkeiba,2026-05-19T12:52:21.539792,牝,3,448.0,-4.0,0,0,8.6,7.67,34.62,0.1042,0,6,34.62,34.62,34.62,0.1042,34.62
5.0,4,8,ルージュピルエット,55.0,菱田裕二,1:48.7,アタマ,8.9,4.0,[西] 大久保龍,2021105287,202402010307,3歳未勝利｜2024年6月15日 | 競馬データベース - netkeiba,2026-05-19T12:52:21.539792,牝,3,478.0,0.0,0,0,5.75,8.0,35.8,0.1481,0,7,35.8,35.8,35.8,0.1481,35.8
6.0,5,10,ヴァレリア,53.0,藤田菜七,1:48.7,ハナ,19.4,6.0,[東] 青木孝文,2021103147,202402010307,3歳未勝利｜2024年6月15日 | 競馬データベース - netkeiba,2026-05-19T12:52:21.539792,牝,3,448.0,2.0,0,0,6.6,8.33,37.32,0.1316,0,9,37.32,37.32,37.32,0.1316,37.32
7.0,8,16,アミアン,55.0,横山武史,1:48.7,アタマ,24.4,7.0,[東] 鹿戸雄一,2021104881,202402010307,3歳未勝利｜2024年6月15日 | 競馬データベース - netkeiba,2026-05-19T12:52:21.539792,牝,3,414.0,6.0,0,0,8.8,8.33,40.64,0.102,0,8,40.64,40.64,40.64,0.102,40.64
8.0,4,7,ウインキャロライン,55.0,丹内祐次,1:48.8,1,7.8,3.0,[西] 杉山晴紀,2021102632,202402010307,3歳未勝利｜2024年6月15日 | 競馬データベース - netkeiba,2026-05-19T12:52:21.539792,牝,3,506.0,10.0,0,0,7.4,6.33,39.08,0.119,0,2,39.08,39.08,39.08,0.119,39.08
9.0,7,13,エグザルテーション,52.0,高杉吏麒,1:48.9,クビ,74.9,11.0,[西] 渡辺薫彦,2021104749,202402010307,3歳未勝利｜2024年6月15日 | 競馬データベース - netkeiba,2026-05-19T12:52:21.539792,牝,3,442.0,0.0,0,0,9.75,9.5,39.15,0.093,0,12,39.15,39.15,39.15,0.093,39.15
10.0,3,5,ヴァイゼ,55.0,横山和生,1:49.1,1.1/4,239.5,16.0,[西] 中村直也,2021105558,202402010307,3歳未勝利｜2024年6月15日 | 競馬データベース - netkeiba,2026-05-19T12:52:21.539792,牝,3,424.0,8.0,0,0,8.0,9.0,38.68,0.1111,0,8,38.68,38.68,38.68,0.1111,38.68
11.0,6,12,チビノシエラザード,55.0,佐々木大,1:49.1,アタマ,34.4,8.0,[東] 和田勇介,2021105209,202402010307,3歳未勝利｜2024年6月15日 | 競馬データベース - netkeiba,2026-05-19T12:52:21.539792,牝,3,442.0,-4.0,0,0,8.8,10.0,41.6,0.102,0,6,41.6,41.6,41.6,0.102,41.6
12.0,6,11,エールクイーン,55.0,松岡正海,1:49.3,1.1/4,159.1,14.0,[西] 牧田和弥,2021106669,202402010307,3歳未勝利｜2024年6月15日 | 競馬データベース - netkeiba,2026-05-19T12:52:21.539792,牝,3,476.0,14.0,0,0,4.2,3.67,41.14,0.1923,0,3,41.14,41.14,41.14,0.1923,41.14
13.0,8,15,モカラルビー,52.0,川端海翼,1:49.5,1.1/4,75.0,12.0,[西] 四位洋文,2021103031,202402010307,3歳未勝利｜2024年6月15日 | 競馬データベース - netkeiba,2026-05-19T12:52:21.539792,牝,3,406.0,0.0,0,0,9.6,8.33,38.6,0.0943,0,9,38.6,38.6,38.6,0.0943,38.6
14.0,1,2,マリガーネット,52.0,小林勝太,1:49.5,ハナ,68.8,10.0,[東] 久保田貴,2021105787,202402010307,3歳未勝利｜2024年6月15日 | 競馬データベース - netkeiba,2026-05-19T12:52:21.539792,牝,3,388.0,6.0,0,0,10.75,12.67,35.12,0.0851,0,13,35.12,35.12,35.12,0.0851,35.12
15.0,5,9,ブーケドグレイス,52.0,長浜鴻緒,1:49.6,3/4,211.0,15.0,[東] 相沢郁,2021102494,202402010307,3歳未勝利｜2024年6月15日 | 競馬データベース - netkeiba,2026-05-19T12:52:21.539792,牝,3,474.0,2.0,0,0,5.8,6.67,39.24,0.1471,0,3,39.24,39.24,39.24,0.1471,39.24
16.0,1,1,マリノエルドラド,55.0,藤岡佑介,1:49.8,1.1/4,106.0,13.0,[西] 藤岡健一,2021101270,202402010307,3歳未勝利｜2024年6月15日 | 競馬データベース - netkeiba,2026-05-19T12:52:21.539792,牝,3,430.0,2.0,0,0,14.0,14.0,35.7,0.0667,0,16,35.7,35.7,35.7,0.0667,35.7
1.0,5,6,ニルアドミラリ,55.0,高杉吏麒,0:59.0,,3.6,3.0,[東] 和田正一,2018110134,202402010308,3歳以上1勝クラス｜2024年6月15日 | 競馬データベース - netkeiba,2026-05-19T12:53:03.787504,セ,6,552.0,4.0,1,1,5.8,5.67,40.84,0.1471,0,6,40.84,40.84,40.84,0.1471,40.84
2.0,7,9,ヨドノゴールド,58.0,横山武史,0:59.7,4,3.2,2.0,[西] 西園正都,2018103293,202402010308,3歳以上1勝クラス｜2024年6月15日 | 競馬データベース - netkeiba,2026-05-19T12:53:03.787504,牡,6,472.0,0.0,0,1,7.0,7.67,37.35,0.125,0,9,37.35,37.35,37.35,0.125,37.35
3.0,8,12,スピードパンサー,51.0,小林美駒,0:59.7,アタマ,3.1,1.0,[東] 尾形和幸,2021104079,202402010308,3歳以上1勝クラス｜2024年6月15日 | 競馬データベース - netkeiba,2026-05-19T12:53:03.787504,牡,3,490.0,-2.0,0,1,8.8,7.33,38.78,0.102,0,12,38.78,38.78,38.78,0.102,38.78
4.0,8,11,カップッチョ,58.0,黛弘人,0:59.9,1.1/2,39.4,8.0,[東] 石毛善彦,2017104266,202402010308,3歳以上1勝クラス｜2024年6月15日 | 競馬データベース - netkeiba,2026-05-19T12:53:03.787504,牡,7,492.0,-4.0,0,0,9.0,9.0,36.58,0.1,0,12,36.58,36.58,36.58,0.1,36.58
5.0,3,3,サザンレイク,54.0,藤田菜七,0:59.9,クビ,6.1,4.0,[東] 根本康広,2020101481,202402010308,3歳以上1勝クラス｜2024年6月15日 | 競馬データベース - netkeiba,2026-05-19T12:53:03.787504,牝,4,490.0,0.0,0,0,10.0,10.0,37.23,0.0909,0,11,37.23,37.23,37.23,0.0909,37.23
6.0,6,7,ジェニファー,52.0,角田大河,1:00.0,クビ,19.5,5.0,[西] 浜田多実,2021103932,202402010308,3歳以上1勝クラス｜2024年6月15日 | 競馬データベース - netkeiba,2026-05-19T12:53:03.787504,牝,3,452.0,-6.0,0,0,3.6,4.67,34.96,0.2174,0,1,34.96,34.96,34.96,0.2174,34.96
7.0,5,5,タッカー,55.0,丹内祐次,1:00.3,1.3/4,29.1,7.0,[東] 清水英克,2021102049,202402010308,3歳以上1勝クラス｜2024年6月15日 | 競馬データベース - netkeiba,2026-05-19T12:53:03.787504,牡,3,482.0,6.0,0,0,5.6,7.0,42.14,0.1515,0,12,42.14,42.14,42.14,0.1515,42.14
8.0,4,4,パクスロマーナ,56.0,荻野琢真,1:00.4,3/4,89.7,10.0,[西] 藤沢則雄,2020104616,202402010308,3歳以上1勝クラス｜2024年6月15日 | 競馬データベース - netkeiba,2026-05-19T12:53:03.787504,牝,4,420.0,-8.0,0,0,9.8,13.0,34.36,0.0926,0,15,34.36,34.36,34.36,0.0926,34.36
9.0,7,10,イテマエダセン,58.0,古川吉洋,1:00.5,クビ,107.2,11.0,[東] 的場均,2020102088,202402010308,3歳以上1勝クラス｜2024年6月15日 | 競馬データベース - netkeiba,2026-05-19T12:53:03.787504,牡,4,478.0,-8.0,0,0,6.2,5.33,37.14,0.1389,0,1,37.14,37.14,37.14,0.1389,37.14
10.0,6,8,カツノテンス,58.0,松岡正海,1:00.5,クビ,89.2,9.0,[東] 伊藤伸一,2020105525,202402010308,3歳以上1勝クラス｜2024年6月15日 | 競馬データベース - netkeiba,2026-05-19T12:53:03.787504,牡,4,436.0,0.0,0,0,7.0,7.33,37.48,0.125,0,8,37.48,37.48,37.48,0.125,37.48
11.0,2,2,アップフルーク,55.0,小林勝太,1:00.6,1/2,20.8,6.0,[東] 松山将樹,2019102510,202402010308,3歳以上1勝クラス｜2024年6月15日 | 競馬データベース - netkeiba,2026-05-19T12:53:03.787504,牡,5,512.0,-4.0,0,0,9.4,8.33,39.82,0.0962,0,10,39.82,39.82,39.82,0.0962,39.82
,1,1,サイモンオリーブ,52.0,古川奈穂,,,,,[西] 梅田智之,2020102640,202402010308,3歳以上1勝クラス｜2024年6月15日 | 競馬データベース - netkeiba,2026-05-19T12:53:03.787504,牝,4,468.0,6.0,0,0,10.8,9.33,36.58,0.0847,0,10,36.58,36.58,36.58,0.0847,36.58
1.0,6,6,ジューンブレア,53.0,武豊,1:08.1,,3.9,2.0,[西] 武英智,2021110099,202402010309,下北半島特別｜2024年6月15日 | 競馬データベース - netkeiba,2026-05-19T12:53:25.966707,牝,3,478.0,10.0,1,1,6.8,10.0,34.24,0.1282,0,17,34.24,34.24,34.24,0.1282,34.24
2.0,3,3,アンドアイラヴハー,53.0,横山武史,1:08.2,3/4,1.5,1.0,[東] 田村康仁,2021110003,202402010309,下北半島特別｜2024年6月15日 | 競馬データベース - netkeiba,2026-05-19T12:53:25.966707,牝,3,478.0,-2.0,0,1,8.0,5.0,35.1,0.1111,0,5,35.1,35.1,35.1,0.1111,35.1
3.0,4,4,バシレウスシチー,58.0,菱田裕二,1:08.5,1.1/2,12.5,4.0,[西] 岡田稲男,2019101643,202402010309,下北半島特別｜2024年6月15日 | 競馬データベース - netkeiba,2026-05-19T12:53:25.966707,牡,5,452.0,4.0,0,1,9.0,8.33,34.56,0.1,0,4,34.56,34.56,34.56,0.1,34.56
4.0,5,5,セイウンサニー,53.0,永野猛蔵,1:08.6,1,102.9,8.0,[東] 伊坂重信,2021103118,202402010309,下北半島特別｜2024年6月15日 | 競馬データベース - netkeiba,2026-05-19T12:53:25.966707,牝,3,454.0,10.0,0,0,12.4,10.67,39.22,0.0746,0,11,39.22,39.22,39.22,0.0746,39.22
5.0,8,8,レイニングキャット,55.0,丹内祐次,1:08.6,クビ,5.8,3.0,[東] 岩戸孝樹,2021106666,202402010309,下北半島特別｜2024年6月15日 | 競馬データベース - netkeiba,2026-05-19T12:53:25.966707,牡,3,506.0,16.0,0,0,6.2,4.67,40.72,0.1389,0,4,40.72,40.72,40.72,0.1389,40.72
6.0,1,1,アンタノバラード,56.0,黛弘人,1:08.6,ハナ,15.8,5.0,[東] 伊藤大士,2020106963,202402010309,下北半島特別｜2024年6月15日 | 競馬データベース - netkeiba,2026-05-19T12:53:25.966707,牝,4,444.0,10.0,0,0,10.6,10.33,36.64,0.0862,0,11,36.64,36.64,36.64,0.0862,36.64
7.0,2,2,クラックオブドーン,58.0,北村友一,1:09.1,3,42.1,6.0,[西] 藤野健太,2020102646,202402010309,下北半島特別｜2024年6月15日 | 競馬データベース - netkeiba,2026-05-19T12:53:25.966707,セ,4,476.0,2.0,0,0,5.4,5.0,40.44,0.1562,0,2,40.44,40.44,40.44,0.1562,40.44
8.0,7,7,ブラヴィーノ,58.0,佐々木大,1:09.1,クビ,73.9,7.0,[東] 天間昭一,2019110122,202402010309,下北半島特別｜2024年6月15日 | 競馬データベース - netkeiba,2026-05-19T12:53:25.966707,牡,5,470.0,20.0,0,0,13.2,15.0,35.36,0.0704,0,13,35.36,35.36,35.36,0.0704,35.36
1.0,2,2,キットハナガサク,53.0,佐々木大,1:59.8,,3.4,1.0,[東] 武井亮,2021105980,202402010310,奥尻特別｜2024年6月15日 | 競馬データベース - netkeiba,2026-05-19T12:53:50.259658,牝,3,446.0,-4.0,1,1,6.4,5.0,36.24,0.1351,0,1,36.24,36.24,36.24,0.1351,36.24
2.0,5,5,エイトスターズ,56.0,武豊,1:59.9,3/4,3.5,2.0,[西] 坂口智康,2020103772,202402010310,奥尻特別｜2024年6月15日 | 競馬データベース - netkeiba,2026-05-19T12:53:50.259658,牝,4,476.0,0.0,0,1,9.0,9.33,37.24,0.1,0,9,37.24,37.24,37.24,0.1,37.24
3.0,5,6,ノーブルスカイ,55.0,鮫島克駿,1:59.9,クビ,7.2,3.0,[西] 高柳大輔,2021102256,202402010310,奥尻特別｜2024年6月15日 | 競馬データベース - netkeiba,2026-05-19T12:53:50.259658,牡,3,468.0,2.0,0,1,8.4,10.67,35.52,0.1064,0,15,35.52,35.52,35.52,0.1064,35.52
4.0,4,4,コスモエクスプレス,58.0,丹内祐次,2:00.1,1.1/4,12.3,7.0,[東] 松永康利,2019100702,202402010310,奥尻特別｜2024年6月15日 | 競馬データベース - netkeiba,2026-05-19T12:53:50.259658,牡,5,484.0,2.0,0,0,7.8,7.0,35.46,0.1136,0,9,35.46,35.46,35.46,0.1136,35.46
5.0,3,3,ルークスヘリオス,58.0,横山和生,2:00.2,クビ,10.9,5.0,[東] 中川公成,2019105807,202402010310,奥尻特別｜2024年6月15日 | 競馬データベース - netkeiba,2026-05-19T12:53:50.259658,牡,5,486.0,-4.0,0,0,5.2,4.0,36.2,0.1613,0,7,36.2,36.2,36.2,0.1613,36.2
6.0,7,9,ノートルプロメス,58.0,藤岡佑介,2:00.3,1/2,21.2,8.0,[西] 四位洋文,2019106866,202402010310,奥尻特別｜2024年6月15日 | 競馬データベース - netkeiba,2026-05-19T12:53:50.259658,牡,5,492.0,2.0,0,0,9.4,9.33,36.7,0.0962,0,12,36.7,36.7,36.7,0.0962,36.7
7.0,8,12,ブリスキー,58.0,菱田裕二,2:00.5,1.1/4,11.9,6.0,[東] 堀宣行,2020103389,202402010310,奥尻特別｜2024年6月15日 | 競馬データベース - netkeiba,2026-05-19T12:53:50.259658,セ,4,466.0,-4.0,0,0,5.0,5.67,38.34,0.1667,0,8,38.34,38.34,38.34,0.1667,38.34
8.0,8,11,ジーククローネ,58.0,大野拓弥,2:00.5,クビ,76.6,12.0,[東] 宮田敬介,2020103537,202402010310,奥尻特別｜2024年6月15日 | 競馬データベース - netkeiba,2026-05-19T12:53:50.259658,牡,4,458.0,-8.0,0,0,5.2,8.0,0.0,0.1613,0,9,0.0,0.0,0.0,0.1613,0.0
9.0,1,1,ユイノオトコヤマ,58.0,松岡正海,2:00.6,3/4,26.9,9.0,[東] 深山雅史,2020104734,202402010310,奥尻特別｜2024年6月15日 | 競馬データベース - netkeiba,2026-05-19T12:53:50.259658,牡,4,470.0,6.0,0,0,4.2,4.33,40.8,0.1923,0,5,40.8,40.8,40.8,0.1923,40.8
10.0,6,8,ポーレット,56.0,北村友一,2:00.8,1.1/4,7.3,4.0,[西] 吉岡辰弥,2020105721,202402010310,奥尻特別｜2024年6月15日 | 競馬データベース - netkeiba,2026-05-19T12:53:50.259658,牝,4,482.0,6.0,0,0,9.2,9.0,37.16,0.098,0,8,37.16,37.16,37.16,0.098,37.16
11.0,7,10,ゼットスパンキー,55.0,古川吉洋,2:01.5,4,41.6,10.0,[西] 宮徹,2021107255,202402010310,奥尻特別｜2024年6月15日 | 競馬データベース - netkeiba,2026-05-19T12:53:50.259658,牡,3,460.0,6.0,0,0,5.0,3.67,36.46,0.1667,0,3,36.46,36.46,36.46,0.1667,36.46
12.0,6,7,マイモーメント,58.0,永野猛蔵,2:03.0,9,45.7,11.0,[東] 国枝栄,2020106865,202402010310,奥尻特別｜2024年6月15日 | 競馬データベース - netkeiba,2026-05-19T12:53:50.259658,セ,4,504.0,2.0,0,0,6.4,6.67,41.3,0.1351,0,7,41.3,41.3,41.3,0.1351,41.3
1.0,6,8,レッドアヴァンティ,58.0,武豊,1:08.8,,4.8,3.0,[東] 尾関知人,2019103594,202402010311,STV杯｜2024年6月15日 | 競馬データベース - netkeiba,2026-05-19T12:54:16.754761,牡,5,508.0,18.0,1,1,9.2,7.33,34.38,0.098,0,2,34.38,34.38,34.38,0.098,34.38
2.0,6,7,ニシノコウダイ,58.0,藤岡佑介,1:08.9,1,9.8,5.0,[西] 長谷川浩,2020105484,202402010311,STV杯｜2024年6月15日 | 競馬データベース - netkeiba,2026-05-19T12:54:16.754761,牡,4,482.0,-6.0,0,1,8.6,10.67,34.76,0.1042,0,13,34.76,34.76,34.76,0.1042,34.76
3.0,2,2,トーセンサンダー,58.0,大野拓弥,1:08.9,ハナ,4.0,2.0,[東] 杉浦宏昭,2019104386,202402010311,STV杯｜2024年6月15日 | 競馬データベース - netkeiba,2026-05-19T12:54:16.754761,牡,5,484.0,-4.0,0,1,5.0,4.67,37.68,0.1667,0,5,37.68,37.68,37.68,0.1667,37.68
4.0,5,6,サウンドクレア,56.0,鮫島克駿,1:09.0,1/2,22.7,7.0,[西] 安達昭夫,2019104738,202402010311,STV杯｜2024年6月15日 | 競馬データベース - netkeiba,2026-05-19T12:54:16.754761,牝,5,446.0,-6.0,0,0,9.2,10.0,34.2,0.098,0,13,34.2,34.2,34.2,0.098,34.2
5.0,5,5,イグニション,58.0,菱田裕二,1:09.0,ハナ,36.6,10.0,[西] 畑端省吾,2020103898,202402010311,STV杯｜2024年6月15日 | 競馬データベース - netkeiba,2026-05-19T12:54:16.754761,牡,4,470.0,0.0,0,0,10.4,8.67,35.28,0.0877,0,6,35.28,35.28,35.28,0.0877,35.28
6.0,8,11,ジョリダム,56.0,富田暁,1:09.0,アタマ,63.3,11.0,[西] 武英智,2020100686,202402010311,STV杯｜2024年6月15日 | 競馬データベース - netkeiba,2026-05-19T12:54:16.754761,牝,4,444.0,-2.0,0,0,7.8,6.33,34.72,0.1136,0,9,34.72,34.72,34.72,0.1136,34.72
7.0,7,9,アンビバレント,58.0,池添謙一,1:09.0,アタマ,116.4,12.0,[西] 藤野健太,2020102140,202402010311,STV杯｜2024年6月15日 | 競馬データベース - netkeiba,2026-05-19T12:54:16.754761,牡,4,464.0,-2.0,0,0,5.8,8.33,33.74,0.1471,0,7,33.74,33.74,33.74,0.1471,33.74
8.0,4,4,オルフェスト,56.0,横山武史,1:09.1,クビ,3.5,1.0,[東] 池上昌和,2020102718,202402010311,STV杯｜2024年6月15日 | 競馬データベース - netkeiba,2026-05-19T12:54:16.754761,牝,4,450.0,8.0,0,0,9.2,8.33,34.82,0.098,0,7,34.82,34.82,34.82,0.098,34.82
9.0,3,3,ステルナティーア,56.0,丹内祐次,1:09.1,ハナ,13.9,6.0,[東] 木村哲也,2019105508,202402010311,STV杯｜2024年6月15日 | 競馬データベース - netkeiba,2026-05-19T12:54:16.754761,牝,5,448.0,-4.0,0,0,10.6,11.67,36.18,0.0862,0,14,36.18,36.18,36.18,0.0862,36.18
10.0,1,1,ニシノレバンテ,58.0,永野猛蔵,1:09.2,1/2,23.9,8.0,[東] 栗田徹,2019102938,202402010311,STV杯｜2024年6月15日 | 競馬データベース - netkeiba,2026-05-19T12:54:16.754761,牡,5,492.0,4.0,0,0,5.0,3.67,39.68,0.1667,0,3,39.68,39.68,39.68,0.1667,39.68
11.0,7,10,ミズノコキュウ,56.0,松岡正海,1:09.3,3/4,36.3,9.0,[東] 水野貴広,2019102436,202402010311,STV杯｜2024年6月15日 | 競馬データベース - netkeiba,2026-05-19T12:54:16.754761,牝,5,426.0,4.0,0,0,6.2,8.33,34.74,0.1389,0,11,34.74,34.74,34.74,0.1389,34.74
12.0,8,12,ランドオブラヴ,56.0,佐々木大,1:09.4,クビ,5.7,4.0,[東] 蛯名正義,2020104088,202402010311,STV杯｜2024年6月15日 | 競馬データベース - netkeiba,2026-05-19T12:54:16.754761,牝,4,432.0,8.0,0,0,9.6,11.67,34.26,0.0943,0,14,34.26,34.26,34.26,0.0943,34.26
1.0,6,9,テンクウジョー,55.0,横山和生,1:46.3,,4.5,2.0,[東] 小西一男,2021104464,202402010312,3歳以上1勝クラス｜2024年6月15日 | 競馬データベース - netkeiba,2026-05-19T12:54:44.851369,牡,3,472.0,0.0,1,1,8.0,8.0,36.88,0.1111,0,7,36.88,36.88,36.88,0.1111,36.88
2.0,8,14,カリフォルニア,55.0,小林凌大,1:46.4,1/2,4.8,3.0,[東] 伊藤圭三,2021103728,202402010312,3歳以上1勝クラス｜2024年6月15日 | 競馬データベース - netkeiba,2026-05-19T12:54:44.851369,牡,3,480.0,-4.0,0,1,7.8,9.67,38.82,0.1136,0,12,38.82,38.82,38.82,0.1136,38.82
3.0,7,12,エーデル,53.0,丹内祐次,1:46.7,2,5.3,4.0,[東] 金成貴史,2021105321,202402010312,3歳以上1勝クラス｜2024年6月15日 | 競馬データベース - netkeiba,2026-05-19T12:54:44.851369,牝,3,462.0,0.0,0,1,8.0,8.0,36.42,0.1111,0,5,36.42,36.42,36.42,0.1111,36.42
4.0,4,5,エンセリオ,53.0,鮫島克駿,1:47.0,1.3/4,36.0,9.0,[東] 小笠倫弘,2021100300,202402010312,3歳以上1勝クラス｜2024年6月15日 | 競馬データベース - netkeiba,2026-05-19T12:54:44.851369,牝,3,442.0,8.0,0,0,6.2,6.67,37.0,0.1389,0,11,37.0,37.0,37.0,0.1389,37.0
5.0,8,13,フェルンマンボ,56.0,横山武史,1:47.1,1/2,3.7,1.0,[西] 辻野泰之,2019105975,202402010312,3歳以上1勝クラス｜2024年6月15日 | 競馬データベース - netkeiba,2026-05-19T12:54:44.851369,牝,5,470.0,4.0,0,0,5.8,5.67,38.04,0.1471,0,6,38.04,38.04,38.04,0.1471,38.04
6.0,4,6,スート,55.0,富田暁,1:47.2,クビ,14.5,6.0,[東] 林徹,2021101652,202402010312,3歳以上1勝クラス｜2024年6月15日 | 競馬データベース - netkeiba,2026-05-19T12:54:44.851369,牡,3,460.0,-4.0,0,0,5.0,5.33,38.02,0.1667,0,7,38.02,38.02,38.02,0.1667,38.02
7.0,3,3,フォンメイリー,55.0,永野猛蔵,1:47.2,クビ,24.4,8.0,[東] 粕谷昌央,2019105287,202402010312,3歳以上1勝クラス｜2024年6月15日 | 競馬データベース - netkeiba,2026-05-19T12:54:44.851369,牝,5,482.0,0.0,0,0,4.6,5.0,37.38,0.1786,0,1,37.38,37.38,37.38,0.1786,37.38
8.0,2,2,ガウラスパーク,55.0,池添謙一,1:47.7,3,22.0,7.0,[西] 高柳大輔,2021103586,202402010312,3歳以上1勝クラス｜2024年6月15日 | 競馬データベース - netkeiba,2026-05-19T12:54:44.851369,牡,3,526.0,-4.0,0,0,12.0,12.67,38.36,0.0769,0,13,38.36,38.36,38.36,0.0769,38.36
9.0,1,1,アカツキロットリー,55.0,長浜鴻緒,1:48.2,3,46.9,11.0,[東] 根本康広,2020100081,202402010312,3歳以上1勝クラス｜2024年6月15日 | 競馬データベース - netkeiba,2026-05-19T12:54:44.851369,牡,4,476.0,0.0,0,0,11.2,10.33,40.16,0.082,0,9,40.16,40.16,40.16,0.082,40.16
10.0,5,8,ソルトゴールド,58.0,古川吉洋,1:48.2,ハナ,275.5,14.0,[西] 木原一良,2019102661,202402010312,3歳以上1勝クラス｜2024年6月15日 | 競馬データベース - netkeiba,2026-05-19T12:54:44.851369,牡,5,506.0,2.0,0,0,8.6,8.33,41.28,0.1042,0,3,41.28,41.28,41.28,0.1042,41.28
11.0,3,4,ワンダーウィルク,58.0,荻野琢真,1:48.3,クビ,38.0,10.0,[西] 今野貞一,2019103092,202402010312,3歳以上1勝クラス｜2024年6月15日 | 競馬データベース - netkeiba,2026-05-19T12:54:44.851369,牡,5,504.0,-2.0,0,0,6.4,6.0,38.94,0.1351,0,2,38.94,38.94,38.94,0.1351,38.94
12.0,5,7,スマイルヴィヴァン,56.0,菱田裕二,1:48.6,2,258.0,13.0,[東] 高橋文雅,2018100895,202402010312,3歳以上1勝クラス｜2024年6月15日 | 競馬データベース - netkeiba,2026-05-19T12:54:44.851369,牝,6,430.0,-4.0,0,0,6.0,7.0,39.16,0.1429,0,9,39.16,39.16,39.16,0.1429,39.16
13.0,7,11,チュウワエース,55.0,小林勝太,1:49.0,2.1/2,166.3,12.0,[東] 栗田徹,2019102395,202402010312,3歳以上1勝クラス｜2024年6月15日 | 競馬データベース - netkeiba,2026-05-19T12:54:44.851369,牡,5,466.0,-8.0,0,0,6.0,6.67,39.46,0.1429,0,5,39.46,39.46,39.46,0.1429,39.46
14.0,6,10,ベルメサイア,53.0,佐々木大,1:55.6,大,7.7,5.0,[西] 西村真幸,2021103776,202402010312,3歳以上1勝クラス｜2024年6月15日 | 競馬データベース - netkeiba,2026-05-19T12:54:44.851369,牝,3,494.0,12.0,0,0,7.4,7.67,38.36,0.119,0,9,38.36,38.36,38.36,0.119,38.36
1.0,5,10,アルーリングタイム,55.0,菅原明良,1:24.4,,8.4,3.0,[東] 中舘英二,2021104829,202405030501,3歳未勝利｜2024年6月15日 | 競馬データベース - netkeiba,2026-05-19T12:55:14.805231,牝,3,512.0,10.0,1,1,10.0,10.67,38.6,0.0909,0,15,38.6,38.6,38.6,0.0909,38.6
2.0,2,4,エクサビット,55.0,ルメール,1:24.8,2.1/2,1.4,1.0,[東] 萩原清,2021105710,202405030501,3歳未勝利｜2024年6月15日 | 競馬データベース - netkeiba,2026-05-19T12:55:14.805231,牝,3,456.0,2.0,0,1,2.4,2.67,36.8,0.2941,0,2,36.8,36.8,36.8,0.2941,36.8
3.0,3,6,ペイシャスウィフト,55.0,オシェア,1:25.4,3.1/2,31.3,6.0,[東] 本間忍,2021102639,202405030501,3歳未勝利｜2024年6月15日 | 競馬データベース - netkeiba,2026-05-19T12:55:14.805231,牝,3,496.0,12.0,0,1,8.0,6.33,38.18,0.1111,0,6,38.18,38.18,38.18,0.1111,38.18
4.0,6,12,ジェイエルジェティ,55.0,田辺裕信,1:26.2,5,4.3,2.0,[東] 小西一男,2021101833,202405030501,3歳未勝利｜2024年6月15日 | 競馬データベース - netkeiba,2026-05-19T12:55:14.805231,牝,3,516.0,0.0,0,0,8.2,10.67,39.8,0.1087,0,16,39.8,39.8,39.8,0.1087,39.8
5.0,4,7,レモンシフォン,55.0,吉田豊,1:26.7,3,65.9,8.0,[東] 尾関知人,2021103685,202405030501,3歳未勝利｜2024年6月15日 | 競馬データベース - netkeiba,2026-05-19T12:55:14.805231,牝,3,494.0,-4.0,0,0,2.0,1.67,40.36,0.3333,0,1,40.36,40.36,40.36,0.3333,40.36
6.0,1,2,ムーンライトデイ,55.0,岩田康誠,1:26.7,クビ,21.7,4.0,[東] 田島俊明,2021102559,202405030501,3歳未勝利｜2024年6月15日 | 競馬データベース - netkeiba,2026-05-19T12:55:14.805231,牝,3,454.0,-6.0,0,0,5.0,6.0,40.16,0.1667,0,3,40.16,40.16,40.16,0.1667,40.16
7.0,6,11,プリンセスサクラ,55.0,岩部純二,1:26.9,3/4,283.5,14.0,[東] 石毛善彦,2021100714,202405030501,3歳未勝利｜2024年6月15日 | 競馬データベース - netkeiba,2026-05-19T12:55:14.805231,牝,3,418.0,0.0,0,0,5.8,7.67,40.76,0.1471,0,8,40.76,40.76,40.76,0.1471,40.76
8.0,1,1,ハクサンマロン,55.0,津村明秀,1:27.0,1/2,22.4,5.0,[東] 新開幸一,2021100256,202405030501,3歳未勝利｜2024年6月15日 | 競馬データベース - netkeiba,2026-05-19T12:55:14.805231,牝,3,490.0,2.0,0,0,5.4,6.0,39.76,0.1562,0,5,39.76,39.76,39.76,0.1562,39.76
9.0,4,8,タリスカーベイ,55.0,石川裕紀,1:27.1,1/2,191.5,10.0,[東] 池上昌和,2021101646,202405030501,3歳未勝利｜2024年6月15日 | 競馬データベース - netkeiba,2026-05-19T12:55:14.805231,牝,3,484.0,8.0,0,0,5.0,4.0,39.15,0.1667,0,2,39.15,39.15,39.15,0.1667,39.15
10.0,7,13,ペータース,55.0,石橋脩,1:27.3,1.1/2,228.6,13.0,[東] 佐藤吉勝,2021101536,202405030501,3歳未勝利｜2024年6月15日 | 競馬データベース - netkeiba,2026-05-19T12:55:14.805231,牝,3,438.0,4.0,0,0,7.0,8.33,40.74,0.125,0,9,40.74,40.74,40.74,0.125,40.74
11.0,5,9,クロユリジョウ,54.0,横山琉人,1:27.4,1/2,207.6,11.0,[東] 相沢郁,2021106475,202405030501,3歳未勝利｜2024年6月15日 | 競馬データベース - netkeiba,2026-05-19T12:55:14.805231,牝,3,448.0,-8.0,0,0,6.0,6.67,39.64,0.1429,0,6,39.64,39.64,39.64,0.1429,39.64
12.0,3,5,オーブルクール,54.0,原優介,1:27.6,1.1/4,37.1,7.0,[東] 矢野英一,2021103095,202405030501,3歳未勝利｜2024年6月15日 | 競馬データベース - netkeiba,2026-05-19T12:55:14.805231,牝,3,486.0,0.0,0,0,6.0,9.33,37.22,0.1429,0,11,37.22,37.22,37.22,0.1429,37.22
13.0,8,15,サントリーニブルー,52.0,石神深道,1:27.8,1.1/4,212.0,12.0,[東] 高橋文雅,2021105879,202405030501,3歳未勝利｜2024年6月15日 | 競馬データベース - netkeiba,2026-05-19T12:55:14.805231,牝,3,432.0,-8.0,0,0,6.6,5.33,38.6,0.1316,0,6,38.6,38.6,38.6,0.1316,38.6
14.0,7,14,ポウナム,55.0,杉原誠人,1:28.2,2.1/2,292.5,15.0,[東] 田村康仁,2021103027,202405030501,3歳未勝利｜2024年6月15日 | 競馬データベース - netkeiba,2026-05-19T12:55:14.805231,牝,3,422.0,2.0,0,0,6.0,8.0,41.28,0.1429,0,8,41.28,41.28,41.28,0.1429,41.28
15.0,2,3,シューンカイゼリン,55.0,戸崎圭太,1:28.7,3,105.8,9.0,[東] 伊藤圭三,2021103737,202405030501,3歳未勝利｜2024年6月15日 | 競馬データベース - netkeiba,2026-05-19T12:55:14.805231,牝,3,428.0,4.0,0,0,8.4,13.0,38.44,0.1064,0,13,38.44,38.44,38.44,0.1064,38.44
16.0,8,16,ナナイロノユメ,55.0,菊沢一樹,1:28.8,3/4,304.8,16.0,[東] 松山将樹,2021101358,202405030501,3歳未勝利｜2024年6月15日 | 競馬データベース - netkeiba,2026-05-19T12:55:14.805231,牝,3,466.0,4.0,0,0,11.4,11.67,41.78,0.0806,0,9,41.78,41.78,41.78,0.0806,41.78
1.0,4,7,シグムンド,57.0,柴田大知,2:13.7,,7.9,4.0,[東] 岩戸孝樹,2021106353,202405030502,3歳未勝利｜2024年6月15日 | 競馬データベース - netkeiba,2026-05-19T12:56:00.123809,牡,3,496.0,2.0,1,1,7.8,5.67,39.0,0.1136,0,8,39.0,39.0,39.0,0.1136,39.0
2.0,3,5,トクシージェネラル,57.0,内田博幸,2:14.3,3.1/2,3.0,1.0,[東] 辻哲英,2021107279,202405030502,3歳未勝利｜2024年6月15日 | 競馬データベース - netkeiba,2026-05-19T12:56:00.123809,牡,3,518.0,8.0,0,1,10.8,12.0,40.26,0.0847,0,12,40.26,40.26,40.26,0.0847,40.26
3.0,1,2,タケルゴールド,57.0,岩田康誠,2:14.4,3/4,68.9,10.0,[東] 加藤征弘,2021100884,202405030502,3歳未勝利｜2024年6月15日 | 競馬データベース - netkeiba,2026-05-19T12:56:00.123809,牡,3,452.0,-2.0,0,1,6.4,6.33,38.16,0.1351,0,3,38.16,38.16,38.16,0.1351,38.16
4.0,5,9,サノノゴールド,57.0,菅原明良,2:14.5,クビ,3.8,2.0,[東] 栗田徹,2021102067,202405030502,3歳未勝利｜2024年6月15日 | 競馬データベース - netkeiba,2026-05-19T12:56:00.123809,牡,3,508.0,8.0,0,0,6.6,7.0,40.7,0.1316,0,7,40.7,40.7,40.7,0.1316,40.7
5.0,3,6,ダンシングボビー,57.0,石橋脩,2:14.5,クビ,9.5,6.0,[東] 尾形和幸,2021102229,202405030502,3歳未勝利｜2024年6月15日 | 競馬データベース - netkeiba,2026-05-19T12:56:00.123809,牡,3,488.0,-10.0,0,0,6.8,7.33,38.62,0.1282,0,7,38.62,38.62,38.62,0.1282,38.62
6.0,4,8,ゲームアップロード,57.0,丸田恭介,2:14.9,2,346.1,16.0,[東] 宗像義忠,2021104898,202405030502,3歳未勝利｜2024年6月15日 | 競馬データベース - netkeiba,2026-05-19T12:56:00.123809,牡,3,498.0,-12.0,0,0,5.2,2.67,38.9,0.1613,0,3,38.9,38.9,38.9,0.1613,38.9
7.0,6,11,ゴールドモーション,57.0,田辺裕信,2:15.0,クビ,6.5,3.0,[東] 村田一誠,2021106881,202405030502,3歳未勝利｜2024年6月15日 | 競馬データベース - netkeiba,2026-05-19T12:56:00.123809,牡,3,466.0,6.0,0,0,7.4,7.67,39.14,0.119,0,2,39.14,39.14,39.14,0.119,39.14
8.0,8,16,ウェックスフォード,56.0,原優介,2:15.7,4,16.6,7.0,[東] 高木登,2021105268,202405030502,3歳未勝利｜2024年6月15日 | 競馬データベース - netkeiba,2026-05-19T12:56:00.123809,牡,3,478.0,0.0,0,0,3.8,2.67,39.04,0.2083,0,2,39.04,39.04,39.04,0.2083,39.04
9.0,5,10,セイウンパイオニア,57.0,江田照男,2:15.7,ハナ,37.8,9.0,[東] 清水英克,2021106996,202405030502,3歳未勝利｜2024年6月15日 | 競馬データベース - netkeiba,2026-05-19T12:56:00.123809,牡,3,492.0,2.0,0,0,7.8,8.0,40.46,0.1136,0,9,40.46,40.46,40.46,0.1136,40.46
10.0,7,13,リフレイン,55.0,宮崎北斗,2:15.9,1.1/4,28.1,8.0,[東] 鈴木慎太,2021102766,202405030502,3歳未勝利｜2024年6月15日 | 競馬データベース - netkeiba,2026-05-19T12:56:00.123809,牝,3,460.0,0.0,0,0,7.0,6.0,39.26,0.125,0,10,39.26,39.26,39.26,0.125,39.26
11.0,7,14,アショカ,57.0,オシェア,2:15.9,クビ,8.6,5.0,[東] 久保田貴,2021103295,202405030502,3歳未勝利｜2024年6月15日 | 競馬データベース - netkeiba,2026-05-19T12:56:00.123809,牡,3,480.0,4.0,0,0,4.4,4.33,38.78,0.1852,0,6,38.78,38.78,38.78,0.1852,38.78
12.0,2,4,アフタヌーンティー,51.0,大江原比,2:16.2,1.1/2,185.8,12.0,[東] 田村康仁,2021103692,202405030502,3歳未勝利｜2024年6月15日 | 競馬データベース - netkeiba,2026-05-19T12:56:00.123809,牝,3,468.0,0.0,0,0,6.6,7.67,41.72,0.1316,0,5,41.72,41.72,41.72,0.1316,41.72
13.0,6,12,ビートリニティ,55.0,菊沢一樹,2:16.3,3/4,183.6,11.0,[東] 小手川準,2021103600,202405030502,3歳未勝利｜2024年6月15日 | 競馬データベース - netkeiba,2026-05-19T12:56:00.123809,牝,3,444.0,-1.0,0,0,5.2,4.33,40.66,0.1613,0,2,40.66,40.66,40.66,0.1613,40.66
14.0,2,3,ジョイレンジャー,56.0,横山琉人,2:16.4,3/4,211.9,14.0,[東] 相沢郁,2021106709,202405030502,3歳未勝利｜2024年6月15日 | 競馬データベース - netkeiba,2026-05-19T12:56:00.123809,牡,3,522.0,-2.0,0,0,7.75,3.0,38.05,0.1143,0,3,38.05,38.05,38.05,0.1143,38.05
15.0,1,1,モーニングヤマト,57.0,吉田豊,2:16.6,1,196.9,13.0,[東] 土田稔,2021102692,202405030502,3歳未勝利｜2024年6月15日 | 競馬データベース - netkeiba,2026-05-19T12:56:00.123809,牡,3,464.0,24.0,0,0,13.6,12.67,38.14,0.0685,0,9,38.14,38.14,38.14,0.0685,38.14
16.0,8,15,グリマルディ,57.0,野中悠太,2:19.5,大,331.8,15.0,[東] 大和田成,2021101421,202405030502,3歳未勝利｜2024年6月15日 | 競馬データベース - netkeiba,2026-05-19T12:56:00.123809,セ,3,508.0,-2.0,0,0,6.6,8.33,41.46,0.1316,0,5,41.46,41.46,41.46,0.1316,41.46
1.0,1,1,セイウンマカロン,55.0,津村明秀,1:37.8,,3.0,1.0,[東] 千葉直人,2021107080,202405030503,3歳未勝利｜2024年6月15日 | 競馬データベース - netkeiba,2026-05-19T12:56:37.076207,牝,3,442.0,2.0,1,1,11.4,11.33,38.96,0.0806,0,15,38.96,38.96,38.96,0.0806,38.96
2.0,2,4,ルージュベルベット,55.0,菅原明良,1:38.3,3,4.7,3.0,[東] 黒岩陽一,2021105749,202405030503,3歳未勝利｜2024年6月15日 | 競馬データベース - netkeiba,2026-05-19T12:56:37.076207,牝,3,424.0,-6.0,0,1,7.4,6.0,36.62,0.119,0,2,36.62,36.62,36.62,0.119,36.62
3.0,2,3,タマモポロネーズ,55.0,菊沢一樹,1:38.9,4,33.3,9.0,[東] 伊藤圭三,2021104523,202405030503,3歳未勝利｜2024年6月15日 | 競馬データベース - netkeiba,2026-05-19T12:56:37.076207,牝,3,452.0,4.0,0,1,5.8,5.67,39.76,0.1471,0,4,39.76,39.76,39.76,0.1471,39.76
4.0,3,5,クランプダンス,55.0,岩田康誠,1:39.2,1.3/4,31.9,8.0,[東] 宮田敬介,2021105733,202405030503,3歳未勝利｜2024年6月15日 | 競馬データベース - netkeiba,2026-05-19T12:56:37.076207,牝,3,446.0,-8.0,0,0,6.33,6.33,37.83,0.1364,0,10,37.83,37.83,37.83,0.1364,37.83
5.0,6,12,ツインクルステージ,55.0,三浦皇成,1:39.2,クビ,6.7,4.0,[東] 高木登,2021103512,202405030503,3歳未勝利｜2024年6月15日 | 競馬データベース - netkeiba,2026-05-19T12:56:37.076207,牝,3,498.0,-2.0,0,0,13.2,12.33,39.54,0.0704,0,12,39.54,39.54,39.54,0.0704,39.54
6.0,7,14,ミスサラワク,55.0,木幡巧也,1:39.3,3/4,15.2,6.0,[東] 本間忍,2021105923,202405030503,3歳未勝利｜2024年6月15日 | 競馬データベース - netkeiba,2026-05-19T12:56:37.076207,牝,3,502.0,4.0,0,0,5.8,5.0,41.02,0.1471,0,8,41.02,41.02,41.02,0.1471,41.02
7.0,5,9,サラフォーコン,55.0,戸崎圭太,1:39.5,1.1/4,4.0,2.0,[東] 大和田成,2021100397,202405030503,3歳未勝利｜2024年6月15日 | 競馬データベース - netkeiba,2026-05-19T12:56:37.076207,牝,3,428.0,0.0,0,0,4.75,6.0,39.77,0.1739,0,10,39.77,39.77,39.77,0.1739,39.77
8.0,1,2,グランジュール,55.0,石川裕紀,1:39.6,3/4,69.7,10.0,[東] 相沢郁,2021102105,202405030503,3歳未勝利｜2024年6月15日 | 競馬データベース - netkeiba,2026-05-19T12:56:37.076207,牝,3,468.0,2.0,0,0,4.0,3.67,39.28,0.2,0,1,39.28,39.28,39.28,0.2,39.28
9.0,8,16,ヤマメクィーン,54.0,原優介,1:39.7,クビ,76.7,11.0,[東] 高柳瑞樹,2021106034,202405030503,3歳未勝利｜2024年6月15日 | 競馬データベース - netkeiba,2026-05-19T12:56:37.076207,牝,3,442.0,0.0,0,0,3.2,2.33,38.22,0.2381,0,3,38.22,38.22,38.22,0.2381,38.22
10.0,4,7,セイウンチドリ,55.0,内田博幸,1:39.7,クビ,11.6,5.0,[東] 村田一誠,2021102685,202405030503,3歳未勝利｜2024年6月15日 | 競馬データベース - netkeiba,2026-05-19T12:56:37.076207,牝,3,448.0,10.0,0,0,8.0,10.67,36.72,0.1111,0,14,36.72,36.72,36.72,0.1111,36.72
11.0,7,13,クイーンズアームス,55.0,柴田善臣,1:40.0,1.3/4,127.9,12.0,[東] 水野貴広,2021105935,202405030503,3歳未勝利｜2024年6月15日 | 競馬データベース - netkeiba,2026-05-19T12:56:37.076207,牝,3,456.0,-4.0,0,0,10.2,11.67,41.58,0.0893,0,9,41.58,41.58,41.58,0.0893,41.58
12.0,4,8,サクラサルーテ,55.0,吉田豊,1:40.9,5,149.1,13.0,[東] 田島俊明,2021104068,202405030503,3歳未勝利｜2024年6月15日 | 競馬データベース - netkeiba,2026-05-19T12:56:37.076207,牝,3,432.0,-6.0,0,0,3.2,3.67,40.84,0.2381,0,2,40.84,40.84,40.84,0.2381,40.84
13.0,3,6,ソーブルーム,55.0,丸山元気,1:41.1,1,217.6,14.0,[東] 高橋文雅,2021105685,202405030503,3歳未勝利｜2024年6月15日 | 競馬データベース - netkeiba,2026-05-19T12:56:37.076207,牝,3,478.0,10.0,0,0,12.67,12.67,38.43,0.0732,0,16,38.43,38.43,38.43,0.0732,38.43
14.0,6,11,デフィニトリー,55.0,丸田恭介,1:41.4,1.3/4,259.7,16.0,[東] 堀内岳志,2021106360,202405030503,3歳未勝利｜2024年6月15日 | 競馬データベース - netkeiba,2026-05-19T12:56:37.076207,牝,3,460.0,6.0,0,0,5.6,6.0,41.18,0.1515,0,8,41.18,41.18,41.18,0.1515,41.18
15.0,5,10,タマモルピナス,54.0,横山琉人,1:41.4,ハナ,231.2,15.0,[東] 辻哲英,2021104524,202405030503,3歳未勝利｜2024年6月15日 | 競馬データベース - netkeiba,2026-05-19T12:56:37.076207,牝,3,478.0,0.0,0,0,4.6,4.67,39.26,0.1786,0,1,39.26,39.26,39.26,0.1786,39.26
16.0,8,15,スーパーソニック,55.0,オシェア,1:45.3,大,20.6,7.0,[東] 加藤士津,2021104659,202405030503,3歳未勝利｜2024年6月15日 | 競馬データベース - netkeiba,2026-05-19T12:56:37.076207,牝,3,448.0,-6.0,0,0,9.0,8.33,40.14,0.1,0,8,40.14,40.14,40.14,0.1,40.14
1.0,3,5,マーゴットメネス,57.0,菊沢一樹,1:22.2,,56.2,9.0,[東] 伊坂重信,2021104180,202405030504,3歳未勝利｜2024年6月15日 | 競馬データベース - netkeiba,2026-05-19T12:57:20.059742,牡,3,464.0,-6.0,1,1,5.2,5.67,39.36,0.1613,0,6,39.36,39.36,39.36,0.1613,39.36
2.0,2,4,スコア,53.0,大江原比,1:22.5,1.3/4,9.6,3.0,[東] 栗田徹,2021100453,202405030504,3歳未勝利｜2024年6月15日 | 競馬データベース - netkeiba,2026-05-19T12:57:20.059742,牡,3,454.0,-2.0,0,1,5.0,4.0,40.6,0.1667,0,3,40.6,40.6,40.6,0.1667,40.6
3.0,8,16,ロジカルワーズ,57.0,ルメール,1:22.6,1/2,1.5,1.0,[東] 大竹正博,2021110020,202405030504,3歳未勝利｜2024年6月15日 | 競馬データベース - netkeiba,2026-05-19T12:57:20.059742,牡,3,506.0,0.0,0,1,5.2,7.0,33.94,0.1613,0,5,33.94,33.94,33.94,0.1613,33.94
4.0,1,2,バイデンテソーロ,57.0,木幡巧也,1:22.6,ハナ,10.1,4.0,[東] 畠山吉宏,2021104049,202405030504,3歳未勝利｜2024年6月15日 | 競馬データベース - netkeiba,2026-05-19T12:57:20.059742,牡,3,476.0,-6.0,0,0,2.25,3.5,39.9,0.3077,0,6,39.9,39.9,39.9,0.3077,39.9
5.0,8,15,ルージュラフェリア,55.0,北村宏司,1:22.7,3/4,15.2,6.0,[東] 尾関知人,2021100017,202405030504,3歳未勝利｜2024年6月15日 | 競馬データベース - netkeiba,2026-05-19T12:57:20.059742,牝,3,414.0,2.0,0,0,5.8,4.33,34.0,0.1471,0,5,34.0,34.0,34.0,0.1471,34.0
6.0,5,10,メイパワー,55.0,三浦皇成,1:22.8,3/4,8.4,2.0,[東] 深山雅史,2021109097,202405030504,3歳未勝利｜2024年6月15日 | 競馬データベース - netkeiba,2026-05-19T12:57:20.059742,牝,3,432.0,8.0,0,0,6.6,7.67,35.28,0.1316,0,12,35.28,35.28,35.28,0.1316,35.28
7.0,6,11,アムンラー,57.0,オシェア,1:22.8,アタマ,13.9,5.0,[東] 田中剛,2021103089,202405030504,3歳未勝利｜2024年6月15日 | 競馬データベース - netkeiba,2026-05-19T12:57:20.059742,牡,3,450.0,6.0,0,0,6.4,7.0,39.32,0.1351,0,10,39.32,39.32,39.32,0.1351,39.32
8.0,2,3,トーマステソーロ,57.0,江田照男,1:22.9,3/4,114.5,11.0,[東] 栗田徹,2021102283,202405030504,3歳未勝利｜2024年6月15日 | 競馬データベース - netkeiba,2026-05-19T12:57:20.059742,牡,3,436.0,-6.0,0,0,0.0,0.0,0.0,0.0,0,0,0.0,0.0,0.0,0.0,0.0
9.0,4,7,オキャン,55.0,菅原明良,1:23.0,1/2,15.6,7.0,[東] 加藤士津,2021100196,202405030504,3歳未勝利｜2024年6月15日 | 競馬データベース - netkeiba,2026-05-19T12:57:20.059742,牝,3,428.0,-2.0,0,0,6.6,6.33,41.1,0.1316,0,9,41.1,41.1,41.1,0.1316,41.1
10.0,5,9,スマイルアクセス,55.0,津村明秀,1:23.1,クビ,133.8,12.0,[東] 萱野浩二,2021102589,202405030504,3歳未勝利｜2024年6月15日 | 競馬データベース - netkeiba,2026-05-19T12:57:20.059742,牝,3,448.0,-4.0,0,0,9.6,10.33,37.36,0.0943,0,10,37.36,37.36,37.36,0.0943,37.36
11.0,3,6,ディアモンクール,55.0,内田博幸,1:23.1,クビ,258.6,14.0,[東] 斎藤誠,2021105166,202405030504,3歳未勝利｜2024年6月15日 | 競馬データベース - netkeiba,2026-05-19T12:57:20.059742,牝,3,416.0,4.0,0,0,6.6,9.33,40.68,0.1316,0,9,40.68,40.68,40.68,0.1316,40.68
12.0,1,1,ムーンブルー,57.0,岩田康誠,1:23.3,1,76.4,10.0,[東] 小島茂之,2021101640,202405030504,3歳未勝利｜2024年6月15日 | 競馬データベース - netkeiba,2026-05-19T12:57:20.059742,牡,3,440.0,2.0,0,0,3.2,4.33,40.1,0.2381,0,4,40.1,40.1,40.1,0.2381,40.1
13.0,7,14,レジーナデッラネラ,54.0,原優介,1:23.7,2.1/2,32.3,8.0,[東] 矢野英一,2021105169,202405030504,3歳未勝利｜2024年6月15日 | 競馬データベース - netkeiba,2026-05-19T12:57:20.059742,牝,3,410.0,0.0,0,0,9.2,8.0,42.96,0.098,0,9,42.96,42.96,42.96,0.098,42.96
14.0,4,8,クイドプロクオ,57.0,石橋脩,1:24.0,2,364.9,15.0,[東] 伊藤圭三,2021101687,202405030504,3歳未勝利｜2024年6月15日 | 競馬データベース - netkeiba,2026-05-19T12:57:20.059742,牡,3,474.0,2.0,0,0,15.0,15.0,35.95,0.0625,0,14,35.95,35.95,35.95,0.0625,35.95
15.0,6,12,グラッシー,57.0,野中悠太,1:24.3,1.1/2,409.9,16.0,[東] 鈴木伸尋,2021100302,202405030504,3歳未勝利｜2024年6月15日 | 競馬データベース - netkeiba,2026-05-19T12:57:20.059742,牡,3,510.0,4.0,0,0,6.2,7.0,40.58,0.1389,0,8,40.58,40.58,40.58,0.1389,40.58
16.0,7,13,エクセルブラック,57.0,柴田大知,1:24.7,2.1/2,244.2,13.0,[東] 高橋文雅,2021104491,202405030504,3歳未勝利｜2024年6月15日 | 競馬データベース - netkeiba,2026-05-19T12:57:20.059742,牡,3,436.0,4.0,0,0,6.8,5.0,40.94,0.1282,0,1,40.94,40.94,40.94,0.1282,40.94
1.0,4,4,ショウナンマクベス,55.0,岩田康誠,1:35.6,,22.5,6.0,[東] 武市康男,2022102370,202405030505,2歳新馬｜2024年6月15日 | 競馬データベース - netkeiba,2026-05-19T12:58:04.425635,牡,2,466.0,0.0,1,1,5.2,3.33,35.28,0.1613,0,1,35.28,35.28,35.28,0.1613,35.28
2.0,6,6,コスモコロネット,54.0,原優介,1:35.7,1/2,80.5,7.0,[東] 加藤士津,2022101133,202405030505,2歳新馬｜2024年6月15日 | 競馬データベース - netkeiba,2026-05-19T12:58:04.425635,牝,2,408.0,0.0,0,1,6.8,8.67,40.12,0.1282,0,6,40.12,40.12,40.12,0.1282,40.12
3.0,2,2,シルバーレイン,55.0,ルメール,1:35.8,1/2,2.0,1.0,[東] 萩原清,2022104942,202405030505,2歳新馬｜2024年6月15日 | 競馬データベース - netkeiba,2026-05-19T12:58:04.425635,牡,2,456.0,0.0,0,1,9.4,10.33,34.22,0.0962,0,9,34.22,34.22,34.22,0.0962,34.22
4.0,7,7,オーケースマイル,54.0,横山琉人,1:35.9,1,7.4,4.0,[東] 相沢郁,2022101574,202405030505,2歳新馬｜2024年6月15日 | 競馬データベース - netkeiba,2026-05-19T12:58:04.425635,牝,2,412.0,0.0,0,0,10.0,10.0,39.98,0.0909,0,10,39.98,39.98,39.98,0.0909,39.98
5.0,5,5,ミンストレルソング,55.0,オシェア,1:35.9,クビ,5.3,3.0,[西] 音無秀孝,2022105404,202405030505,2歳新馬｜2024年6月15日 | 競馬データベース - netkeiba,2026-05-19T12:58:04.425635,牝,2,448.0,0.0,0,0,11.0,13.67,38.66,0.0833,0,14,38.66,38.66,38.66,0.0833,38.66
6.0,8,8,ドゥカート,55.0,戸崎圭太,1:36.0,1/2,3.4,2.0,[東] 宮田敬介,2022105777,202405030505,2歳新馬｜2024年6月15日 | 競馬データベース - netkeiba,2026-05-19T12:58:04.425635,牡,2,462.0,0.0,0,0,6.8,6.33,35.02,0.1282,0,11,35.02,35.02,35.02,0.1282,35.02
7.0,3,3,バーニングフレーム,55.0,菅原明良,1:36.3,1.3/4,11.5,5.0,[東] 鈴木慎太,2022106409,202405030505,2歳新馬｜2024年6月15日 | 競馬データベース - netkeiba,2026-05-19T12:58:04.425635,牝,2,460.0,0.0,0,0,12.6,15.0,36.9,0.0735,0,16,36.9,36.9,36.9,0.0735,36.9
8.0,1,1,ユイノマホウジン,52.0,佐藤翔馬,1:36.5,1.1/2,112.0,8.0,[東] 深山雅史,2022103071,202405030505,2歳新馬｜2024年6月15日 | 競馬データベース - netkeiba,2026-05-19T12:58:04.425635,牡,2,446.0,0.0,0,0,4.25,3.0,37.1,0.1905,0,1,37.1,37.1,37.1,0.1905,37.1
1.0,1,2,クレーキング,55.0,岩田康誠,1:25.9,,6.2,4.0,[東] 中舘英二,2022104743,202405030506,2歳新馬｜2024年6月15日 | 競馬データベース - netkeiba,2026-05-19T12:58:30.848373,牡,2,478.0,0.0,1,1,2.4,3.0,37.58,0.2941,0,5,37.58,37.58,37.58,0.2941,37.58
2.0,6,12,パースウェイド,54.0,原優介,1:26.4,3.1/2,4.2,2.0,[東] 中舘英二,2022105803,202405030506,2歳新馬｜2024年6月15日 | 競馬データベース - netkeiba,2026-05-19T12:58:30.848373,牝,2,466.0,0.0,0,1,5.4,4.0,38.1,0.1562,0,7,38.1,38.1,38.1,0.1562,38.1
3.0,4,8,アイビーヒメチャン,55.0,木幡巧也,1:26.8,2.1/2,28.9,8.0,[東] 牧光二,2022103959,202405030506,2歳新馬｜2024年6月15日 | 競馬データベース - netkeiba,2026-05-19T12:58:30.848373,牝,2,456.0,0.0,0,1,5.6,7.0,37.24,0.1515,0,9,37.24,37.24,37.24,0.1515,37.24
4.0,8,15,エルオレンス,55.0,菅原明良,1:26.9,1/2,13.8,5.0,[東] 深山雅史,2022101060,202405030506,2歳新馬｜2024年6月15日 | 競馬データベース - netkeiba,2026-05-19T12:58:30.848373,牡,2,486.0,0.0,0,0,10.8,11.33,38.38,0.0847,0,8,38.38,38.38,38.38,0.0847,38.38
5.0,2,4,ニューファウンド,55.0,ルメール,1:27.5,3.1/2,2.9,1.0,[東] 相沢郁,2022104643,202405030506,2歳新馬｜2024年6月15日 | 競馬データベース - netkeiba,2026-05-19T12:58:30.848373,牡,2,514.0,0.0,0,0,7.4,8.0,38.46,0.119,0,9,38.46,38.46,38.46,0.119,38.46
6.0,6,11,サンダーロード,55.0,戸崎圭太,1:27.7,1,5.5,3.0,[西] 杉山晴紀,2022102966,202405030506,2歳新馬｜2024年6月15日 | 競馬データベース - netkeiba,2026-05-19T12:58:30.848373,牡,2,530.0,0.0,0,0,11.4,11.33,38.04,0.0806,0,15,38.04,38.04,38.04,0.0806,38.04
7.0,8,16,ブラックトルネード,55.0,江田照男,1:28.3,3.1/2,130.4,15.0,[東] 佐藤吉勝,2022106418,202405030506,2歳新馬｜2024年6月15日 | 競馬データベース - netkeiba,2026-05-19T12:58:30.848373,牡,2,442.0,0.0,0,0,10.25,10.67,38.15,0.0889,0,15,38.15,38.15,38.15,0.0889,38.15
8.0,5,10,シホノペルフェット,55.0,津村明秀,1:28.6,1.3/4,15.9,6.0,[西] 寺島良,2022104627,202405030506,2歳新馬｜2024年6月15日 | 競馬データベース - netkeiba,2026-05-19T12:58:30.848373,牡,2,498.0,0.0,0,0,11.8,13.67,37.08,0.0781,0,14,37.08,37.08,37.08,0.0781,37.08
9.0,7,14,タヤスソーレ,55.0,菊沢一樹,1:28.6,ハナ,40.4,10.0,[東] 岩戸孝樹,2022103993,202405030506,2歳新馬｜2024年6月15日 | 競馬データベース - netkeiba,2026-05-19T12:58:30.848373,牝,2,438.0,0.0,0,0,4.8,5.33,41.22,0.1724,0,5,41.22,41.22,41.22,0.1724,41.22
10.0,7,13,タイセイアビリティ,55.0,北村宏司,1:28.7,1/2,29.7,9.0,[西] 小林真也,2022102799,202405030506,2歳新馬｜2024年6月15日 | 競馬データベース - netkeiba,2026-05-19T12:58:30.848373,牡,2,476.0,0.0,0,0,4.6,6.33,35.96,0.1786,0,6,35.96,35.96,35.96,0.1786,35.96
11.0,4,7,カービスベイ,55.0,武藤雅,1:28.8,1/2,54.8,11.0,[東] 武藤善則,2022107246,202405030506,2歳新馬｜2024年6月15日 | 競馬データベース - netkeiba,2026-05-19T12:58:30.848373,牡,2,524.0,0.0,0,0,2.4,1.33,38.26,0.2941,0,1,38.26,38.26,38.26,0.2941,38.26
12.0,3,5,アルデツヨシ,55.0,内田博幸,1:28.8,アタマ,119.5,12.0,[東] 田中剛,2022101481,202405030506,2歳新馬｜2024年6月15日 | 競馬データベース - netkeiba,2026-05-19T12:58:30.848373,牡,2,472.0,0.0,0,0,12.2,12.0,41.2,0.0758,0,14,41.2,41.2,41.2,0.0758,41.2
13.0,3,6,シュタールペスカ,55.0,三浦皇成,1:29.3,3,17.1,7.0,[西] 福永祐一,2022104438,202405030506,2歳新馬｜2024年6月15日 | 競馬データベース - netkeiba,2026-05-19T12:58:30.848373,牡,2,478.0,0.0,0,0,3.8,2.67,40.2,0.2083,0,6,40.2,40.2,40.2,0.2083,40.2
14.0,5,9,チュラット,55.0,柴田善臣,1:29.5,1.1/2,120.7,14.0,[東] 水野貴広,2022103892,202405030506,2歳新馬｜2024年6月15日 | 競馬データベース - netkeiba,2026-05-19T12:58:30.848373,牝,2,426.0,0.0,0,0,5.0,9.0,40.4,0.1667,0,8,40.4,40.4,40.4,0.1667,40.4
15.0,1,1,ブルドッグガール,55.0,杉原誠人,1:31.5,大,119.7,13.0,[東] 武市康男,2022100241,202405030506,2歳新馬｜2024年6月15日 | 競馬データベース - netkeiba,2026-05-19T12:58:30.848373,牝,2,422.0,0.0,0,0,0.0,0.0,0.0,0.0,0,0,0.0,0.0,0.0,0.0,0.0
,2,3,ソリスクラヴィス,55.0,丸山元気,,,,,[西] 西園正都,2022104749,202405030506,2歳新馬｜2024年6月15日 | 競馬データベース - netkeiba,2026-05-19T12:58:30.848373,牡,2,,,0,0,6.4,9.0,37.66,0.1351,0,16,37.66,37.66,37.66,0.1351,37.66
1.0,1,1,ニシノヴィヴィ,54.0,原優介,1:19.7,,3.5,1.0,[東] 矢野英一,2021100948,202405030507,3歳未勝利｜2024年6月15日 | 競馬データベース - netkeiba,2026-05-19T12:59:18.978406,牝,3,444.0,4.0,1,1,7.8,9.33,36.76,0.1136,0,11,36.76,36.76,36.76,0.1136,36.76
2.0,7,14,ラッキーアメリカン,55.0,石橋脩,1:19.7,クビ,6.1,4.0,[東] 鈴木慎太,2021101698,202405030507,3歳未勝利｜2024年6月15日 | 競馬データベース - netkeiba,2026-05-19T12:59:18.978406,牝,3,502.0,0.0,0,1,4.6,3.33,40.24,0.1786,0,5,40.24,40.24,40.24,0.1786,40.24
3.0,2,3,オーネットレオ,57.0,戸崎圭太,1:19.8,1/2,7.5,5.0,[東] 中川公成,2021100551,202405030507,3歳未勝利｜2024年6月15日 | 競馬データベース - netkeiba,2026-05-19T12:59:18.978406,牡,3,486.0,-2.0,0,1,7.4,6.67,39.54,0.119,0,7,39.54,39.54,39.54,0.119,39.54
4.0,1,2,リンクスクードボル,57.0,三浦皇成,1:19.9,1/2,6.0,3.0,[東] 加藤士津,2021104004,202405030507,3歳未勝利｜2024年6月15日 | 競馬データベース - netkeiba,2026-05-19T12:59:18.978406,牡,3,470.0,4.0,0,0,7.8,8.67,40.02,0.1136,0,10,40.02,40.02,40.02,0.1136,40.02
5.0,4,8,ツクバアプローズ,55.0,柴田大知,1:19.9,ハナ,24.9,8.0,[東] 和田雄二,2021100211,202405030507,3歳未勝利｜2024年6月15日 | 競馬データベース - netkeiba,2026-05-19T12:59:18.978406,牝,3,468.0,-4.0,0,0,6.6,5.33,39.52,0.1316,0,4,39.52,39.52,39.52,0.1316,39.52
6.0,3,5,ボエーム,57.0,岩部純二,1:20.1,3/4,68.0,10.0,[東] 石栗龍彦,2021100475,202405030507,3歳未勝利｜2024年6月15日 | 競馬データベース - netkeiba,2026-05-19T12:59:18.978406,牡,3,432.0,8.0,0,0,9.0,3.5,40.0,0.1,0,4,40.0,40.0,40.0,0.1,40.0
7.0,7,13,ゴールデンレイ,57.0,武藤雅,1:20.1,アタマ,237.7,15.0,[東] 武藤善則,2021103448,202405030507,3歳未勝利｜2024年6月15日 | 競馬データベース - netkeiba,2026-05-19T12:59:18.978406,牡,3,470.0,0.0,0,0,3.8,2.33,39.64,0.2083,0,3,39.64,39.64,39.64,0.2083,39.64
8.0,8,16,アイランドピーク,57.0,丸山元気,1:20.1,ハナ,10.8,6.0,[東] 加藤和宏,2021101363,202405030507,3歳未勝利｜2024年6月15日 | 競馬データベース - netkeiba,2026-05-19T12:59:18.978406,牡,3,468.0,-6.0,0,0,12.4,13.33,37.2,0.0746,0,12,37.2,37.2,37.2,0.0746,37.2
9.0,5,9,ヒラボクヒーロー,57.0,オシェア,1:20.5,2.1/2,10.9,7.0,[東] 大竹正博,2021103004,202405030507,3歳未勝利｜2024年6月15日 | 競馬データベース - netkeiba,2026-05-19T12:59:18.978406,牡,3,474.0,-10.0,0,0,8.4,13.0,38.28,0.1064,0,11,38.28,38.28,38.28,0.1064,38.28
10.0,6,12,イントゥザフロー,54.0,横山琉人,1:20.5,アタマ,59.9,9.0,[東] 池上昌和,2021104545,202405030507,3歳未勝利｜2024年6月15日 | 競馬データベース - netkeiba,2026-05-19T12:59:18.978406,牝,3,434.0,-2.0,0,0,3.6,5.0,36.92,0.2174,0,12,36.92,36.92,36.92,0.2174,36.92
11.0,2,4,ポップスター,57.0,丸田恭介,1:20.6,3/4,129.3,12.0,[東] 南田美知,2021100179,202405030507,3歳未勝利｜2024年6月15日 | 競馬データベース - netkeiba,2026-05-19T12:59:18.978406,牡,3,520.0,-4.0,0,0,6.8,9.0,37.5,0.1282,0,7,37.5,37.5,37.5,0.1282,37.5
12.0,3,6,フェレザ,55.0,北村宏司,1:20.8,1,4.6,2.0,[東] 伊藤大士,2021101744,202405030507,3歳未勝利｜2024年6月15日 | 競馬データベース - netkeiba,2026-05-19T12:59:18.978406,牝,3,422.0,-6.0,0,0,5.8,1.67,38.46,0.1471,0,2,38.46,38.46,38.46,0.1471,38.46
13.0,5,10,ペイシャイン,57.0,原田和真,1:21.0,1.1/4,203.6,14.0,[東] 本間忍,2021107303,202405030507,3歳未勝利｜2024年6月15日 | 競馬データベース - netkeiba,2026-05-19T12:59:18.978406,牡,3,450.0,0.0,0,0,4.0,4.0,39.66,0.2,0,7,39.66,39.66,39.66,0.2,39.66
14.0,4,7,トウエンノチカイ,55.0,内田博幸,1:21.2,1.1/4,82.8,11.0,[東] 竹内正洋,2021101441,202405030507,3歳未勝利｜2024年6月15日 | 競馬データベース - netkeiba,2026-05-19T12:59:18.978406,牝,3,530.0,-14.0,0,0,12.33,12.33,39.35,0.075,0,14,39.35,39.35,39.35,0.075,39.35
15.0,8,15,ヴィル,57.0,野中悠太,1:21.7,3,175.3,13.0,[東] 菊川正達,2021104129,202405030507,3歳未勝利｜2024年6月15日 | 競馬データベース - netkeiba,2026-05-19T12:59:18.978406,牡,3,472.0,-4.0,0,0,6.75,6.0,41.58,0.129,0,8,41.58,41.58,41.58,0.129,41.58
16.0,6,11,ワンダフルタテヤマ,57.0,木幡育也,1:24.1,大,350.2,16.0,[東] 加藤和宏,2021101366,202405030507,3歳未勝利｜2024年6月15日 | 競馬データベース - netkeiba,2026-05-19T12:59:18.978406,牡,3,462.0,0.0,0,0,16.0,16.0,37.55,0.0588,0,16,37.55,37.55,37.55,0.0588,37.55
1.0,6,6,ピースワンデュック,54.0,柴田善臣,2:24.6,,3.0,2.0,[東] 大竹正博,2021101134,202405030508,3歳以上1勝クラス｜2024年6月15日 | 競馬データベース - netkeiba,2026-05-19T13:00:02.664795,牡,3,454.0,-2.0,1,1,7.2,8.0,35.4,0.122,0,14,35.4,35.4,35.4,0.122,35.4
2.0,4,4,ティムール,58.0,三浦皇成,2:24.9,1.3/4,5.0,3.0,[西] 中竹和也,2020103048,202405030508,3歳以上1勝クラス｜2024年6月15日 | 競馬データベース - netkeiba,2026-05-19T13:00:02.664795,牡,4,466.0,0.0,0,1,5.0,3.0,35.08,0.1667,0,5,35.08,35.08,35.08,0.1667,35.08
3.0,8,9,ルーベンス,54.0,ルメール,2:25.0,3/4,2.0,1.0,[東] 萩原清,2021105978,202405030508,3歳以上1勝クラス｜2024年6月15日 | 競馬データベース - netkeiba,2026-05-19T13:00:02.664795,牡,3,502.0,-8.0,0,1,2.0,2.0,33.98,0.3333,0,2,33.98,33.98,33.98,0.3333,33.98
4.0,2,2,バードウォッチャー,54.0,北村宏司,2:25.5,3,14.2,5.0,[東] 国枝栄,2021105375,202405030508,3歳以上1勝クラス｜2024年6月15日 | 競馬データベース - netkeiba,2026-05-19T13:00:02.664795,牡,3,478.0,0.0,0,0,7.6,8.0,35.3,0.1163,0,14,35.3,35.3,35.3,0.1163,35.3
5.0,3,3,ペネトレイトゴー,58.0,菅原明良,2:26.2,4,20.3,6.0,[西] 森秀行,2020101916,202405030508,3歳以上1勝クラス｜2024年6月15日 | 競馬データベース - netkeiba,2026-05-19T13:00:02.664795,セ,4,434.0,-2.0,0,0,5.4,4.33,35.56,0.1562,0,4,35.56,35.56,35.56,0.1562,35.56
6.0,8,8,ブロンディール,56.0,内田博幸,2:26.5,1.3/4,223.5,8.0,[東] 深山雅史,2020104670,202405030508,3歳以上1勝クラス｜2024年6月15日 | 競馬データベース - netkeiba,2026-05-19T13:00:02.664795,牝,4,476.0,8.0,0,0,11.2,12.0,40.04,0.082,0,8,40.04,40.04,40.04,0.082,40.04
7.0,5,5,モスクロッサー,54.0,オシェア,2:27.5,6,12.9,4.0,[東] 国枝栄,2021105501,202405030508,3歳以上1勝クラス｜2024年6月15日 | 競馬データベース - netkeiba,2026-05-19T13:00:02.664795,牡,3,508.0,-2.0,0,0,7.6,5.33,39.9,0.1163,0,2,39.9,39.9,39.9,0.1163,39.9
8.0,7,7,アルシミスト,54.0,戸崎圭太,2:28.0,3,21.9,7.0,[東] 木村哲也,2021105805,202405030508,3歳以上1勝クラス｜2024年6月15日 | 競馬データベース - netkeiba,2026-05-19T13:00:02.664795,牡,3,496.0,-8.0,0,0,12.0,12.67,38.45,0.0769,0,12,38.45,38.45,38.45,0.0769,38.45
9.0,1,1,オウケンムーンアイ,56.0,原田和真,2:29.1,7,317.7,9.0,[東] 松永康利,2019105466,202405030508,3歳以上1勝クラス｜2024年6月15日 | 競馬データベース - netkeiba,2026-05-19T13:00:02.664795,牝,5,436.0,-2.0,0,0,9.0,9.33,36.14,0.1,0,12,36.14,36.14,36.14,0.1,36.14
1.0,5,5,カニキュル,53.0,戸崎圭太,1:45.3,,2.0,1.0,[東] 菊沢隆徳,2021104865,202405030509,三浦特別｜2024年6月15日 | 競馬データベース - netkeiba,2026-05-19T13:00:30.725035,牝,3,498.0,4.0,1,1,5.0,4.0,33.72,0.1667,0,3,33.72,33.72,33.72,0.1667,33.72
2.0,7,7,フォルラニーニ,55.0,ルメール,1:45.5,1.1/4,2.9,2.0,[東] 手塚貴久,2021105859,202405030509,三浦特別｜2024年6月15日 | 競馬データベース - netkeiba,2026-05-19T13:00:30.725035,牡,3,496.0,-2.0,0,1,3.0,2.67,34.18,0.25,0,3,34.18,34.18,34.18,0.25,34.18
3.0,3,3,ニューステソーロ,53.0,菅原明良,1:45.7,1.1/4,6.0,3.0,[東] 高木登,2021100206,202405030509,三浦特別｜2024年6月15日 | 競馬データベース - netkeiba,2026-05-19T13:00:30.725035,牝,3,478.0,-2.0,0,1,10.8,12.67,36.24,0.0847,0,13,36.24,36.24,36.24,0.0847,36.24
4.0,4,4,ダイヤモンドハンズ,58.0,津村明秀,1:46.0,1.3/4,8.4,4.0,[西] 池江泰寿,2020103647,202405030509,三浦特別｜2024年6月15日 | 競馬データベース - netkeiba,2026-05-19T13:00:30.725035,牡,4,506.0,-6.0,0,0,3.5,3.5,34.17,0.2222,0,6,34.17,34.17,34.17,0.2222,34.17
5.0,1,1,マルコタージュ,53.0,杉原誠人,1:46.4,2.1/2,32.1,6.0,[東] 小島茂之,2021105225,202405030509,三浦特別｜2024年6月15日 | 競馬データベース - netkeiba,2026-05-19T13:00:30.725035,牝,3,452.0,-2.0,0,0,10.2,13.0,36.52,0.0893,0,15,36.52,36.52,36.52,0.0893,36.52
6.0,8,9,バランスダンサー,53.0,オシェア,1:46.4,クビ,15.4,5.0,[東] 久保田貴,2021104160,202405030509,三浦特別｜2024年6月15日 | 競馬データベース - netkeiba,2026-05-19T13:00:30.725035,牝,3,472.0,0.0,0,0,7.0,9.33,36.98,0.125,0,14,36.98,36.98,36.98,0.125,36.98
7.0,2,2,パーセルペーパー,55.0,柴田大知,1:46.6,1.1/4,87.2,8.0,[東] 和田雄二,2021106840,202405030509,三浦特別｜2024年6月15日 | 競馬データベース - netkeiba,2026-05-19T13:00:30.725035,牡,3,438.0,6.0,0,0,7.6,7.67,34.5,0.1163,0,6,34.5,34.5,34.5,0.1163,34.5
8.0,8,8,ガールズレジェンド,56.0,丸山元気,1:46.7,1/2,61.1,7.0,[東] 金成貴史,2020103653,202405030509,三浦特別｜2024年6月15日 | 競馬データベース - netkeiba,2026-05-19T13:00:30.725035,牝,4,464.0,-4.0,0,0,8.4,10.0,36.24,0.1064,0,12,36.24,36.24,36.24,0.1064,36.24
9.0,6,6,ユキノエリザベス,56.0,石橋脩,1:46.9,1.1/2,128.8,9.0,[東] 小野次郎,2019106510,202405030509,三浦特別｜2024年6月15日 | 競馬データベース - netkeiba,2026-05-19T13:00:30.725035,牝,5,468.0,0.0,0,0,9.6,11.67,34.02,0.0943,0,13,34.02,34.02,34.02,0.0943,34.02
1.0,4,8,ナスティウェザー,55.0,ルメール,1:23.3,,1.8,1.0,[東] 加藤征弘,2021101703,202405030510,立川特別｜2024年6月15日 | 競馬データベース - netkeiba,2026-05-19T13:00:58.163820,牡,3,466.0,2.0,1,1,8.4,8.67,38.08,0.1064,0,3,38.08,38.08,38.08,0.1064,38.08
2.0,8,16,ニシノスピカ,56.0,津村明秀,1:23.8,3.1/2,11.9,3.0,[東] 鈴木伸尋,2019103570,202405030510,立川特別｜2024年6月15日 | 競馬データベース - netkeiba,2026-05-19T13:00:58.163820,牝,5,482.0,0.0,0,1,10.0,10.33,36.6,0.0909,0,14,36.6,36.6,36.6,0.0909,36.6
3.0,5,10,ジョージテソーロ,55.0,戸崎圭太,1:23.8,ハナ,2.7,2.0,[東] 嘉藤貴行,2021102078,202405030510,立川特別｜2024年6月15日 | 競馬データベース - netkeiba,2026-05-19T13:00:58.163820,牡,3,464.0,0.0,0,1,4.4,2.67,38.02,0.1852,0,5,38.02,38.02,38.02,0.1852,38.02
4.0,6,11,クリノアルバトロス,58.0,北村宏司,1:24.3,3,24.2,6.0,[東] 伊藤伸一,2020101983,202405030510,立川特別｜2024年6月15日 | 競馬データベース - netkeiba,2026-05-19T13:00:58.163820,牡,4,506.0,4.0,0,0,3.0,2.67,36.22,0.25,0,1,36.22,36.22,36.22,0.25,36.22
5.0,1,2,ショウナンアビアス,58.0,オシェア,1:24.3,アタマ,15.0,4.0,[東] 加藤士津,2020104597,202405030510,立川特別｜2024年6月15日 | 競馬データベース - netkeiba,2026-05-19T13:00:58.163820,牡,4,508.0,4.0,0,0,0.0,0.0,0.0,0.0,0,0,0.0,0.0,0.0,0.0,0.0
6.0,5,9,クラウンブラヴォー,58.0,木幡巧也,1:24.4,3/4,197.9,15.0,[東] 牧光二,2020101422,202405030510,立川特別｜2024年6月15日 | 競馬データベース - netkeiba,2026-05-19T13:00:58.163820,牡,4,490.0,-8.0,0,0,3.6,4.0,37.88,0.2174,0,2,37.88,37.88,37.88,0.2174,37.88
7.0,1,1,マホロバ,58.0,菅原明良,1:24.4,ハナ,22.8,5.0,[東] 和田正一,2020105732,202405030510,立川特別｜2024年6月15日 | 競馬データベース - netkeiba,2026-05-19T13:00:58.163820,牡,4,510.0,-6.0,0,0,6.8,7.0,37.77,0.1282,0,1,37.77,37.77,37.77,0.1282,37.77
8.0,2,3,スペンサーバローズ,58.0,原優介,1:24.5,1/2,31.4,7.0,[東] 蛯名正義,2020106941,202405030510,立川特別｜2024年6月15日 | 競馬データベース - netkeiba,2026-05-19T13:00:58.163820,牡,4,482.0,0.0,0,0,3.25,5.5,38.4,0.2353,0,10,38.4,38.4,38.4,0.2353,38.4
9.0,3,6,トーセンニック,58.0,江田照男,1:25.1,3.1/2,103.2,13.0,[東] 田村康仁,2018105647,202405030510,立川特別｜2024年6月15日 | 競馬データベース - netkeiba,2026-05-19T13:00:58.163820,牡,6,466.0,0.0,0,0,10.2,9.33,37.65,0.0893,0,9,37.65,37.65,37.65,0.0893,37.65
10.0,3,5,ブリエヴェール,58.0,石川裕紀,1:25.2,1/2,83.4,10.0,[東] 小笠倫弘,2018104849,202405030510,立川特別｜2024年6月15日 | 競馬データベース - netkeiba,2026-05-19T13:00:58.163820,牡,6,462.0,2.0,0,0,6.8,6.33,0.0,0.1282,0,5,0.0,0.0,0.0,0.1282,0.0
11.0,7,14,キャプテンローレル,58.0,岩田康誠,1:25.4,1.1/2,94.0,12.0,[東] 田村康仁,2019100051,202405030510,立川特別｜2024年6月15日 | 競馬データベース - netkeiba,2026-05-19T13:00:58.163820,牡,5,470.0,-6.0,0,0,8.4,8.33,37.33,0.1064,0,7,37.33,37.33,37.33,0.1064,37.33
12.0,8,15,ルルローズ,56.0,石橋脩,1:25.5,1/2,57.2,8.0,[東] 伊藤大士,2018105874,202405030510,立川特別｜2024年6月15日 | 競馬データベース - netkeiba,2026-05-19T13:00:58.163820,牝,6,462.0,-4.0,0,0,9.6,10.33,35.08,0.0943,0,14,35.08,35.08,35.08,0.0943,35.08
13.0,4,7,ニットウライジン,58.0,野中悠太,1:25.6,アタマ,259.5,16.0,[東] 稲垣幸雄,2020106779,202405030510,立川特別｜2024年6月15日 | 競馬データベース - netkeiba,2026-05-19T13:00:58.163820,セ,4,496.0,-16.0,0,0,3.8,2.0,41.34,0.2083,0,2,41.34,41.34,41.34,0.2083,41.34
14.0,6,12,ウインザナドゥ,58.0,菊沢一樹,1:25.9,2,92.7,11.0,[東] 青木孝文,2018101625,202405030510,立川特別｜2024年6月15日 | 競馬データベース - netkeiba,2026-05-19T13:00:58.163820,牡,6,482.0,8.0,0,0,4.0,6.0,39.32,0.2,0,7,39.32,39.32,39.32,0.2,39.32
15.0,7,13,ヨーデル,58.0,田辺裕信,1:26.3,2.1/2,170.8,14.0,[西] 森秀行,2019110086,202405030510,立川特別｜2024年6月15日 | 競馬データベース - netkeiba,2026-05-19T13:00:58.163820,牡,5,510.0,0.0,0,0,12.0,15.5,36.45,0.0769,0,16,36.45,36.45,36.45,0.0769,36.45
16.0,2,4,ミエノナイスガイ,58.0,内田博幸,1:26.4,3/4,65.9,9.0,[東] 上原佑紀,2019103767,202405030510,立川特別｜2024年6月15日 | 競馬データベース - netkeiba,2026-05-19T13:00:58.163820,牡,5,478.0,-4.0,0,0,5.25,6.5,40.55,0.16,0,6,40.55,40.55,40.55,0.16,40.55
1.0,4,6,ミシシッピテソーロ,56.0,木幡巧也,1:20.4,,9.6,5.0,[東] 畠山吉宏,2020102378,202405030511,多摩川ステークス｜2024年6月15日 | 競馬データベース - netkeiba,2026-05-19T13:01:43.324201,牝,4,436.0,4.0,1,1,8.8,12.0,34.36,0.102,0,11,34.36,34.36,34.36,0.102,34.36
2.0,4,5,リサリサ,56.0,三浦皇成,1:20.5,クビ,7.7,4.0,[東] 田村康仁,2020109067,202405030511,多摩川ステークス｜2024年6月15日 | 競馬データベース - netkeiba,2026-05-19T13:01:43.324201,牝,4,480.0,-2.0,0,1,7.0,7.0,34.12,0.125,0,7,34.12,34.12,34.12,0.125,34.12
3.0,6,9,マンドローネ,56.0,ルメール,1:20.6,1/2,2.6,1.0,[東] 尾関知人,2019105451,202405030511,多摩川ステークス｜2024年6月15日 | 競馬データベース - netkeiba,2026-05-19T13:01:43.324201,牝,5,448.0,-6.0,0,1,5.8,7.33,33.94,0.1471,0,3,33.94,33.94,33.94,0.1471,33.94
4.0,6,10,コスモエスパーダ,58.0,丸山元気,1:20.7,1/2,344.8,14.0,[東] 天間昭一,2016105797,202405030511,多摩川ステークス｜2024年6月15日 | 競馬データベース - netkeiba,2026-05-19T13:01:43.324201,牡,8,502.0,-4.0,0,0,12.2,16.0,35.28,0.0758,0,16,35.28,35.28,35.28,0.0758,35.28
5.0,3,3,フロムダスク,58.0,菅原明良,1:20.7,クビ,24.1,7.0,[西] 森秀行,2020110133,202405030511,多摩川ステークス｜2024年6月15日 | 競馬データベース - netkeiba,2026-05-19T13:01:43.324201,牡,4,506.0,2.0,0,0,9.2,9.67,34.0,0.098,0,5,34.0,34.0,34.0,0.098,34.0
6.0,1,1,アバンチュリエ,58.0,柴田善臣,1:20.8,1/2,138.4,13.0,[東] 大竹正博,2019105347,202405030511,多摩川ステークス｜2024年6月15日 | 競馬データベース - netkeiba,2026-05-19T13:01:43.324201,セ,5,466.0,-4.0,0,0,5.0,4.33,40.66,0.1667,0,5,40.66,40.66,40.66,0.1667,40.66
7.0,7,12,オメガキャプテン,58.0,戸崎圭太,1:20.9,3/4,3.9,2.0,[東] 大和田成,2020103960,202405030511,多摩川ステークス｜2024年6月15日 | 競馬データベース - netkeiba,2026-05-19T13:01:43.324201,牡,4,470.0,0.0,0,0,5.8,5.67,34.0,0.1471,0,12,34.0,34.0,34.0,0.1471,34.0
8.0,5,7,アールバロン,58.0,石橋脩,1:21.0,1/2,118.1,12.0,[東] 伊藤大士,2018103407,202405030511,多摩川ステークス｜2024年6月15日 | 競馬データベース - netkeiba,2026-05-19T13:01:43.324201,牡,6,498.0,2.0,0,0,10.6,11.0,36.46,0.0862,0,14,36.46,36.46,36.46,0.0862,36.46
9.0,2,2,スピードオブライト,56.0,石川裕紀,1:21.0,ハナ,13.6,6.0,[東] 相沢郁,2020104203,202405030511,多摩川ステークス｜2024年6月15日 | 競馬データベース - netkeiba,2026-05-19T13:01:43.324201,牝,4,422.0,8.0,0,0,12.0,12.67,35.3,0.0769,0,14,35.3,35.3,35.3,0.0769,35.3
10.0,7,11,ユハンヌス,58.0,田辺裕信,1:21.0,クビ,6.0,3.0,[西] 大久保龍,2020110039,202405030511,多摩川ステークス｜2024年6月15日 | 競馬データベース - netkeiba,2026-05-19T13:01:43.324201,牡,4,474.0,4.0,0,0,6.0,8.0,33.5,0.1429,0,11,33.5,33.5,33.5,0.1429,33.5
11.0,5,8,ヴェールアンレーヴ,56.0,北村宏司,1:21.2,1,34.6,9.0,[東] 宮田敬介,2019105555,202405030511,多摩川ステークス｜2024年6月15日 | 競馬データベース - netkeiba,2026-05-19T13:01:43.324201,牝,5,450.0,6.0,0,0,9.4,6.67,35.6,0.0962,0,8,35.6,35.6,35.6,0.0962,35.6
12.0,3,4,ヤマニンデンファレ,56.0,杉原誠人,1:21.4,1,30.8,8.0,[東] 辻哲英,2018102009,202405030511,多摩川ステークス｜2024年6月15日 | 競馬データベース - netkeiba,2026-05-19T13:01:43.324201,牝,6,488.0,4.0,0,0,7.0,4.0,33.92,0.125,0,4,33.92,33.92,33.92,0.125,33.92
13.0,8,14,ブランデーロック,58.0,原優介,1:21.6,1.1/2,102.5,11.0,[東] 青木孝文,2019107075,202405030511,多摩川ステークス｜2024年6月15日 | 競馬データベース - netkeiba,2026-05-19T13:01:43.324201,牡,5,476.0,2.0,0,0,10.0,8.67,33.96,0.0909,0,9,33.96,33.96,33.96,0.0909,33.96
14.0,8,13,アイヴォリードレス,56.0,岩田康誠,1:21.8,1.1/4,50.2,10.0,[東] 菊沢隆徳,2019104518,202405030511,多摩川ステークス｜2024年6月15日 | 競馬データベース - netkeiba,2026-05-19T13:01:43.324201,牝,5,470.0,0.0,0,0,7.8,9.67,36.34,0.1136,0,14,36.34,36.34,36.34,0.1136,36.34
1.0,8,13,テリフィックプラン,55.0,ルメール,1:36.6,,1.7,1.0,[東] 萩原清,2021110127,202405030512,3歳以上1勝クラス｜2024年6月15日 | 競馬データベース - netkeiba,2026-05-19T13:02:27.926012,牡,3,492.0,-4.0,1,1,8.0,10.33,37.4,0.1111,0,14,37.4,37.4,37.4,0.1111,37.4
2.0,5,7,レオスパーク,55.0,津村明秀,1:36.9,1.3/4,4.8,3.0,[東] 牧光二,2021102658,202405030512,3歳以上1勝クラス｜2024年6月15日 | 競馬データベース - netkeiba,2026-05-19T13:02:27.926012,牡,3,502.0,-6.0,0,1,9.4,8.33,40.84,0.0962,0,7,40.84,40.84,40.84,0.0962,40.84
3.0,7,11,イモータルバード,55.0,三浦皇成,1:37.2,2,16.7,4.0,[東] 栗田徹,2021100674,202405030512,3歳以上1勝クラス｜2024年6月15日 | 競馬データベース - netkeiba,2026-05-19T13:02:27.926012,牡,3,478.0,4.0,0,1,10.6,12.33,38.0,0.0862,0,12,38.0,38.0,38.0,0.0862,38.0
4.0,4,4,アンクエンチャブル,55.0,石橋脩,1:37.4,1.1/2,4.0,2.0,[東] 高柳瑞樹,2021101660,202405030512,3歳以上1勝クラス｜2024年6月15日 | 競馬データベース - netkeiba,2026-05-19T13:02:27.926012,牡,3,518.0,2.0,0,0,5.6,8.33,37.04,0.1515,0,10,37.04,37.04,37.04,0.1515,37.04
5.0,8,12,ゲキザル,54.0,大江原比,1:37.5,クビ,43.3,8.0,[東] 青木孝文,2019102102,202405030512,3歳以上1勝クラス｜2024年6月15日 | 競馬データベース - netkeiba,2026-05-19T13:02:27.926012,牡,5,474.0,0.0,0,0,9.2,10.33,36.34,0.098,0,9,36.34,36.34,36.34,0.098,36.34
6.0,6,8,セイウンガレオン,55.0,佐藤翔馬,1:37.7,1.1/4,321.8,12.0,[東] 奥平雅士,2019103158,202405030512,3歳以上1勝クラス｜2024年6月15日 | 競馬データベース - netkeiba,2026-05-19T13:02:27.926012,牡,5,546.0,8.0,0,0,2.2,2.0,38.4,0.3125,0,2,38.4,38.4,38.4,0.3125,38.4
7.0,1,1,サトノオラシオン,55.0,菅原明良,1:37.7,アタマ,19.5,5.0,[東] 堀宣行,2021101453,202405030512,3歳以上1勝クラス｜2024年6月15日 | 競馬データベース - netkeiba,2026-05-19T13:02:27.926012,牡,3,490.0,-6.0,0,0,6.0,7.0,36.54,0.1429,0,7,36.54,36.54,36.54,0.1429,36.54
8.0,5,6,ワイドブリザード,52.0,石神深道,1:38.1,2.1/2,45.2,9.0,[東] 武井亮,2021104416,202405030512,3歳以上1勝クラス｜2024年6月15日 | 競馬データベース - netkeiba,2026-05-19T13:02:27.926012,セ,3,428.0,-18.0,0,0,4.8,5.0,37.62,0.1724,0,10,37.62,37.62,37.62,0.1724,37.62
9.0,3,3,ブッシュテソーロ,58.0,木幡巧也,1:38.9,5,41.8,7.0,[東] 千葉直人,2020102380,202405030512,3歳以上1勝クラス｜2024年6月15日 | 競馬データベース - netkeiba,2026-05-19T13:02:27.926012,牡,4,498.0,0.0,0,0,2.6,3.33,39.4,0.2778,0,1,39.4,39.4,39.4,0.2778,39.4
10.0,4,5,ヨドノドリーム,58.0,菊沢一樹,1:39.1,1,219.8,11.0,[東] 菊川正達,2017103084,202405030512,3歳以上1勝クラス｜2024年6月15日 | 競馬データベース - netkeiba,2026-05-19T13:02:27.926012,牡,7,490.0,0.0,0,0,8.2,9.0,38.62,0.1087,0,12,38.62,38.62,38.62,0.1087,38.62
11.0,6,9,フリッパー,58.0,オシェア,1:39.7,4,73.8,10.0,[東] 戸田博文,2020100078,202405030512,3歳以上1勝クラス｜2024年6月15日 | 競馬データベース - netkeiba,2026-05-19T13:02:27.926012,牡,4,500.0,-12.0,0,0,4.0,5.0,38.86,0.2,0,9,38.86,38.86,38.86,0.2,38.86
12.0,7,10,ヘラクレスノット,58.0,吉田豊,1:39.9,1,432.0,13.0,[東] 佐藤吉勝,2020103023,202405030512,3歳以上1勝クラス｜2024年6月15日 | 競馬データベース - netkeiba,2026-05-19T13:02:27.926012,セ,4,442.0,-19.0,0,0,9.0,8.33,40.46,0.1,0,11,40.46,40.46,40.46,0.1,40.46
13.0,2,2,ブライテストドーン,58.0,戸崎圭太,1:40.0,1,40.6,6.0,[東] 田島俊明,2020102956,202405030512,3歳以上1勝クラス｜2024年6月15日 | 競馬データベース - netkeiba,2026-05-19T13:02:27.926012,セ,4,518.0,-20.0,0,0,6.6,7.67,0.0,0.1316,0,10,0.0,0.0,0.0,0.1316,0.0
1.0,8,13,タマモワカムシャ,60.0,大江原圭,3:37.7,,24.0,8.0,[西] 川村禎彦,2019101021,202408040501,障害3歳以上オープン｜2024年6月15日 | 競馬データベース - netkeiba,2026-05-19T13:03:06.585008,セ,5,490.0,0.0,1,1,3.5,3.0,0.0,0.2222,0,1,0.0,0.0,0.0,0.2222,0.0
2.0,6,9,スマッシャー,60.0,高田潤,3:38.5,5,1.7,1.0,[西] 吉岡辰弥,2018106573,202408040501,障害3歳以上オープン｜2024年6月15日 | 競馬データベース - netkeiba,2026-05-19T13:03:06.585008,牡,6,498.0,0.0,0,1,2.8,2.33,0.0,0.2632,0,3,0.0,0.0,0.0,0.2632,0.0
3.0,5,6,キスラー,60.0,井上敏樹,3:38.5,ハナ,20.8,7.0,[西] 池江泰寿,2016105042,202408040501,障害3歳以上オープン｜2024年6月15日 | 競馬データベース - netkeiba,2026-05-19T13:03:06.585008,牡,8,498.0,16.0,0,1,4.8,6.33,0.0,0.1724,0,3,0.0,0.0,0.0,0.1724,0.0
4.0,1,1,メリディアンローグ,60.0,五十嵐雄,3:38.5,ハナ,15.8,6.0,[東] 蛯名正義,2017105375,202408040501,障害3歳以上オープン｜2024年6月15日 | 競馬データベース - netkeiba,2026-05-19T13:03:06.585008,牡,7,484.0,-10.0,0,0,5.2,6.0,0.0,0.1613,0,4,0.0,0.0,0.0,0.1613,0.0
5.0,7,10,クラップサンダー,60.0,黒岩悠,3:38.6,クビ,12.1,4.0,[西] 牧田和弥,2019103278,202408040501,障害3歳以上オープン｜2024年6月15日 | 競馬データベース - netkeiba,2026-05-19T13:03:06.585008,牡,5,466.0,-8.0,0,0,4.6,4.0,0.0,0.1786,0,6,0.0,0.0,0.0,0.1786,0.0
6.0,5,7,ブリヨンカズマ,60.0,伴啓太,3:38.9,1.3/4,13.9,5.0,[東] 高橋文雅,2019105262,202408040501,障害3歳以上オープン｜2024年6月15日 | 競馬データベース - netkeiba,2026-05-19T13:03:06.585008,牡,5,524.0,4.0,0,0,6.0,6.67,40.7,0.1429,0,12,40.7,40.7,40.7,0.1429,40.7
7.0,2,2,ファジュル,60.0,小野寺祐,3:39.2,1.3/4,72.3,10.0,[西] 藤沢則雄,2019106696,202408040501,障害3歳以上オープン｜2024年6月15日 | 競馬データベース - netkeiba,2026-05-19T13:03:06.585008,セ,5,446.0,8.0,0,0,8.25,10.0,0.0,0.1081,0,7,0.0,0.0,0.0,0.1081,0.0
8.0,3,3,メイショウキョウジ,60.0,森一馬,3:39.4,1.1/4,9.8,3.0,[西] 角田晃一,2015103340,202408040501,障害3歳以上オープン｜2024年6月15日 | 競馬データベース - netkeiba,2026-05-19T13:03:06.585008,牡,9,468.0,-4.0,0,0,3.2,4.0,0.0,0.2381,0,8,0.0,0.0,0.0,0.2381,0.0
9.0,4,4,ジャディード,60.0,石神深一,3:39.7,1.3/4,163.0,12.0,[東] 小島茂之,2015104367,202408040501,障害3歳以上オープン｜2024年6月15日 | 競馬データベース - netkeiba,2026-05-19T13:03:06.585008,牡,9,464.0,2.0,0,0,9.6,9.67,0.0,0.0943,0,11,0.0,0.0,0.0,0.0943,0.0
10.0,4,5,カイザーバローズ,60.0,小牧加矢,3:39.7,アタマ,4.7,2.0,[西] 音無秀孝,2018100401,202408040501,障害3歳以上オープン｜2024年6月15日 | 競馬データベース - netkeiba,2026-05-19T13:03:06.585008,牡,6,462.0,2.0,0,0,4.4,5.0,0.0,0.1852,0,10,0.0,0.0,0.0,0.1852,0.0
11.0,7,11,ウラエウス,60.0,小坂忠士,3:40.2,3,203.4,13.0,[西] 中村直也,2018104787,202408040501,障害3歳以上オープン｜2024年6月15日 | 競馬データベース - netkeiba,2026-05-19T13:03:06.585008,セ,6,470.0,14.0,0,0,7.0,10.33,0.0,0.125,0,8,0.0,0.0,0.0,0.125,0.0
,6,8,ティートラップ,60.0,上野翔,,,107.9,11.0,[東] 伊藤伸一,2017103381,202408040501,障害3歳以上オープン｜2024年6月15日 | 競馬データベース - netkeiba,2026-05-19T13:03:06.585008,牡,7,470.0,4.0,0,0,10.75,10.0,0.0,0.0851,0,6,0.0,0.0,0.0,0.0851,0.0
,8,12,ショウナンアーチー,60.0,中村将之,,,29.6,9.0,[西] 松下武士,2018100443,202408040501,障害3歳以上オープン｜2024年6月15日 | 競馬データベース - netkeiba,2026-05-19T13:03:06.585008,牡,6,508.0,8.0,0,0,6.0,5.5,0.0,0.1429,0,3,0.0,0.0,0.0,0.1429,0.0
1.0,1,2,ウィンターガーデン,55.0,坂井瑠星,1:54.8,,2.4,1.0,[西] 武幸四郎,2021105857,202408040502,3歳未勝利｜2024年6月15日 | 競馬データベース - netkeiba,2026-05-19T13:03:39.668602,牝,3,466.0,-4.0,1,1,8.2,7.33,38.28,0.1087,0,7,38.28,38.28,38.28,0.1087,38.28
2.0,5,9,ビターメサイア,55.0,酒井学,1:54.9,3/4,20.2,7.0,[西] 坂口智康,2021103826,202408040502,3歳未勝利｜2024年6月15日 | 競馬データベース - netkeiba,2026-05-19T13:03:39.668602,牝,3,478.0,2.0,0,1,3.33,2.0,38.17,0.2309,0,2,38.17,38.17,38.17,0.2309,38.17
3.0,2,4,アルピニスト,55.0,団野大成,1:55.4,3,9.3,4.0,[西] 杉山佳明,2021106296,202408040502,3歳未勝利｜2024年6月15日 | 競馬データベース - netkeiba,2026-05-19T13:03:39.668602,牝,3,468.0,6.0,0,1,9.4,8.67,38.94,0.0962,0,6,38.94,38.94,38.94,0.0962,38.94
4.0,4,8,オテンバムスメ,53.0,永島まな,1:55.7,1.1/2,3.7,2.0,[西] 北出成人,2021103867,202408040502,3歳未勝利｜2024年6月15日 | 競馬データベース - netkeiba,2026-05-19T13:03:39.668602,牝,3,432.0,4.0,0,0,2.0,1.33,40.48,0.3333,0,1,40.48,40.48,40.48,0.3333,40.48
5.0,3,5,フォンローザ,55.0,Ｍ．デム,1:55.9,1.1/4,9.9,5.0,[西] 茶木太樹,2021105818,202408040502,3歳未勝利｜2024年6月15日 | 競馬データベース - netkeiba,2026-05-19T13:03:39.668602,牝,3,448.0,2.0,0,0,5.6,6.0,39.74,0.1515,0,8,39.74,39.74,39.74,0.1515,39.74
6.0,6,11,アンビシュー,52.0,吉村誠之,1:56.8,5,97.2,10.0,[西] 池江泰寿,2021102756,202408040502,3歳未勝利｜2024年6月15日 | 競馬データベース - netkeiba,2026-05-19T13:03:39.668602,牝,3,456.0,0.0,0,0,8.8,12.0,38.34,0.102,0,13,38.34,38.34,38.34,0.102,38.34
7.0,5,10,エクレシア,55.0,国分恭介,1:57.2,2,167.4,14.0,[西] 西園翔太,2021106024,202408040502,3歳未勝利｜2024年6月15日 | 競馬データベース - netkeiba,2026-05-19T13:03:39.668602,牝,3,480.0,0.0,0,0,6.6,8.33,39.4,0.1316,0,11,39.4,39.4,39.4,0.1316,39.4
8.0,2,3,ワクワクドリーム,55.0,太宰啓介,1:57.2,アタマ,262.1,15.0,[西] 宮本博,2021100748,202408040502,3歳未勝利｜2024年6月15日 | 競馬データベース - netkeiba,2026-05-19T13:03:39.668602,牝,3,498.0,6.0,0,0,3.4,3.67,39.64,0.2273,0,2,39.64,39.64,39.64,0.2273,39.64
9.0,1,1,ケルンピュール,55.0,小崎綾也,1:58.4,7,470.3,16.0,[西] 小崎憲,2021101752,202408040502,3歳未勝利｜2024年6月15日 | 競馬データベース - netkeiba,2026-05-19T13:03:39.668602,牝,3,448.0,4.0,0,0,10.8,10.67,39.68,0.0847,0,9,39.68,39.68,39.68,0.0847,39.68
10.0,3,6,アークレアル,55.0,松若風馬,1:58.5,1/2,11.7,6.0,[西] 杉山晴紀,2021103507,202408040502,3歳未勝利｜2024年6月15日 | 競馬データベース - netkeiba,2026-05-19T13:03:39.668602,牝,3,498.0,10.0,0,0,7.4,10.0,39.58,0.119,0,13,39.58,39.58,39.58,0.119,39.58
11.0,7,14,クリノトパーズ,54.0,田口貫太,1:58.6,1/2,99.9,11.0,[西] 大橋勇樹,2021102044,202408040502,3歳未勝利｜2024年6月15日 | 競馬データベース - netkeiba,2026-05-19T13:03:39.668602,牝,3,436.0,14.0,0,0,4.2,4.0,39.66,0.1923,0,5,39.66,39.66,39.66,0.1923,39.66
12.0,6,12,クラリオ,55.0,和田竜二,1:59.3,4,120.4,13.0,[西] 吉村圭司,2021106644,202408040502,3歳未勝利｜2024年6月15日 | 競馬データベース - netkeiba,2026-05-19T13:03:39.668602,牝,3,452.0,12.0,0,0,10.4,10.67,39.82,0.0877,0,15,39.82,39.82,39.82,0.0877,39.82
13.0,4,7,アンジュトレゾール,54.0,角田大和,1:59.3,クビ,80.3,9.0,[西] 藤岡健一,2021102994,202408040502,3歳未勝利｜2024年6月15日 | 競馬データベース - netkeiba,2026-05-19T13:03:39.668602,牝,3,462.0,18.0,0,0,13.5,13.5,40.45,0.069,0,13,40.45,40.45,40.45,0.069,40.45
14.0,7,13,ルミエールドゥース,55.0,川須栄彦,1:59.8,2.1/2,109.1,12.0,[西] 辻野泰之,2021104755,202408040502,3歳未勝利｜2024年6月15日 | 競馬データベース - netkeiba,2026-05-19T13:03:39.668602,牝,3,478.0,0.0,0,0,6.6,7.67,36.34,0.1316,0,12,36.34,36.34,36.34,0.1316,36.34
15.0,8,16,レイピカケ,53.0,西塚洸二,1:59.8,アタマ,51.3,8.0,[西] 野中賢二,2021106904,202408040502,3歳未勝利｜2024年6月15日 | 競馬データベース - netkeiba,2026-05-19T13:03:39.668602,牝,3,464.0,6.0,0,0,10.2,10.33,36.48,0.0893,0,10,36.48,36.48,36.48,0.0893,36.48
16.0,8,15,トルタディメーレ,55.0,松山弘平,2:00.0,1,6.5,3.0,[西] 橋口慎介,2021105891,202408040502,3歳未勝利｜2024年6月15日 | 競馬データベース - netkeiba,2026-05-19T13:03:39.668602,牝,3,462.0,0.0,0,0,11.5,11.5,41.9,0.08,0,7,41.9,41.9,41.9,0.08,41.9
1.0,8,16,ゼンカイパイロ,54.0,吉村誠之,1:12.3,,3.6,2.0,[西] 千田輝彦,2021100337,202408040503,3歳未勝利｜2024年6月15日 | 競馬データベース - netkeiba,2026-05-19T13:04:17.530291,牡,3,486.0,-2.0,1,1,4.8,4.67,36.58,0.1724,0,8,36.58,36.58,36.58,0.1724,36.58
2.0,5,9,ウインオーブ,57.0,幸英明,1:13.6,8,34.2,5.0,[西] 宮本博,2021106200,202408040503,3歳未勝利｜2024年6月15日 | 競馬データベース - netkeiba,2026-05-19T13:04:17.530291,牡,3,450.0,-2.0,0,1,3.2,2.33,40.08,0.2381,0,5,40.08,40.08,40.08,0.2381,40.08
3.0,4,7,レーベンヘルツ,57.0,松山弘平,1:13.6,クビ,1.7,1.0,[西] 西園翔太,2021103528,202408040503,3歳未勝利｜2024年6月15日 | 競馬データベース - netkeiba,2026-05-19T13:04:17.530291,牡,3,450.0,-2.0,0,1,7.4,7.0,38.58,0.119,0,6,38.58,38.58,38.58,0.119,38.58
4.0,6,11,メイユーヴ,53.0,河原田菜,1:14.2,3.1/2,193.2,14.0,[西] 千田輝彦,2021100132,202408040503,3歳未勝利｜2024年6月15日 | 競馬データベース - netkeiba,2026-05-19T13:04:17.530291,牡,3,464.0,0.0,0,0,6.6,7.0,41.18,0.1316,0,6,41.18,41.18,41.18,0.1316,41.18
5.0,2,4,レオナルドスター,57.0,西村淳也,1:14.5,1.1/2,5.5,3.0,[西] 長谷川浩,2021104806,202408040503,3歳未勝利｜2024年6月15日 | 競馬データベース - netkeiba,2026-05-19T13:04:17.530291,牡,3,458.0,0.0,0,0,4.8,6.33,34.82,0.1724,0,6,34.82,34.82,34.82,0.1724,34.82
6.0,7,13,キャンドルマス,57.0,団野大成,1:14.5,アタマ,9.6,4.0,[西] 小崎憲,2021101624,202408040503,3歳未勝利｜2024年6月15日 | 競馬データベース - netkeiba,2026-05-19T13:04:17.530291,牡,3,488.0,2.0,0,0,5.6,6.67,36.42,0.1515,0,10,36.42,36.42,36.42,0.1515,36.42
7.0,1,2,ツーエムピシュー,55.0,永島まな,1:14.6,3/4,46.2,6.0,[西] 本田優,2021107078,202408040503,3歳未勝利｜2024年6月15日 | 競馬データベース - netkeiba,2026-05-19T13:04:17.530291,牡,3,474.0,6.0,0,0,4.4,3.67,38.1,0.1852,0,7,38.1,38.1,38.1,0.1852,38.1
8.0,3,5,メイショウムラゲ,56.0,田口貫太,1:14.6,ハナ,96.9,10.0,[西] 鮫島一歩,2021100992,202408040503,3歳未勝利｜2024年6月15日 | 競馬データベース - netkeiba,2026-05-19T13:04:17.530291,牡,3,460.0,4.0,0,0,3.6,5.33,38.8,0.2174,0,6,38.8,38.8,38.8,0.2174,38.8
9.0,3,6,セブンセコンズ,55.0,川須栄彦,1:14.7,クビ,139.3,12.0,[西] 森田直行,2021100135,202408040503,3歳未勝利｜2024年6月15日 | 競馬データベース - netkeiba,2026-05-19T13:04:17.530291,牝,3,418.0,0.0,0,0,7.2,7.67,40.52,0.122,0,8,40.52,40.52,40.52,0.122,40.52
10.0,4,8,モズセブンキー,53.0,西塚洸二,1:14.8,1/2,99.5,11.0,[西] 矢作芳人,2021100022,202408040503,3歳未勝利｜2024年6月15日 | 競馬データベース - netkeiba,2026-05-19T13:04:17.530291,牝,3,462.0,-8.0,0,0,14.33,14.33,36.17,0.0652,0,10,36.17,36.17,36.17,0.0652,36.17
11.0,5,10,メイショウマダケ,57.0,加藤祥太,1:14.8,クビ,227.4,15.0,[西] 梅田智之,2021102548,202408040503,3歳未勝利｜2024年6月15日 | 競馬データベース - netkeiba,2026-05-19T13:04:17.530291,牡,3,438.0,2.0,0,0,8.2,7.33,42.64,0.1087,0,8,42.64,42.64,42.64,0.1087,42.64
12.0,8,15,サンマルウォーリア,57.0,酒井学,1:15.1,1.1/2,190.7,13.0,[西] 大橋勇樹,2021102693,202408040503,3歳未勝利｜2024年6月15日 | 競馬データベース - netkeiba,2026-05-19T13:04:17.530291,牡,3,500.0,-2.0,0,0,3.0,3.0,39.34,0.25,0,2,39.34,39.34,39.34,0.25,39.34
13.0,1,1,オラクル,55.0,松若風馬,1:16.1,6,72.4,8.0,[西] 吉村圭司,2021101556,202408040503,3歳未勝利｜2024年6月15日 | 競馬データベース - netkeiba,2026-05-19T13:04:17.530291,牝,3,428.0,-14.0,0,0,14.0,14.0,39.43,0.0667,0,14,39.43,39.43,39.43,0.0667,39.43
14.0,2,3,カリンテラス,55.0,荻野極,1:17.0,5,88.7,9.0,[西] 松下武士,2021105226,202408040503,3歳未勝利｜2024年6月15日 | 競馬データベース - netkeiba,2026-05-19T13:04:17.530291,牝,3,462.0,0.0,0,0,5.5,4.0,41.1,0.1538,0,6,41.1,41.1,41.1,0.1538,41.1
15.0,7,14,バラスルビー,57.0,小崎綾也,1:19.3,大,58.4,7.0,[西] 福永祐一,2021105666,202408040503,3歳未勝利｜2024年6月15日 | 競馬データベース - netkeiba,2026-05-19T13:04:17.530291,牡,3,502.0,0.0,0,0,15.0,15.0,39.4,0.0625,0,15,39.4,39.4,39.4,0.0625,39.4
16.0,6,12,パイレートシップ,57.0,高倉稜,1:19.4,クビ,298.2,16.0,[西] 安達昭夫,2021107274,202408040503,3歳未勝利｜2024年6月15日 | 競馬データベース - netkeiba,2026-05-19T13:04:17.530291,セ,3,506.0,0.0,0,0,13.0,13.0,43.1,0.0714,0,10,43.1,43.1,43.1,0.0714,43.1
1.0,1,1,ツーネサーン,57.0,坂井瑠星,1:20.0,,1.8,1.0,[西] 矢作芳人,2021105584,202408040504,3歳未勝利｜2024年6月15日 | 競馬データベース - netkeiba,2026-05-19T13:04:59.177586,牡,3,504.0,2.0,1,1,6.2,7.0,35.98,0.1389,0,2,35.98,35.98,35.98,0.1389,35.98
2.0,7,14,メイショウソニック,57.0,西村淳也,1:20.1,クビ,11.1,4.0,[西] 石橋守,2021101791,202408040504,3歳未勝利｜2024年6月15日 | 競馬データベース - netkeiba,2026-05-19T13:04:59.177586,牡,3,464.0,-4.0,0,1,2.8,2.33,40.54,0.2632,0,4,40.54,40.54,40.54,0.2632,40.54
3.0,7,13,ヤマニンアルリフラ,57.0,幸英明,1:20.2,1/2,15.4,5.0,[西] 斉藤崇史,2021106601,202408040504,3歳未勝利｜2024年6月15日 | 競馬データベース - netkeiba,2026-05-19T13:04:59.177586,牡,3,470.0,6.0,0,1,8.4,6.67,33.96,0.1064,0,3,33.96,33.96,33.96,0.1064,33.96
4.0,4,8,サーナーティオン,57.0,Ｍ．デム,1:20.2,クビ,38.6,7.0,[西] 藤岡健一,2021106237,202408040504,3歳未勝利｜2024年6月15日 | 競馬データベース - netkeiba,2026-05-19T13:04:59.177586,牡,3,498.0,0.0,0,0,4.6,4.33,34.32,0.1786,0,6,34.32,34.32,34.32,0.1786,34.32
5.0,6,11,エリカマルゲリータ,55.0,岩田望来,1:20.2,クビ,5.6,3.0,[西] 安田翔伍,2021110059,202408040504,3歳未勝利｜2024年6月15日 | 競馬データベース - netkeiba,2026-05-19T13:04:59.177586,牝,3,466.0,0.0,0,0,8.0,9.0,42.3,0.1111,0,10,42.3,42.3,42.3,0.1111,42.3
6.0,2,4,ハギノインスパイア,53.0,西塚洸二,1:20.3,1/2,63.8,9.0,[西] 寺島良,2021106641,202408040504,3歳未勝利｜2024年6月15日 | 競馬データベース - netkeiba,2026-05-19T13:04:59.177586,牝,3,434.0,2.0,0,0,2.8,3.0,40.82,0.2632,0,6,40.82,40.82,40.82,0.2632,40.82
7.0,8,18,マサノカナリア,55.0,中井裕二,1:20.5,1,18.7,6.0,[西] 藤野健太,2021100019,202408040504,3歳未勝利｜2024年6月15日 | 競馬データベース - netkeiba,2026-05-19T13:04:59.177586,牝,3,460.0,0.0,0,0,10.8,10.0,34.7,0.0847,0,3,34.7,34.7,34.7,0.0847,34.7
8.0,5,9,ヴァイタルピース,57.0,和田竜二,1:20.7,1.1/4,150.4,13.0,[西] 鈴木孝志,2021110079,202408040504,3歳未勝利｜2024年6月15日 | 競馬データベース - netkeiba,2026-05-19T13:04:59.177586,セ,3,456.0,-10.0,0,0,9.6,9.33,35.08,0.0943,0,12,35.08,35.08,35.08,0.0943,35.08
9.0,4,7,アイルドリアン,52.0,吉村誠之,1:20.9,1,39.9,8.0,[西] 音無秀孝,2021105605,202408040504,3歳未勝利｜2024年6月15日 | 競馬データベース - netkeiba,2026-05-19T13:04:59.177586,牝,3,508.0,12.0,0,0,5.0,7.67,35.0,0.1667,0,4,35.0,35.0,35.0,0.1667,35.0
10.0,5,10,サウンドガネーシャ,56.0,田口貫太,1:21.4,3,99.5,10.0,[西] 安達昭夫,2021110145,202408040504,3歳未勝利｜2024年6月15日 | 競馬データベース - netkeiba,2026-05-19T13:04:59.177586,牡,3,500.0,2.0,0,0,9.0,10.0,34.74,0.1,0,13,34.74,34.74,34.74,0.1,34.74
11.0,6,12,レッドエヴァンス,57.0,松山弘平,1:21.4,クビ,5.1,2.0,[西] 音無秀孝,2021105880,202408040504,3歳未勝利｜2024年6月15日 | 競馬データベース - netkeiba,2026-05-19T13:04:59.177586,牡,3,484.0,0.0,0,0,4.8,3.0,33.54,0.1724,0,3,33.54,33.54,33.54,0.1724,33.54
12.0,3,6,ルージュベラドンナ,53.0,永島まな,1:21.7,1.3/4,118.0,11.0,[西] 平田修,2021105059,202408040504,3歳未勝利｜2024年6月15日 | 競馬データベース - netkeiba,2026-05-19T13:04:59.177586,牝,3,422.0,0.0,0,0,11.67,11.67,38.77,0.0789,0,14,38.77,38.77,38.77,0.0789,38.77
13.0,2,3,センカラット,53.0,河原田菜,1:21.8,1,244.3,17.0,[西] 渡辺薫彦,2021106362,202408040504,3歳未勝利｜2024年6月15日 | 競馬データベース - netkeiba,2026-05-19T13:04:59.177586,牡,3,468.0,-4.0,0,0,5.4,7.33,40.08,0.1562,0,4,40.08,40.08,40.08,0.1562,40.08
14.0,7,15,ドゥルチス,55.0,国分優作,1:21.9,1/2,206.3,15.0,[西] 四位洋文,2021101699,202408040504,3歳未勝利｜2024年6月15日 | 競馬データベース - netkeiba,2026-05-19T13:04:59.177586,牝,3,444.0,-6.0,0,0,5.0,5.33,40.58,0.1667,0,2,40.58,40.58,40.58,0.1667,40.58
15.0,3,5,ダイシンオリーブ,55.0,団野大成,1:22.2,2,123.9,12.0,[西] 森秀行,2021101837,202408040504,3歳未勝利｜2024年6月15日 | 競馬データベース - netkeiba,2026-05-19T13:04:59.177586,牝,3,454.0,-4.0,0,0,9.8,7.67,41.76,0.0926,0,6,41.76,41.76,41.76,0.0926,41.76
16.0,8,16,メイショウアユカゼ,54.0,小沢大仁,1:22.2,ハナ,436.8,18.0,[西] 荒川義之,2021103357,202408040504,3歳未勝利｜2024年6月15日 | 競馬データベース - netkeiba,2026-05-19T13:04:59.177586,牝,3,372.0,2.0,0,0,11.0,11.67,41.14,0.0833,0,12,41.14,41.14,41.14,0.0833,41.14
17.0,1,2,ロードクルーガー,57.0,長岡禎仁,1:24.2,大,168.3,14.0,[西] 小栗実,2021100064,202408040504,3歳未勝利｜2024年6月15日 | 競馬データベース - netkeiba,2026-05-19T13:04:59.177586,牡,3,484.0,0.0,0,0,9.67,9.67,38.43,0.0937,0,1,38.43,38.43,38.43,0.0937,38.43
18.0,8,17,エイジランナー,57.0,荻野極,1:32.0,大,214.4,16.0,[西] 池江泰寿,2021105975,202408040504,3歳未勝利｜2024年6月15日 | 競馬データベース - netkeiba,2026-05-19T13:04:59.177586,牡,3,568.0,10.0,0,0,4.5,7.0,39.45,0.1818,0,8,39.45,39.45,39.45,0.1818,39.45
1.0,7,8,ハッピーマン,55.0,坂井瑠星,1:13.4,,3.8,2.0,[西] 寺島良,2022100140,202408040505,2歳新馬｜2024年6月15日 | 競馬データベース - netkeiba,2026-05-19T13:05:42.998173,牡,2,456.0,0.0,1,1,6.8,10.67,37.52,0.1282,0,7,37.52,37.52,37.52,0.1282,37.52
2.0,7,7,アメリカンビキニ,55.0,松山弘平,1:13.9,3.1/2,2.2,1.0,[西] 斉藤崇史,2022104957,202408040505,2歳新馬｜2024年6月15日 | 競馬データベース - netkeiba,2026-05-19T13:05:42.998173,牝,2,494.0,0.0,0,1,4.0,3.67,36.52,0.2,0,1,36.52,36.52,36.52,0.2,36.52
3.0,4,4,ラヴィングユー,55.0,幸英明,1:14.5,3.1/2,45.7,10.0,[西] 谷潔,2022100359,202408040505,2歳新馬｜2024年6月15日 | 競馬データベース - netkeiba,2026-05-19T13:05:42.998173,牝,2,482.0,0.0,0,1,7.5,10.5,38.4,0.1176,0,7,38.4,38.4,38.4,0.1176,38.4
4.0,6,6,ロイヤルイブキ,53.0,西塚洸二,1:14.9,2,10.5,5.0,[西] 大根田裕,2022101511,202408040505,2歳新馬｜2024年6月15日 | 競馬データベース - netkeiba,2026-05-19T13:05:42.998173,牡,2,474.0,0.0,0,0,6.6,7.33,40.56,0.1316,0,12,40.56,40.56,40.56,0.1316,40.56
5.0,3,3,テーオーテバルディ,55.0,松若風馬,1:15.2,2,8.7,4.0,[西] 藤野健太,2022102208,202408040505,2歳新馬｜2024年6月15日 | 競馬データベース - netkeiba,2026-05-19T13:05:42.998173,牝,2,442.0,0.0,0,0,3.4,4.33,40.46,0.2273,0,9,40.46,40.46,40.46,0.2273,40.46
6.0,5,5,テイエムパイロット,55.0,酒井学,1:15.6,2.1/2,35.0,9.0,[西] 木原一良,2022103775,202408040505,2歳新馬｜2024年6月15日 | 競馬データベース - netkeiba,2026-05-19T13:05:42.998173,牡,2,478.0,0.0,0,0,6.0,6.33,37.56,0.1429,0,8,37.56,37.56,37.56,0.1429,37.56
7.0,2,2,シナモンショコラ,54.0,泉谷楓真,1:15.8,1.1/4,27.3,7.0,[西] 村山明,2022104461,202408040505,2歳新馬｜2024年6月15日 | 競馬データベース - netkeiba,2026-05-19T13:05:42.998173,牡,2,472.0,0.0,0,0,8.6,8.33,39.98,0.1042,0,5,39.98,39.98,39.98,0.1042,39.98
8.0,8,9,タマモアオゾラ,54.0,小沢大仁,1:15.9,クビ,18.9,6.0,[西] 木原一良,2022104511,202408040505,2歳新馬｜2024年6月15日 | 競馬データベース - netkeiba,2026-05-19T13:05:42.998173,牡,2,440.0,0.0,0,0,7.5,7.33,38.2,0.1176,0,2,38.2,38.2,38.2,0.1176,38.2
9.0,1,1,スマートシエラ,53.0,永島まな,1:16.6,4,6.2,3.0,[西] 音無秀孝,2022102055,202408040505,2歳新馬｜2024年6月15日 | 競馬データベース - netkeiba,2026-05-19T13:05:42.998173,牝,2,430.0,0.0,0,0,6.0,8.0,40.46,0.1429,0,11,40.46,40.46,40.46,0.1429,40.46
10.0,8,10,エハバンディーア,55.0,団野大成,1:18.3,10,30.9,8.0,[西] 杉山佳明,2022100541,202408040505,2歳新馬｜2024年6月15日 | 競馬データベース - netkeiba,2026-05-19T13:05:42.998173,牝,2,434.0,0.0,0,0,8.6,10.0,40.0,0.1042,0,10,40.0,40.0,40.0,0.1042,40.0
1.0,7,13,カズタンジャー,57.0,川田将雅,2:00.2,,2.0,1.0,[西] 新谷功一,2021101259,202408040506,3歳未勝利｜2024年6月15日 | 競馬データベース - netkeiba,2026-05-19T13:06:13.834438,牡,3,488.0,2.0,1,1,3.4,4.0,38.7,0.2273,0,5,38.7,38.7,38.7,0.2273,38.7
2.0,6,11,アドマイヤエイジア,57.0,Ｍ．デム,2:00.7,3,11.2,5.0,[西] 大久保龍,2021100332,202408040506,3歳未勝利｜2024年6月15日 | 競馬データベース - netkeiba,2026-05-19T13:06:13.834438,牡,3,506.0,-4.0,0,1,1.2,1.33,39.06,0.4545,0,2,39.06,39.06,39.06,0.4545,39.06
3.0,2,3,ケーヴァラ,57.0,水口優也,2:00.9,1.1/4,5.5,2.0,[西] 羽月友彦,2021106054,202408040506,3歳未勝利｜2024年6月15日 | 競馬データベース - netkeiba,2026-05-19T13:06:13.834438,牡,3,480.0,0.0,0,1,4.2,6.0,38.16,0.1923,0,13,38.16,38.16,38.16,0.1923,38.16
4.0,4,7,シュンプウ,57.0,和田竜二,2:01.0,3/4,136.9,12.0,[西] 吉田直弘,2021102762,202408040506,3歳未勝利｜2024年6月15日 | 競馬データベース - netkeiba,2026-05-19T13:06:13.834438,牡,3,440.0,-6.0,0,0,5.8,4.33,39.94,0.1471,0,1,39.94,39.94,39.94,0.1471,39.94
5.0,5,9,アミュニション,57.0,長岡禎仁,2:01.1,1,15.1,6.0,[西] 杉山佳明,2021104465,202408040506,3歳未勝利｜2024年6月15日 | 競馬データベース - netkeiba,2026-05-19T13:06:13.834438,牡,3,494.0,-6.0,0,0,5.2,6.0,39.48,0.1613,0,8,39.48,39.48,39.48,0.1613,39.48
6.0,8,15,メイショウコナン,57.0,団野大成,2:01.6,3,70.4,9.0,[西] 荒川義之,2021103064,202408040506,3歳未勝利｜2024年6月15日 | 競馬データベース - netkeiba,2026-05-19T13:06:13.834438,牡,3,506.0,4.0,0,0,4.4,5.67,37.94,0.1852,0,3,37.94,37.94,37.94,0.1852,37.94
7.0,8,16,アイファーキャップ,55.0,西塚洸二,2:01.6,アタマ,5.7,3.0,[西] 鮫島一歩,2021107295,202408040506,3歳未勝利｜2024年6月15日 | 競馬データベース - netkeiba,2026-05-19T13:06:13.834438,牡,3,456.0,0.0,0,0,1.8,2.0,39.88,0.3571,0,3,39.88,39.88,39.88,0.3571,39.88
8.0,2,4,ディアモミノル,56.0,泉谷楓真,2:02.1,3,79.3,10.0,[西] 本田優,2021104431,202408040506,3歳未勝利｜2024年6月15日 | 競馬データベース - netkeiba,2026-05-19T13:06:13.834438,牡,3,498.0,-4.0,0,0,6.2,8.0,40.32,0.1389,0,9,40.32,40.32,40.32,0.1389,40.32
9.0,3,5,メイショウヨスガラ,57.0,高倉稜,2:02.8,4,7.5,4.0,[西] 渡辺薫彦,2021102569,202408040506,3歳未勝利｜2024年6月15日 | 競馬データベース - netkeiba,2026-05-19T13:06:13.834438,セ,3,470.0,-2.0,0,0,6.0,5.67,41.82,0.1429,0,10,41.82,41.82,41.82,0.1429,41.82
10.0,4,8,ショウナンガチ,55.0,永島まな,2:02.8,クビ,29.8,7.0,[西] 須貝尚介,2021105434,202408040506,3歳未勝利｜2024年6月15日 | 競馬データベース - netkeiba,2026-05-19T13:06:13.834438,牡,3,506.0,-2.0,0,0,6.6,5.33,35.08,0.1316,0,3,35.08,35.08,35.08,0.1316,35.08
11.0,3,6,クールクラバート,54.0,吉村誠之,2:04.8,大,142.8,13.0,[西] 清水久詞,2021105177,202408040506,3歳未勝利｜2024年6月15日 | 競馬データベース - netkeiba,2026-05-19T13:06:13.834438,牡,3,464.0,4.0,0,0,7.4,8.33,40.06,0.119,0,7,40.06,40.06,40.06,0.119,40.06
12.0,1,2,ナスカラインズ,57.0,国分優作,2:05.4,3.1/2,55.7,8.0,[西] 辻野泰之,2021104164,202408040506,3歳未勝利｜2024年6月15日 | 競馬データベース - netkeiba,2026-05-19T13:06:13.834438,牡,3,564.0,0.0,0,0,9.0,6.0,41.35,0.1,0,6,41.35,41.35,41.35,0.1,41.35
13.0,5,10,ゴルトツィーゲル,56.0,小沢大仁,2:05.6,1,317.9,15.0,[西] 今野貞一,2021105593,202408040506,3歳未勝利｜2024年6月15日 | 競馬データベース - netkeiba,2026-05-19T13:06:13.834438,牡,3,484.0,0.0,0,0,7.0,7.0,39.4,0.125,0,6,39.4,39.4,39.4,0.125,39.4
14.0,6,12,リノラナキラ,55.0,幸英明,2:05.7,1/2,84.6,11.0,[西] 谷潔,2021101025,202408040506,3歳未勝利｜2024年6月15日 | 競馬データベース - netkeiba,2026-05-19T13:06:13.834438,牝,3,472.0,8.0,0,0,10.4,14.0,37.78,0.0877,0,15,37.78,37.78,37.78,0.0877,37.78
15.0,7,14,ダイナスティシチー,56.0,秋山稔樹,2:05.7,ハナ,160.6,14.0,[西] 村山明,2021106582,202408040506,3歳未勝利｜2024年6月15日 | 競馬データベース - netkeiba,2026-05-19T13:06:13.834438,牡,3,478.0,0.0,0,0,15.0,15.0,40.6,0.0625,0,15,40.6,40.6,40.6,0.0625,40.6
,1,1,ジュウオウ,55.0,酒井学,,,,,[西] 長谷川浩,2021110162,202408040506,3歳未勝利｜2024年6月15日 | 競馬データベース - netkeiba,2026-05-19T13:06:13.834438,牡,3,532.0,4.0,0,0,5.0,7.67,38.3,0.1667,0,6,38.3,38.3,38.3,0.1667,38.3
1.0,3,3,オーロラエックス,53.0,松山弘平,1:44.4,,3.2,2.0,[西] 杉山晴紀,2021101387,202408040507,3歳以上1勝クラス｜2024年6月15日 | 競馬データベース - netkeiba,2026-05-19T13:06:55.859761,牝,3,484.0,2.0,1,1,7.4,8.67,34.24,0.119,0,9,34.24,34.24,34.24,0.119,34.24
2.0,8,8,ケーブパール,53.0,川田将雅,1:44.5,3/4,1.7,1.0,[西] 友道康夫,2021105161,202408040507,3歳以上1勝クラス｜2024年6月15日 | 競馬データベース - netkeiba,2026-05-19T13:06:55.859761,牝,3,430.0,8.0,0,1,5.0,7.33,33.38,0.1667,0,8,33.38,33.38,33.38,0.1667,33.38
3.0,6,6,モモンウールー,53.0,坂井瑠星,1:45.3,5,6.0,3.0,[西] 池添学,2021105984,202408040507,3歳以上1勝クラス｜2024年6月15日 | 競馬データベース - netkeiba,2026-05-19T13:06:55.859761,牝,3,454.0,4.0,0,1,5.6,5.67,36.82,0.1515,0,3,36.82,36.82,36.82,0.1515,36.82
4.0,2,2,ダイシンビヨンド,54.0,西塚洸二,1:45.3,クビ,11.9,4.0,[西] 梅田智之,2019101985,202408040507,3歳以上1勝クラス｜2024年6月15日 | 競馬データベース - netkeiba,2026-05-19T13:06:55.859761,牝,5,470.0,6.0,0,0,8.4,10.33,34.94,0.1064,0,11,34.94,34.94,34.94,0.1064,34.94
5.0,4,4,レッセパッセ,53.0,和田竜二,1:45.5,1.1/4,23.6,6.0,[西] 西園翔太,2021106826,202408040507,3歳以上1勝クラス｜2024年6月15日 | 競馬データベース - netkeiba,2026-05-19T13:06:55.859761,牝,3,374.0,6.0,0,0,7.8,9.0,35.0,0.1136,0,8,35.0,35.0,35.0,0.1136,35.0
6.0,5,5,メランポジューム,53.0,吉村誠之,1:45.8,1.3/4,50.9,7.0,[西] 高野友和,2020105648,202408040507,3歳以上1勝クラス｜2024年6月15日 | 競馬データベース - netkeiba,2026-05-19T13:06:55.859761,牝,4,456.0,2.0,0,0,4.6,4.33,39.56,0.1786,0,3,39.56,39.56,39.56,0.1786,39.56
7.0,7,7,グレイトフルペイン,51.0,永島まな,1:46.3,3,70.0,8.0,[西] 茶木太樹,2021101413,202408040507,3歳以上1勝クラス｜2024年6月15日 | 競馬データベース - netkeiba,2026-05-19T13:06:55.859761,牝,3,460.0,6.0,0,0,4.2,3.0,40.32,0.1923,0,3,40.32,40.32,40.32,0.1923,40.32
8.0,1,1,サファイア,56.0,岩田望来,1:46.4,クビ,20.9,5.0,[西] 辻野泰之,2020103237,202408040507,3歳以上1勝クラス｜2024年6月15日 | 競馬データベース - netkeiba,2026-05-19T13:06:55.859761,牝,4,442.0,14.0,0,0,7.8,7.33,35.18,0.1136,0,8,35.18,35.18,35.18,0.1136,35.18
1.0,8,14,ミッキークレスト,55.0,坂井瑠星,1:52.9,,1.3,1.0,[西] 大久保龍,2021105112,202408040508,3歳以上1勝クラス｜2024年6月15日 | 競馬データベース - netkeiba,2026-05-19T13:07:20.306125,牡,3,504.0,-8.0,1,1,5.6,8.67,37.6,0.1515,0,9,37.6,37.6,37.6,0.1515,37.6
2.0,5,8,パシアンジャン,55.0,和田竜二,1:53.2,2,14.9,3.0,[西] 鈴木孝志,2021104503,202408040508,3歳以上1勝クラス｜2024年6月15日 | 競馬データベース - netkeiba,2026-05-19T13:07:20.306125,牡,3,458.0,14.0,0,1,4.8,4.0,37.16,0.1724,0,5,37.16,37.16,37.16,0.1724,37.16
3.0,7,12,ガウロン,58.0,幸英明,1:53.7,3,46.0,10.0,[西] 大根田裕,2020105873,202408040508,3歳以上1勝クラス｜2024年6月15日 | 競馬データベース - netkeiba,2026-05-19T13:07:20.306125,牡,4,524.0,2.0,0,1,9.8,8.33,41.1,0.0926,0,8,41.1,41.1,41.1,0.0926,41.1
4.0,1,1,ハギノカノア,56.0,西塚洸二,1:53.7,ハナ,16.7,4.0,[西] 鮫島一歩,2020100978,202408040508,3歳以上1勝クラス｜2024年6月15日 | 競馬データベース - netkeiba,2026-05-19T13:07:20.306125,牡,4,484.0,2.0,0,0,3.0,3.67,39.72,0.25,0,4,39.72,39.72,39.72,0.25,39.72
5.0,6,9,ピエトラサンタ,58.0,荻野極,1:53.8,1/2,190.5,13.0,[西] 友道康夫,2018105284,202408040508,3歳以上1勝クラス｜2024年6月15日 | 競馬データベース - netkeiba,2026-05-19T13:07:20.306125,牡,6,516.0,0.0,0,0,6.2,5.67,37.88,0.1389,0,5,37.88,37.88,37.88,0.1389,37.88
6.0,3,3,カネトシゴウト,54.0,田口貫太,1:53.9,1/2,24.1,6.0,[西] 大橋勇樹,2021100709,202408040508,3歳以上1勝クラス｜2024年6月15日 | 競馬データベース - netkeiba,2026-05-19T13:07:20.306125,牡,3,454.0,2.0,0,0,7.2,9.67,37.4,0.122,0,12,37.4,37.4,37.4,0.122,37.4
7.0,5,7,ゼットスティール,55.0,吉村誠之,1:54.1,1.1/4,82.6,11.0,[西] 川村禎彦,2020100202,202408040508,3歳以上1勝クラス｜2024年6月15日 | 競馬データベース - netkeiba,2026-05-19T13:07:20.306125,牡,4,534.0,-8.0,0,0,6.6,7.33,38.26,0.1316,0,4,38.26,38.26,38.26,0.1316,38.26
8.0,3,4,リュクスドレフォン,58.0,藤懸貴志,1:54.6,3,6.9,2.0,[西] 平田修,2020106927,202408040508,3歳以上1勝クラス｜2024年6月15日 | 競馬データベース - netkeiba,2026-05-19T13:07:20.306125,牡,4,506.0,0.0,0,0,9.2,8.67,37.98,0.098,0,1,37.98,37.98,37.98,0.098,37.98
9.0,2,2,グラティアスミノル,53.0,永島まな,1:55.1,3,117.0,12.0,[西] 北出成人,2021104424,202408040508,3歳以上1勝クラス｜2024年6月15日 | 競馬データベース - netkeiba,2026-05-19T13:07:20.306125,牡,3,508.0,12.0,0,0,8.2,4.33,39.64,0.1087,0,9,39.64,39.64,39.64,0.1087,39.64
10.0,4,5,バンベルク,58.0,西村淳也,1:55.2,1/2,40.5,9.0,[西] 小林真也,2018105258,202408040508,3歳以上1勝クラス｜2024年6月15日 | 競馬データベース - netkeiba,2026-05-19T13:07:20.306125,牡,6,484.0,0.0,0,0,9.0,11.67,38.22,0.1,0,15,38.22,38.22,38.22,0.1,38.22
11.0,7,11,オールデュスヴラン,55.0,団野大成,1:55.3,1/2,20.7,5.0,[西] 池江泰寿,2021104891,202408040508,3歳以上1勝クラス｜2024年6月15日 | 競馬データベース - netkeiba,2026-05-19T13:07:20.306125,牡,3,470.0,6.0,0,0,12.8,14.67,39.04,0.0725,0,13,39.04,39.04,39.04,0.0725,39.04
12.0,4,6,タキ,55.0,松山弘平,1:55.5,1,37.1,7.0,[西] 坂口智康,2021101428,202408040508,3歳以上1勝クラス｜2024年6月15日 | 競馬データベース - netkeiba,2026-05-19T13:07:20.306125,牡,3,432.0,0.0,0,0,6.0,7.0,39.6,0.1429,0,12,39.6,39.6,39.6,0.1429,39.6
13.0,6,10,ロードマグマ,58.0,長岡禎仁,1:55.7,1,295.6,14.0,[西] 小椋研介,2019101012,202408040508,3歳以上1勝クラス｜2024年6月15日 | 競馬データベース - netkeiba,2026-05-19T13:07:20.306125,牡,5,478.0,-2.0,0,0,7.6,12.0,39.22,0.1163,0,9,39.22,39.22,39.22,0.1163,39.22
14.0,8,13,ミッドナイトホーク,55.0,岩田望来,1:56.3,3.1/2,40.0,8.0,[西] 四位洋文,2021105889,202408040508,3歳以上1勝クラス｜2024年6月15日 | 競馬データベース - netkeiba,2026-05-19T13:07:20.306125,牡,3,484.0,12.0,0,0,4.2,4.67,39.96,0.1923,0,7,39.96,39.96,39.96,0.1923,39.96
1.0,7,10,マイネルメモリー,58.0,和田竜二,1:58.4,,13.7,4.0,[西] 宮徹,2020105750,202408040509,稲荷特別｜2024年6月15日 | 競馬データベース - netkeiba,2026-05-19T13:07:51.671137,牡,4,466.0,0.0,1,1,9.8,8.0,34.82,0.0926,0,8,34.82,34.82,34.82,0.0926,34.82
2.0,5,6,カンティプール,56.0,川田将雅,1:58.5,クビ,2.5,1.0,[西] 渡辺薫彦,2019104703,202408040509,稲荷特別｜2024年6月15日 | 競馬データベース - netkeiba,2026-05-19T13:07:51.671137,牝,5,488.0,0.0,0,1,3.6,4.67,34.54,0.2174,0,8,34.54,34.54,34.54,0.2174,34.54
3.0,3,3,ダノンフロイデ,58.0,松山弘平,1:58.6,3/4,3.3,2.0,[西] 藤原英昭,2019104080,202408040509,稲荷特別｜2024年6月15日 | 競馬データベース - netkeiba,2026-05-19T13:07:51.671137,牡,5,482.0,0.0,0,1,5.6,6.33,39.58,0.1515,0,11,39.58,39.58,39.58,0.1515,39.58
4.0,7,11,ストップザタイム,58.0,横山典弘,1:58.6,クビ,13.8,5.0,[西] 昆貢,2019101873,202408040509,稲荷特別｜2024年6月15日 | 競馬データベース - netkeiba,2026-05-19T13:07:51.671137,牡,5,512.0,-14.0,0,0,4.4,2.67,36.24,0.1852,0,2,36.24,36.24,36.24,0.1852,36.24
5.0,4,5,テリオスマナ,56.0,荻野極,1:58.6,ハナ,228.3,12.0,[西] 松下武士,2018103377,202408040509,稲荷特別｜2024年6月15日 | 競馬データベース - netkeiba,2026-05-19T13:07:51.671137,牝,6,464.0,-8.0,0,0,9.6,8.67,35.46,0.0943,0,13,35.46,35.46,35.46,0.0943,35.46
6.0,5,7,カフジアスール,58.0,Ｍ．デム,1:58.7,1/2,19.4,6.0,[西] 中竹和也,2018101562,202408040509,稲荷特別｜2024年6月15日 | 競馬データベース - netkeiba,2026-05-19T13:07:51.671137,牡,6,484.0,-2.0,0,0,6.4,7.67,34.32,0.1351,0,9,34.32,34.32,34.32,0.1351,34.32
7.0,6,8,エルディアブロ,58.0,団野大成,1:58.8,1/2,49.3,9.0,[西] 佐々木晶,2018104512,202408040509,稲荷特別｜2024年6月15日 | 競馬データベース - netkeiba,2026-05-19T13:07:51.671137,牡,6,458.0,0.0,0,0,5.4,5.0,34.86,0.1562,0,6,34.86,34.86,34.86,0.1562,34.86
8.0,2,2,チルカーノ,53.0,西村淳也,1:58.8,クビ,3.9,3.0,[西] 高野友和,2021105384,202408040509,稲荷特別｜2024年6月15日 | 競馬データベース - netkeiba,2026-05-19T13:07:51.671137,牝,3,452.0,6.0,0,0,7.6,9.33,34.26,0.1163,0,15,34.26,34.26,34.26,0.1163,34.26
9.0,1,1,タケトンボ,56.0,秋山稔樹,1:58.9,1/2,39.8,8.0,[西] 宮徹,2019101007,202408040509,稲荷特別｜2024年6月15日 | 競馬データベース - netkeiba,2026-05-19T13:07:51.671137,牝,5,446.0,0.0,0,0,6.0,7.67,35.84,0.1429,0,7,35.84,35.84,35.84,0.1429,35.84
10.0,6,9,ヴィゴラスダンサー,56.0,田口貫太,1:59.0,クビ,83.7,11.0,[西] 友道康夫,2019105333,202408040509,稲荷特別｜2024年6月15日 | 競馬データベース - netkeiba,2026-05-19T13:07:51.671137,牝,5,450.0,-4.0,0,0,5.2,5.0,37.54,0.1613,0,9,37.54,37.54,37.54,0.1613,37.54
11.0,4,4,コイニョウボウ,56.0,永島まな,1:59.0,クビ,79.4,10.0,[西] 中尾秀正,2020104245,202408040509,稲荷特別｜2024年6月15日 | 競馬データベース - netkeiba,2026-05-19T13:07:51.671137,牝,4,416.0,-10.0,0,0,9.4,10.33,36.5,0.0962,0,10,36.5,36.5,36.5,0.0962,36.5
12.0,8,13,サクセスドレーク,58.0,岩田望来,1:59.1,3/4,32.0,7.0,[西] 野中賢二,2019101190,202408040509,稲荷特別｜2024年6月15日 | 競馬データベース - netkeiba,2026-05-19T13:07:51.671137,牡,5,506.0,2.0,0,0,6.8,7.67,39.8,0.1282,0,7,39.8,39.8,39.8,0.1282,39.8
13.0,8,12,ダディーズトリップ,58.0,幸英明,1:59.2,3/4,262.7,13.0,[西] 千田輝彦,2016100126,202408040509,稲荷特別｜2024年6月15日 | 競馬データベース - netkeiba,2026-05-19T13:07:51.671137,牡,8,476.0,8.0,0,0,6.6,6.67,37.34,0.1316,0,10,37.34,37.34,37.34,0.1316,37.34
1.0,7,13,ブラックブロッサム,58.0,団野大成,2:10.8,,4.5,2.0,[西] 斉藤崇史,2019104600,202408040510,保津峡ステークス｜2024年6月15日 | 競馬データベース - netkeiba,2026-05-19T13:08:24.263650,牡,5,528.0,-6.0,1,1,1.8,2.33,35.42,0.3571,0,1,35.42,35.42,35.42,0.3571,35.42
2.0,3,4,マコトヴェリーキー,58.0,岩田望来,2:10.9,クビ,2.5,1.0,[西] 上村洋行,2020106678,202408040510,保津峡ステークス｜2024年6月15日 | 競馬データベース - netkeiba,2026-05-19T13:08:24.263650,牡,4,474.0,-6.0,0,1,5.6,5.33,35.68,0.1515,0,11,35.68,35.68,35.68,0.1515,35.68
3.0,5,9,メイショウゲキリン,58.0,松山弘平,2:11.0,1/2,7.0,4.0,[西] 笹田和秀,2019104092,202408040510,保津峡ステークス｜2024年6月15日 | 競馬データベース - netkeiba,2026-05-19T13:08:24.263650,牡,5,518.0,-2.0,0,1,6.6,4.67,35.47,0.1316,0,8,35.47,35.47,35.47,0.1316,35.47
4.0,2,2,ロードプレジール,58.0,西村淳也,2:11.4,2.1/2,19.4,7.0,[西] 中内田充,2018102576,202408040510,保津峡ステークス｜2024年6月15日 | 競馬データベース - netkeiba,2026-05-19T13:08:24.263650,牡,6,496.0,2.0,0,0,5.4,6.67,36.74,0.1562,0,6,36.74,36.74,36.74,0.1562,36.74
5.0,8,15,ヒヅルジョウ,56.0,松若風馬,2:11.6,1,13.0,6.0,[西] 岡田稲男,2019100464,202408040510,保津峡ステークス｜2024年6月15日 | 競馬データベース - netkeiba,2026-05-19T13:08:24.263650,牝,5,498.0,6.0,0,0,7.6,5.0,34.26,0.1163,0,5,34.26,34.26,34.26,0.1163,34.26
6.0,7,12,ミステリーウェイ,58.0,藤懸貴志,2:11.6,ハナ,92.6,12.0,[西] 小林真也,2018104638,202408040510,保津峡ステークス｜2024年6月15日 | 競馬データベース - netkeiba,2026-05-19T13:08:24.263650,セ,6,500.0,-2.0,0,0,8.0,12.67,36.34,0.1111,0,8,36.34,36.34,36.34,0.1111,36.34
7.0,4,7,エンドウノハナ,58.0,坂井瑠星,2:11.6,クビ,10.0,5.0,[西] 四位洋文,2019103888,202408040510,保津峡ステークス｜2024年6月15日 | 競馬データベース - netkeiba,2026-05-19T13:08:24.263650,牡,5,480.0,0.0,0,0,3.4,2.67,35.38,0.2273,0,2,35.38,35.38,35.38,0.2273,35.38
8.0,4,6,アレグロモデラート,56.0,国分恭介,2:11.7,クビ,58.8,11.0,[東] 武井亮,2019100693,202408040510,保津峡ステークス｜2024年6月15日 | 競馬データベース - netkeiba,2026-05-19T13:08:24.263650,牝,5,484.0,0.0,0,0,8.6,10.33,36.54,0.1042,0,8,36.54,36.54,36.54,0.1042,36.54
9.0,6,10,シルキーヴォイス,58.0,酒井学,2:11.7,クビ,300.6,15.0,[西] 池江泰寿,2018100537,202408040510,保津峡ステークス｜2024年6月15日 | 競馬データベース - netkeiba,2026-05-19T13:08:24.263650,牡,6,494.0,0.0,0,0,11.8,12.67,37.28,0.0781,0,16,37.28,37.28,37.28,0.0781,37.28
10.0,2,3,ジュタロウ,58.0,田口貫太,2:11.8,3/4,48.0,10.0,[西] 河内洋,2019110053,202408040510,保津峡ステークス｜2024年6月15日 | 競馬データベース - netkeiba,2026-05-19T13:08:24.263650,牡,5,486.0,0.0,0,0,11.6,11.0,37.96,0.0794,0,14,37.96,37.96,37.96,0.0794,37.96
11.0,5,8,ビキニボーイ,58.0,川須栄彦,2:11.9,1/2,93.4,13.0,[西] 梅田智之,2020104426,202408040510,保津峡ステークス｜2024年6月15日 | 競馬データベース - netkeiba,2026-05-19T13:08:24.263650,牡,4,500.0,-2.0,0,0,3.8,3.33,38.56,0.2083,0,1,38.56,38.56,38.56,0.2083,38.56
12.0,1,1,アグラシアド,56.0,横山典弘,2:12.0,1/2,6.2,3.0,[西] 中村直也,2020104912,202408040510,保津峡ステークス｜2024年6月15日 | 競馬データベース - netkeiba,2026-05-19T13:08:24.263650,牝,4,480.0,-4.0,0,0,10.6,12.0,36.66,0.0862,0,15,36.66,36.66,36.66,0.0862,36.66
13.0,3,5,ヴァーンフリート,58.0,幸英明,2:12.1,クビ,46.7,9.0,[東] 矢嶋大樹,2019105560,202408040510,保津峡ステークス｜2024年6月15日 | 競馬データベース - netkeiba,2026-05-19T13:08:24.263650,牡,5,526.0,0.0,0,0,8.2,8.0,36.06,0.1087,0,13,36.06,36.06,36.06,0.1087,36.06
14.0,8,14,コスモサガルマータ,58.0,和田竜二,2:13.4,8,43.9,8.0,[西] 梅田智之,2020103881,202408040510,保津峡ステークス｜2024年6月15日 | 競馬データベース - netkeiba,2026-05-19T13:08:24.263650,牡,4,494.0,0.0,0,0,12.5,12.0,36.15,0.0741,0,4,36.15,36.15,36.15,0.0741,36.15
15.0,6,11,エリオトローピオ,56.0,角田大和,2:13.8,2.1/2,216.4,14.0,[東] 深山雅史,2019100787,202408040510,保津峡ステークス｜2024年6月15日 | 競馬データベース - netkeiba,2026-05-19T13:08:24.263650,牝,5,416.0,6.0,0,0,11.2,11.0,35.12,0.082,0,7,35.12,35.12,35.12,0.082,35.12
1.0,1,2,トゥードジボン,57.0,松山弘平,1:31.5,,7.2,4.0,[西] 四位洋文,2019104730,202408040511,米子ステークス｜2024年6月15日 | 競馬データベース - netkeiba,2026-05-19T13:09:01.977580,牡,5,486.0,-2.0,1,1,6.6,4.0,34.74,0.1316,0,1,34.74,34.74,34.74,0.1316,34.74
2.0,7,14,ディオ,58.0,Ｍ．デム,1:31.8,1.1/2,5.6,3.0,[西] 辻野泰之,2019101609,202408040511,米子ステークス｜2024年6月15日 | 競馬データベース - netkeiba,2026-05-19T13:09:01.977580,牡,5,494.0,-2.0,0,1,4.4,3.33,34.0,0.1852,0,6,34.0,34.0,34.0,0.1852,34.0
3.0,8,15,アナゴサン,57.0,松若風馬,1:31.8,クビ,28.6,10.0,[西] 牧田和弥,2018102227,202408040511,米子ステークス｜2024年6月15日 | 競馬データベース - netkeiba,2026-05-19T13:09:01.977580,牡,6,474.0,0.0,0,1,5.4,5.67,35.77,0.1562,0,4,35.77,35.77,35.77,0.1562,35.77
4.0,5,9,ノーブルロジャー,54.0,坂井瑠星,1:31.8,ハナ,3.4,1.0,[西] 吉岡辰弥,2021110148,202408040511,米子ステークス｜2024年6月15日 | 競馬データベース - netkeiba,2026-05-19T13:09:01.977580,牡,3,488.0,6.0,0,0,4.2,4.67,35.42,0.1923,0,4,35.42,35.42,35.42,0.1923,35.42
5.0,2,4,メイショウシンタケ,58.0,西村淳也,1:31.9,クビ,24.6,9.0,[西] 千田輝彦,2018106318,202408040511,米子ステークス｜2024年6月15日 | 競馬データベース - netkeiba,2026-05-19T13:09:01.977580,牡,6,484.0,-2.0,0,0,7.8,8.0,33.6,0.1136,0,4,33.6,33.6,33.6,0.1136,33.6
6.0,4,8,ラインベック,58.0,荻野極,1:32.0,1,52.3,11.0,[西] 友道康夫,2017105194,202408040511,米子ステークス｜2024年6月15日 | 競馬データベース - netkeiba,2026-05-19T13:09:01.977580,セ,7,488.0,4.0,0,0,7.2,9.67,34.16,0.122,0,12,34.16,34.16,34.16,0.122,34.16
7.0,3,6,トランキリテ,57.0,川田将雅,1:32.0,ハナ,8.0,5.0,[西] 松永幹夫,2019104556,202408040511,米子ステークス｜2024年6月15日 | 競馬データベース - netkeiba,2026-05-19T13:09:01.977580,牡,5,474.0,4.0,0,0,5.2,4.33,33.72,0.1613,0,6,33.72,33.72,33.72,0.1613,33.72
8.0,6,11,アスクコンナモンダ,57.0,岩田望来,1:32.1,1,4.5,2.0,[西] 中内田充,2019104642,202408040511,米子ステークス｜2024年6月15日 | 競馬データベース - netkeiba,2026-05-19T13:09:01.977580,牡,5,458.0,8.0,0,0,4.8,5.0,34.4,0.1724,0,6,34.4,34.4,34.4,0.1724,34.4
9.0,4,7,エスコーラ,57.0,幸英明,1:32.2,クビ,16.2,7.0,[西] 中内田充,2018105043,202408040511,米子ステークス｜2024年6月15日 | 競馬データベース - netkeiba,2026-05-19T13:09:01.977580,牡,6,520.0,0.0,0,0,7.4,9.0,33.98,0.119,0,11,33.98,33.98,33.98,0.119,33.98
10.0,2,3,フリームファクシ,58.0,角田大和,1:32.3,1/2,15.7,6.0,[西] 須貝尚介,2020103661,202408040511,米子ステークス｜2024年6月15日 | 競馬データベース - netkeiba,2026-05-19T13:09:01.977580,牡,4,518.0,2.0,0,0,8.8,12.33,35.3,0.102,0,14,35.3,35.3,35.3,0.102,35.3
11.0,7,13,モズゴールドバレル,55.0,田口貫太,1:32.3,ハナ,22.8,8.0,[西] 藤岡健一,2019110060,202408040511,米子ステークス｜2024年6月15日 | 競馬データベース - netkeiba,2026-05-19T13:09:01.977580,牝,5,466.0,12.0,0,0,10.4,9.67,35.04,0.0877,0,13,35.04,35.04,35.04,0.0877,35.04
12.0,6,12,ビーアストニッシド,58.0,和田竜二,1:32.3,アタマ,70.8,12.0,[西] 小崎憲,2019101348,202408040511,米子ステークス｜2024年6月15日 | 競馬データベース - netkeiba,2026-05-19T13:09:01.977580,牡,5,484.0,4.0,0,0,11.0,9.0,35.58,0.0833,0,7,35.58,35.58,35.58,0.0833,35.58
13.0,8,16,グラティアス,57.0,団野大成,1:32.3,クビ,71.2,13.0,[西] 安田翔伍,2018105277,202408040511,米子ステークス｜2024年6月15日 | 競馬データベース - netkeiba,2026-05-19T13:09:01.977580,牡,6,496.0,-2.0,0,0,9.4,12.33,35.72,0.0962,0,16,35.72,35.72,35.72,0.0962,35.72
14.0,1,1,リプレーザ,57.0,国分優作,1:32.6,1.3/4,320.1,16.0,[西] 大根田裕,2018103238,202408040511,米子ステークス｜2024年6月15日 | 競馬データベース - netkeiba,2026-05-19T13:09:01.977580,牡,6,506.0,4.0,0,0,9.2,6.33,36.92,0.098,0,1,36.92,36.92,36.92,0.098,36.92
15.0,5,10,ケイアイシェルビー,57.0,藤懸貴志,1:33.1,2.1/2,216.7,14.0,[西] 平田修,2018101739,202408040511,米子ステークス｜2024年6月15日 | 競馬データベース - netkeiba,2026-05-19T13:09:01.977580,牡,6,476.0,6.0,0,0,9.2,7.67,36.1,0.098,0,6,36.1,36.1,36.1,0.098,36.1
16.0,3,5,ホウオウノーサイド,57.0,永島まな,1:33.1,クビ,299.2,15.0,[東] 斎藤誠,2019105775,202408040511,米子ステークス｜2024年6月15日 | 競馬データベース - netkeiba,2026-05-19T13:09:01.977580,牡,5,486.0,-6.0,0,0,11.0,11.67,35.54,0.0833,0,13,35.54,35.54,35.54,0.0833,35.54
1.0,2,4,インユアパレス,55.0,川田将雅,1:11.3,,1.9,1.0,[西] 須貝尚介,2021110126,202408040512,3歳以上1勝クラス｜2024年6月15日 | 競馬データベース - netkeiba,2026-05-19T13:09:47.648832,牡,3,472.0,-12.0,1,1,3.4,5.0,36.28,0.2273,0,3,36.28,36.28,36.28,0.2273,36.28
2.0,6,12,ビバップ,55.0,幸英明,1:11.6,2,62.5,13.0,[西] 清水久詞,2021102700,202408040512,3歳以上1勝クラス｜2024年6月15日 | 競馬データベース - netkeiba,2026-05-19T13:09:47.648832,牡,3,478.0,14.0,0,1,8.8,11.67,37.38,0.102,0,16,37.38,37.38,37.38,0.102,37.38
3.0,4,8,ザウリ,58.0,岩田望来,1:11.7,クビ,16.1,4.0,[西] 森田直行,2019101399,202408040512,3歳以上1勝クラス｜2024年6月15日 | 競馬データベース - netkeiba,2026-05-19T13:09:47.648832,牡,5,544.0,2.0,0,1,4.6,5.0,35.96,0.1786,0,7,35.96,35.96,35.96,0.1786,35.96
4.0,3,6,メイショウミシガン,53.0,西塚洸二,1:11.8,1/2,6.0,2.0,[西] 鮫島一歩,2021105328,202408040512,3歳以上1勝クラス｜2024年6月15日 | 競馬データベース - netkeiba,2026-05-19T13:09:47.648832,牡,3,456.0,-4.0,0,0,6.8,9.33,37.06,0.1282,0,14,37.06,37.06,37.06,0.1282,37.06
5.0,4,7,プロテア,57.0,秋山稔樹,1:12.0,1.1/2,76.3,14.0,[西] 宮本博,2020104206,202408040512,3歳以上1勝クラス｜2024年6月15日 | 競馬データベース - netkeiba,2026-05-19T13:09:47.648832,セ,4,456.0,6.0,0,0,1.8,1.67,39.5,0.3571,0,1,39.5,39.5,39.5,0.3571,39.5
6.0,8,16,ヤマカツパトリシア,53.0,吉村誠之,1:12.0,アタマ,32.6,9.0,[西] 谷潔,2017104086,202408040512,3歳以上1勝クラス｜2024年6月15日 | 競馬データベース - netkeiba,2026-05-19T13:09:47.648832,牝,7,474.0,-2.0,0,0,8.0,8.0,36.86,0.1111,0,13,36.86,36.86,36.86,0.1111,36.86
7.0,1,1,メイショウタイゲイ,58.0,団野大成,1:12.2,1.1/4,17.5,5.0,[西] 荒川義之,2019104169,202408040512,3歳以上1勝クラス｜2024年6月15日 | 競馬データベース - netkeiba,2026-05-19T13:09:47.648832,牡,5,454.0,-4.0,0,0,10.0,10.33,36.12,0.0909,0,12,36.12,36.12,36.12,0.0909,36.12
8.0,1,2,モズパシュート,55.0,坂井瑠星,1:12.4,3/4,43.0,10.0,[西] 田中克典,2021102629,202408040512,3歳以上1勝クラス｜2024年6月15日 | 競馬データベース - netkeiba,2026-05-19T13:09:47.648832,牡,3,504.0,-8.0,0,0,4.0,4.33,40.06,0.2,0,5,40.06,40.06,40.06,0.2,40.06
9.0,5,9,タイセイレスポンス,55.0,横山典弘,1:12.4,クビ,18.3,6.0,[西] 安田翔伍,2021105646,202408040512,3歳以上1勝クラス｜2024年6月15日 | 競馬データベース - netkeiba,2026-05-19T13:09:47.648832,牡,3,494.0,0.0,0,0,9.0,8.33,36.2,0.1,0,5,36.2,36.2,36.2,0.1,36.2
10.0,2,3,パドマ,53.0,加藤祥太,1:12.6,1.1/4,6.1,3.0,[西] 杉山晴紀,2021102953,202408040512,3歳以上1勝クラス｜2024年6月15日 | 競馬データベース - netkeiba,2026-05-19T13:09:47.648832,牝,3,494.0,2.0,0,0,4.6,5.0,36.14,0.1786,0,7,36.14,36.14,36.14,0.1786,36.14
11.0,7,13,タイガークリスエス,57.0,田口貫太,1:12.7,1/2,84.7,15.0,[西] 大橋勇樹,2019102292,202408040512,3歳以上1勝クラス｜2024年6月15日 | 競馬データベース - netkeiba,2026-05-19T13:09:47.648832,牡,5,496.0,-4.0,0,0,4.8,3.33,40.34,0.1724,0,5,40.34,40.34,40.34,0.1724,40.34
12.0,3,5,エブライト,53.0,西村淳也,1:13.1,2,56.5,12.0,[西] 橋口慎介,2021101443,202408040512,3歳以上1勝クラス｜2024年6月15日 | 競馬データベース - netkeiba,2026-05-19T13:09:47.648832,牝,3,474.0,12.0,0,0,9.2,9.0,36.38,0.098,0,6,36.38,36.38,36.38,0.098,36.38
13.0,7,14,ストライクオン,54.0,角田大和,1:13.2,3/4,45.2,11.0,[西] 角田晃一,2021102912,202408040512,3歳以上1勝クラス｜2024年6月15日 | 競馬データベース - netkeiba,2026-05-19T13:09:47.648832,牡,3,466.0,-4.0,0,0,5.0,5.0,37.62,0.1667,0,11,37.62,37.62,37.62,0.1667,37.62
14.0,8,15,ピストンボーイ,55.0,松山弘平,1:13.6,2.1/2,26.6,8.0,[西] 池添学,2021105447,202408040512,3歳以上1勝クラス｜2024年6月15日 | 競馬データベース - netkeiba,2026-05-19T13:09:47.648832,牡,3,500.0,0.0,0,0,5.0,7.5,39.45,0.1667,0,7,39.45,39.45,39.45,0.1667,39.45
15.0,5,10,ナリタヴィクトリー,52.0,小沢大仁,1:16.3,大,119.4,16.0,[西] 藤沢則雄,2021102726,202408040512,3歳以上1勝クラス｜2024年6月15日 | 競馬データベース - netkeiba,2026-05-19T13:09:47.648832,牝,3,440.0,-2.0,0,0,7.2,8.0,41.68,0.122,0,11,41.68,41.68,41.68,0.122,41.68
16.0,6,11,マイネルフォーコン,58.0,Ｍ．デム,1:16.8,3,18.6,7.0,[西] 西園翔太,2020104523,202408040512,3歳以上1勝クラス｜2024年6月15日 | 競馬データベース - netkeiba,2026-05-19T13:09:47.648832,牡,4,476.0,-8.0,0,0,5.2,1.67,38.16,0.1613,0,1,38.16,38.16,38.16,0.1613,38.16
1.0,3,3,タマモプルメリア,52.0,高杉吏麒,1:46.7,,10.1,6.0,[西] 大橋勇樹,2021103593,202402010401,3歳未勝利｜2024年6月16日 | 競馬データベース - netkeiba,2026-05-19T13:10:30.263962,牝,3,446.0,-2.0,1,1,8.0,10.0,37.7,0.1111,0,11,37.7,37.7,37.7,0.1111,37.7
2.0,1,1,イラーナ,52.0,小林勝太,1:47.1,2.1/2,4.6,3.0,[東] 林徹,2021107166,202402010401,3歳未勝利｜2024年6月16日 | 競馬データベース - netkeiba,2026-05-19T13:10:30.263962,牝,3,436.0,0.0,0,1,9.8,11.67,38.28,0.0926,0,12,38.28,38.28,38.28,0.0926,38.28
3.0,3,4,ゴルトヴェーレ,54.0,角田大河,1:48.4,8,134.3,12.0,[東] 水野貴広,2021103607,202402010401,3歳未勝利｜2024年6月16日 | 競馬データベース - netkeiba,2026-05-19T13:10:30.263962,牝,3,476.0,-4.0,0,1,7.0,10.5,40.73,0.125,0,11,40.73,40.73,40.73,0.125,40.73
4.0,5,7,カネコメファミリー,55.0,菱田裕二,1:48.5,アタマ,7.8,5.0,[西] 中尾秀正,2021104151,202402010401,3歳未勝利｜2024年6月16日 | 競馬データベース - netkeiba,2026-05-19T13:10:30.263962,牝,3,490.0,6.0,0,0,5.0,6.0,37.26,0.1667,0,5,37.26,37.26,37.26,0.1667,37.26
5.0,4,5,ラブリーサイン,55.0,横山武史,1:48.7,1.1/2,7.5,4.0,[西] 牧浦充徳,2021101098,202402010401,3歳未勝利｜2024年6月16日 | 競馬データベース - netkeiba,2026-05-19T13:10:30.263962,牝,3,492.0,-2.0,0,0,6.2,7.67,40.28,0.1389,0,9,40.28,40.28,40.28,0.1389,40.28
6.0,6,10,ベストベルシック,51.0,小林美駒,1:48.8,1/2,125.2,11.0,[東] 森一誠,2021101437,202402010401,3歳未勝利｜2024年6月16日 | 競馬データベース - netkeiba,2026-05-19T13:10:30.263962,牝,3,416.0,6.0,0,0,0.0,0.0,0.0,0.0,0,0,0.0,0.0,0.0,0.0,0.0
7.0,8,13,プレゼンティーア,55.0,藤岡佑介,1:48.8,アタマ,3.1,1.0,[西] 田中克典,2021102153,202402010401,3歳未勝利｜2024年6月16日 | 競馬データベース - netkeiba,2026-05-19T13:10:30.263962,牝,3,474.0,-6.0,0,0,3.6,2.67,37.5,0.2174,0,1,37.5,37.5,37.5,0.2174,37.5
8.0,5,8,リヴィングカラー,55.0,丹内祐次,1:49.1,1.3/4,56.0,10.0,[東] 小笠倫弘,2021101065,202402010401,3歳未勝利｜2024年6月16日 | 競馬データベース - netkeiba,2026-05-19T13:10:30.263962,牝,3,400.0,-6.0,0,0,6.33,3.0,40.23,0.1364,0,3,40.23,40.23,40.23,0.1364,40.23
9.0,7,12,ダークファンタジー,55.0,佐々木大,1:49.1,クビ,18.1,7.0,[西] 須貝尚介,2021105171,202402010401,3歳未勝利｜2024年6月16日 | 競馬データベース - netkeiba,2026-05-19T13:10:30.263962,牝,3,410.0,0.0,0,0,5.6,7.33,40.56,0.1515,0,9,40.56,40.56,40.56,0.1515,40.56
10.0,8,14,サテフィカ,55.0,亀田温心,1:49.3,1,55.9,9.0,[西] 鮫島一歩,2021100464,202402010401,3歳未勝利｜2024年6月16日 | 競馬データベース - netkeiba,2026-05-19T13:10:30.263962,牝,3,500.0,0.0,0,0,5.8,5.67,41.1,0.1471,0,10,41.1,41.1,41.1,0.1471,41.1
11.0,2,2,メイショウコオロギ,55.0,武豊,1:49.5,1.1/2,4.3,2.0,[東] 和田勇介,2021102867,202402010401,3歳未勝利｜2024年6月16日 | 競馬データベース - netkeiba,2026-05-19T13:10:30.263962,牝,3,434.0,2.0,0,0,4.2,4.33,40.36,0.1923,0,9,40.36,40.36,40.36,0.1923,40.36
12.0,6,9,ギースバッハ,54.0,永野猛蔵,1:50.0,3,48.0,8.0,[東] 加藤征弘,2021102247,202402010401,3歳未勝利｜2024年6月16日 | 競馬データベース - netkeiba,2026-05-19T13:10:30.263962,牝,3,444.0,-2.0,0,0,6.8,8.33,40.0,0.1282,0,6,40.0,40.0,40.0,0.1282,40.0
13.0,7,11,ヘルツアス,55.0,大野拓弥,1:50.6,3.1/2,195.6,13.0,[西] 森田直行,2021105985,202402010401,3歳未勝利｜2024年6月16日 | 競馬データベース - netkeiba,2026-05-19T13:10:30.263962,牝,3,404.0,2.0,0,0,9.6,12.67,36.38,0.0943,0,11,36.38,36.38,36.38,0.0943,36.38
14.0,4,6,ウィンドブレイク,52.0,川端海翼,1:50.8,1.1/4,233.0,14.0,[西] 野中賢二,2021101686,202402010401,3歳未勝利｜2024年6月16日 | 競馬データベース - netkeiba,2026-05-19T13:10:30.263962,牝,3,412.0,-2.0,0,0,12.0,13.0,37.76,0.0769,0,14,37.76,37.76,37.76,0.0769,37.76
1.0,3,5,ヘキルリ,54.0,永野猛蔵,1:09.4,,36.5,10.0,[東] 小笠倫弘,2021106692,202402010402,3歳未勝利｜2024年6月16日 | 競馬データベース - netkeiba,2026-05-19T13:11:08.464781,牝,3,442.0,-4.0,1,1,11.0,12.67,39.34,0.0833,0,12,39.34,39.34,39.34,0.0833,39.34
2.0,5,9,アムールリーベ,54.0,角田大河,1:09.5,1/2,12.3,5.0,[西] 友道康夫,2021105659,202402010402,3歳未勝利｜2024年6月16日 | 競馬データベース - netkeiba,2026-05-19T13:11:08.464781,牝,3,486.0,6.0,0,1,7.8,8.33,33.86,0.1136,0,6,33.86,33.86,33.86,0.1136,33.86
3.0,2,4,テリオスソラ,55.0,鮫島克駿,1:09.5,クビ,13.6,6.0,[西] 松下武士,2021104037,202402010402,3歳未勝利｜2024年6月16日 | 競馬データベース - netkeiba,2026-05-19T13:11:08.464781,牝,3,466.0,-6.0,0,1,6.2,5.67,40.96,0.1389,0,10,40.96,40.96,40.96,0.1389,40.96
4.0,1,2,モリエヌス,52.0,高杉吏麒,1:09.6,クビ,28.8,9.0,[西] 荒川義之,2021103218,202402010402,3歳未勝利｜2024年6月16日 | 競馬データベース - netkeiba,2026-05-19T13:11:08.464781,牝,3,392.0,4.0,0,0,0.0,0.0,0.0,0.0,0,0,0.0,0.0,0.0,0.0,0.0
5.0,2,3,ヴィーケン,54.0,長浜鴻緒,1:09.8,1,5.7,3.0,[西] 高橋康之,2021100698,202402010402,3歳未勝利｜2024年6月16日 | 競馬データベース - netkeiba,2026-05-19T13:11:08.464781,牡,3,494.0,12.0,0,0,3.0,3.33,38.64,0.25,0,5,38.64,38.64,38.64,0.25,38.64
6.0,4,8,シンデレラタイム,55.0,横山武史,1:09.8,クビ,12.1,4.0,[東] 大竹正博,2021106638,202402010402,3歳未勝利｜2024年6月16日 | 競馬データベース - netkeiba,2026-05-19T13:11:08.464781,牝,3,454.0,-2.0,0,0,7.6,6.67,36.3,0.1163,0,6,36.3,36.3,36.3,0.1163,36.3
7.0,1,1,イロンデル,57.0,菱田裕二,1:09.9,3/4,25.8,8.0,[東] 小手川準,2021101956,202402010402,3歳未勝利｜2024年6月16日 | 競馬データベース - netkeiba,2026-05-19T13:11:08.464781,牡,3,460.0,-18.0,0,0,4.0,1.33,38.52,0.2,0,1,38.52,38.52,38.52,0.2,38.52
8.0,7,13,ドレッド,57.0,丹内祐次,1:09.9,クビ,2.2,1.0,[東] 栗田徹,2021101769,202402010402,3歳未勝利｜2024年6月16日 | 競馬データベース - netkeiba,2026-05-19T13:11:08.464781,牡,3,462.0,-6.0,0,0,1.6,2.0,37.32,0.3846,0,1,37.32,37.32,37.32,0.3846,37.32
9.0,5,10,ノブアンドホワイト,52.0,小林勝太,1:10.1,1,125.2,13.0,[東] 堀内岳志,2021103785,202402010402,3歳未勝利｜2024年6月16日 | 競馬データベース - netkeiba,2026-05-19T13:11:08.464781,牝,3,438.0,0.0,0,0,6.2,3.67,41.34,0.1389,0,3,41.34,41.34,41.34,0.1389,41.34
10.0,7,14,ココモローズ,55.0,大野拓弥,1:10.1,アタマ,87.4,12.0,[東] 高木登,2021103544,202402010402,3歳未勝利｜2024年6月16日 | 競馬データベース - netkeiba,2026-05-19T13:11:08.464781,牝,3,424.0,4.0,0,0,3.4,2.33,39.02,0.2273,0,1,39.02,39.02,39.02,0.2273,39.02
11.0,6,12,シームレス,55.0,佐々木大,1:10.3,1.1/2,21.4,7.0,[西] 小林真也,2021106729,202402010402,3歳未勝利｜2024年6月16日 | 競馬データベース - netkeiba,2026-05-19T13:11:08.464781,牝,3,434.0,6.0,0,0,8.2,8.33,39.92,0.1087,0,9,39.92,39.92,39.92,0.1087,39.92
12.0,6,11,カネトシテミス,52.0,川端海翼,1:10.5,1.1/4,263.4,15.0,[西] 大根田裕,2021106333,202402010402,3歳未勝利｜2024年6月16日 | 競馬データベース - netkeiba,2026-05-19T13:11:08.464781,牝,3,420.0,0.0,0,0,2.4,1.67,37.96,0.2941,0,1,37.96,37.96,37.96,0.2941,37.96
13.0,4,7,モズマサニャン,57.0,武豊,1:10.6,クビ,4.9,2.0,[東] 加藤征弘,2021104627,202402010402,3歳未勝利｜2024年6月16日 | 競馬データベース - netkeiba,2026-05-19T13:11:08.464781,牡,3,452.0,2.0,0,0,5.8,6.33,39.6,0.1471,0,7,39.6,39.6,39.6,0.1471,39.6
14.0,8,16,ラインメジャー,54.0,今村聖奈,1:10.7,1/2,303.7,16.0,[東] 水野貴広,2021105303,202402010402,3歳未勝利｜2024年6月16日 | 競馬データベース - netkeiba,2026-05-19T13:11:08.464781,牡,3,436.0,0.0,0,0,12.75,14.0,37.12,0.0727,0,14,37.12,37.12,37.12,0.0727,37.12
15.0,8,15,アルーリングソレル,55.0,池添謙一,1:11.1,2.1/2,143.1,14.0,[西] 渡辺薫彦,2021102706,202402010402,3歳未勝利｜2024年6月16日 | 競馬データベース - netkeiba,2026-05-19T13:11:08.464781,牝,3,450.0,2.0,0,0,7.0,6.33,40.06,0.125,0,8,40.06,40.06,40.06,0.125,40.06
16.0,3,6,レッドマーレ,53.0,小林美駒,1:11.1,クビ,51.8,11.0,[西] 小椋研介,2021105205,202402010402,3歳未勝利｜2024年6月16日 | 競馬データベース - netkeiba,2026-05-19T13:11:08.464781,牡,3,426.0,-4.0,0,0,11.0,11.33,36.48,0.0833,0,16,36.48,36.48,36.48,0.0833,36.48
1.0,7,11,コパノエビータ,52.0,長浜鴻緒,1:46.6,,6.0,4.0,[東] 手塚貴久,2021102219,202402010404,3歳未勝利｜2024年6月16日 | 競馬データベース - netkeiba,2026-05-19T13:11:51.435187,牝,3,406.0,4.0,1,1,9.8,12.33,38.76,0.0926,0,10,38.76,38.76,38.76,0.0926,38.76
2.0,3,3,サンライズシア,57.0,佐々木大,1:47.0,2.1/2,3.6,2.0,[西] 石坂公一,2021103320,202402010404,3歳未勝利｜2024年6月16日 | 競馬データベース - netkeiba,2026-05-19T13:11:51.435187,牡,3,502.0,4.0,0,1,6.0,4.67,40.68,0.1429,0,1,40.68,40.68,40.68,0.1429,40.68
3.0,6,10,テトラード,57.0,武豊,1:47.3,2,6.0,3.0,[西] 坂口智康,2021104999,202402010404,3歳未勝利｜2024年6月16日 | 競馬データベース - netkeiba,2026-05-19T13:11:51.435187,牡,3,462.0,4.0,0,1,6.6,5.0,40.95,0.1316,0,2,40.95,40.95,40.95,0.1316,40.95
4.0,4,5,サンマルミッション,56.0,永野猛蔵,1:47.8,3,17.3,7.0,[東] 和田勇介,2021107331,202402010404,3歳未勝利｜2024年6月16日 | 競馬データベース - netkeiba,2026-05-19T13:11:51.435187,牡,3,444.0,2.0,0,0,8.8,9.0,39.22,0.102,0,9,39.22,39.22,39.22,0.102,39.22
5.0,8,14,ジューンサレンダー,54.0,今村聖奈,1:48.2,2.1/2,36.0,8.0,[西] 今野貞一,2021100923,202402010404,3歳未勝利｜2024年6月16日 | 競馬データベース - netkeiba,2026-05-19T13:11:51.435187,牡,3,454.0,6.0,0,0,4.2,5.0,42.36,0.1923,0,2,42.36,42.36,42.36,0.1923,42.36
6.0,1,1,サンティーラ,54.0,小林勝太,1:48.2,クビ,73.0,9.0,[東] 竹内正洋,2021101301,202402010404,3歳未勝利｜2024年6月16日 | 競馬データベース - netkeiba,2026-05-19T13:11:51.435187,牡,3,446.0,14.0,0,0,7.6,8.67,40.04,0.1163,0,9,40.04,40.04,40.04,0.1163,40.04
7.0,8,13,ネオクラウン,53.0,小林美駒,1:48.3,クビ,133.7,10.0,[東] 鈴木伸尋,2021106120,202402010404,3歳未勝利｜2024年6月16日 | 競馬データベース - netkeiba,2026-05-19T13:11:51.435187,牡,3,486.0,10.0,0,0,5.8,6.0,42.6,0.1471,0,8,42.6,42.6,42.6,0.1471,42.6
8.0,4,6,スターティアラ,55.0,亀田温心,1:48.9,3.1/2,286.6,13.0,[西] 高柳大輔,2021106676,202402010404,3歳未勝利｜2024年6月16日 | 競馬データベース - netkeiba,2026-05-19T13:11:51.435187,牝,3,454.0,-2.0,0,0,0.0,0.0,0.0,0.0,0,0,0.0,0.0,0.0,0.0,0.0
9.0,2,2,ハテナビト,57.0,丹内祐次,1:49.1,1.1/2,3.3,1.0,[西] 吉岡辰弥,2021103371,202402010404,3歳未勝利｜2024年6月16日 | 競馬データベース - netkeiba,2026-05-19T13:11:51.435187,牡,3,470.0,14.0,0,0,0.0,0.0,0.0,0.0,0,0,0.0,0.0,0.0,0.0,0.0
10.0,7,12,タロサンダー,56.0,秋山稔樹,1:49.4,1.1/2,12.0,6.0,[西] 杉山佳明,2021106005,202402010404,3歳未勝利｜2024年6月16日 | 競馬データベース - netkeiba,2026-05-19T13:11:51.435187,牡,3,488.0,-6.0,0,0,7.4,6.67,40.62,0.119,0,8,40.62,40.62,40.62,0.119,40.62
11.0,6,9,ダブルブラック,57.0,小林凌大,1:49.7,2,219.1,12.0,[東] 小西一男,2021102133,202402010404,3歳未勝利｜2024年6月16日 | 競馬データベース - netkeiba,2026-05-19T13:11:51.435187,牡,3,446.0,-4.0,0,0,5.6,6.67,40.56,0.1515,0,8,40.56,40.56,40.56,0.1515,40.56
12.0,5,7,ワンダーアレグリア,55.0,大野拓弥,1:54.3,大,217.1,11.0,[西] 森田直行,2021100754,202402010404,3歳未勝利｜2024年6月16日 | 競馬データベース - netkeiba,2026-05-19T13:11:51.435187,牝,3,426.0,8.0,0,0,3.6,3.0,39.74,0.2174,0,3,39.74,39.74,39.74,0.2174,39.74
13.0,5,8,リュクスレオン,57.0,鮫島克駿,1:54.9,3.1/2,7.0,5.0,[東] 高柳瑞樹,2021103285,202402010404,3歳未勝利｜2024年6月16日 | 競馬データベース - netkeiba,2026-05-19T13:11:51.435187,牡,3,474.0,6.0,0,0,5.4,5.0,40.32,0.1562,0,4,40.32,40.32,40.32,0.1562,40.32
,3,4,ユイノサンバンカン,56.0,角田大河,,,,,[東] 深山雅史,2021102819,202402010404,3歳未勝利｜2024年6月16日 | 競馬データベース - netkeiba,2026-05-19T13:11:51.435187,牡,3,,,0,0,5.2,5.0,40.02,0.1613,0,5,40.02,40.02,40.02,0.1613,40.02
1.0,8,16,オトコギアンパン,54.0,高杉吏麒,1:49.1,,5.0,2.0,[西] 小栗実,2021102727,202402010406,3歳未勝利｜2024年6月16日 | 競馬データベース - netkeiba,2026-05-19T13:12:35.991140,牡,3,486.0,10.0,1,1,5.0,6.0,33.86,0.1667,0,9,33.86,33.86,33.86,0.1667,33.86
2.0,6,11,サンウリエル,57.0,横山武史,1:49.3,1,2.5,1.0,[西] 宮本博,2021101304,202402010406,3歳未勝利｜2024年6月16日 | 競馬データベース - netkeiba,2026-05-19T13:12:35.991140,牡,3,476.0,4.0,0,1,6.6,7.33,34.14,0.1316,0,13,34.14,34.14,34.14,0.1316,34.14
3.0,2,3,レジーナチェリ,57.0,松岡正海,1:49.5,1.1/2,8.0,4.0,[東] 伊藤伸一,2021106790,202402010406,3歳未勝利｜2024年6月16日 | 競馬データベース - netkeiba,2026-05-19T13:12:35.991140,牡,3,428.0,-4.0,0,1,6.4,8.0,40.04,0.1351,0,5,40.04,40.04,40.04,0.1351,40.04
4.0,6,12,ホウオウダイアン,55.0,大野拓弥,1:49.6,3/4,37.3,12.0,[東] 高柳瑞樹,2021105988,202402010406,3歳未勝利｜2024年6月16日 | 競馬データベース - netkeiba,2026-05-19T13:12:35.991140,牝,3,412.0,-6.0,0,0,4.0,4.5,39.78,0.2,0,5,39.78,39.78,39.78,0.2,39.78
5.0,4,7,フォルティシーム,57.0,鮫島克駿,1:49.7,1/2,31.2,9.0,[西] 佐々木晶,2021106636,202402010406,3歳未勝利｜2024年6月16日 | 競馬データベース - netkeiba,2026-05-19T13:12:35.991140,セ,3,450.0,-16.0,0,0,9.75,10.0,37.38,0.093,0,15,37.38,37.38,37.38,0.093,37.38
6.0,5,9,スターシャワー,54.0,永野猛蔵,1:49.9,1.1/4,6.7,3.0,[東] 古賀慎明,2021102890,202402010406,3歳未勝利｜2024年6月16日 | 競馬データベース - netkeiba,2026-05-19T13:12:35.991140,牝,3,490.0,8.0,0,0,4.75,5.0,39.67,0.1739,0,4,39.67,39.67,39.67,0.1739,39.67
7.0,3,6,ベルベットハンマー,55.0,丹内祐次,1:49.9,ハナ,67.6,14.0,[東] 天間昭一,2021101473,202402010406,3歳未勝利｜2024年6月16日 | 競馬データベース - netkeiba,2026-05-19T13:12:35.991140,牝,3,432.0,-10.0,0,0,5.8,4.0,39.84,0.1471,0,3,39.84,39.84,39.84,0.1471,39.84
8.0,7,13,スターメイデン,55.0,菱田裕二,1:50.1,1.1/2,34.2,10.0,[西] 吉村圭司,2021110140,202402010406,3歳未勝利｜2024年6月16日 | 競馬データベース - netkeiba,2026-05-19T13:12:35.991140,牝,3,470.0,0.0,0,0,2.6,3.33,39.28,0.2778,0,1,39.28,39.28,39.28,0.2778,39.28
9.0,1,1,グディンナ,51.0,小林美駒,1:50.3,1,12.8,5.0,[西] 牧田和弥,2021102162,202402010406,3歳未勝利｜2024年6月16日 | 競馬データベース - netkeiba,2026-05-19T13:12:35.991140,牝,3,404.0,-4.0,0,0,6.4,6.0,37.32,0.1351,0,3,37.32,37.32,37.32,0.1351,37.32
10.0,4,8,ポッドロイ,56.0,角田大河,1:50.4,1/2,37.1,11.0,[西] 小林真也,2021100207,202402010406,3歳未勝利｜2024年6月16日 | 競馬データベース - netkeiba,2026-05-19T13:12:35.991140,牡,3,464.0,-12.0,0,0,0.0,0.0,0.0,0.0,0,0,0.0,0.0,0.0,0.0,0.0
11.0,2,4,クリノエクリプス,54.0,川端海翼,1:50.4,アタマ,258.7,16.0,[西] 大根田裕,2021103321,202402010406,3歳未勝利｜2024年6月16日 | 競馬データベース - netkeiba,2026-05-19T13:12:35.991140,牡,3,462.0,-14.0,0,0,4.6,3.33,40.08,0.1786,0,5,40.08,40.08,40.08,0.1786,40.08
12.0,1,2,フォルガイル,54.0,長浜鴻緒,1:50.5,1/2,20.5,7.0,[東] 加藤和宏,2021101164,202402010406,3歳未勝利｜2024年6月16日 | 競馬データベース - netkeiba,2026-05-19T13:12:35.991140,牡,3,444.0,6.0,0,0,4.8,5.0,0.0,0.1724,0,4,0.0,0.0,0.0,0.1724,0.0
13.0,8,15,スカイレディ,52.0,小林勝太,1:50.7,1.1/4,37.3,13.0,[東] 宮田敬介,2021110024,202402010406,3歳未勝利｜2024年6月16日 | 競馬データベース - netkeiba,2026-05-19T13:12:35.991140,牝,3,486.0,0.0,0,0,8.8,9.33,42.0,0.102,0,8,42.0,42.0,42.0,0.102,42.0
14.0,3,5,ペアスリール,55.0,黛弘人,1:51.0,1.3/4,182.1,15.0,[東] 青木孝文,2021102313,202402010406,3歳未勝利｜2024年6月16日 | 競馬データベース - netkeiba,2026-05-19T13:12:35.991140,牝,3,434.0,-8.0,0,0,13.0,13.0,36.2,0.0714,0,14,36.2,36.2,36.2,0.0714,36.2
15.0,7,14,キツネノヨメイリ,55.0,佐々木大,1:51.0,クビ,21.8,8.0,[東] 上原佑紀,2021110094,202402010406,3歳未勝利｜2024年6月16日 | 競馬データベース - netkeiba,2026-05-19T13:12:35.991140,牝,3,484.0,6.0,0,0,8.8,9.67,39.4,0.102,0,15,39.4,39.4,39.4,0.102,39.4
16.0,5,10,キガタレイ,55.0,横山和生,1:51.8,5,19.5,6.0,[東] 竹内正洋,2021104386,202402010406,3歳未勝利｜2024年6月16日 | 競馬データベース - netkeiba,2026-05-19T13:12:35.991140,牝,3,482.0,8.0,0,0,6.0,7.0,40.4,0.1429,0,9,40.4,40.4,40.4,0.1429,40.4
1.0,7,12,ミッキーマカロン,56.0,菱田裕二,1:45.3,,29.2,9.0,[西] 大久保龍,2020103403,202402010407,3歳以上1勝クラス｜2024年6月16日 | 競馬データベース - netkeiba,2026-05-19T13:13:21.854203,牝,4,442.0,12.0,1,1,8.8,11.33,38.84,0.102,0,7,38.84,38.84,38.84,0.102,38.84
2.0,7,11,ウェイトゥゴー,53.0,横山和生,1:45.3,クビ,17.8,7.0,[西] 須貝尚介,2021104413,202402010407,3歳以上1勝クラス｜2024年6月16日 | 競馬データベース - netkeiba,2026-05-19T13:13:21.854203,牝,3,462.0,-2.0,0,1,4.8,2.33,35.54,0.1724,0,2,35.54,35.54,35.54,0.1724,35.54
3.0,4,5,ランスノーブル,56.0,大野拓弥,1:45.9,3.1/2,3.2,1.0,[東] 上原博之,2020101250,202402010407,3歳以上1勝クラス｜2024年6月16日 | 競馬データベース - netkeiba,2026-05-19T13:13:21.854203,牝,4,468.0,8.0,0,1,3.4,3.33,38.06,0.2273,0,4,38.06,38.06,38.06,0.2273,38.06
4.0,1,1,アイスリンディ,53.0,亀田温心,1:46.0,3/4,72.5,13.0,[西] 高柳大輔,2021103575,202402010407,3歳以上1勝クラス｜2024年6月16日 | 競馬データベース - netkeiba,2026-05-19T13:13:21.854203,牝,3,448.0,6.0,0,0,6.0,3.33,37.36,0.1429,0,1,37.36,37.36,37.36,0.1429,37.36
5.0,8,14,チャプリ,56.0,藤岡佑介,1:46.2,3/4,13.0,6.0,[東] 高木登,2019102438,202402010407,3歳以上1勝クラス｜2024年6月16日 | 競馬データベース - netkeiba,2026-05-19T13:13:21.854203,牝,5,474.0,16.0,0,0,2.6,3.33,38.92,0.2778,0,1,38.92,38.92,38.92,0.2778,38.92
6.0,5,8,モデルハント,52.0,角田大河,1:46.3,3/4,4.0,2.0,[東] 武藤善則,2021103912,202402010407,3歳以上1勝クラス｜2024年6月16日 | 競馬データベース - netkeiba,2026-05-19T13:13:21.854203,牝,3,442.0,4.0,0,0,8.2,6.67,39.66,0.1087,0,9,39.66,39.66,39.66,0.1087,39.66
7.0,3,3,レーヴドレフォン,50.0,川端海翼,1:46.4,クビ,11.8,5.0,[西] 矢作芳人,2021105895,202402010407,3歳以上1勝クラス｜2024年6月16日 | 競馬データベース - netkeiba,2026-05-19T13:13:21.854203,牝,3,474.0,18.0,0,0,6.6,6.67,38.36,0.1316,0,7,38.36,38.36,38.36,0.1316,38.36
8.0,8,13,イモータルフェイム,56.0,丹内祐次,1:46.4,クビ,5.7,3.0,[東] 鹿戸雄一,2019104486,202402010407,3歳以上1勝クラス｜2024年6月16日 | 競馬データベース - netkeiba,2026-05-19T13:13:21.854203,牝,5,488.0,-10.0,0,0,9.8,10.0,38.6,0.0926,0,15,38.6,38.6,38.6,0.0926,38.6
9.0,3,4,ビップレーヌ,53.0,横山武史,1:46.6,1.1/4,6.9,4.0,[東] 高柳瑞樹,2021100886,202402010407,3歳以上1勝クラス｜2024年6月16日 | 競馬データベース - netkeiba,2026-05-19T13:13:21.854203,牝,3,468.0,4.0,0,0,9.0,8.0,40.3,0.1,0,9,40.3,40.3,40.3,0.1,40.3
10.0,5,7,タマモネモフィラ,53.0,高杉吏麒,1:46.9,2,47.5,10.0,[西] 大橋勇樹,2020103991,202402010407,3歳以上1勝クラス｜2024年6月16日 | 競馬データベース - netkeiba,2026-05-19T13:13:21.854203,牝,4,478.0,10.0,0,0,8.4,8.33,37.94,0.1064,0,9,37.94,37.94,37.94,0.1064,37.94
11.0,4,6,サンマルリアン,56.0,古川吉洋,1:47.5,3.1/2,134.2,14.0,[東] 土田稔,2020101086,202402010407,3歳以上1勝クラス｜2024年6月16日 | 競馬データベース - netkeiba,2026-05-19T13:13:21.854203,牝,4,440.0,-4.0,0,0,11.4,10.67,38.6,0.0806,0,9,38.6,38.6,38.6,0.0806,38.6
12.0,6,9,リキサンハート,56.0,黛弘人,1:48.2,4,64.5,12.0,[東] 奥平雅士,2018102813,202402010407,3歳以上1勝クラス｜2024年6月16日 | 競馬データベース - netkeiba,2026-05-19T13:13:21.854203,牝,6,508.0,-4.0,0,0,8.8,8.0,38.62,0.102,0,13,38.62,38.62,38.62,0.102,38.62
13.0,2,2,セラドナイト,52.0,小林美駒,1:49.0,5,53.1,11.0,[東] 木村哲也,2020103455,202402010407,3歳以上1勝クラス｜2024年6月16日 | 競馬データベース - netkeiba,2026-05-19T13:13:21.854203,牝,4,452.0,6.0,0,0,12.4,13.33,38.72,0.0746,0,13,38.72,38.72,38.72,0.0746,38.72
14.0,6,10,イーストウィッチ,50.0,小林勝太,1:49.3,1.3/4,18.0,8.0,[東] 蛯名正義,2021105406,202402010407,3歳以上1勝クラス｜2024年6月16日 | 競馬データベース - netkeiba,2026-05-19T13:13:21.854203,牝,3,456.0,12.0,0,0,9.6,11.67,40.46,0.0943,0,14,40.46,40.46,40.46,0.0943,40.46
1.0,8,13,スイミーユニバンス,52.0,小林美駒,1:08.8,,21.9,6.0,[西] 平田修,2020103632,202402010408,3歳以上1勝クラス｜2024年6月16日 | 競馬データベース - netkeiba,2026-05-19T13:14:01.332325,牝,4,442.0,22.0,1,1,9.2,9.67,34.1,0.098,0,16,34.1,34.1,34.1,0.098,34.1
2.0,5,7,ジョーメッドヴィン,55.0,佐々木大,1:08.9,1/2,4.4,3.0,[西] 清水久詞,2021100522,202402010408,3歳以上1勝クラス｜2024年6月16日 | 競馬データベース - netkeiba,2026-05-19T13:14:01.332325,牡,3,498.0,-2.0,0,1,6.4,7.33,33.9,0.1351,0,3,33.9,33.9,33.9,0.1351,33.9
3.0,5,8,ホークレア,53.0,横山武史,1:08.9,クビ,2.6,1.0,[東] 尾関知人,2021100198,202402010408,3歳以上1勝クラス｜2024年6月16日 | 競馬データベース - netkeiba,2026-05-19T13:14:01.332325,牝,3,442.0,0.0,0,1,12.6,14.67,34.42,0.0735,0,13,34.42,34.42,34.42,0.0735,34.42
4.0,6,9,ゴーインマイウェイ,55.0,武豊,1:09.0,1/2,4.4,2.0,[東] 矢野英一,2021103039,202402010408,3歳以上1勝クラス｜2024年6月16日 | 競馬データベース - netkeiba,2026-05-19T13:14:01.332325,牡,3,472.0,4.0,0,0,2.75,4.0,34.5,0.2667,0,4,34.5,34.5,34.5,0.2667,34.5
5.0,7,12,カフェクロニクル,58.0,菱田裕二,1:09.0,クビ,26.7,8.0,[東] 堀宣行,2019106183,202402010408,3歳以上1勝クラス｜2024年6月16日 | 競馬データベース - netkeiba,2026-05-19T13:14:01.332325,牡,5,458.0,0.0,0,0,8.4,8.67,34.66,0.1064,0,14,34.66,34.66,34.66,0.1064,34.66
6.0,1,1,ワンリオン,55.0,長浜鴻緒,1:09.1,アタマ,26.0,7.0,[西] 北出成人,2019101446,202402010408,3歳以上1勝クラス｜2024年6月16日 | 競馬データベース - netkeiba,2026-05-19T13:14:01.332325,牡,5,482.0,-6.0,0,0,5.8,6.0,40.88,0.1471,0,8,40.88,40.88,40.88,0.1471,40.88
7.0,3,3,フリントロック,53.0,小林勝太,1:09.1,クビ,65.3,13.0,[東] 菊沢隆徳,2020103844,202402010408,3歳以上1勝クラス｜2024年6月16日 | 競馬データベース - netkeiba,2026-05-19T13:14:01.332325,牝,4,434.0,4.0,0,0,6.2,8.33,41.44,0.1389,0,11,41.44,41.44,41.44,0.1389,41.44
8.0,4,6,アコルダール,56.0,丹内祐次,1:09.4,1.1/2,62.7,12.0,[西] 西園翔太,2018106145,202402010408,3歳以上1勝クラス｜2024年6月16日 | 競馬データベース - netkeiba,2026-05-19T13:14:01.332325,牝,6,466.0,6.0,0,0,6.6,5.67,34.6,0.1316,0,13,34.6,34.6,34.6,0.1316,34.6
9.0,3,4,イコノスタシス,56.0,藤岡佑介,1:09.4,クビ,7.5,4.0,[東] 古賀慎明,2020103530,202402010408,3歳以上1勝クラス｜2024年6月16日 | 競馬データベース - netkeiba,2026-05-19T13:14:01.332325,牝,4,486.0,-4.0,0,0,6.6,7.67,34.42,0.1316,0,14,34.42,34.42,34.42,0.1316,34.42
10.0,7,11,ハピアーザンエバー,55.0,黛弘人,1:09.5,1/2,40.7,10.0,[西] 羽月友彦,2021106854,202402010408,3歳以上1勝クラス｜2024年6月16日 | 競馬データベース - netkeiba,2026-05-19T13:14:01.332325,牡,3,446.0,14.0,0,0,10.4,10.33,34.78,0.0877,0,11,34.78,34.78,34.78,0.0877,34.78
11.0,2,2,ノボリショウリュウ,54.0,角田大河,1:09.7,1.1/4,53.6,11.0,[西] 石橋守,2021102718,202402010408,3歳以上1勝クラス｜2024年6月16日 | 競馬データベース - netkeiba,2026-05-19T13:14:01.332325,牡,3,456.0,4.0,0,0,5.2,3.33,35.48,0.1613,0,3,35.48,35.48,35.48,0.1613,35.48
12.0,6,10,アフトクラーティラ,56.0,横山和生,1:09.7,アタマ,19.4,5.0,[東] 上原佑紀,2020102592,202402010408,3歳以上1勝クラス｜2024年6月16日 | 競馬データベース - netkeiba,2026-05-19T13:14:01.332325,牝,4,490.0,10.0,0,0,6.0,5.33,36.46,0.1429,0,8,36.46,36.46,36.46,0.1429,36.46
13.0,4,5,メージャーテソーロ,58.0,鮫島克駿,1:09.7,クビ,97.1,14.0,[東] 畠山吉宏,2020100342,202402010408,3歳以上1勝クラス｜2024年6月16日 | 競馬データベース - netkeiba,2026-05-19T13:14:01.332325,牡,4,436.0,-2.0,0,0,4.2,6.0,40.0,0.1923,0,1,40.0,40.0,40.0,0.1923,40.0
14.0,8,14,テーオーヴァイナー,55.0,高杉吏麒,1:09.8,クビ,33.9,9.0,[西] 藤岡健一,2020102321,202402010408,3歳以上1勝クラス｜2024年6月16日 | 競馬データベース - netkeiba,2026-05-19T13:14:01.332325,牡,4,510.0,-6.0,0,0,11.4,11.67,36.44,0.0806,0,10,36.44,36.44,36.44,0.0806,36.44
1.0,8,9,ジャスティンアース,55.0,鮫島克駿,1:48.1,,2.0,1.0,[西] 杉山晴紀,2021103282,202402010409,八雲特別｜2024年6月16日 | 競馬データベース - netkeiba,2026-05-19T13:14:27.790662,牡,3,472.0,-8.0,1,1,5.4,4.0,35.34,0.1562,0,6,35.34,35.34,35.34,0.1562,35.34
2.0,3,3,ブルーアイドガール,53.0,丹内祐次,1:48.2,1/2,6.8,4.0,[西] 吉岡辰弥,2021104998,202402010409,八雲特別｜2024年6月16日 | 競馬データベース - netkeiba,2026-05-19T13:14:27.790662,牝,3,438.0,12.0,0,1,1.6,1.33,34.42,0.3846,0,1,34.42,34.42,34.42,0.3846,34.42
2.0,8,10,ボーモンド,55.0,横山武史,1:48.2,同着,6.7,3.0,[東] 国枝栄,2021105777,202402010409,八雲特別｜2024年6月16日 | 競馬データベース - netkeiba,2026-05-19T13:14:27.790662,牡,3,482.0,-2.0,0,1,0.0,0.0,0.0,0.0,0,0,0.0,0.0,0.0,0.0,0.0
4.0,1,1,トゥルーサクセサー,55.0,藤岡佑介,1:48.7,3.1/2,4.4,2.0,[東] 高木登,2021103537,202402010409,八雲特別｜2024年6月16日 | 競馬データベース - netkeiba,2026-05-19T13:14:27.790662,牡,3,464.0,-4.0,0,0,4.0,4.33,34.46,0.2,0,4,34.46,34.46,34.46,0.2,34.46
5.0,2,2,ユメハハテシナク,58.0,佐々木大,1:48.9,1.1/4,23.3,7.0,[西] 石坂公一,2020106399,202402010409,八雲特別｜2024年6月16日 | 競馬データベース - netkeiba,2026-05-19T13:14:27.790662,牡,4,482.0,-6.0,0,0,9.8,10.0,36.46,0.0926,0,8,36.46,36.46,36.46,0.0926,36.46
5.0,7,7,ガジュノリ,53.0,永野猛蔵,1:48.9,同着,16.7,6.0,[東] 尾形和幸,2021101724,202402010409,八雲特別｜2024年6月16日 | 競馬データベース - netkeiba,2026-05-19T13:14:27.790662,牝,3,468.0,6.0,0,0,6.6,6.33,34.74,0.1316,0,2,34.74,34.74,34.74,0.1316,34.74
7.0,6,6,ノレッジビューティ,56.0,横山和生,1:49.1,1.1/4,12.9,5.0,[西] 上村洋行,2020102323,202402010409,八雲特別｜2024年6月16日 | 競馬データベース - netkeiba,2026-05-19T13:14:27.790662,牝,4,458.0,8.0,0,0,7.0,5.67,35.58,0.125,0,7,35.58,35.58,35.58,0.125,35.58
8.0,7,8,セレスト,55.0,川端海翼,1:49.3,1,64.4,9.0,[西] 羽月友彦,2021102615,202402010409,八雲特別｜2024年6月16日 | 競馬データベース - netkeiba,2026-05-19T13:14:27.790662,牡,3,432.0,6.0,0,0,5.0,4.0,39.38,0.1667,0,4,39.38,39.38,39.38,0.1667,39.38
9.0,4,4,シエロエスティーボ,58.0,小林勝太,1:49.3,クビ,39.5,8.0,[東] 小手川準,2020101122,202402010409,八雲特別｜2024年6月16日 | 競馬データベース - netkeiba,2026-05-19T13:14:27.790662,牡,4,498.0,4.0,0,0,8.6,8.0,35.5,0.1042,0,4,35.5,35.5,35.5,0.1042,35.5
10.0,5,5,ポワンキュルミナン,58.0,菱田裕二,1:49.3,クビ,66.7,10.0,[西] 岡田稲男,2020102955,202402010409,八雲特別｜2024年6月16日 | 競馬データベース - netkeiba,2026-05-19T13:14:27.790662,牡,4,426.0,-2.0,0,0,9.6,8.0,38.1,0.0943,0,4,38.1,38.1,38.1,0.0943,38.1
1.0,1,1,ヒドゥンキング,58.0,黛弘人,1:45.1,,25.4,8.0,[東] 伊藤大士,2019106716,202402010410,檜山特別｜2024年6月16日 | 競馬データベース - netkeiba,2026-05-19T13:14:58.204169,牡,5,462.0,0.0,1,1,4.8,6.67,37.6,0.1724,0,1,37.6,37.6,37.6,0.1724,37.6
2.0,5,5,アレクサ,58.0,秋山稔樹,1:45.1,ハナ,22.8,7.0,[東] 斎藤誠,2020100189,202402010410,檜山特別｜2024年6月16日 | 競馬データベース - netkeiba,2026-05-19T13:14:58.204169,牡,4,500.0,0.0,0,1,9.4,9.67,40.18,0.0962,0,12,40.18,40.18,40.18,0.0962,40.18
3.0,7,9,スズカマジェスタ,58.0,佐々木大,1:45.2,クビ,14.0,6.0,[西] 須貝尚介,2019103824,202402010410,檜山特別｜2024年6月16日 | 競馬データベース - netkeiba,2026-05-19T13:14:58.204169,牡,5,438.0,0.0,0,1,5.75,5.5,37.6,0.1481,0,5,37.6,37.6,37.6,0.1481,37.6
4.0,2,2,メリタテス,56.0,菱田裕二,1:45.2,ハナ,6.1,4.0,[西] 矢作芳人,2020110076,202402010410,檜山特別｜2024年6月16日 | 競馬データベース - netkeiba,2026-05-19T13:14:58.204169,牝,4,432.0,-6.0,0,0,5.4,2.67,39.12,0.1562,0,3,39.12,39.12,39.12,0.1562,39.12
5.0,7,8,ラファドゥラ,56.0,丹内祐次,1:45.3,1,3.1,1.0,[東] 小島茂之,2020103672,202402010410,檜山特別｜2024年6月16日 | 競馬データベース - netkeiba,2026-05-19T13:14:58.204169,牝,4,482.0,-2.0,0,0,5.4,7.33,34.56,0.1562,0,10,34.56,34.56,34.56,0.1562,34.56
6.0,4,4,モンドプリューム,58.0,横山和生,1:45.6,1.3/4,7.5,5.0,[東] 水野貴広,2020103876,202402010410,檜山特別｜2024年6月16日 | 競馬データベース - netkeiba,2026-05-19T13:14:58.204169,牡,4,500.0,16.0,0,0,4.4,3.0,36.66,0.1852,0,7,36.66,36.66,36.66,0.1852,36.66
7.0,8,11,コパノアントニオ,55.0,高杉吏麒,1:45.8,3/4,4.3,2.0,[西] 梅田智之,2021103125,202402010410,檜山特別｜2024年6月16日 | 競馬データベース - netkeiba,2026-05-19T13:14:58.204169,牡,3,464.0,-6.0,0,0,6.8,5.33,38.68,0.1282,0,6,38.68,38.68,38.68,0.1282,38.68
8.0,3,3,タケルペガサス,58.0,武豊,1:46.0,1.1/4,5.7,3.0,[東] 加藤征弘,2018103278,202402010410,檜山特別｜2024年6月16日 | 競馬データベース - netkeiba,2026-05-19T13:14:58.204169,牡,6,492.0,4.0,0,0,9.0,11.0,38.74,0.1,0,14,38.74,38.74,38.74,0.1,38.74
9.0,6,6,タシロ,58.0,永野猛蔵,1:46.0,クビ,42.8,10.0,[東] 伊藤大士,2017104262,202402010410,檜山特別｜2024年6月16日 | 競馬データベース - netkeiba,2026-05-19T13:14:58.204169,牡,7,528.0,-6.0,0,0,4.4,6.67,40.52,0.1852,0,7,40.52,40.52,40.52,0.1852,40.52
10.0,8,10,グッドグロウス,58.0,古川吉洋,1:48.0,大,27.1,9.0,[西] 大根田裕,2019105915,202402010410,檜山特別｜2024年6月16日 | 競馬データベース - netkeiba,2026-05-19T13:14:58.204169,牡,5,470.0,-12.0,0,0,3.25,5.0,38.9,0.2353,0,4,38.9,38.9,38.9,0.2353,38.9
11.0,6,7,メジャークオリティ,58.0,鮫島克駿,1:48.4,2,44.9,11.0,[西] 西園正都,2019104913,202402010410,檜山特別｜2024年6月16日 | 競馬データベース - netkeiba,2026-05-19T13:14:58.204169,牡,5,488.0,-2.0,0,0,6.25,4.5,41.48,0.1379,0,7,41.48,41.48,41.48,0.1379,41.48
1.0,3,6,マメコ,53.0,永野猛蔵,1:08.8,,21.6,10.0,[西] 武英智,2019102240,202402010411,UHB杯｜2024年6月16日 | 競馬データベース - netkeiba,2026-05-19T13:15:08.033104,牝,5,460.0,0.0,1,1,12.2,14.0,35.4,0.0758,0,10,35.4,35.4,35.4,0.0758,35.4
2.0,2,3,エイシンエイト,55.0,大野拓弥,1:08.9,1/2,10.1,4.0,[東] 田中剛,2020100443,202402010411,UHB杯｜2024年6月16日 | 競馬データベース - netkeiba,2026-05-19T13:15:08.033104,牝,4,492.0,2.0,0,1,0.0,0.0,0.0,0.0,0,0,0.0,0.0,0.0,0.0,0.0
3.0,3,5,ドーバーホーク,57.0,横山武史,1:09.0,1/2,6.9,3.0,[東] 清水英克,2020105365,202402010411,UHB杯｜2024年6月16日 | 競馬データベース - netkeiba,2026-05-19T13:15:08.033104,牡,4,480.0,0.0,0,1,8.2,5.67,35.33,0.1087,0,3,35.33,35.33,35.33,0.1087,35.33
4.0,2,4,アドヴァイス,53.0,松岡正海,1:09.0,クビ,23.6,11.0,[西] 中村直也,2019102041,202402010411,UHB杯｜2024年6月16日 | 競馬データベース - netkeiba,2026-05-19T13:15:08.033104,牝,5,502.0,18.0,0,0,8.8,8.0,35.84,0.102,0,5,35.84,35.84,35.84,0.102,35.84
5.0,7,13,オードゥメール,54.0,藤岡佑介,1:09.0,ハナ,10.7,5.0,[東] 斎藤誠,2019103010,202402010411,UHB杯｜2024年6月16日 | 競馬データベース - netkeiba,2026-05-19T13:15:08.033104,牝,5,482.0,0.0,0,0,8.8,5.67,34.22,0.102,0,1,34.22,34.22,34.22,0.102,34.22
6.0,1,1,サトノグレイト,55.0,池添謙一,1:09.1,クビ,14.2,7.0,[西] 中竹和也,2020102971,202402010411,UHB杯｜2024年6月16日 | 競馬データベース - netkeiba,2026-05-19T13:15:08.033104,セ,4,488.0,-4.0,0,0,11.8,14.67,36.9,0.0781,0,18,36.9,36.9,36.9,0.0781,36.9
7.0,5,9,スカイロケット,55.0,佐々木大,1:09.2,1/2,11.5,6.0,[西] 須貝尚介,2020103482,202402010411,UHB杯｜2024年6月16日 | 競馬データベース - netkeiba,2026-05-19T13:15:08.033104,牡,4,436.0,6.0,0,0,7.8,8.33,33.78,0.1136,0,7,33.78,33.78,33.78,0.1136,33.78
8.0,5,10,ドナベティ,52.0,丹内祐次,1:09.2,ハナ,4.3,2.0,[西] 矢作芳人,2021100210,202402010411,UHB杯｜2024年6月16日 | 競馬データベース - netkeiba,2026-05-19T13:15:08.033104,牝,3,424.0,4.0,0,0,0.0,0.0,0.0,0.0,0,0,0.0,0.0,0.0,0.0,0.0
9.0,1,2,サニーオーシャン,54.0,小林勝太,1:09.2,ハナ,131.6,15.0,[東] 杉浦宏昭,2018103296,202402010411,UHB杯｜2024年6月16日 | 競馬データベース - netkeiba,2026-05-19T13:15:08.033104,セ,6,448.0,-2.0,0,0,4.5,3.33,0.0,0.1818,0,4,0.0,0.0,0.0,0.1818,0.0
10.0,4,8,ブッシュガーデン,55.0,黛弘人,1:09.3,1/2,20.8,9.0,[東] 武井亮,2019109094,202402010411,UHB杯｜2024年6月16日 | 競馬データベース - netkeiba,2026-05-19T13:15:08.033104,牝,5,464.0,0.0,0,0,8.2,6.0,34.68,0.1087,0,9,34.68,34.68,34.68,0.1087,34.68
11.0,7,14,ジャスティンエース,55.0,鮫島克駿,1:09.3,ハナ,46.5,14.0,[西] 杉山晴紀,2019105146,202402010411,UHB杯｜2024年6月16日 | 競馬データベース - netkeiba,2026-05-19T13:15:08.033104,牡,5,470.0,-2.0,0,0,0.0,0.0,0.0,0.0,0,0,0.0,0.0,0.0,0.0,0.0
12.0,6,12,タツリュウオー,54.0,古川吉洋,1:09.4,3/4,42.2,13.0,[西] 藤野健太,2018102649,202402010411,UHB杯｜2024年6月16日 | 競馬データベース - netkeiba,2026-05-19T13:15:08.033104,牝,6,470.0,2.0,0,0,9.6,12.0,34.46,0.0943,0,12,34.46,34.46,34.46,0.0943,34.46
13.0,8,16,プライムライン,55.0,菱田裕二,1:09.4,ハナ,40.0,12.0,[西] 田中克典,2017100403,202402010411,UHB杯｜2024年6月16日 | 競馬データベース - netkeiba,2026-05-19T13:15:08.033104,セ,7,446.0,-18.0,0,0,2.6,3.67,40.36,0.2778,0,4,40.36,40.36,40.36,0.2778,40.36
14.0,4,7,エコロレジーナ,55.0,横山和生,1:09.6,1.1/4,18.7,8.0,[東] 菊沢隆徳,2020101262,202402010411,UHB杯｜2024年6月16日 | 競馬データベース - netkeiba,2026-05-19T13:15:08.033104,牝,4,488.0,-6.0,0,0,9.4,13.33,33.16,0.0962,0,13,33.16,33.16,33.16,0.0962,33.16
15.0,6,11,ラキエータ,55.0,武豊,1:09.6,ハナ,3.9,1.0,[西] 音無秀孝,2019104525,202402010411,UHB杯｜2024年6月16日 | 競馬データベース - netkeiba,2026-05-19T13:15:08.033104,牝,5,432.0,-4.0,0,0,7.8,6.67,34.18,0.1136,0,6,34.18,34.18,34.18,0.1136,34.18
16.0,8,15,トーセンアラン,53.0,今村聖奈,1:10.1,3,134.8,16.0,[西] 池江泰寿,2018104894,202402010411,UHB杯｜2024年6月16日 | 競馬データベース - netkeiba,2026-05-19T13:15:08.033104,牡,6,534.0,4.0,0,0,14.0,15.0,37.64,0.0667,0,16,37.64,37.64,37.64,0.0667,37.64
1.0,8,14,ポエットリー,53.0,鮫島克駿,1:09.1,,2.8,1.0,[西] 平田修,2021105202,202402010412,3歳以上1勝クラス｜2024年6月16日 | 競馬データベース - netkeiba,2026-05-19T13:15:52.547871,牝,3,470.0,12.0,1,1,8.2,8.0,34.16,0.1087,0,15,34.16,34.16,34.16,0.1087,34.16
2.0,3,3,ラリベラ,56.0,菱田裕二,1:09.1,クビ,60.7,12.0,[西] 藤野健太,2019105533,202402010412,3歳以上1勝クラス｜2024年6月16日 | 競馬データベース - netkeiba,2026-05-19T13:15:52.547871,牝,5,470.0,-2.0,0,1,10.4,13.0,37.04,0.0877,0,17,37.04,37.04,37.04,0.0877,37.04
3.0,7,12,スミレファースト,53.0,横山武史,1:09.2,クビ,6.4,3.0,[東] 加藤征弘,2021105619,202402010412,3歳以上1勝クラス｜2024年6月16日 | 競馬データベース - netkeiba,2026-05-19T13:15:52.547871,牝,3,452.0,2.0,0,1,8.8,12.67,37.1,0.102,0,12,37.1,37.1,37.1,0.102,37.1
4.0,6,9,ビッグパレード,53.0,長浜鴻緒,1:09.3,1,142.4,13.0,[東] 伊藤大士,2019101765,202402010412,3歳以上1勝クラス｜2024年6月16日 | 競馬データベース - netkeiba,2026-05-19T13:15:52.547871,牝,5,506.0,-2.0,0,0,10.4,15.0,35.14,0.0877,0,17,35.14,35.14,35.14,0.0877,35.14
5.0,5,8,タガノミア,56.0,武豊,1:09.4,1/2,4.6,2.0,[西] 河内洋,2019100548,202402010412,3歳以上1勝クラス｜2024年6月16日 | 競馬データベース - netkeiba,2026-05-19T13:15:52.547871,牝,5,456.0,-4.0,0,0,4.6,4.33,34.58,0.1786,0,4,34.58,34.58,34.58,0.1786,34.58
6.0,6,10,ディージェーサン,56.0,松岡正海,1:09.6,1,27.7,9.0,[東] 堀内岳志,2019103517,202402010412,3歳以上1勝クラス｜2024年6月16日 | 競馬データベース - netkeiba,2026-05-19T13:15:52.547871,牝,5,428.0,-6.0,0,0,11.6,13.0,38.3,0.0794,0,9,38.3,38.3,38.3,0.0794,38.3
7.0,2,2,セイウンティーダ,52.0,永野猛蔵,1:09.6,クビ,14.0,7.0,[東] 松山将樹,2021100243,202402010412,3歳以上1勝クラス｜2024年6月16日 | 競馬データベース - netkeiba,2026-05-19T13:15:52.547871,牝,3,418.0,0.0,0,0,9.8,10.67,35.32,0.0926,0,18,35.32,35.32,35.32,0.0926,35.32
8.0,7,11,ソングフォーユー,56.0,大野拓弥,1:09.8,1.1/4,178.1,14.0,[東] 上原博之,2019101133,202402010412,3歳以上1勝クラス｜2024年6月16日 | 競馬データベース - netkeiba,2026-05-19T13:15:52.547871,牝,5,456.0,0.0,0,0,0.0,0.0,0.0,0.0,0,0,0.0,0.0,0.0,0.0,0.0
9.0,3,4,レターマイハート,56.0,佐々木大,1:09.9,1/2,44.2,11.0,[東] 萩原清,2020106888,202402010412,3歳以上1勝クラス｜2024年6月16日 | 競馬データベース - netkeiba,2026-05-19T13:15:52.547871,牝,4,470.0,2.0,0,0,0.0,0.0,0.0,0.0,0,0,0.0,0.0,0.0,0.0,0.0
10.0,4,5,ハートホイップ,56.0,丹内祐次,1:09.9,アタマ,16.2,8.0,[東] 蛯名利弘,2019106179,202402010412,3歳以上1勝クラス｜2024年6月16日 | 競馬データベース - netkeiba,2026-05-19T13:15:52.547871,牝,5,492.0,2.0,0,0,0.0,0.0,0.0,0.0,0,0,0.0,0.0,0.0,0.0,0.0
11.0,1,1,シャインヴィーナス,50.0,小林美駒,1:10.0,クビ,13.3,6.0,[東] 伊坂重信,2021101279,202402010412,3歳以上1勝クラス｜2024年6月16日 | 競馬データベース - netkeiba,2026-05-19T13:15:52.547871,牝,3,444.0,12.0,0,0,0.0,0.0,0.0,0.0,0,0,0.0,0.0,0.0,0.0,0.0
12.0,5,7,コートリーバウ,53.0,池添謙一,1:10.2,1.1/2,38.1,10.0,[西] 池添学,2021105543,202402010412,3歳以上1勝クラス｜2024年6月16日 | 競馬データベース - netkeiba,2026-05-19T13:15:52.547871,牝,3,406.0,-2.0,0,0,0.0,0.0,0.0,0.0,0,0,0.0,0.0,0.0,0.0,0.0
13.0,4,6,サンディブロンド,50.0,小林勝太,1:10.4,1,7.7,4.0,[東] 田中博康,2021105821,202402010412,3歳以上1勝クラス｜2024年6月16日 | 競馬データベース - netkeiba,2026-05-19T13:15:52.547871,牝,3,472.0,6.0,0,0,0.0,0.0,0.0,0.0,0,0,0.0,0.0,0.0,0.0,0.0
14.0,8,13,ウィルダネス,53.0,藤岡佑介,1:11.0,3.1/2,12.4,5.0,[西] 野中賢二,2021102787,202402010412,3歳以上1勝クラス｜2024年6月16日 | 競馬データベース - netkeiba,2026-05-19T13:15:52.547871,牝,3,448.0,8.0,0,0,0.0,0.0,0.0,0.0,0,0,0.0,0.0,0.0,0.0,0.0
