finishing_position,frame_number,horse_number,horse_name,weight_carried,jockey,race_time,margin_raw,odds,favorite_rank,trainer,horse_id,race_id,race_title,scraped_at,sex,age,horse_weight,horse_weight_diff,target_win,target_place,avg_finish_last5,avg_finish_last3,avg_speed_index_last5,recent_form_score,rest_days,last_finish,speed_index,stamina_index,acceleration_index,consistency_index,closing_speed
1.0,1,1,ラパンチュール,55.0,武豊,1:11.2,,2.4,1.0,[東] 蛯名正義,2022107340,202402010901,2歳未勝利｜2024年7月6日 | 競馬データベース - netkeiba,2026-05-20T09:42:53.251122,牝,2,458.0,4.0,1,1,3.8,3.0,33.6,0.2083,0,4,33.6,33.6,33.6,0.2083,33.6
2.0,3,3,オンザブルースカイ,52.0,小林勝太,1:11.2,アタマ,3.8,3.0,[西] 谷潔,2022104163,202402010901,2歳未勝利｜2024年7月6日 | 競馬データベース - netkeiba,2026-05-20T09:42:53.251122,牡,2,454.0,-2.0,0,1,9.0,8.0,34.72,0.1,0,13,34.72,34.72,34.72,0.1,34.72
3.0,6,6,ティピティーナ,55.0,丹内祐次,1:11.4,1.1/2,3.1,2.0,[東] 林徹,2022105376,202402010901,2歳未勝利｜2024年7月6日 | 競馬データベース - netkeiba,2026-05-20T09:42:53.251122,牝,2,408.0,4.0,0,1,8.0,5.33,36.5,0.1111,0,2,36.5,36.5,36.5,0.1111,36.5
4.0,4,4,ブリッツアロング,55.0,大野拓弥,1:11.6,1,25.9,6.0,[東] 上原博之,2022102819,202402010901,2歳未勝利｜2024年7月6日 | 競馬データベース - netkeiba,2026-05-20T09:42:53.251122,牡,2,472.0,-2.0,0,0,11.4,10.0,37.76,0.0806,0,9,37.76,37.76,37.76,0.0806,37.76
5.0,2,2,カルミネイション,55.0,菱田裕二,1:11.6,ハナ,5.9,4.0,[西] 緒方努,2022103154,202402010901,2歳未勝利｜2024年7月6日 | 競馬データベース - netkeiba,2026-05-20T09:42:53.251122,牝,2,436.0,10.0,0,0,6.8,5.33,41.56,0.1282,0,8,41.56,41.56,41.56,0.1282,41.56
6.0,5,5,ディラードテソーロ,52.0,高杉吏麒,1:11.6,クビ,20.9,5.0,[東] 畠山吉宏,2022102273,202402010901,2歳未勝利｜2024年7月6日 | 競馬データベース - netkeiba,2026-05-20T09:42:53.251122,牡,2,432.0,6.0,0,0,9.6,12.67,36.7,0.0943,0,17,36.7,36.7,36.7,0.0943,36.7
7.0,7,7,サノノスウィフト,52.0,長浜鴻緒,1:13.0,8,87.6,7.0,[東] 蛯名利弘,2022102029,202402010901,2歳未勝利｜2024年7月6日 | 競馬データベース - netkeiba,2026-05-20T09:42:53.251122,牝,2,400.0,0.0,0,0,3.25,4.0,39.73,0.2353,0,7,39.73,39.73,39.73,0.2353,39.73
1.0,7,10,ニホンピロトッティ,55.0,菱田裕二,0:58.9,,15.9,6.0,[西] 緒方努,2021104210,202402010902,3歳未勝利｜2024年7月6日 | 競馬データベース - netkeiba,2026-05-20T09:43:17.762902,牝,3,400.0,4.0,1,1,6.8,8.33,36.92,0.1282,0,14,36.92,36.92,36.92,0.1282,36.92
2.0,1,1,タカラバディウス,52.0,小林勝太,0:59.2,2,111.6,10.0,[東] 堀内岳志,2021106376,202402010902,3歳未勝利｜2024年7月6日 | 競馬データベース - netkeiba,2026-05-20T09:43:17.762902,牝,3,420.0,-4.0,0,1,5.2,6.67,39.4,0.1613,0,9,39.4,39.4,39.4,0.1613,39.4
3.0,8,12,タイセイフォルテ,54.0,高杉吏麒,0:59.4,1.1/4,4.0,2.0,[西] 西村真幸,2021105345,202402010902,3歳未勝利｜2024年7月6日 | 競馬データベース - netkeiba,2026-05-20T09:43:17.762902,牡,3,486.0,0.0,0,1,4.4,4.33,38.46,0.1852,0,1,38.46,38.46,38.46,0.1852,38.46
4.0,6,7,ラントゥリーダンス,55.0,小林凌大,0:59.4,アタマ,8.3,4.0,[東] 石栗龍彦,2021102598,202402010902,3歳未勝利｜2024年7月6日 | 競馬データベース - netkeiba,2026-05-20T09:43:17.762902,牝,3,460.0,4.0,0,0,5.6,4.0,38.0,0.1515,0,3,38.0,38.0,38.0,0.1515,38.0
5.0,3,3,マーシャルテイル,57.0,鮫島克駿,1:00.1,4,21.8,7.0,[西] 池添学,2021105820,202402010902,3歳未勝利｜2024年7月6日 | 競馬データベース - netkeiba,2026-05-20T09:43:17.762902,牡,3,458.0,-8.0,0,0,0.0,0.0,0.0,0.0,0,0,0.0,0.0,0.0,0.0,0.0
6.0,6,8,モズマサニャン,57.0,岩田康誠,1:00.1,ハナ,5.5,3.0,[東] 加藤征弘,2021104627,202402010902,3歳未勝利｜2024年7月6日 | 競馬データベース - netkeiba,2026-05-20T09:43:17.762902,牡,3,450.0,-2.0,0,0,5.8,6.33,39.6,0.1471,0,7,39.6,39.6,39.6,0.1471,39.6
7.0,8,11,オーヴァーザトップ,57.0,黛弘人,1:00.5,2.1/2,94.1,9.0,[東] 伊藤伸一,2021107133,202402010902,3歳未勝利｜2024年7月6日 | 競馬データベース - netkeiba,2026-05-20T09:43:17.762902,牡,3,478.0,0.0,0,0,7.4,7.33,38.84,0.119,0,8,38.84,38.84,38.84,0.119,38.84
8.0,5,6,アルテミーナ,55.0,亀田温心,1:00.5,アタマ,258.3,12.0,[西] 村山明,2021104475,202402010902,3歳未勝利｜2024年7月6日 | 競馬データベース - netkeiba,2026-05-20T09:43:17.762902,牝,3,486.0,-2.0,0,0,5.5,7.5,36.75,0.1538,0,8,36.75,36.75,36.75,0.1538,36.75
9.0,2,2,ノブノリッキー,57.0,横山武史,1:00.6,1/2,2.3,1.0,[東] 中舘英二,2021104117,202402010902,3歳未勝利｜2024年7月6日 | 競馬データベース - netkeiba,2026-05-20T09:43:17.762902,牡,3,518.0,0.0,0,0,11.4,12.33,42.68,0.0806,0,14,42.68,42.68,42.68,0.0806,42.68
10.0,7,9,プラビータ,52.0,長浜鴻緒,1:00.6,ハナ,9.1,5.0,[東] 矢野英一,2021106008,202402010902,3歳未勝利｜2024年7月6日 | 競馬データベース - netkeiba,2026-05-20T09:43:17.762902,牝,3,490.0,2.0,0,0,0.0,0.0,0.0,0.0,0,0,0.0,0.0,0.0,0.0,0.0
11.0,5,5,ペプチドアーニャ,55.0,古川吉洋,1:00.8,1,29.6,8.0,[西] 畑端省吾,2021102732,202402010902,3歳未勝利｜2024年7月6日 | 競馬データベース - netkeiba,2026-05-20T09:43:17.762902,牝,3,412.0,0.0,0,0,4.2,2.67,40.46,0.1923,0,2,40.46,40.46,40.46,0.1923,40.46
12.0,4,4,カネトシテミス,52.0,川端海翼,1:01.8,6,158.7,11.0,[西] 大根田裕,2021106333,202402010902,3歳未勝利｜2024年7月6日 | 競馬データベース - netkeiba,2026-05-20T09:43:17.762902,牝,3,428.0,8.0,0,0,2.4,1.67,37.96,0.2941,0,1,37.96,37.96,37.96,0.2941,37.96
1.0,1,2,ルージュピルエット,55.0,菱田裕二,2:02.2,,8.7,3.0,[西] 大久保龍,2021105287,202402010903,3歳未勝利｜2024年7月6日 | 競馬データベース - netkeiba,2026-05-20T09:43:54.179267,牝,3,478.0,0.0,1,1,5.75,8.0,35.8,0.1481,0,7,35.8,35.8,35.8,0.1481,35.8
2.0,2,4,ディアアリーチェ,55.0,鮫島克駿,2:02.3,クビ,28.0,8.0,[西] 武幸四郎,2021105655,202402010903,3歳未勝利｜2024年7月6日 | 競馬データベース - netkeiba,2026-05-20T09:43:54.179267,牝,3,454.0,-2.0,0,1,7.6,4.67,36.94,0.1163,0,6,36.94,36.94,36.94,0.1163,36.94
3.0,4,8,スウィートリワード,55.0,武豊,2:02.4,3/4,1.8,1.0,[西] 宮本博,2021100415,202402010903,3歳未勝利｜2024年7月6日 | 競馬データベース - netkeiba,2026-05-20T09:43:54.179267,牝,3,456.0,2.0,0,1,9.2,10.0,35.54,0.098,0,6,35.54,35.54,35.54,0.098,35.54
4.0,7,14,アリーバ,55.0,浜中俊,2:02.5,1/2,33.0,10.0,[西] 田中克典,2021105390,202402010903,3歳未勝利｜2024年7月6日 | 競馬データベース - netkeiba,2026-05-20T09:43:54.179267,牝,3,418.0,-2.0,0,0,10.0,8.5,39.0,0.0909,0,5,39.0,39.0,39.0,0.0909,39.0
5.0,4,7,ルクスチェリー,54.0,角田大河,2:02.6,1/2,12.6,4.0,[西] 石橋守,2021103925,202402010903,3歳未勝利｜2024年7月6日 | 競馬データベース - netkeiba,2026-05-20T09:43:54.179267,牝,3,480.0,-2.0,0,0,5.0,4.67,39.18,0.1667,0,5,39.18,39.18,39.18,0.1667,39.18
6.0,7,13,レイピカケ,52.0,川端海翼,2:02.6,クビ,243.1,16.0,[西] 野中賢二,2021106904,202402010903,3歳未勝利｜2024年7月6日 | 競馬データベース - netkeiba,2026-05-20T09:43:54.179267,牝,3,454.0,-10.0,0,0,10.2,10.33,36.48,0.0893,0,10,36.48,36.48,36.48,0.0893,36.48
7.0,2,3,ベルベットハンマー,55.0,丸山元気,2:02.8,1,138.4,14.0,[東] 天間昭一,2021101473,202402010903,3歳未勝利｜2024年7月6日 | 競馬データベース - netkeiba,2026-05-20T09:43:54.179267,牝,3,438.0,6.0,0,0,5.8,4.0,39.84,0.1471,0,3,39.84,39.84,39.84,0.1471,39.84
8.0,5,10,ホウオウダイアン,55.0,大野拓弥,2:02.8,アタマ,17.0,5.0,[東] 高柳瑞樹,2021105988,202402010903,3歳未勝利｜2024年7月6日 | 競馬データベース - netkeiba,2026-05-20T09:43:54.179267,牝,3,412.0,0.0,0,0,4.0,4.5,39.78,0.2,0,5,39.78,39.78,39.78,0.2,39.78
9.0,6,11,ラインポーチュラカ,55.0,佐々木大,2:02.8,ハナ,5.5,2.0,[東] 蛯名正義,2021101308,202402010903,3歳未勝利｜2024年7月6日 | 競馬データベース - netkeiba,2026-05-20T09:43:54.179267,牝,3,500.0,-2.0,0,0,6.8,7.0,41.08,0.1282,0,9,41.08,41.08,41.08,0.1282,41.08
10.0,5,9,アミアン,55.0,岩田康誠,2:02.8,アタマ,41.0,12.0,[東] 鹿戸雄一,2021104881,202402010903,3歳未勝利｜2024年7月6日 | 競馬データベース - netkeiba,2026-05-20T09:43:54.179267,牝,3,418.0,4.0,0,0,8.8,8.33,40.64,0.102,0,8,40.64,40.64,40.64,0.102,40.64
11.0,8,16,リトルアイドル,52.0,小林勝太,2:03.1,1.1/2,192.9,15.0,[東] 加藤和宏,2021107209,202402010903,3歳未勝利｜2024年7月6日 | 競馬データベース - netkeiba,2026-05-20T09:43:54.179267,牝,3,374.0,2.0,0,0,7.2,8.33,39.08,0.122,0,7,39.08,39.08,39.08,0.122,39.08
12.0,1,1,ティラージュ,55.0,富田暁,2:03.1,アタマ,43.7,13.0,[西] 野中賢二,2021100645,202402010903,3歳未勝利｜2024年7月6日 | 競馬データベース - netkeiba,2026-05-20T09:43:54.179267,牝,3,466.0,2.0,0,0,5.8,8.0,41.3,0.1471,0,10,41.3,41.3,41.3,0.1471,41.3
13.0,3,5,スターシャワー,55.0,永野猛蔵,2:03.2,1/2,41.0,11.0,[東] 古賀慎明,2021102890,202402010903,3歳未勝利｜2024年7月6日 | 競馬データベース - netkeiba,2026-05-20T09:43:54.179267,牝,3,492.0,2.0,0,0,4.75,5.0,39.67,0.1739,0,4,39.67,39.67,39.67,0.1739,39.67
14.0,3,6,ダークファンタジー,55.0,横山和生,2:03.2,アタマ,21.0,6.0,[西] 須貝尚介,2021105171,202402010903,3歳未勝利｜2024年7月6日 | 競馬データベース - netkeiba,2026-05-20T09:43:54.179267,牝,3,410.0,0.0,0,0,5.6,7.33,40.56,0.1515,0,9,40.56,40.56,40.56,0.1515,40.56
15.0,6,12,ロールオブアームズ,55.0,丹内祐次,2:05.3,大,28.1,9.0,[東] 田村康仁,2021105813,202402010903,3歳未勝利｜2024年7月6日 | 競馬データベース - netkeiba,2026-05-20T09:43:54.179267,牝,3,484.0,6.0,0,0,8.4,10.0,36.66,0.1064,0,15,36.66,36.66,36.66,0.1064,36.66
16.0,8,15,セウタ,52.0,高杉吏麒,2:05.6,2,23.2,7.0,[西] 辻野泰之,2021105376,202402010903,3歳未勝利｜2024年7月6日 | 競馬データベース - netkeiba,2026-05-20T09:43:54.179267,牝,3,486.0,8.0,0,0,9.6,13.0,37.76,0.0943,0,16,37.76,37.76,37.76,0.0943,37.76
1.0,6,6,メイショウヘール,56.0,角田大河,1:45.9,,1.9,1.0,[西] 大橋勇樹,2021104622,202402010904,3歳未勝利｜2024年7月6日 | 競馬データベース - netkeiba,2026-05-20T09:44:44.859538,牡,3,480.0,4.0,1,1,6.4,7.33,37.9,0.1351,0,6,37.9,37.9,37.9,0.1351,37.9
2.0,8,10,イッツナッシング,55.0,丹内祐次,1:47.0,7,18.7,6.0,[東] 水野貴広,2021103040,202402010904,3歳未勝利｜2024年7月6日 | 競馬データベース - netkeiba,2026-05-20T09:44:44.859538,牝,3,420.0,4.0,0,1,4.2,4.0,39.86,0.1923,0,5,39.86,39.86,39.86,0.1923,39.86
3.0,4,4,オセアトップガン,57.0,岩田康誠,1:47.0,ハナ,5.6,3.0,[東] 加藤征弘,2021105722,202402010904,3歳未勝利｜2024年7月6日 | 競馬データベース - netkeiba,2026-05-20T09:44:44.859538,牡,3,500.0,0.0,0,1,6.0,6.33,40.6,0.1429,0,10,40.6,40.6,40.6,0.1429,40.6
4.0,8,11,サトノフォルテ,57.0,佐々木大,1:47.4,2.1/2,3.9,2.0,[東] 国枝栄,2021101402,202402010904,3歳未勝利｜2024年7月6日 | 競馬データベース - netkeiba,2026-05-20T09:44:44.859538,牡,3,488.0,-4.0,0,0,2.75,4.0,39.17,0.2667,0,2,39.17,39.17,39.17,0.2667,39.17
5.0,3,3,テイエムミステリー,57.0,富田暁,1:47.5,クビ,19.5,7.0,[西] 木原一良,2021102827,202402010904,3歳未勝利｜2024年7月6日 | 競馬データベース - netkeiba,2026-05-20T09:44:44.859538,牡,3,476.0,-4.0,0,0,7.0,7.33,39.78,0.125,0,12,39.78,39.78,39.78,0.125,39.78
6.0,2,2,ニースライト,55.0,永野猛蔵,1:47.7,1.1/2,27.0,8.0,[東] 粕谷昌央,2021102898,202402010904,3歳未勝利｜2024年7月6日 | 競馬データベース - netkeiba,2026-05-20T09:44:44.859538,牝,3,476.0,2.0,0,0,6.6,7.67,41.06,0.1316,0,9,41.06,41.06,41.06,0.1316,41.06
7.0,7,8,クリノタンザナイト,54.0,川端海翼,1:48.7,6,212.7,11.0,[西] 荒川義之,2021101227,202402010904,3歳未勝利｜2024年7月6日 | 競馬データベース - netkeiba,2026-05-20T09:44:44.859538,牡,3,456.0,2.0,0,0,8.6,5.33,39.44,0.1042,0,11,39.44,39.44,39.44,0.1042,39.44
8.0,6,7,ユイノサンバンカン,54.0,長浜鴻緒,1:48.9,1,28.6,9.0,[東] 深山雅史,2021102819,202402010904,3歳未勝利｜2024年7月6日 | 競馬データベース - netkeiba,2026-05-20T09:44:44.859538,牡,3,462.0,10.0,0,0,5.2,5.0,40.02,0.1613,0,5,40.02,40.02,40.02,0.1613,40.02
9.0,1,1,ワイワイサンデー,57.0,菱田裕二,1:49.8,5,18.0,4.0,[東] 岩戸孝樹,2021100746,202402010904,3歳未勝利｜2024年7月6日 | 競馬データベース - netkeiba,2026-05-20T09:44:44.859538,牡,3,472.0,4.0,0,0,4.6,4.33,39.52,0.1786,0,2,39.52,39.52,39.52,0.1786,39.52
10.0,5,5,ブリージョドラード,54.0,高杉吏麒,1:50.7,5,18.6,5.0,[西] 中内田充,2021104935,202402010904,3歳未勝利｜2024年7月6日 | 競馬データベース - netkeiba,2026-05-20T09:44:44.859538,牡,3,450.0,6.0,0,0,7.8,7.0,40.42,0.1136,0,6,40.42,40.42,40.42,0.1136,40.42
11.0,7,9,ライブリボイル,55.0,黛弘人,1:52.5,大,190.5,10.0,[西] 森田直行,2021104299,202402010904,3歳未勝利｜2024年7月6日 | 競馬データベース - netkeiba,2026-05-20T09:44:44.859538,牝,3,412.0,-6.0,0,0,8.4,9.0,38.38,0.1064,0,7,38.38,38.38,38.38,0.1064,38.38
1.0,4,4,ピコローズ,55.0,佐々木大,1:10.8,,8.0,5.0,[東] 伊藤大士,2022101765,202402010905,2歳新馬｜2024年7月6日 | 競馬データベース - netkeiba,2026-05-20T09:45:16.509208,牝,2,424.0,0.0,1,1,3.2,3.0,33.72,0.2381,0,6,33.72,33.72,33.72,0.2381,33.72
2.0,6,6,ルージュアマリア,55.0,永野猛蔵,1:11.0,1,5.5,4.0,[東] 黒岩陽一,2022105762,202402010905,2歳新馬｜2024年7月6日 | 競馬データベース - netkeiba,2026-05-20T09:45:16.509208,牝,2,404.0,0.0,0,1,5.2,6.0,39.8,0.1613,0,8,39.8,39.8,39.8,0.1613,39.8
3.0,3,3,アンジュアルディ,55.0,横山和生,1:11.0,1/2,3.1,1.0,[西] 昆貢,2022102954,202402010905,2歳新馬｜2024年7月6日 | 競馬データベース - netkeiba,2026-05-20T09:45:16.509208,牝,2,458.0,0.0,0,1,9.0,10.33,38.36,0.1,0,17,38.36,38.36,38.36,0.1,38.36
4.0,8,11,ベールドインパクト,55.0,武豊,1:11.1,クビ,4.8,2.0,[東] 小島茂之,2022103493,202402010905,2歳新馬｜2024年7月6日 | 競馬データベース - netkeiba,2026-05-20T09:45:16.509208,牡,2,442.0,0.0,0,0,7.2,6.67,37.12,0.122,0,7,37.12,37.12,37.12,0.122,37.12
5.0,6,7,モーニングスター,52.0,小林勝太,1:11.3,1.1/2,63.2,11.0,[東] 加藤和宏,2022106335,202402010905,2歳新馬｜2024年7月6日 | 競馬データベース - netkeiba,2026-05-20T09:45:16.509208,牝,2,422.0,0.0,0,0,10.8,12.33,40.78,0.0847,0,13,40.78,40.78,40.78,0.0847,40.78
6.0,8,10,トーケンサワー,55.0,丸山元気,1:11.4,1/2,35.7,9.0,[東] 根本康広,2022103128,202402010905,2歳新馬｜2024年7月6日 | 競馬データベース - netkeiba,2026-05-20T09:45:16.509208,牝,2,440.0,0.0,0,0,3.2,3.67,38.5,0.2381,0,4,38.5,38.5,38.5,0.2381,38.5
7.0,7,9,オイランブチ,55.0,藤岡佑介,1:11.6,1.1/4,5.1,3.0,[東] 的場均,2022103192,202402010905,2歳新馬｜2024年7月6日 | 競馬データベース - netkeiba,2026-05-20T09:45:16.509208,牝,2,434.0,0.0,0,0,6.6,7.67,43.96,0.1316,0,8,43.96,43.96,43.96,0.1316,43.96
8.0,5,5,ニシノヘリオトロプ,55.0,大野拓弥,1:11.9,2,53.4,10.0,[東] 杉浦宏昭,2022107204,202402010905,2歳新馬｜2024年7月6日 | 競馬データベース - netkeiba,2026-05-20T09:45:16.509208,牝,2,432.0,0.0,0,0,11.6,13.33,36.56,0.0794,0,15,36.56,36.56,36.56,0.0794,36.56
9.0,2,2,ファイアトリック,52.0,長浜鴻緒,1:12.0,3/4,29.6,8.0,[東] 伊坂重信,2022101067,202402010905,2歳新馬｜2024年7月6日 | 競馬データベース - netkeiba,2026-05-20T09:45:16.509208,牡,2,446.0,0.0,0,0,4.2,5.0,38.54,0.1923,0,7,38.54,38.54,38.54,0.1923,38.54
10.0,7,8,クールマーロウ,55.0,丹内祐次,1:12.2,1,13.6,6.0,[東] 矢野英一,2022100841,202402010905,2歳新馬｜2024年7月6日 | 競馬データベース - netkeiba,2026-05-20T09:45:16.509208,牡,2,428.0,0.0,0,0,4.8,4.67,41.06,0.1724,0,5,41.06,41.06,41.06,0.1724,41.06
11.0,1,1,エスパノーラ,55.0,菱田裕二,1:13.3,7,18.8,7.0,[東] 池上昌和,2022105675,202402010905,2歳新馬｜2024年7月6日 | 競馬データベース - netkeiba,2026-05-20T09:45:16.509208,牝,2,452.0,0.0,0,0,8.4,9.0,41.78,0.1064,0,11,41.78,41.78,41.78,0.1064,41.78
1.0,4,4,ミスガリレオアスク,55.0,北村友一,2:45.0,,3.8,2.0,[西] 矢作芳人,2021110016,202402010906,3歳未勝利｜2024年7月6日 | 競馬データベース - netkeiba,2026-05-20T09:45:48.840429,牝,3,432.0,0.0,1,1,3.6,5.0,35.9,0.2174,0,4,35.9,35.9,35.9,0.2174,35.9
2.0,6,7,アークドール,57.0,武豊,2:45.6,4,4.9,3.0,[西] 松永幹夫,2021110012,202402010906,3歳未勝利｜2024年7月6日 | 競馬データベース - netkeiba,2026-05-20T09:45:48.840429,牡,3,440.0,2.0,0,1,2.0,1.67,37.14,0.3333,0,1,37.14,37.14,37.14,0.3333,37.14
3.0,3,3,ダノンロッキー,57.0,横山武史,2:45.8,1.1/4,1.9,1.0,[東] 萩原清,2021105654,202402010906,3歳未勝利｜2024年7月6日 | 競馬データベース - netkeiba,2026-05-20T09:45:48.840429,牡,3,492.0,-4.0,0,1,3.4,3.0,0.0,0.2273,0,6,0.0,0.0,0.0,0.2273,0.0
4.0,6,8,ユーキャンドゥイッ,56.0,角田大河,2:46.0,1.1/4,99.4,9.0,[西] 池江泰寿,2021103527,202402010906,3歳未勝利｜2024年7月6日 | 競馬データベース - netkeiba,2026-05-20T09:45:48.840429,牡,3,462.0,-2.0,0,0,7.8,8.33,37.86,0.1136,0,1,37.86,37.86,37.86,0.1136,37.86
5.0,5,5,マイネルガンナー,57.0,佐々木大,2:46.0,アタマ,35.9,6.0,[東] 畠山吉宏,2021106775,202402010906,3歳未勝利｜2024年7月6日 | 競馬データベース - netkeiba,2026-05-20T09:45:48.840429,牡,3,462.0,-2.0,0,0,0.0,0.0,0.0,0.0,0,0,0.0,0.0,0.0,0.0,0.0
6.0,5,6,ポーラーシュテルン,55.0,丹内祐次,2:46.1,1/2,61.3,7.0,[東] 青木孝文,2021106822,202402010906,3歳未勝利｜2024年7月6日 | 競馬データベース - netkeiba,2026-05-20T09:45:48.840429,牝,3,490.0,0.0,0,0,9.2,9.0,40.82,0.098,0,10,40.82,40.82,40.82,0.098,40.82
7.0,8,11,シビックシャルル,57.0,菱田裕二,2:46.6,3,142.5,11.0,[西] 高橋義忠,2021102385,202402010906,3歳未勝利｜2024年7月6日 | 競馬データベース - netkeiba,2026-05-20T09:45:48.840429,牡,3,444.0,-4.0,0,0,2.6,2.33,41.2,0.2778,0,1,41.2,41.2,41.2,0.2778,41.2
8.0,8,12,ウインサマースノー,57.0,藤岡佑介,2:46.7,1/2,22.4,5.0,[西] 緒方努,2021106217,202402010906,3歳未勝利｜2024年7月6日 | 競馬データベース - netkeiba,2026-05-20T09:45:48.840429,牡,3,470.0,0.0,0,0,5.2,8.0,39.08,0.1613,0,11,39.08,39.08,39.08,0.1613,39.08
9.0,7,9,ジュンプラチナ,54.0,高杉吏麒,2:47.7,6,7.6,4.0,[東] 中舘英二,2021105590,202402010906,3歳未勝利｜2024年7月6日 | 競馬データベース - netkeiba,2026-05-20T09:45:48.840429,牡,3,476.0,-2.0,0,0,7.6,7.0,37.9,0.1163,0,5,37.9,37.9,37.9,0.1163,37.9
10.0,7,10,トゥラムプラッツ,54.0,小林勝太,2:47.9,3/4,151.3,12.0,[東] 千葉直人,2021101927,202402010906,3歳未勝利｜2024年7月6日 | 競馬データベース - netkeiba,2026-05-20T09:45:48.840429,牡,3,478.0,10.0,0,0,4.5,6.0,40.62,0.1818,0,6,40.62,40.62,40.62,0.1818,40.62
11.0,2,2,デュランヴェリテ,54.0,長浜鴻緒,2:49.1,7,68.1,8.0,[西] 河嶋宏樹,2021106656,202402010906,3歳未勝利｜2024年7月6日 | 競馬データベース - netkeiba,2026-05-20T09:45:48.840429,牡,3,558.0,-2.0,0,0,6.4,5.67,42.68,0.1351,0,9,42.68,42.68,42.68,0.1351,42.68
12.0,1,1,カリナンラホーヤ,55.0,岩田康誠,2:50.1,6,107.6,10.0,[西] 小椋研介,2021104451,202402010906,3歳未勝利｜2024年7月6日 | 競馬データベース - netkeiba,2026-05-20T09:45:48.840429,牝,3,430.0,-2.0,0,0,4.4,3.67,39.04,0.1852,0,3,39.04,39.04,39.04,0.1852,39.04
1.0,6,7,ホークレア,53.0,横山武史,0:58.3,,1.3,1.0,[東] 尾関知人,2021100198,202402010907,3歳以上1勝クラス｜2024年7月6日 | 競馬データベース - netkeiba,2026-05-20T09:46:25.539603,牝,3,432.0,-10.0,1,1,12.6,14.67,34.42,0.0735,0,13,34.42,34.42,34.42,0.0735,34.42
2.0,3,3,スコーピオン,52.0,高杉吏麒,0:58.6,2,6.1,2.0,[東] 武藤善則,2021100792,202402010907,3歳以上1勝クラス｜2024年7月6日 | 競馬データベース - netkeiba,2026-05-20T09:46:25.539603,牡,3,470.0,10.0,0,1,12.6,14.33,35.12,0.0735,0,13,35.12,35.12,35.12,0.0735,35.12
3.0,6,6,ステラシティ,53.0,菱田裕二,0:59.2,3.1/2,23.7,4.0,[東] 伊坂重信,2021102669,202402010907,3歳以上1勝クラス｜2024年7月6日 | 競馬データベース - netkeiba,2026-05-20T09:46:25.539603,牝,3,464.0,2.0,0,1,0.0,0.0,0.0,0.0,0,0,0.0,0.0,0.0,0.0,0.0
4.0,7,8,スピードパンサー,55.0,丹内祐次,0:59.7,3,7.9,3.0,[東] 尾形和幸,2021104079,202402010907,3歳以上1勝クラス｜2024年7月6日 | 競馬データベース - netkeiba,2026-05-20T09:46:25.539603,牡,3,488.0,-2.0,0,0,8.8,7.33,38.78,0.102,0,12,38.78,38.78,38.78,0.102,38.78
5.0,2,2,セイゲン,58.0,佐々木大,0:59.9,1.1/4,72.2,10.0,[東] 中川公成,2019100234,202402010907,3歳以上1勝クラス｜2024年7月6日 | 競馬データベース - netkeiba,2026-05-20T09:46:25.539603,牡,5,482.0,2.0,0,0,5.4,2.0,37.6,0.1562,0,3,37.6,37.6,37.6,0.1562,37.6
6.0,7,9,ヒメカミノイタダキ,58.0,古川吉洋,1:00.0,3/4,24.0,5.0,[東] 武市康男,2019101794,202402010907,3歳以上1勝クラス｜2024年7月6日 | 競馬データベース - netkeiba,2026-05-20T09:46:25.539603,牡,5,504.0,6.0,0,0,11.4,12.33,35.46,0.0806,0,18,35.46,35.46,35.46,0.0806,35.46
7.0,8,10,ロザシアニン,56.0,永野猛蔵,1:00.0,クビ,51.0,8.0,[東] 佐藤吉勝,2019100097,202402010907,3歳以上1勝クラス｜2024年7月6日 | 競馬データベース - netkeiba,2026-05-20T09:46:25.539603,牝,5,470.0,0.0,0,0,11.2,12.0,37.98,0.082,0,13,37.98,37.98,37.98,0.082,37.98
8.0,1,1,オリンポスカズマ,58.0,富田暁,1:00.1,1/2,40.0,7.0,[西] 平田修,2020102013,202402010907,3歳以上1勝クラス｜2024年7月6日 | 競馬データベース - netkeiba,2026-05-20T09:46:25.539603,牡,4,510.0,2.0,0,0,9.2,8.0,39.4,0.098,0,6,39.4,39.4,39.4,0.098,39.4
9.0,5,5,アベベ,52.0,長浜鴻緒,1:00.3,1,25.6,6.0,[東] 根本康広,2021109113,202402010907,3歳以上1勝クラス｜2024年7月6日 | 競馬データベース - netkeiba,2026-05-20T09:46:25.539603,牡,3,462.0,0.0,0,0,9.6,7.0,37.94,0.0943,0,5,37.94,37.94,37.94,0.0943,37.94
10.0,4,4,グレイウェザーズ,56.0,丸山元気,1:00.5,1,56.3,9.0,[東] 西田雄一,2020103470,202402010907,3歳以上1勝クラス｜2024年7月6日 | 競馬データベース - netkeiba,2026-05-20T09:46:25.539603,牝,4,448.0,3.0,0,0,9.6,9.33,39.08,0.0943,0,11,39.08,39.08,39.08,0.0943,39.08
11.0,8,11,サンマルリアン,53.0,小林勝太,1:00.5,クビ,96.3,11.0,[東] 土田稔,2020101086,202402010907,3歳以上1勝クラス｜2024年7月6日 | 競馬データベース - netkeiba,2026-05-20T09:46:25.539603,牝,4,442.0,4.0,0,0,11.4,10.67,38.6,0.0806,0,9,38.6,38.6,38.6,0.0806,38.6
1.0,3,3,パフ,55.0,鮫島克駿,1:45.7,,1.8,1.0,[西] 橋口慎介,2021100292,202402010908,3歳以上1勝クラス｜2024年7月6日 | 競馬データベース - netkeiba,2026-05-20T09:46:58.318939,牡,3,476.0,6.0,1,1,4.4,3.33,37.42,0.1852,0,6,37.42,37.42,37.42,0.1852,37.42
2.0,1,1,ワイドブリザード,52.0,高杉吏麒,1:45.9,1.1/2,4.6,2.0,[東] 武井亮,2021104416,202402010908,3歳以上1勝クラス｜2024年7月6日 | 競馬データベース - netkeiba,2026-05-20T09:46:58.318939,セ,3,432.0,4.0,0,1,4.8,5.0,37.62,0.1724,0,10,37.62,37.62,37.62,0.1724,37.62
3.0,6,6,ヤマニンクイッカー,58.0,丹内祐次,1:46.1,3/4,6.3,3.0,[東] 田島俊明,2019102777,202402010908,3歳以上1勝クラス｜2024年7月6日 | 競馬データベース - netkeiba,2026-05-20T09:46:58.318939,牡,5,470.0,-10.0,0,1,10.5,9.5,39.7,0.087,0,6,39.7,39.7,39.7,0.087,39.7
4.0,4,4,トリグラフ,58.0,永野猛蔵,1:46.5,2.1/2,37.2,7.0,[東] 松山将樹,2019103410,202402010908,3歳以上1勝クラス｜2024年7月6日 | 競馬データベース - netkeiba,2026-05-20T09:46:58.318939,牡,5,456.0,-2.0,0,0,6.4,7.67,39.68,0.1351,0,12,39.68,39.68,39.68,0.1351,39.68
5.0,8,9,ポリクシニーズ,58.0,佐々木大,1:46.9,2.1/2,34.3,6.0,[東] 黒岩陽一,2019100913,202402010908,3歳以上1勝クラス｜2024年7月6日 | 競馬データベース - netkeiba,2026-05-20T09:46:58.318939,牡,5,506.0,0.0,0,0,7.4,7.0,41.08,0.119,0,7,41.08,41.08,41.08,0.119,41.08
6.0,7,8,ケイエイト,58.0,菱田裕二,1:47.1,1.1/4,7.9,4.0,[西] 羽月友彦,2020103673,202402010908,3歳以上1勝クラス｜2024年7月6日 | 競馬データベース - netkeiba,2026-05-20T09:46:58.318939,牡,4,464.0,2.0,0,0,12.0,10.0,37.7,0.0769,0,11,37.7,37.7,37.7,0.0769,37.7
7.0,8,10,ビップレーヌ,52.0,角田大河,1:47.1,クビ,103.6,9.0,[東] 高柳瑞樹,2021100886,202402010908,3歳以上1勝クラス｜2024年7月6日 | 競馬データベース - netkeiba,2026-05-20T09:46:58.318939,牝,3,484.0,6.0,0,0,9.0,8.0,40.3,0.1,0,9,40.3,40.3,40.3,0.1,40.3
8.0,5,5,マコタイガ,55.0,横山和生,1:47.1,クビ,8.7,5.0,[東] 小野次郎,2021101356,202402010908,3歳以上1勝クラス｜2024年7月6日 | 競馬データベース - netkeiba,2026-05-20T09:46:58.318939,牡,3,506.0,0.0,0,0,5.6,4.67,39.0,0.1515,0,5,39.0,39.0,39.0,0.1515,39.0
9.0,2,2,トウロウノオノ,53.0,長浜鴻緒,1:48.0,5,57.6,8.0,[東] 竹内正洋,2020105578,202402010908,3歳以上1勝クラス｜2024年7月6日 | 競馬データベース - netkeiba,2026-05-20T09:46:58.318939,牝,4,442.0,-6.0,0,0,7.0,6.33,39.4,0.125,0,8,39.4,39.4,39.4,0.125,39.4
10.0,7,7,リードアクトレス,50.0,小林勝太,1:48.1,1,108.9,10.0,[西] 安達昭夫,2021102654,202402010908,3歳以上1勝クラス｜2024年7月6日 | 競馬データベース - netkeiba,2026-05-20T09:46:58.318939,牝,3,470.0,4.0,0,0,7.6,7.0,0.0,0.1163,0,9,0.0,0.0,0.0,0.1163,0.0
1.0,6,6,ブラックヴァール,56.0,横山和生,2:02.2,,7.0,4.0,[東] 菊川正達,2020100742,202402010909,北斗特別｜2024年7月6日 | 競馬データベース - netkeiba,2026-05-20T09:47:27.001327,牝,4,456.0,0.0,1,1,5.0,7.0,36.02,0.1667,0,7,36.02,36.02,36.02,0.1667,36.02
2.0,8,11,ナイトスラッガー,55.0,鮫島克駿,2:02.3,1/2,4.4,2.0,[西] 小栗実,2021101603,202402010909,北斗特別｜2024年7月6日 | 競馬データベース - netkeiba,2026-05-20T09:47:27.001327,牡,3,522.0,4.0,0,1,3.4,4.33,34.54,0.2273,0,5,34.54,34.54,34.54,0.2273,34.54
3.0,4,4,マイバラード,58.0,丹内祐次,2:02.3,クビ,27.1,7.0,[東] 松永康利,2020100621,202402010909,北斗特別｜2024年7月6日 | 競馬データベース - netkeiba,2026-05-20T09:47:27.001327,牡,4,468.0,2.0,0,1,8.6,8.33,35.6,0.1042,0,11,35.6,35.6,35.6,0.1042,35.6
4.0,8,10,ヴェルテンベルク,58.0,藤岡佑介,2:02.6,2,7.1,5.0,[西] 宮本博,2020103060,202402010909,北斗特別｜2024年7月6日 | 競馬データベース - netkeiba,2026-05-20T09:47:27.001327,牡,4,482.0,0.0,0,0,5.6,4.0,34.48,0.1515,0,2,34.48,34.48,34.48,0.1515,34.48
5.0,6,7,ミッキーラッキー,55.0,佐々木大,2:02.7,クビ,3.1,1.0,[東] 堀宣行,2021105561,202402010909,北斗特別｜2024年7月6日 | 競馬データベース - netkeiba,2026-05-20T09:47:27.001327,牡,3,568.0,18.0,0,0,8.4,10.0,38.62,0.1064,0,13,38.62,38.62,38.62,0.1064,38.62
6.0,1,1,コーラルムーン,53.0,横山武史,2:02.8,1/2,8.5,6.0,[西] 牧田和弥,2021104963,202402010909,北斗特別｜2024年7月6日 | 競馬データベース - netkeiba,2026-05-20T09:47:27.001327,牝,3,434.0,-2.0,0,0,5.4,5.33,39.08,0.1562,0,7,39.08,39.08,39.08,0.1562,39.08
7.0,7,8,フェスティヴビーム,58.0,永野猛蔵,2:03.0,1.1/2,42.2,8.0,[東] 畠山吉宏,2020102452,202402010909,北斗特別｜2024年7月6日 | 競馬データベース - netkeiba,2026-05-20T09:47:27.001327,牡,4,462.0,6.0,0,0,6.0,5.0,0.0,0.1429,0,7,0.0,0.0,0.0,0.1429,0.0
8.0,7,9,エイトスターズ,56.0,武豊,2:03.1,クビ,4.6,3.0,[西] 坂口智康,2020103772,202402010909,北斗特別｜2024年7月6日 | 競馬データベース - netkeiba,2026-05-20T09:47:27.001327,牝,4,478.0,2.0,0,0,9.0,9.33,37.24,0.1,0,9,37.24,37.24,37.24,0.1,37.24
9.0,3,3,メイショウオオミネ,58.0,角田大河,2:03.1,クビ,140.7,10.0,[西] 石橋守,2020106798,202402010909,北斗特別｜2024年7月6日 | 競馬データベース - netkeiba,2026-05-20T09:47:27.001327,牡,4,442.0,4.0,0,0,11.4,13.67,34.18,0.0806,0,14,34.18,34.18,34.18,0.0806,34.18
10.0,5,5,スティーロポリス,58.0,富田暁,2:03.7,3.1/2,166.1,11.0,[西] 西村真幸,2020103619,202402010909,北斗特別｜2024年7月6日 | 競馬データベース - netkeiba,2026-05-20T09:47:27.001327,牡,4,524.0,34.0,0,0,7.0,8.0,39.92,0.125,0,10,39.92,39.92,39.92,0.125,39.92
11.0,2,2,ゴルデールスカー,58.0,菱田裕二,2:03.8,1/2,49.7,9.0,[西] 大久保龍,2020103625,202402010909,北斗特別｜2024年7月6日 | 競馬データベース - netkeiba,2026-05-20T09:47:27.001327,牡,4,472.0,6.0,0,0,4.8,3.0,38.02,0.1724,0,1,38.02,38.02,38.02,0.1724,38.02
1.0,1,1,ポエットリー,53.0,鮫島克駿,1:10.0,,2.3,1.0,[西] 平田修,2021105202,202402010910,潮騒特別｜2024年7月6日 | 競馬データベース - netkeiba,2026-05-20T09:48:00.149287,牝,3,468.0,-2.0,1,1,8.2,8.0,34.16,0.1087,0,15,34.16,34.16,34.16,0.1087,34.16
2.0,5,5,ランドオブラヴ,56.0,横山武史,1:10.1,1,5.3,3.0,[東] 蛯名正義,2020104088,202402010910,潮騒特別｜2024年7月6日 | 競馬データベース - netkeiba,2026-05-20T09:48:00.149287,牝,4,428.0,-2.0,0,1,9.6,11.67,34.26,0.0943,0,14,34.26,34.26,34.26,0.0943,34.26
3.0,2,2,ロゼクラン,56.0,荻野琢真,1:10.2,1/2,41.5,9.0,[西] 藤沢則雄,2018103620,202402010910,潮騒特別｜2024年7月6日 | 競馬データベース - netkeiba,2026-05-20T09:48:00.149287,牝,6,444.0,-8.0,0,1,9.6,10.67,34.38,0.0943,0,10,34.38,34.38,34.38,0.0943,34.38
4.0,8,9,イグニション,58.0,丹内祐次,1:10.2,アタマ,8.9,5.0,[西] 畑端省吾,2020103898,202402010910,潮騒特別｜2024年7月6日 | 競馬データベース - netkeiba,2026-05-20T09:48:00.149287,牡,4,470.0,0.0,0,0,10.4,8.67,35.28,0.0877,0,6,35.28,35.28,35.28,0.0877,35.28
5.0,4,4,イイヒニナル,56.0,角田大河,1:10.2,ハナ,17.2,6.0,[西] 千田輝彦,2020100121,202402010910,潮騒特別｜2024年7月6日 | 競馬データベース - netkeiba,2026-05-20T09:48:00.149287,牝,4,406.0,26.0,0,0,11.4,8.67,35.4,0.0806,0,9,35.4,35.4,35.4,0.0806,35.4
6.0,7,7,スマートルシーダ,58.0,浜中俊,1:10.2,ハナ,8.6,4.0,[西] 音無秀孝,2018100097,202402010910,潮騒特別｜2024年7月6日 | 競馬データベース - netkeiba,2026-05-20T09:48:00.149287,牡,6,468.0,4.0,0,0,8.8,8.33,33.64,0.102,0,8,33.64,33.64,33.64,0.102,33.64
7.0,3,3,トリップトゥムーン,58.0,菱田裕二,1:10.6,2,30.3,8.0,[西] 新谷功一,2019103193,202402010910,潮騒特別｜2024年7月6日 | 競馬データベース - netkeiba,2026-05-20T09:48:00.149287,牡,5,448.0,-4.0,0,0,11.25,11.0,34.57,0.0816,0,13,34.57,34.57,34.57,0.0816,34.57
8.0,8,10,ニシノコウダイ,58.0,藤岡佑介,1:10.6,クビ,4.2,2.0,[西] 長谷川浩,2020105484,202402010910,潮騒特別｜2024年7月6日 | 競馬データベース - netkeiba,2026-05-20T09:48:00.149287,牡,4,486.0,4.0,0,0,8.6,10.67,34.76,0.1042,0,13,34.76,34.76,34.76,0.1042,34.76
9.0,6,6,スクルプトーリス,56.0,富田暁,1:10.7,クビ,19.8,7.0,[西] 松下武士,2020100151,202402010910,潮騒特別｜2024年7月6日 | 競馬データベース - netkeiba,2026-05-20T09:48:00.149287,牝,4,466.0,6.0,0,0,9.0,9.0,35.0,0.1,0,8,35.0,35.0,35.0,0.1,35.0
10.0,7,8,グッドグロウス,58.0,古川吉洋,1:11.1,2.1/2,169.1,10.0,[西] 大根田裕,2019105915,202402010910,潮騒特別｜2024年7月6日 | 競馬データベース - netkeiba,2026-05-20T09:48:00.149287,牡,5,470.0,4.0,0,0,3.25,5.0,38.9,0.2353,0,4,38.9,38.9,38.9,0.2353,38.9
1.0,3,3,ナチュラルハイ,56.5,永野猛蔵,1:43.6,,7.1,5.0,[東] 黒岩陽一,2020105939,202402010911,マリーンステークス｜2024年7月6日 | 競馬データベース - netkeiba,2026-05-20T09:48:31.473899,牡,4,476.0,-6.0,1,1,0.0,0.0,0.0,0.0,0,0,0.0,0.0,0.0,0.0,0.0
2.0,4,6,サンテックス,55.0,武豊,1:43.8,1,4.2,1.0,[西] 浜田多実,2020100635,202402010911,マリーンステークス｜2024年7月6日 | 競馬データベース - netkeiba,2026-05-20T09:48:31.473899,牡,4,538.0,6.0,0,1,3.8,4.67,38.25,0.2083,0,11,38.25,38.25,38.25,0.2083,38.25
3.0,4,5,テーオードレフォン,57.0,丸山元気,1:43.9,1/2,4.3,2.0,[西] 梅田智之,2019101324,202402010911,マリーンステークス｜2024年7月6日 | 競馬データベース - netkeiba,2026-05-20T09:48:31.473899,牡,5,496.0,0.0,0,1,8.8,12.33,37.88,0.102,0,14,37.88,37.88,37.88,0.102,37.88
4.0,3,4,トウセツ,56.0,鮫島克駿,1:44.0,クビ,13.9,7.0,[西] 杉山佳明,2019104589,202402010911,マリーンステークス｜2024年7月6日 | 競馬データベース - netkeiba,2026-05-20T09:48:31.473899,牡,5,494.0,12.0,0,0,11.5,14.0,37.38,0.08,0,13,37.38,37.38,37.38,0.08,37.38
5.0,5,8,サトノロイヤル,54.0,富田暁,1:44.0,ハナ,49.4,9.0,[西] 新谷功一,2018103116,202402010911,マリーンステークス｜2024年7月6日 | 競馬データベース - netkeiba,2026-05-20T09:48:31.473899,牡,6,504.0,0.0,0,0,9.4,8.67,39.56,0.0962,0,14,39.56,39.56,39.56,0.0962,39.56
6.0,2,2,キングストンボーイ,56.0,岩田康誠,1:44.1,3/4,5.1,3.0,[東] 鹿戸雄一,2018102657,202402010911,マリーンステークス｜2024年7月6日 | 競馬データベース - netkeiba,2026-05-20T09:48:31.473899,セ,6,496.0,0.0,0,0,3.4,4.33,38.26,0.2273,0,5,38.26,38.26,38.26,0.2273,38.26
7.0,8,14,ホウオウルーレット,56.0,横山武史,1:44.2,クビ,5.6,4.0,[東] 栗田徹,2019105746,202402010911,マリーンステークス｜2024年7月6日 | 競馬データベース - netkeiba,2026-05-20T09:48:31.473899,牡,5,502.0,2.0,0,0,3.6,5.33,38.06,0.2174,0,7,38.06,38.06,38.06,0.2174,38.06
8.0,7,12,ベルダーイメル,58.0,藤岡佑介,1:44.3,1/2,9.2,6.0,[西] 本田優,2017101380,202402010911,マリーンステークス｜2024年7月6日 | 競馬データベース - netkeiba,2026-05-20T09:48:31.473899,牡,7,468.0,-4.0,0,0,8.2,6.67,38.58,0.1087,0,15,38.58,38.58,38.58,0.1087,38.58
9.0,6,10,リキサントライ,54.0,横山和生,1:44.4,1/2,107.4,13.0,[西] 緒方努,2018101796,202402010911,マリーンステークス｜2024年7月6日 | 競馬データベース - netkeiba,2026-05-20T09:48:31.473899,牡,6,494.0,6.0,0,0,12.6,12.67,38.56,0.0735,0,15,38.56,38.56,38.56,0.0735,38.56
10.0,5,7,クロパラントゥ,54.0,浜中俊,1:44.6,1.1/2,50.4,10.0,[東] 古賀慎明,2018104121,202402010911,マリーンステークス｜2024年7月6日 | 競馬データベース - netkeiba,2026-05-20T09:48:31.473899,セ,6,516.0,8.0,0,0,9.6,8.0,38.26,0.0943,0,10,38.26,38.26,38.26,0.0943,38.26
11.0,7,11,サンライズジーク,55.0,佐々木大,1:45.8,7,76.1,11.0,[西] 矢作芳人,2020103039,202402010911,マリーンステークス｜2024年7月6日 | 競馬データベース - netkeiba,2026-05-20T09:48:31.473899,牡,4,518.0,10.0,0,0,9.2,6.67,39.7,0.098,0,3,39.7,39.7,39.7,0.098,39.7
12.0,1,1,リリーミニスター,54.0,菱田裕二,1:46.5,4,45.8,8.0,[西] 緒方努,2017103688,202402010911,マリーンステークス｜2024年7月6日 | 競馬データベース - netkeiba,2026-05-20T09:48:31.473899,セ,7,480.0,-8.0,0,0,9.4,12.0,39.34,0.0962,0,15,39.34,39.34,39.34,0.0962,39.34
13.0,6,9,レッドゲイル,55.0,丹内祐次,1:46.8,1.3/4,91.6,12.0,[東] 手塚貴久,2019103976,202402010911,マリーンステークス｜2024年7月6日 | 競馬データベース - netkeiba,2026-05-20T09:48:31.473899,牡,5,478.0,4.0,0,0,12.2,11.0,38.04,0.0758,0,14,38.04,38.04,38.04,0.0758,38.04
,8,13,バトルクライ,58.0,北村友一,,,,,[東] 高木登,2019103879,202402010911,マリーンステークス｜2024年7月6日 | 競馬データベース - netkeiba,2026-05-20T09:48:31.473899,牡,5,504.0,2.0,0,0,8.4,5.33,35.56,0.1064,0,5,35.56,35.56,35.56,0.1064,35.56
1.0,6,6,スミレファースト,53.0,鮫島克駿,1:09.7,,1.9,1.0,[東] 加藤征弘,2021105619,202402010912,3歳以上1勝クラス｜2024年7月6日 | 競馬データベース - netkeiba,2026-05-20T09:49:13.168509,牝,3,454.0,2.0,1,1,8.8,12.67,37.1,0.102,0,12,37.1,37.1,37.1,0.102,37.1
2.0,2,2,ハピアーザンエバー,55.0,黛弘人,1:10.0,1.1/2,16.5,5.0,[西] 羽月友彦,2021106854,202402010912,3歳以上1勝クラス｜2024年7月6日 | 競馬データベース - netkeiba,2026-05-20T09:49:13.168509,牡,3,448.0,2.0,0,1,10.4,10.33,34.78,0.0877,0,11,34.78,34.78,34.78,0.0877,34.78
3.0,4,4,ソングフォーユー,56.0,大野拓弥,1:10.1,1/2,6.7,3.0,[東] 上原博之,2019101133,202402010912,3歳以上1勝クラス｜2024年7月6日 | 競馬データベース - netkeiba,2026-05-20T09:49:13.168509,牝,5,460.0,2.0,0,1,0.0,0.0,0.0,0.0,0,0,0.0,0.0,0.0,0.0,0.0
4.0,1,1,ナムラシベラ,53.0,川端海翼,1:10.6,3,17.6,6.0,[西] 藤沢則雄,2018100094,202402010912,3歳以上1勝クラス｜2024年7月6日 | 競馬データベース - netkeiba,2026-05-20T09:49:13.168509,牝,6,448.0,-2.0,0,0,8.2,6.67,39.92,0.1087,0,10,39.92,39.92,39.92,0.1087,39.92
5.0,3,3,ラリベラ,56.0,菱田裕二,1:10.6,ハナ,3.5,2.0,[西] 藤野健太,2019105533,202402010912,3歳以上1勝クラス｜2024年7月6日 | 競馬データベース - netkeiba,2026-05-20T09:49:13.168509,牝,5,472.0,2.0,0,0,10.4,13.0,37.04,0.0877,0,17,37.04,37.04,37.04,0.0877,37.04
6.0,5,5,レディーエンジェル,52.0,角田大河,1:10.6,クビ,7.4,4.0,[西] 岡田稲男,2021103289,202402010912,3歳以上1勝クラス｜2024年7月6日 | 競馬データベース - netkeiba,2026-05-20T09:49:13.168509,牝,3,472.0,8.0,0,0,12.8,15.0,35.74,0.0725,0,15,35.74,35.74,35.74,0.0725,35.74
7.0,8,8,フタバ,50.0,小林勝太,1:11.0,2,72.1,8.0,[西] 西村真幸,2021102963,202402010912,3歳以上1勝クラス｜2024年7月6日 | 競馬データベース - netkeiba,2026-05-20T09:49:13.168509,牝,3,412.0,0.0,0,0,9.4,9.33,39.84,0.0962,0,14,39.84,39.84,39.84,0.0962,39.84
8.0,7,7,アスクメークシェア,55.0,高杉吏麒,1:11.1,1/2,32.5,7.0,[西] 河内洋,2020101029,202402010912,3歳以上1勝クラス｜2024年7月6日 | 競馬データベース - netkeiba,2026-05-20T09:49:13.168509,牡,4,472.0,-10.0,0,0,11.4,8.67,35.56,0.0806,0,11,35.56,35.56,35.56,0.0806,35.56
1.0,2,2,ホウオウブースター,55.0,菅原明良,1:10.1,,1.6,1.0,[東] 高柳瑞樹,2022104637,202403020301,2歳未勝利｜2024年7月6日 | 競馬データベース - netkeiba,2026-05-20T09:49:38.738747,牡,2,416.0,2.0,1,1,7.2,4.67,35.96,0.122,0,5,35.96,35.96,35.96,0.122,35.96
2.0,5,5,ニシノコイブミ,55.0,野中悠太,1:10.3,1.1/4,4.3,3.0,[東] 西田雄一,2022100400,202403020301,2歳未勝利｜2024年7月6日 | 競馬データベース - netkeiba,2026-05-20T09:49:38.738747,牝,2,426.0,0.0,0,1,7.6,8.67,35.66,0.1163,0,5,35.66,35.66,35.66,0.1163,35.66
3.0,6,6,ニシノリンダ,54.0,原優介,1:10.5,1,4.1,2.0,[東] 青木孝文,2022107203,202403020301,2歳未勝利｜2024年7月6日 | 競馬データベース - netkeiba,2026-05-20T09:49:38.738747,牝,2,432.0,-4.0,0,1,4.4,6.33,38.7,0.1852,0,8,38.7,38.7,38.7,0.1852,38.7
4.0,4,4,ユイノマホウジン,52.0,佐藤翔馬,1:10.8,2,11.6,4.0,[東] 深山雅史,2022103071,202403020301,2歳未勝利｜2024年7月6日 | 競馬データベース - netkeiba,2026-05-20T09:49:38.738747,牡,2,444.0,-2.0,0,0,4.25,3.0,37.1,0.1905,0,1,37.1,37.1,37.1,0.1905,37.1
5.0,1,1,ビップジェシー,55.0,菊沢一樹,1:11.2,2.1/2,59.9,7.0,[東] 田島俊明,2022103776,202403020301,2歳未勝利｜2024年7月6日 | 競馬データベース - netkeiba,2026-05-20T09:49:38.738747,牝,2,412.0,2.0,0,0,8.6,6.67,40.56,0.1042,0,5,40.56,40.56,40.56,0.1042,40.56
6.0,8,8,マイディアホープ,52.0,石田拓郎,1:11.2,アタマ,56.1,6.0,[東] 尾形和幸,2022101275,202403020301,2歳未勝利｜2024年7月6日 | 競馬データベース - netkeiba,2026-05-20T09:49:38.738747,牝,2,394.0,2.0,0,0,8.0,8.0,36.1,0.1111,0,9,36.1,36.1,36.1,0.1111,36.1
7.0,3,3,トリリオンボーイ,52.0,石神深道,1:11.3,クビ,33.2,5.0,[東] 武井亮,2022102493,202403020301,2歳未勝利｜2024年7月6日 | 競馬データベース - netkeiba,2026-05-20T09:49:38.738747,牡,2,448.0,0.0,0,0,9.6,9.33,36.16,0.0943,0,8,36.16,36.16,36.16,0.0943,36.16
8.0,7,7,イエヤス,55.0,木幡巧也,1:11.7,2.1/2,95.4,8.0,[東] 杉浦宏昭,2022100864,202403020301,2歳未勝利｜2024年7月6日 | 競馬データベース - netkeiba,2026-05-20T09:49:38.738747,牡,2,454.0,-8.0,0,0,3.8,4.67,39.62,0.2083,0,6,39.62,39.62,39.62,0.2083,39.62
1.0,4,4,バセリーナ,55.0,野中悠太,1:51.2,,79.8,9.0,[東] 松山将樹,2022106772,202403020302,2歳未勝利｜2024年7月6日 | 競馬データベース - netkeiba,2026-05-20T09:50:05.129863,牡,2,440.0,-4.0,1,1,6.8,9.0,35.0,0.1282,0,7,35.0,35.0,35.0,0.1282,35.0
2.0,8,8,ドゥカート,55.0,菅原明良,1:51.3,1/2,3.7,3.0,[東] 宮田敬介,2022105777,202403020302,2歳未勝利｜2024年7月6日 | 競馬データベース - netkeiba,2026-05-20T09:50:05.129863,牡,2,460.0,-2.0,0,1,6.8,6.33,35.02,0.1282,0,11,35.02,35.02,35.02,0.1282,35.02
3.0,6,6,アンジュオスリール,55.0,三浦皇成,1:51.7,2.1/2,3.5,2.0,[東] 和田正一,2022100784,202403020302,2歳未勝利｜2024年7月6日 | 競馬データベース - netkeiba,2026-05-20T09:50:05.129863,牝,2,452.0,8.0,0,1,8.25,11.5,37.8,0.1081,0,10,37.8,37.8,37.8,0.1081,37.8
4.0,1,1,コスモコロネット,54.0,原優介,1:51.8,3/4,3.0,1.0,[東] 加藤士津,2022101133,202403020302,2歳未勝利｜2024年7月6日 | 競馬データベース - netkeiba,2026-05-20T09:50:05.129863,牝,2,402.0,-6.0,0,0,6.8,8.67,40.12,0.1282,0,6,40.12,40.12,40.12,0.1282,40.12
5.0,3,3,サンダーロード,55.0,戸崎圭太,1:51.9,クビ,6.1,4.0,[西] 杉山晴紀,2022102966,202403020302,2歳未勝利｜2024年7月6日 | 競馬データベース - netkeiba,2026-05-20T09:50:05.129863,牡,2,522.0,-8.0,0,0,11.4,11.33,38.04,0.0806,0,15,38.04,38.04,38.04,0.0806,38.04
6.0,5,5,タヤスソーレ,55.0,菊沢一樹,1:51.9,クビ,37.2,7.0,[東] 岩戸孝樹,2022103993,202403020302,2歳未勝利｜2024年7月6日 | 競馬データベース - netkeiba,2026-05-20T09:50:05.129863,牝,2,434.0,-4.0,0,0,4.8,5.33,41.22,0.1724,0,5,41.22,41.22,41.22,0.1724,41.22
7.0,2,2,アイスフィールド,55.0,杉原誠人,1:52.5,3.1/2,18.8,6.0,[東] 西田雄一,2022103330,202403020302,2歳未勝利｜2024年7月6日 | 競馬データベース - netkeiba,2026-05-20T09:50:05.129863,牡,2,442.0,-2.0,0,0,6.0,7.67,39.36,0.1429,0,10,39.36,39.36,39.36,0.1429,39.36
8.0,7,7,コスモグッドラック,55.0,津村明秀,1:52.6,3/4,9.9,5.0,[東] 松永康利,2022106799,202403020302,2歳未勝利｜2024年7月6日 | 競馬データベース - netkeiba,2026-05-20T09:50:05.129863,牡,2,496.0,0.0,0,0,4.2,2.67,41.04,0.1923,0,4,41.04,41.04,41.04,0.1923,41.04
9.0,8,9,ビレッジルミエール,55.0,内田博幸,1:53.0,2.1/2,69.7,8.0,[東] 伊藤圭三,2022101760,202403020302,2歳未勝利｜2024年7月6日 | 競馬データベース - netkeiba,2026-05-20T09:50:05.129863,牝,2,434.0,-6.0,0,0,5.0,6.5,39.73,0.1667,0,7,39.73,39.73,39.73,0.1667,39.73
1.0,5,8,エコロカレン,55.0,菅原明良,1:47.5,,5.3,4.0,[東] 奥平雅士,2021103484,202403020303,3歳未勝利｜2024年7月6日 | 競馬データベース - netkeiba,2026-05-20T09:50:30.238748,牝,3,458.0,-10.0,1,1,12.6,12.0,38.96,0.0735,0,11,38.96,38.96,38.96,0.0735,38.96
2.0,2,2,アズベリー,55.0,戸崎圭太,1:47.6,クビ,3.4,1.0,[東] 上原佑紀,2021101732,202403020303,3歳未勝利｜2024年7月6日 | 競馬データベース - netkeiba,2026-05-20T09:50:30.238748,牝,3,460.0,-2.0,0,1,8.0,11.33,40.2,0.1111,0,13,40.2,40.2,40.2,0.1111,40.2
3.0,1,1,エグマリーヌ,55.0,三浦皇成,1:47.8,1.1/2,4.6,2.0,[東] 鹿戸雄一,2021106633,202403020303,3歳未勝利｜2024年7月6日 | 競馬データベース - netkeiba,2026-05-20T09:50:30.238748,牝,3,448.0,0.0,0,1,5.2,6.33,40.06,0.1613,0,8,40.06,40.06,40.06,0.1613,40.06
4.0,2,3,メイザーキック,55.0,津村明秀,1:47.8,アタマ,12.3,6.0,[東] 竹内正洋,2021105060,202403020303,3歳未勝利｜2024年7月6日 | 競馬データベース - netkeiba,2026-05-20T09:50:30.238748,牝,3,418.0,0.0,0,0,6.6,7.33,40.66,0.1316,0,8,40.66,40.66,40.66,0.1316,40.66
5.0,5,9,タマモポロネーズ,55.0,菊沢一樹,1:48.4,3.1/2,5.2,3.0,[東] 伊藤圭三,2021104523,202403020303,3歳未勝利｜2024年7月6日 | 競馬データベース - netkeiba,2026-05-20T09:50:30.238748,牝,3,454.0,2.0,0,0,5.8,5.67,39.76,0.1471,0,4,39.76,39.76,39.76,0.1471,39.76
6.0,6,11,グランソシエ,55.0,松岡正海,1:48.8,2,10.4,5.0,[東] 田中剛,2021105034,202403020303,3歳未勝利｜2024年7月6日 | 競馬データベース - netkeiba,2026-05-20T09:50:30.238748,牝,3,442.0,-2.0,0,0,5.6,6.0,38.4,0.1515,0,6,38.4,38.4,38.4,0.1515,38.4
7.0,4,6,ジャンル,54.0,原優介,1:48.9,1/2,39.4,9.0,[東] 岩戸孝樹,2021101205,202403020303,3歳未勝利｜2024年7月6日 | 競馬データベース - netkeiba,2026-05-20T09:50:30.238748,牝,3,472.0,0.0,0,0,12.0,11.0,40.02,0.0769,0,14,40.02,40.02,40.02,0.0769,40.02
8.0,3,4,ゴールドブラボー,51.0,大江原比,1:49.4,3.1/2,55.3,11.0,[東] 古賀慎明,2021106882,202403020303,3歳未勝利｜2024年7月6日 | 競馬データベース - netkeiba,2026-05-20T09:50:30.238748,牝,3,416.0,16.0,0,0,0.0,0.0,0.0,0.0,0,0,0.0,0.0,0.0,0.0,0.0
9.0,7,13,フィロンドール,55.0,江田照男,1:49.5,クビ,130.3,12.0,[東] 高柳瑞樹,2021106700,202403020303,3歳未勝利｜2024年7月6日 | 競馬データベース - netkeiba,2026-05-20T09:50:30.238748,牝,3,458.0,-3.0,0,0,10.6,11.0,40.56,0.0862,0,11,40.56,40.56,40.56,0.0862,40.56
10.0,6,10,リプレイ,55.0,武藤雅,1:49.5,アタマ,136.5,13.0,[東] 戸田博文,2021104371,202403020303,3歳未勝利｜2024年7月6日 | 競馬データベース - netkeiba,2026-05-20T09:50:30.238748,牝,3,436.0,14.0,0,0,10.8,10.33,39.5,0.0847,0,14,39.5,39.5,39.5,0.0847,39.5
11.0,7,12,ソルベット,55.0,吉田豊,1:49.6,クビ,13.2,7.0,[東] 久保田貴,2021103813,202403020303,3歳未勝利｜2024年7月6日 | 競馬データベース - netkeiba,2026-05-20T09:50:30.238748,牝,3,462.0,-4.0,0,0,1.8,2.33,39.72,0.3571,0,3,39.72,39.72,39.72,0.3571,39.72
12.0,8,14,ステラカフェ,54.0,横山琉人,1:49.9,2,52.5,10.0,[東] 嘉藤貴行,2021102839,202403020303,3歳未勝利｜2024年7月6日 | 競馬データベース - netkeiba,2026-05-20T09:50:30.238748,牝,3,508.0,6.0,0,0,9.2,9.67,39.22,0.098,0,12,39.22,39.22,39.22,0.098,39.22
13.0,8,15,フィールザクイーン,55.0,柴田大知,1:49.9,アタマ,155.4,14.0,[東] 伊藤大士,2021105924,202403020303,3歳未勝利｜2024年7月6日 | 競馬データベース - netkeiba,2026-05-20T09:50:30.238748,牝,3,430.0,-10.0,0,0,11.2,12.67,39.46,0.082,0,9,39.46,39.46,39.46,0.082,39.46
14.0,3,5,アイリータイム,55.0,内田博幸,1:50.0,クビ,205.2,15.0,[東] 畠山吉宏,2021104546,202403020303,3歳未勝利｜2024年7月6日 | 競馬データベース - netkeiba,2026-05-20T09:50:30.238748,牝,3,482.0,4.0,0,0,8.4,5.67,39.94,0.1064,0,1,39.94,39.94,39.94,0.1064,39.94
15.0,4,7,ネオバラード,55.0,石川裕紀,1:51.9,大,34.7,8.0,[東] 中川公成,2021101865,202403020303,3歳未勝利｜2024年7月6日 | 競馬データベース - netkeiba,2026-05-20T09:50:30.238748,牝,3,458.0,-2.0,0,0,7.8,7.67,40.76,0.1136,0,11,40.76,40.76,40.76,0.1136,40.76
1.0,1,1,シンハナーダ,57.0,三浦皇成,2:01.3,,10.8,5.0,[東] 国枝栄,2021105574,202403020304,3歳未勝利｜2024年7月6日 | 競馬データベース - netkeiba,2026-05-20T09:51:10.872587,牡,3,452.0,0.0,1,1,6.2,8.33,34.16,0.1389,0,14,34.16,34.16,34.16,0.1389,34.16
2.0,4,7,マイネルコンポート,57.0,津村明秀,2:01.4,3/4,7.6,4.0,[東] 清水英克,2021106817,202403020304,3歳未勝利｜2024年7月6日 | 競馬データベース - netkeiba,2026-05-20T09:51:10.872587,牡,3,474.0,-6.0,0,1,3.0,2.0,40.58,0.25,0,1,40.58,40.58,40.58,0.25,40.58
3.0,1,2,シルバーブロンド,53.0,藤田菜七,2:02.0,3.1/2,17.0,8.0,[東] 根本康広,2021102232,202403020304,3歳未勝利｜2024年7月6日 | 競馬データベース - netkeiba,2026-05-20T09:51:10.872587,牝,3,422.0,-6.0,0,1,6.2,6.33,40.88,0.1389,0,7,40.88,40.88,40.88,0.1389,40.88
4.0,8,15,マイファミリー,57.0,菅原明良,2:02.0,ハナ,4.3,2.0,[東] 深山雅史,2021103345,202403020304,3歳未勝利｜2024年7月6日 | 競馬データベース - netkeiba,2026-05-20T09:51:10.872587,牡,3,432.0,-6.0,0,0,3.4,4.67,35.58,0.2273,0,4,35.58,35.58,35.58,0.2273,35.58
5.0,7,13,クランベリーダンス,52.0,石神深道,2:02.0,ハナ,123.2,13.0,[東] 武藤善則,2021100137,202403020304,3歳未勝利｜2024年7月6日 | 競馬データベース - netkeiba,2026-05-20T09:51:10.872587,牝,3,386.0,4.0,0,0,10.0,11.33,36.28,0.0909,0,14,36.28,36.28,36.28,0.0909,36.28
6.0,2,3,ウェイトゥザドーン,57.0,松岡正海,2:02.1,1/2,5.6,3.0,[東] 戸田博文,2021104768,202403020304,3歳未勝利｜2024年7月6日 | 競馬データベース - netkeiba,2026-05-20T09:51:10.872587,牡,3,466.0,18.0,0,0,4.6,3.0,0.0,0.1786,0,2,0.0,0.0,0.0,0.1786,0.0
7.0,2,4,ベッティーナ,55.0,田辺裕信,2:02.1,クビ,15.4,7.0,[東] 池上昌和,2021104766,202403020304,3歳未勝利｜2024年7月6日 | 競馬データベース - netkeiba,2026-05-20T09:51:10.872587,牝,3,430.0,4.0,0,0,7.8,7.33,41.04,0.1136,0,11,41.04,41.04,41.04,0.1136,41.04
8.0,6,11,ルヴニール,54.0,原優介,2:02.2,1,39.5,10.0,[東] 奥村武,2021107042,202403020304,3歳未勝利｜2024年7月6日 | 競馬データベース - netkeiba,2026-05-20T09:51:10.872587,牝,3,426.0,-8.0,0,0,8.4,9.0,35.38,0.1064,0,8,35.38,35.38,35.38,0.1064,35.38
9.0,4,8,リリエンフェルト,55.0,石川裕紀,2:02.2,ハナ,13.7,6.0,[東] 相沢郁,2021104927,202403020304,3歳未勝利｜2024年7月6日 | 競馬データベース - netkeiba,2026-05-20T09:51:10.872587,牝,3,442.0,-6.0,0,0,2.4,2.67,40.86,0.2941,0,1,40.86,40.86,40.86,0.2941,40.86
10.0,7,14,ロンギングドルチェ,55.0,石橋脩,2:02.6,2,3.0,1.0,[東] 竹内正洋,2021104890,202403020304,3歳未勝利｜2024年7月6日 | 競馬データベース - netkeiba,2026-05-20T09:51:10.872587,牝,3,484.0,14.0,0,0,3.6,4.67,39.24,0.2174,0,5,39.24,39.24,39.24,0.2174,39.24
11.0,5,9,ペッシュプラット,55.0,柴田大知,2:02.8,1.1/2,318.7,16.0,[東] 南田美知,2021102667,202403020304,3歳未勝利｜2024年7月6日 | 競馬データベース - netkeiba,2026-05-20T09:51:10.872587,牝,3,410.0,-2.0,0,0,5.8,7.0,39.76,0.1471,0,5,39.76,39.76,39.76,0.1471,39.76
12.0,6,12,ハルノドゥミプリエ,55.0,菊沢一樹,2:02.9,アタマ,62.4,11.0,[東] 勢司和浩,2021103198,202403020304,3歳未勝利｜2024年7月6日 | 競馬データベース - netkeiba,2026-05-20T09:51:10.872587,牝,3,448.0,4.0,0,0,11.4,13.0,36.64,0.0806,0,12,36.64,36.64,36.64,0.0806,36.64
13.0,3,6,ウィナールーツ,57.0,柴田善臣,2:02.9,クビ,129.3,14.0,[東] 堀内岳志,2021104482,202403020304,3歳未勝利｜2024年7月6日 | 競馬データベース - netkeiba,2026-05-20T09:51:10.872587,牡,3,430.0,0.0,0,0,11.4,13.0,38.28,0.0806,0,13,38.28,38.28,38.28,0.0806,38.28
14.0,5,10,クリノモルガナイト,57.0,木幡巧也,2:02.9,ハナ,37.4,9.0,[東] 本間忍,2021106436,202403020304,3歳未勝利｜2024年7月6日 | 競馬データベース - netkeiba,2026-05-20T09:51:10.872587,牡,3,462.0,-4.0,0,0,5.0,5.33,40.38,0.1667,0,6,40.38,40.38,40.38,0.1667,40.38
15.0,8,16,アメリカンミューズ,55.0,丸田恭介,2:03.1,1.1/4,83.5,12.0,[東] 大竹正博,2021101648,202403020304,3歳未勝利｜2024年7月6日 | 競馬データベース - netkeiba,2026-05-20T09:51:10.872587,牝,3,450.0,6.0,0,0,7.0,6.67,40.64,0.125,0,9,40.64,40.64,40.64,0.125,40.64
16.0,3,5,カリフォルニアラブ,54.0,佐藤翔馬,2:07.0,大,200.0,15.0,[東] 根本康広,2021102228,202403020304,3歳未勝利｜2024年7月6日 | 競馬データベース - netkeiba,2026-05-20T09:51:10.872587,牡,3,504.0,-18.0,0,0,14.0,14.0,38.15,0.0667,0,16,38.15,38.15,38.15,0.0667,38.15
1.0,5,7,マーズオデッセイ,55.0,戸崎圭太,1:52.1,,9.6,6.0,[東] 宗像義忠,2022102399,202403020305,2歳新馬｜2024年7月6日 | 競馬データベース - netkeiba,2026-05-20T09:51:52.623213,牡,2,478.0,0.0,1,1,2.6,3.67,36.04,0.2778,0,1,36.04,36.04,36.04,0.2778,36.04
2.0,4,5,クレプスクルム,55.0,三浦皇成,1:52.3,1,11.1,8.0,[東] 上原博之,2022102784,202403020305,2歳新馬｜2024年7月6日 | 競馬データベース - netkeiba,2026-05-20T09:51:52.623213,牡,2,454.0,0.0,0,1,10.2,12.0,38.05,0.0893,0,12,38.05,38.05,38.05,0.0893,38.05
3.0,6,9,アリアルブラック,55.0,吉田豊,1:52.7,2.1/2,5.3,2.0,[東] 久保田貴,2022105278,202403020305,2歳新馬｜2024年7月6日 | 競馬データベース - netkeiba,2026-05-20T09:51:52.623213,牡,2,482.0,0.0,0,1,5.2,6.67,40.84,0.1613,0,7,40.84,40.84,40.84,0.1613,40.84
4.0,4,6,タッセル,55.0,津村明秀,1:52.7,アタマ,18.6,9.0,[東] 菊川正達,2022106801,202403020305,2歳新馬｜2024年7月6日 | 競馬データベース - netkeiba,2026-05-20T09:51:52.623213,牡,2,454.0,0.0,0,0,5.0,6.0,39.36,0.1667,0,7,39.36,39.36,39.36,0.1667,39.36
5.0,2,2,カポレイラ,55.0,柴田善臣,1:52.8,クビ,10.5,7.0,[東] 中舘英二,2022106593,202403020305,2歳新馬｜2024年7月6日 | 競馬データベース - netkeiba,2026-05-20T09:51:52.623213,牝,2,436.0,0.0,0,0,10.0,9.0,36.28,0.0909,0,9,36.28,36.28,36.28,0.0909,36.28
6.0,1,1,ジェットブレード,54.0,原優介,1:53.4,3.1/2,7.2,4.0,[東] 青木孝文,2022103522,202403020305,2歳新馬｜2024年7月6日 | 競馬データベース - netkeiba,2026-05-20T09:51:52.623213,牡,2,456.0,0.0,0,0,6.0,6.67,34.62,0.1429,0,6,34.62,34.62,34.62,0.1429,34.62
7.0,7,11,ミッドセンチュリー,55.0,嶋田純次,1:53.5,1,40.7,10.0,[東] 松山将樹,2022103308,202403020305,2歳新馬｜2024年7月6日 | 競馬データベース - netkeiba,2026-05-20T09:51:52.623213,牡,2,438.0,0.0,0,0,4.4,6.0,35.14,0.1852,0,4,35.14,35.14,35.14,0.1852,35.14
8.0,3,4,ウインアレース,55.0,松岡正海,1:53.5,ハナ,5.2,1.0,[東] 畠山吉宏,2022106210,202403020305,2歳新馬｜2024年7月6日 | 競馬データベース - netkeiba,2026-05-20T09:51:52.623213,牡,2,464.0,0.0,0,0,9.5,8.5,41.5,0.0952,0,9,41.5,41.5,41.5,0.0952,41.5
9.0,5,8,アグネスサンキ,55.0,石橋脩,1:53.5,ハナ,7.8,5.0,[東] 和田勇介,2022100155,202403020305,2歳新馬｜2024年7月6日 | 競馬データベース - netkeiba,2026-05-20T09:51:52.623213,牡,2,448.0,0.0,0,0,3.0,2.33,40.44,0.25,0,2,40.44,40.44,40.44,0.25,40.44
10.0,3,3,モンサンオブライト,55.0,木幡巧也,1:53.7,1,51.4,12.0,[東] 牧光二,2022100199,202403020305,2歳新馬｜2024年7月6日 | 競馬データベース - netkeiba,2026-05-20T09:51:52.623213,牡,2,422.0,0.0,0,0,5.2,4.67,39.76,0.1613,0,2,39.76,39.76,39.76,0.1613,39.76
11.0,8,14,ココマドンナ,55.0,原田和真,1:53.8,1/2,94.9,14.0,[東] 南田美知,2022100240,202403020305,2歳新馬｜2024年7月6日 | 競馬データベース - netkeiba,2026-05-20T09:51:52.623213,牝,2,402.0,0.0,0,0,6.0,6.0,38.44,0.1429,0,6,38.44,38.44,38.44,0.1429,38.44
12.0,8,13,ホリーアン,55.0,丸田恭介,1:53.9,1/2,45.3,11.0,[東] 萱野浩二,2022106065,202403020305,2歳新馬｜2024年7月6日 | 競馬データベース - netkeiba,2026-05-20T09:51:52.623213,牝,2,416.0,0.0,0,0,10.6,11.67,34.06,0.0862,0,15,34.06,34.06,34.06,0.0862,34.06
13.0,6,10,コスモフィネス,55.0,野中悠太,1:53.9,クビ,58.6,13.0,[東] 黒岩陽一,2022101084,202403020305,2歳新馬｜2024年7月6日 | 競馬データベース - netkeiba,2026-05-20T09:51:52.623213,牝,2,412.0,0.0,0,0,5.4,5.0,41.86,0.1562,0,9,41.86,41.86,41.86,0.1562,41.86
14.0,7,12,ニシノブレイゼスト,55.0,菅原明良,1:54.3,2.1/2,5.7,3.0,[東] 高木登,2022107011,202403020305,2歳新馬｜2024年7月6日 | 競馬データベース - netkeiba,2026-05-20T09:51:52.623213,牡,2,490.0,0.0,0,0,6.0,7.67,38.94,0.1429,0,11,38.94,38.94,38.94,0.1429,38.94
1.0,2,2,ミライヘノブーケ,55.0,柴田大知,1:10.7,,4.8,2.0,[東] 伊藤大士,2022101983,202403020306,2歳新馬｜2024年7月6日 | 競馬データベース - netkeiba,2026-05-20T09:52:30.761662,牝,2,430.0,0.0,1,1,11.0,11.33,36.54,0.0833,0,12,36.54,36.54,36.54,0.0833,36.54
2.0,5,6,アルデショワ,55.0,津村明秀,1:10.7,1/2,1.7,1.0,[東] 田中博康,2022106648,202403020306,2歳新馬｜2024年7月6日 | 競馬データベース - netkeiba,2026-05-20T09:52:30.761662,牝,2,454.0,0.0,0,1,8.2,11.67,37.66,0.1087,0,8,37.66,37.66,37.66,0.1087,37.66
3.0,8,12,カーティブヨーク,51.0,大江原比,1:11.1,2.1/2,14.4,5.0,[東] 武市康男,2022102321,202403020306,2歳新馬｜2024年7月6日 | 競馬データベース - netkeiba,2026-05-20T09:52:30.761662,牝,2,424.0,0.0,0,1,10.2,10.67,39.42,0.0893,0,9,39.42,39.42,39.42,0.0893,39.42
4.0,4,4,ユラジスティック,55.0,菅原明良,1:11.4,1.3/4,5.9,3.0,[東] 嘉藤貴行,2022105816,202403020306,2歳新馬｜2024年7月6日 | 競馬データベース - netkeiba,2026-05-20T09:52:30.761662,牝,2,420.0,0.0,0,0,11.0,13.33,37.2,0.0833,0,16,37.2,37.2,37.2,0.0833,37.2
5.0,7,10,フレンドビーチ,52.0,佐藤翔馬,1:11.5,クビ,42.8,8.0,[東] 南田美知,2022100336,202403020306,2歳新馬｜2024年7月6日 | 競馬データベース - netkeiba,2026-05-20T09:52:30.761662,牝,2,418.0,0.0,0,0,6.6,7.0,39.84,0.1316,0,4,39.84,39.84,39.84,0.1316,39.84
6.0,5,5,ゴールデンマーチ,52.0,石田拓郎,1:11.8,2,43.0,9.0,[東] 新開幸一,2022103013,202403020306,2歳新馬｜2024年7月6日 | 競馬データベース - netkeiba,2026-05-20T09:52:30.761662,牝,2,398.0,0.0,0,0,6.8,9.67,41.04,0.1282,0,10,41.04,41.04,41.04,0.1282,41.04
7.0,6,8,フェスティヴイリス,53.0,藤田菜七,1:11.8,ハナ,33.2,7.0,[東] 清水英克,2022102384,202403020306,2歳新馬｜2024年7月6日 | 競馬データベース - netkeiba,2026-05-20T09:52:30.761662,牝,2,394.0,0.0,0,0,7.4,6.0,42.0,0.119,0,5,42.0,42.0,42.0,0.119,42.0
8.0,7,9,アミグダラ,55.0,杉原誠人,1:11.9,クビ,12.7,4.0,[東] 岩戸孝樹,2022107225,202403020306,2歳新馬｜2024年7月6日 | 競馬データベース - netkeiba,2026-05-20T09:52:30.761662,牝,2,430.0,0.0,0,0,0.0,0.0,0.0,0.0,0,0,0.0,0.0,0.0,0.0,0.0
9.0,1,1,ジュエリーメモリー,52.0,石神深道,1:12.0,1/2,57.6,10.0,[東] 粕谷昌央,2022104098,202403020306,2歳新馬｜2024年7月6日 | 競馬データベース - netkeiba,2026-05-20T09:52:30.761662,牝,2,362.0,0.0,0,0,4.75,4.5,42.38,0.1739,0,1,42.38,42.38,42.38,0.1739,42.38
10.0,6,7,エンジェルスター,55.0,松岡正海,1:12.4,2.1/2,22.1,6.0,[東] 伊藤伸一,2022106823,202403020306,2歳新馬｜2024年7月6日 | 競馬データベース - netkeiba,2026-05-20T09:52:30.761662,牝,2,438.0,0.0,0,0,7.4,8.0,41.52,0.119,0,11,41.52,41.52,41.52,0.119,41.52
11.0,3,3,ウィルポリス,55.0,岩部純二,1:12.8,2,102.3,11.0,[東] 佐藤吉勝,2022107216,202403020306,2歳新馬｜2024年7月6日 | 競馬データベース - netkeiba,2026-05-20T09:52:30.761662,牝,2,424.0,0.0,0,0,8.4,9.0,40.1,0.1064,0,8,40.1,40.1,40.1,0.1064,40.1
12.0,8,11,ツクバスマイリー,53.0,小林脩斗,1:14.2,9,155.9,12.0,[東] 奥平雅士,2022101788,202403020306,2歳新馬｜2024年7月6日 | 競馬データベース - netkeiba,2026-05-20T09:52:30.761662,牝,2,422.0,0.0,0,0,8.0,6.67,39.62,0.1111,0,9,39.62,39.62,39.62,0.1111,39.62
1.0,7,12,パリプラージュ,55.0,野中悠太,1:45.8,,2.3,1.0,[東] 宮田敬介,2021110009,202403020307,3歳未勝利｜2024年7月6日 | 競馬データベース - netkeiba,2026-05-20T09:53:05.908953,牝,3,492.0,-2.0,1,1,3.0,3.0,38.27,0.25,0,1,38.27,38.27,38.27,0.25,38.27
2.0,1,1,コスモフレディ,57.0,武藤雅,1:46.5,4,15.3,5.0,[東] 水野貴広,2021100730,202403020307,3歳未勝利｜2024年7月6日 | 競馬データベース - netkeiba,2026-05-20T09:53:05.908953,牡,3,456.0,0.0,0,1,6.0,5.0,40.04,0.1429,0,8,40.04,40.04,40.04,0.1429,40.04
3.0,2,3,トクシージェネラル,57.0,内田博幸,1:46.8,2,6.1,4.0,[東] 辻哲英,2021107279,202403020307,3歳未勝利｜2024年7月6日 | 競馬データベース - netkeiba,2026-05-20T09:53:05.908953,牡,3,516.0,-2.0,0,1,10.8,12.0,40.26,0.0847,0,12,40.26,40.26,40.26,0.0847,40.26
4.0,6,10,アメリカンランナー,57.0,Ｍ．デム,1:47.0,1.1/2,4.1,2.0,[東] 戸田博文,2021110121,202403020307,3歳未勝利｜2024年7月6日 | 競馬データベース - netkeiba,2026-05-20T09:53:05.908953,牡,3,478.0,0.0,0,0,6.4,8.0,37.2,0.1351,0,10,37.2,37.2,37.2,0.1351,37.2
5.0,8,15,ホーハイト,57.0,三浦皇成,1:47.0,クビ,68.9,9.0,[東] 池上昌和,2021100293,202403020307,3歳未勝利｜2024年7月6日 | 競馬データベース - netkeiba,2026-05-20T09:53:05.908953,牡,3,426.0,-4.0,0,0,1.0,1.0,39.85,0.5,0,1,39.85,39.85,39.85,0.5,39.85
6.0,4,6,フリーマントル,56.0,横山琉人,1:47.3,1.1/2,32.7,7.0,[東] 斎藤誠,2021104868,202403020307,3歳未勝利｜2024年7月6日 | 競馬データベース - netkeiba,2026-05-20T09:53:05.908953,牡,3,492.0,-10.0,0,0,4.4,6.33,38.24,0.1852,0,5,38.24,38.24,38.24,0.1852,38.24
7.0,3,4,リムショット,57.0,木幡巧也,1:47.4,1,113.6,10.0,[東] 中川公成,2021105656,202403020307,3歳未勝利｜2024年7月6日 | 競馬データベース - netkeiba,2026-05-20T09:53:05.908953,牡,3,530.0,6.0,0,0,3.2,3.0,40.02,0.2381,0,5,40.02,40.02,40.02,0.2381,40.02
8.0,2,2,アルファウィンザー,57.0,津村明秀,1:47.5,1/2,61.2,8.0,[東] 田村康仁,2021100432,202403020307,3歳未勝利｜2024年7月6日 | 競馬データベース - netkeiba,2026-05-20T09:53:05.908953,牡,3,438.0,0.0,0,0,7.0,6.67,40.46,0.125,0,8,40.46,40.46,40.46,0.125,40.46
9.0,3,5,ユウキヒャクバイ,57.0,杉原誠人,1:48.0,3,147.1,11.0,[東] 加藤和宏,2021101644,202403020307,3歳未勝利｜2024年7月6日 | 競馬データベース - netkeiba,2026-05-20T09:53:05.908953,牡,3,494.0,0.0,0,0,6.4,8.67,42.26,0.1351,0,11,42.26,42.26,42.26,0.1351,42.26
10.0,4,7,プルメリアクヒオ,55.0,藤田菜七,1:48.6,3.1/2,4.7,3.0,[東] 深山雅史,2021103208,202403020307,3歳未勝利｜2024年7月6日 | 競馬データベース - netkeiba,2026-05-20T09:53:05.908953,牡,3,444.0,-4.0,0,0,7.8,9.0,40.08,0.1136,0,8,40.08,40.08,40.08,0.1136,40.08
11.0,8,14,ハクシュ,57.0,柴田大知,1:49.3,4,257.2,14.0,[東] 高橋文雅,2021107009,202403020307,3歳未勝利｜2024年7月6日 | 競馬データベース - netkeiba,2026-05-20T09:53:05.908953,牡,3,504.0,-2.0,0,0,0.0,0.0,0.0,0.0,0,0,0.0,0.0,0.0,0.0,0.0
12.0,6,11,ナムラバンチー,57.0,丸田恭介,1:49.6,1.3/4,23.4,6.0,[東] 武市康男,2021101826,202403020307,3歳未勝利｜2024年7月6日 | 競馬データベース - netkeiba,2026-05-20T09:53:05.908953,牡,3,500.0,-2.0,0,0,3.4,2.67,39.6,0.2273,0,5,39.6,39.6,39.6,0.2273,39.6
13.0,7,13,チャーチルテソーロ,57.0,江田照男,1:50.4,5,159.9,12.0,[東] 高木登,2021102286,202403020307,3歳未勝利｜2024年7月6日 | 競馬データベース - netkeiba,2026-05-20T09:53:05.908953,牡,3,478.0,2.0,0,0,3.2,4.0,40.4,0.2381,0,6,40.4,40.4,40.4,0.2381,40.4
14.0,5,9,ダリボルカ,52.0,石田拓郎,1:50.7,1.3/4,165.8,13.0,[東] 宗像義忠,2021105115,202403020307,3歳未勝利｜2024年7月6日 | 競馬データベース - netkeiba,2026-05-20T09:53:05.908953,牝,3,458.0,10.0,0,0,12.67,12.67,41.93,0.0732,0,14,41.93,41.93,41.93,0.0732,41.93
15.0,5,8,サクブット,52.0,石神深道,1:51.2,2.1/2,373.1,15.0,[東] 和田勇介,2021100729,202403020307,3歳未勝利｜2024年7月6日 | 競馬データベース - netkeiba,2026-05-20T09:53:05.908953,牝,3,428.0,-10.0,0,0,8.5,2.5,40.85,0.1053,0,1,40.85,40.85,40.85,0.1053,40.85
1.0,1,1,アスクナイスショー,55.0,菅原明良,1:59.2,,3.5,2.0,[東] 中舘英二,2021106954,202403020308,3歳以上1勝クラス｜2024年7月6日 | 競馬データベース - netkeiba,2026-05-20T09:53:51.002625,牡,3,494.0,16.0,1,1,5.4,7.67,35.4,0.1562,0,10,35.4,35.4,35.4,0.1562,35.4
2.0,3,3,ケイツークローン,58.0,菊沢一樹,1:59.4,1.1/2,106.0,10.0,[東] 清水英克,2020103160,202403020308,3歳以上1勝クラス｜2024年7月6日 | 競馬データベース - netkeiba,2026-05-20T09:53:51.002625,セ,4,460.0,0.0,0,1,6.6,8.33,34.68,0.1316,0,6,34.68,34.68,34.68,0.1316,34.68
3.0,7,8,ラスカンブレス,55.0,津村明秀,1:59.6,3/4,2.0,1.0,[東] 林徹,2021105391,202403020308,3歳以上1勝クラス｜2024年7月6日 | 競馬データベース - netkeiba,2026-05-20T09:53:51.002625,牡,3,476.0,-6.0,0,1,8.0,11.67,35.0,0.1111,0,7,35.0,35.0,35.0,0.1111,35.0
4.0,2,2,バナマンテソーロ,55.0,木幡巧也,2:00.2,3.1/2,29.5,7.0,[東] 加藤士津,2021102281,202403020308,3歳以上1勝クラス｜2024年7月6日 | 競馬データベース - netkeiba,2026-05-20T09:53:51.002625,牡,3,496.0,-6.0,0,0,5.8,6.67,39.4,0.1471,0,4,39.4,39.4,39.4,0.1471,39.4
5.0,4,4,キャントウェイト,55.0,石川裕紀,2:00.4,1.1/4,5.7,3.0,[東] 萱野浩二,2021102800,202403020308,3歳以上1勝クラス｜2024年7月6日 | 競馬データベース - netkeiba,2026-05-20T09:53:51.002625,牡,3,454.0,-2.0,0,0,5.4,4.67,34.7,0.1562,0,3,34.7,34.7,34.7,0.1562,34.7
6.0,5,5,サンズオブタイム,58.0,Ｍ．デム,2:00.5,1/2,20.7,6.0,[東] 和田勇介,2018100681,202403020308,3歳以上1勝クラス｜2024年7月6日 | 競馬データベース - netkeiba,2026-05-20T09:53:51.002625,牡,6,492.0,-2.0,0,0,3.75,3.5,39.55,0.2105,0,3,39.55,39.55,39.55,0.2105,39.55
7.0,6,6,ホウオウムサシ,58.0,野中悠太,2:00.5,クビ,9.6,4.0,[東] 蛯名正義,2020103947,202403020308,3歳以上1勝クラス｜2024年7月6日 | 競馬データベース - netkeiba,2026-05-20T09:53:51.002625,牡,4,448.0,0.0,0,0,11.2,13.33,34.36,0.082,0,6,34.36,34.36,34.36,0.082,34.36
8.0,8,10,マイネルシーマー,57.0,原優介,2:01.1,4,40.0,9.0,[東] 青木孝文,2019100774,202403020308,3歳以上1勝クラス｜2024年7月6日 | 競馬データベース - netkeiba,2026-05-20T09:53:51.002625,牡,5,476.0,-12.0,0,0,7.0,8.67,35.48,0.125,0,6,35.48,35.48,35.48,0.125,35.48
9.0,7,9,コスモメイゲツ,58.0,杉原誠人,2:01.5,2.1/2,202.2,11.0,[東] 矢嶋大樹,2020105770,202403020308,3歳以上1勝クラス｜2024年7月6日 | 競馬データベース - netkeiba,2026-05-20T09:53:51.002625,牡,4,486.0,0.0,0,0,4.2,3.33,39.8,0.1923,0,1,39.8,39.8,39.8,0.1923,39.8
10.0,6,7,ウイングランブルー,54.0,大江原比,2:02.8,8,38.8,8.0,[東] 深山雅史,2020105211,202403020308,3歳以上1勝クラス｜2024年7月6日 | 競馬データベース - netkeiba,2026-05-20T09:53:51.002625,牡,4,460.0,-8.0,0,0,8.2,9.33,0.0,0.1087,0,8,0.0,0.0,0.0,0.1087,0.0
11.0,8,11,ロードヴェスパー,55.0,田辺裕信,2:03.2,2.1/2,19.2,5.0,[東] 和田勇介,2021100136,202403020308,3歳以上1勝クラス｜2024年7月6日 | 競馬データベース - netkeiba,2026-05-20T09:53:51.002625,牡,3,430.0,-10.0,0,0,8.0,9.0,40.84,0.1111,0,9,40.84,40.84,40.84,0.1111,40.84
1.0,5,5,イサチルシーサイド,55.0,木幡初也,1:08.6,,5.2,3.0,[東] 竹内正洋,2021102670,202403020309,大郷特別｜2024年7月6日 | 競馬データベース - netkeiba,2026-05-20T09:54:23.211752,牡,3,470.0,-8.0,1,1,8.6,9.67,34.82,0.1042,0,12,34.82,34.82,34.82,0.1042,34.82
2.0,1,1,クオレス,53.0,木幡巧也,1:08.6,クビ,1.9,1.0,[東] 牧光二,2021103667,202403020309,大郷特別｜2024年7月6日 | 競馬データベース - netkeiba,2026-05-20T09:54:23.211752,牝,3,476.0,2.0,0,1,10.6,10.67,38.12,0.0862,0,12,38.12,38.12,38.12,0.0862,38.12
3.0,8,8,ライクアフラワー,58.0,石神深一,1:08.7,クビ,7.1,4.0,[東] 松永康利,2020101992,202403020309,大郷特別｜2024年7月6日 | 競馬データベース - netkeiba,2026-05-20T09:54:23.211752,牡,4,502.0,14.0,0,1,6.8,7.0,34.06,0.1282,0,8,34.06,34.06,34.06,0.1282,34.06
4.0,4,4,トクシーカイザー,58.0,菅原明良,1:08.8,1/2,4.6,2.0,[東] 小島茂之,2020100406,202403020309,大郷特別｜2024年7月6日 | 競馬データベース - netkeiba,2026-05-20T09:54:23.211752,牡,4,476.0,-4.0,0,0,4.8,5.33,36.16,0.1724,0,5,36.16,36.16,36.16,0.1724,36.16
5.0,2,2,グレートスピリット,55.0,菊沢一樹,1:09.5,4,30.7,7.0,[東] 菊沢隆徳,2021103981,202403020309,大郷特別｜2024年7月6日 | 競馬データベース - netkeiba,2026-05-20T09:54:23.211752,牡,3,504.0,-8.0,0,0,5.6,6.33,41.0,0.1515,0,12,41.0,41.0,41.0,0.1515,41.0
6.0,7,7,ロッククリーク,58.0,武藤雅,1:09.6,3/4,52.8,9.0,[東] 栗田徹,2020103578,202403020309,大郷特別｜2024年7月6日 | 競馬データベース - netkeiba,2026-05-20T09:54:23.211752,セ,4,486.0,-4.0,0,0,8.0,8.67,42.94,0.1111,0,12,42.94,42.94,42.94,0.1111,42.94
7.0,8,9,ハローマイラブリー,56.0,津村明秀,1:09.8,3/4,11.6,5.0,[東] 伊坂重信,2020106345,202403020309,大郷特別｜2024年7月6日 | 競馬データベース - netkeiba,2026-05-20T09:54:23.211752,牝,4,518.0,-10.0,0,0,7.0,6.67,39.98,0.125,0,3,39.98,39.98,39.98,0.125,39.98
8.0,3,3,ハッピーサプライズ,55.0,田辺裕信,1:10.6,5,27.5,6.0,[東] 佐藤吉勝,2021106395,202403020309,大郷特別｜2024年7月6日 | 競馬データベース - netkeiba,2026-05-20T09:54:23.211752,牡,3,440.0,-2.0,0,0,8.2,8.33,34.34,0.1087,0,8,34.34,34.34,34.34,0.1087,34.34
9.0,6,6,ニシノタマユラ,56.0,内田博幸,1:11.3,4,44.0,8.0,[東] 深山雅史,2019100936,202403020309,大郷特別｜2024年7月6日 | 競馬データベース - netkeiba,2026-05-20T09:54:23.211752,牝,5,456.0,2.0,0,0,7.2,6.67,39.62,0.122,0,8,39.62,39.62,39.62,0.122,39.62
1.0,3,3,シランケド,56.0,Ｍ．デム,1:59.4,,1.3,1.0,[西] 牧浦充徳,2020109107,202403020310,猪苗代特別｜2024年7月6日 | 競馬データベース - netkeiba,2026-05-20T09:54:47.716081,牝,4,506.0,-6.0,1,1,2.0,2.67,33.0,0.3333,0,4,33.0,33.0,33.0,0.3333,33.0
2.0,2,2,レディベル,56.0,内田博幸,2:00.1,4,35.7,6.0,[東] 辻哲英,2019106527,202403020310,猪苗代特別｜2024年7月6日 | 競馬データベース - netkeiba,2026-05-20T09:54:47.716081,牝,5,532.0,4.0,0,1,8.8,10.67,35.32,0.102,0,6,35.32,35.32,35.32,0.102,35.32
3.0,7,7,ランプシー,58.0,菅原明良,2:00.5,2.1/2,8.5,4.0,[東] 斎藤誠,2020102973,202403020310,猪苗代特別｜2024年7月6日 | 競馬データベース - netkeiba,2026-05-20T09:54:47.716081,牡,4,464.0,-2.0,0,1,4.8,4.67,34.78,0.1724,0,6,34.78,34.78,34.78,0.1724,34.78
4.0,1,1,マイネルダグラス,58.0,石川裕紀,2:00.6,1/2,31.2,5.0,[東] 相沢郁,2018102148,202403020310,猪苗代特別｜2024年7月6日 | 競馬データベース - netkeiba,2026-05-20T09:54:47.716081,牡,6,504.0,-6.0,0,0,10.2,10.0,41.36,0.0893,0,10,41.36,41.36,41.36,0.0893,41.36
5.0,8,8,フロムナウオン,58.0,津村明秀,2:00.7,クビ,7.1,3.0,[東] 手塚貴久,2020103205,202403020310,猪苗代特別｜2024年7月6日 | 競馬データベース - netkeiba,2026-05-20T09:54:47.716081,牡,4,532.0,-10.0,0,0,8.4,10.33,36.84,0.1064,0,6,36.84,36.84,36.84,0.1064,36.84
6.0,6,6,ホウオウサンデー,58.0,田辺裕信,2:01.2,3.1/2,6.0,2.0,[東] 奥村武,2018105047,202403020310,猪苗代特別｜2024年7月6日 | 競馬データベース - netkeiba,2026-05-20T09:54:47.716081,牡,6,468.0,4.0,0,0,8.5,12.0,33.32,0.1053,0,12,33.32,33.32,33.32,0.1053,33.32
7.0,4,4,エイトキングゴッド,58.0,原優介,2:01.4,1.1/4,65.6,8.0,[東] 青木孝文,2020103865,202403020310,猪苗代特別｜2024年7月6日 | 競馬データベース - netkeiba,2026-05-20T09:54:47.716081,牡,4,468.0,0.0,0,0,8.2,7.33,35.16,0.1087,0,7,35.16,35.16,35.16,0.1087,35.16
8.0,5,5,アルファウェーブ,58.0,杉原誠人,2:01.5,1/2,36.2,7.0,[東] 辻哲英,2017110006,202403020310,猪苗代特別｜2024年7月6日 | 競馬データベース - netkeiba,2026-05-20T09:54:47.716081,セ,7,538.0,4.0,0,0,7.4,8.0,36.64,0.119,0,8,36.64,36.64,36.64,0.119,36.64
1.0,6,11,ショウナンライシン,58.0,柴田善臣,1:44.2,,21.0,9.0,[東] 大竹正博,2020103148,202403020311,鶴ヶ城ステークス｜2024年7月6日 | 競馬データベース - netkeiba,2026-05-20T09:55:12.099313,牡,4,492.0,4.0,1,1,6.6,8.0,37.34,0.1316,0,10,37.34,37.34,37.34,0.1316,37.34
2.0,8,15,サイモンザナドゥ,58.0,原優介,1:44.4,1,12.5,8.0,[西] 小林真也,2020104497,202403020311,鶴ヶ城ステークス｜2024年7月6日 | 競馬データベース - netkeiba,2026-05-20T09:55:12.099313,牡,4,470.0,-6.0,0,1,8.4,12.67,36.86,0.1064,0,14,36.86,36.86,36.86,0.1064,36.86
3.0,2,2,カンピオーネ,58.0,菅原明良,1:44.4,クビ,6.9,3.0,[東] 栗田徹,2019100286,202403020311,鶴ヶ城ステークス｜2024年7月6日 | 競馬データベース - netkeiba,2026-05-20T09:55:12.099313,牡,5,516.0,4.0,0,1,5.6,4.33,37.04,0.1515,0,5,37.04,37.04,37.04,0.1515,37.04
4.0,8,14,リチャ,58.0,戸崎圭太,1:44.5,1/2,3.4,1.0,[東] 田中博康,2020105650,202403020311,鶴ヶ城ステークス｜2024年7月6日 | 競馬データベース - netkeiba,2026-05-20T09:55:12.099313,牡,4,490.0,-6.0,0,0,7.4,8.67,38.48,0.119,0,9,38.48,38.48,38.48,0.119,38.48
5.0,3,5,カズプレスト,58.0,津村明秀,1:44.6,クビ,7.0,4.0,[西] 高柳大輔,2019102869,202403020311,鶴ヶ城ステークス｜2024年7月6日 | 競馬データベース - netkeiba,2026-05-20T09:55:12.099313,牡,5,518.0,-6.0,0,0,8.6,6.0,38.54,0.1042,0,5,38.54,38.54,38.54,0.1042,38.54
6.0,4,7,オンザライン,58.0,石橋脩,1:44.8,1.1/4,10.8,6.0,[東] 大和田成,2018104646,202403020311,鶴ヶ城ステークス｜2024年7月6日 | 競馬データベース - netkeiba,2026-05-20T09:55:12.099313,セ,6,448.0,-4.0,0,0,9.2,7.33,37.28,0.098,0,13,37.28,37.28,37.28,0.098,37.28
7.0,3,4,ラズルダズル,58.0,Ｍ．デム,1:44.8,ハナ,46.1,10.0,[西] 茶木太樹,2017105602,202403020311,鶴ヶ城ステークス｜2024年7月6日 | 競馬データベース - netkeiba,2026-05-20T09:55:12.099313,牡,7,466.0,-6.0,0,0,4.8,4.67,0.0,0.1724,0,6,0.0,0.0,0.0,0.1724,0.0
8.0,2,3,プラウドヘリテージ,58.0,松岡正海,1:45.1,1.1/2,4.9,2.0,[東] 田中剛,2019101875,202403020311,鶴ヶ城ステークス｜2024年7月6日 | 競馬データベース - netkeiba,2026-05-20T09:55:12.099313,牡,5,506.0,-2.0,0,0,9.0,9.0,38.7,0.1,0,13,38.7,38.7,38.7,0.1,38.7
9.0,5,8,アイファーテイオー,58.0,藤懸貴志,1:45.2,1/2,10.1,5.0,[西] 鮫島一歩,2020101275,202403020311,鶴ヶ城ステークス｜2024年7月6日 | 競馬データベース - netkeiba,2026-05-20T09:55:12.099313,牡,4,454.0,-10.0,0,0,5.2,5.67,37.82,0.1613,0,4,37.82,37.82,37.82,0.1613,37.82
10.0,5,9,カランセ,56.0,伊藤工真,1:45.2,クビ,105.9,13.0,[東] 金成貴史,2019105634,202403020311,鶴ヶ城ステークス｜2024年7月6日 | 競馬データベース - netkeiba,2026-05-20T09:55:12.099313,牝,5,480.0,-2.0,0,0,8.8,10.0,37.48,0.102,0,8,37.48,37.48,37.48,0.102,37.48
11.0,4,6,イーサンバーニング,58.0,田辺裕信,1:45.7,3,11.3,7.0,[東] 千葉直人,2019104192,202403020311,鶴ヶ城ステークス｜2024年7月6日 | 競馬データベース - netkeiba,2026-05-20T09:55:12.099313,牡,5,508.0,4.0,0,0,8.8,8.67,0.0,0.102,0,10,0.0,0.0,0.0,0.102,0.0
12.0,6,10,ロードバルドル,58.0,木幡巧也,1:46.2,3,101.5,12.0,[東] 稲垣幸雄,2019100410,202403020311,鶴ヶ城ステークス｜2024年7月6日 | 競馬データベース - netkeiba,2026-05-20T09:55:12.099313,牡,5,470.0,-4.0,0,0,9.25,9.5,40.73,0.0976,0,9,40.73,40.73,40.73,0.0976,40.73
13.0,1,1,デルマオニキス,58.0,菊沢一樹,1:46.4,1,249.0,15.0,[東] 勢司和浩,2017100811,202403020311,鶴ヶ城ステークス｜2024年7月6日 | 競馬データベース - netkeiba,2026-05-20T09:55:12.099313,牡,7,496.0,-4.0,0,0,10.4,10.0,37.48,0.0877,0,11,37.48,37.48,37.48,0.0877,37.48
14.0,7,12,トップスティール,58.0,丸田恭介,1:46.7,2,170.9,14.0,[東] 深山雅史,2019106387,202403020311,鶴ヶ城ステークス｜2024年7月6日 | 競馬データベース - netkeiba,2026-05-20T09:55:12.099313,牡,5,504.0,6.0,0,0,10.6,9.0,38.77,0.0862,0,9,38.77,38.77,38.77,0.0862,38.77
15.0,7,13,ベンテイガ,58.0,武藤雅,1:48.0,8,67.4,11.0,[東] 戸田博文,2019105996,202403020311,鶴ヶ城ステークス｜2024年7月6日 | 競馬データベース - netkeiba,2026-05-20T09:55:12.099313,牡,5,506.0,2.0,0,0,6.0,5.33,38.28,0.1429,0,3,38.28,38.28,38.28,0.1429,38.28
1.0,2,4,ゼウスビスティー,58.0,石橋脩,1:08.5,,5.2,3.0,[東] 小野次郎,2020100950,202403020312,3歳以上1勝クラス｜2024年7月6日 | 競馬データベース - netkeiba,2026-05-20T09:55:50.121859,牡,4,480.0,-2.0,1,1,0.0,0.0,0.0,0.0,0,0,0.0,0.0,0.0,0.0,0.0
2.0,5,10,ハクサンアイ,53.0,石田拓郎,1:08.9,2,15.0,7.0,[東] 加藤士津,2020106586,202403020312,3歳以上1勝クラス｜2024年7月6日 | 競馬データベース - netkeiba,2026-05-20T09:55:50.121859,牝,4,472.0,8.0,0,1,6.75,11.5,38.83,0.129,0,12,38.83,38.83,38.83,0.129,38.83
3.0,3,6,ベルウッドワン,53.0,小林脩斗,1:09.0,1/2,5.6,4.0,[東] 中舘英二,2021100641,202403020312,3歳以上1勝クラス｜2024年7月6日 | 競馬データベース - netkeiba,2026-05-20T09:55:50.121859,牡,3,444.0,-4.0,0,1,3.25,4.0,37.83,0.2353,0,1,37.83,37.83,37.83,0.2353,37.83
4.0,5,9,キャロライナリーパ,56.0,江田照男,1:09.3,2,163.7,15.0,[東] 田村康仁,2018105102,202403020312,3歳以上1勝クラス｜2024年7月6日 | 競馬データベース - netkeiba,2026-05-20T09:55:50.121859,牝,6,470.0,-2.0,0,0,11.0,10.0,41.06,0.0833,0,12,41.06,41.06,41.06,0.0833,41.06
5.0,1,2,イーサンハンター,55.0,田辺裕信,1:09.3,クビ,10.7,5.0,[東] 千葉直人,2021104362,202403020312,3歳以上1勝クラス｜2024年7月6日 | 競馬データベース - netkeiba,2026-05-20T09:55:50.121859,牡,3,524.0,22.0,0,0,6.6,5.33,38.3,0.1316,0,8,38.3,38.3,38.3,0.1316,38.3
6.0,8,16,ラッキーガブリエル,56.0,菅原明良,1:09.4,1/2,63.1,10.0,[東] 高木登,2019102439,202403020312,3歳以上1勝クラス｜2024年7月6日 | 競馬データベース - netkeiba,2026-05-20T09:55:50.121859,牝,5,472.0,0.0,0,0,9.4,8.67,38.44,0.0962,0,14,38.44,38.44,38.44,0.0962,38.44
7.0,2,3,ガラスノブルース,55.0,石川裕紀,1:09.5,1/2,4.1,2.0,[東] 田村康仁,2021104276,202403020312,3歳以上1勝クラス｜2024年7月6日 | 競馬データベース - netkeiba,2026-05-20T09:55:50.121859,牡,3,434.0,-6.0,0,0,8.2,7.0,38.72,0.1087,0,10,38.72,38.72,38.72,0.1087,38.72
8.0,3,5,タイセイアーメット,57.0,原優介,1:09.6,1/2,186.6,16.0,[東] 青木孝文,2018101198,202403020312,3歳以上1勝クラス｜2024年7月6日 | 競馬データベース - netkeiba,2026-05-20T09:55:50.121859,牡,6,486.0,8.0,0,0,5.2,5.67,39.74,0.1613,0,12,39.74,39.74,39.74,0.1613,39.74
9.0,7,14,マケズギライ,53.0,松岡正海,1:09.7,クビ,13.3,6.0,[東] 石栗龍彦,2021102516,202403020312,3歳以上1勝クラス｜2024年7月6日 | 競馬データベース - netkeiba,2026-05-20T09:55:50.121859,牝,3,434.0,-4.0,0,0,4.2,5.0,36.76,0.1923,0,10,36.76,36.76,36.76,0.1923,36.76
10.0,1,1,ヨッコサン,53.0,柴田大知,1:09.7,アタマ,22.2,8.0,[東] 粕谷昌央,2021103441,202403020312,3歳以上1勝クラス｜2024年7月6日 | 競馬データベース - netkeiba,2026-05-20T09:55:50.121859,牝,3,496.0,0.0,0,0,6.0,4.0,39.6,0.1429,0,2,39.6,39.6,39.6,0.1429,39.6
11.0,8,15,ゴットリープ,58.0,菊沢一樹,1:09.9,1.1/4,127.9,14.0,[東] 栗田徹,2020101319,202403020312,3歳以上1勝クラス｜2024年7月6日 | 競馬データベース - netkeiba,2026-05-20T09:55:50.121859,牡,4,470.0,-6.0,0,0,7.0,5.67,0.0,0.125,0,9,0.0,0.0,0.0,0.125,0.0
12.0,6,12,エコロセブン,53.0,藤田菜七,1:10.1,3/4,97.7,12.0,[東] 根本康広,2021103370,202403020312,3歳以上1勝クラス｜2024年7月6日 | 競馬データベース - netkeiba,2026-05-20T09:55:50.121859,牡,3,496.0,-7.0,0,0,8.2,7.67,43.06,0.1087,0,8,43.06,43.06,43.06,0.1087,43.06
13.0,4,7,ベニシア,53.0,三浦皇成,1:10.2,1/2,27.1,9.0,[東] 加藤士津,2021100662,202403020312,3歳以上1勝クラス｜2024年7月6日 | 競馬データベース - netkeiba,2026-05-20T09:55:50.121859,牝,3,426.0,2.0,0,0,8.4,7.33,37.14,0.1064,0,14,37.14,37.14,37.14,0.1064,37.14
14.0,4,8,ソニックロプロス,55.0,戸崎圭太,1:10.4,1.1/4,3.9,1.0,[東] 加藤士津,2021104038,202403020312,3歳以上1勝クラス｜2024年7月6日 | 競馬データベース - netkeiba,2026-05-20T09:55:50.121859,牡,3,496.0,-6.0,0,0,8.0,8.33,37.56,0.1111,0,10,37.56,37.56,37.56,0.1111,37.56
15.0,6,11,ハヌル,53.0,杉原誠人,1:11.0,4,65.9,11.0,[東] 岩戸孝樹,2021103343,202403020312,3歳以上1勝クラス｜2024年7月6日 | 競馬データベース - netkeiba,2026-05-20T09:55:50.121859,牝,3,472.0,-8.0,0,0,9.0,8.33,38.2,0.1,0,13,38.2,38.2,38.2,0.1,38.2
16.0,7,13,サリーピルエット,54.0,大江原比,1:11.2,3/4,125.6,13.0,[東] 鈴木伸尋,2020100462,202403020312,3歳以上1勝クラス｜2024年7月6日 | 競馬データベース - netkeiba,2026-05-20T09:55:50.121859,牡,4,498.0,-12.0,0,0,14.2,14.0,37.4,0.0658,0,16,37.4,37.4,37.4,0.0658,37.4
1.0,5,5,オオキニ,60.0,森一馬,3:11.5,,1.6,1.0,[西] 鈴木孝志,2019100675,202410030301,障害3歳以上未勝利｜2024年7月6日 | 競馬データベース - netkeiba,2026-05-20T09:56:40.772659,牡,5,448.0,-12.0,1,1,2.0,2.33,0.0,0.3333,0,2,0.0,0.0,0.0,0.3333,0.0
2.0,7,7,アメリカンピース,60.0,小坂忠士,3:12.2,4,8.2,3.0,[西] 音無秀孝,2018110131,202410030301,障害3歳以上未勝利｜2024年7月6日 | 競馬データベース - netkeiba,2026-05-20T09:56:40.772659,セ,6,460.0,0.0,0,1,6.0,7.67,0.0,0.1429,0,9,0.0,0.0,0.0,0.1429,0.0
3.0,6,6,インプレス,60.0,小牧加矢,3:13.5,8,3.2,2.0,[西] 佐々木晶,2019104899,202410030301,障害3歳以上未勝利｜2024年7月6日 | 競馬データベース - netkeiba,2026-05-20T09:56:40.772659,牡,5,528.0,2.0,0,1,1.4,1.67,0.0,0.4167,0,1,0.0,0.0,0.0,0.4167,0.0
4.0,4,4,マテンロウジョイ,60.0,西谷誠,3:14.1,3.1/2,12.0,4.0,[西] 四位洋文,2020106836,202410030301,障害3歳以上未勝利｜2024年7月6日 | 競馬データベース - netkeiba,2026-05-20T09:56:40.772659,牡,4,454.0,-12.0,0,0,5.2,6.0,0.0,0.1613,0,3,0.0,0.0,0.0,0.1613,0.0
5.0,8,9,シュハリ,60.0,大江原圭,3:14.3,1,140.2,9.0,[東] 粕谷昌央,2020105031,202410030301,障害3歳以上未勝利｜2024年7月6日 | 競馬データベース - netkeiba,2026-05-20T09:56:40.772659,牡,4,452.0,-4.0,0,0,6.5,7.5,0.0,0.1333,0,8,0.0,0.0,0.0,0.1333,0.0
6.0,2,2,コスモチプリア,58.0,伴啓太,3:14.3,ハナ,16.2,5.0,[東] 松永康利,2020105774,202410030301,障害3歳以上未勝利｜2024年7月6日 | 競馬データベース - netkeiba,2026-05-20T09:56:40.772659,牝,4,444.0,8.0,0,0,5.8,6.33,35.4,0.1471,0,9,35.4,35.4,35.4,0.1471,35.4
7.0,1,1,ニューモニュメント,60.0,黒岩悠,3:15.5,7,35.0,7.0,[西] 小崎憲,2016105885,202410030301,障害3歳以上未勝利｜2024年7月6日 | 競馬データベース - netkeiba,2026-05-20T09:56:40.772659,牡,8,488.0,-14.0,0,0,8.8,7.67,37.17,0.102,0,9,37.17,37.17,37.17,0.102,37.17
8.0,8,8,ベッサラビア,60.0,田村太雅,3:15.6,1.1/4,127.8,8.0,[西] 藤沢則雄,2017106222,202410030301,障害3歳以上未勝利｜2024年7月6日 | 競馬データベース - netkeiba,2026-05-20T09:56:40.772659,セ,7,446.0,-4.0,0,0,0.0,0.0,0.0,0.0,0,0,0.0,0.0,0.0,0.0,0.0
9.0,3,3,テイエムイダテン,60.0,小野寺祐,3:16.8,7,27.1,6.0,[西] 小椋研介,2017102603,202410030301,障害3歳以上未勝利｜2024年7月6日 | 競馬データベース - netkeiba,2026-05-20T09:56:40.772659,牡,7,484.0,6.0,0,0,9.4,10.0,41.8,0.0962,0,10,41.8,41.8,41.8,0.0962,41.8
1.0,4,4,ジャルディニエ,55.0,坂井瑠星,1:48.6,,1.3,1.0,[西] 奥村豊,2022105031,202410030302,2歳未勝利｜2024年7月6日 | 競馬データベース - netkeiba,2026-05-20T09:57:07.041942,牝,2,436.0,-12.0,1,1,6.6,7.33,35.08,0.1316,0,8,35.08,35.08,35.08,0.1316,35.08
2.0,3,3,マナミン,53.0,永島まな,1:49.2,3.1/2,20.0,5.0,[西] 高橋康之,2022106938,202410030302,2歳未勝利｜2024年7月6日 | 競馬データベース - netkeiba,2026-05-20T09:57:07.041942,牝,2,434.0,-14.0,0,1,10.6,10.67,39.68,0.0862,0,13,39.68,39.68,39.68,0.0862,39.68
3.0,8,8,オーシンエス,52.0,吉村誠之,1:49.6,2.1/2,10.1,3.0,[西] 宮徹,2022101608,202410030302,2歳未勝利｜2024年7月6日 | 競馬データベース - netkeiba,2026-05-20T09:57:07.041942,牡,2,438.0,0.0,0,1,6.6,8.33,35.78,0.1316,0,3,35.78,35.78,35.78,0.1316,35.78
4.0,7,7,バッケンレコード,54.0,角田大和,1:49.7,3/4,25.9,6.0,[西] 河内洋,2022102516,202410030302,2歳未勝利｜2024年7月6日 | 競馬データベース - netkeiba,2026-05-20T09:57:07.041942,牡,2,454.0,4.0,0,0,4.0,5.0,36.4,0.2,0,9,36.4,36.4,36.4,0.2,36.4
5.0,5,5,ディクシャ,55.0,団野大成,1:49.8,3/4,35.3,7.0,[西] 西村真幸,2022102951,202410030302,2歳未勝利｜2024年7月6日 | 競馬データベース - netkeiba,2026-05-20T09:57:07.041942,牡,2,458.0,0.0,0,0,6.6,6.33,37.8,0.1316,0,5,37.8,37.8,37.8,0.1316,37.8
6.0,1,1,オニムシャ,55.0,西村淳也,1:49.8,アタマ,6.0,2.0,[西] 松永幹夫,2022100242,202410030302,2歳未勝利｜2024年7月6日 | 競馬データベース - netkeiba,2026-05-20T09:57:07.041942,牡,2,440.0,0.0,0,0,11.2,11.33,41.04,0.082,0,10,41.04,41.04,41.04,0.082,41.04
7.0,6,6,エーオ,55.0,酒井学,1:49.9,1/2,48.8,8.0,[西] 長谷川浩,2022102958,202410030302,2歳未勝利｜2024年7月6日 | 競馬データベース - netkeiba,2026-05-20T09:57:07.041942,牡,2,420.0,4.0,0,0,4.2,4.33,38.8,0.1923,0,2,38.8,38.8,38.8,0.1923,38.8
8.0,2,2,アルマリアルト,54.0,小沢大仁,1:50.1,1.1/4,63.2,9.0,[西] 川村禎彦,2022100121,202410030302,2歳未勝利｜2024年7月6日 | 競馬データベース - netkeiba,2026-05-20T09:57:07.041942,牡,2,500.0,2.0,0,0,10.0,10.0,41.3,0.0909,0,11,41.3,41.3,41.3,0.0909,41.3
9.0,8,9,ニシノオーブ,55.0,幸英明,1:50.4,2,12.5,4.0,[西] 谷潔,2022102705,202410030302,2歳未勝利｜2024年7月6日 | 競馬データベース - netkeiba,2026-05-20T09:57:07.041942,牝,2,448.0,-8.0,0,0,11.6,13.0,37.54,0.0794,0,17,37.54,37.54,37.54,0.0794,37.54
1.0,3,4,ヨシノヤッタルデー,55.0,永島まな,0:58.3,,47.3,9.0,[西] 中竹和也,2021102336,202410030303,3歳未勝利｜2024年7月6日 | 競馬データベース - netkeiba,2026-05-20T09:57:36.714296,牡,3,442.0,-10.0,1,1,10.8,11.33,36.76,0.0847,0,11,36.76,36.76,36.76,0.0847,36.76
2.0,4,6,ポートカルタヘナ,54.0,西塚洸二,0:58.5,1,14.8,7.0,[西] 畑端省吾,2021104615,202410030303,3歳未勝利｜2024年7月6日 | 競馬データベース - netkeiba,2026-05-20T09:57:36.714296,牝,3,470.0,-8.0,0,1,5.5,2.5,39.45,0.1538,0,4,39.45,39.45,39.45,0.1538,39.45
3.0,5,7,ブライトルピナス,52.0,吉村誠之,0:58.8,2,7.9,4.0,[西] 杉山晴紀,2021103598,202410030303,3歳未勝利｜2024年7月6日 | 競馬データベース - netkeiba,2026-05-20T09:57:36.714296,牝,3,456.0,0.0,0,1,12.8,12.33,37.72,0.0725,0,10,37.72,37.72,37.72,0.0725,37.72
4.0,2,2,ビーコング,56.0,松本大輝,0:59.0,3/4,4.4,3.0,[西] 新谷功一,2021103595,202410030303,3歳未勝利｜2024年7月6日 | 競馬データベース - netkeiba,2026-05-20T09:57:36.714296,牡,3,482.0,2.0,0,0,6.6,6.33,37.5,0.1316,0,15,37.5,37.5,37.5,0.1316,37.5
5.0,6,9,メイショウヴァイゼ,56.0,田口貫太,0:59.0,ハナ,4.2,2.0,[西] 安達昭夫,2021102981,202410030303,3歳未勝利｜2024年7月6日 | 競馬データベース - netkeiba,2026-05-20T09:57:36.714296,牡,3,514.0,8.0,0,0,5.6,3.67,38.78,0.1515,0,4,38.78,38.78,38.78,0.1515,38.78
6.0,4,5,シノノメ,55.0,松山弘平,0:59.4,2.1/2,10.8,5.0,[西] 大久保龍,2021101679,202410030303,3歳未勝利｜2024年7月6日 | 競馬データベース - netkeiba,2026-05-20T09:57:36.714296,牝,3,438.0,4.0,0,0,4.0,3.33,42.3,0.2,0,5,42.3,42.3,42.3,0.2,42.3
7.0,6,10,ゲーベル,57.0,団野大成,0:59.6,1.1/4,3.3,1.0,[西] 渡辺薫彦,2021100786,202410030303,3歳未勝利｜2024年7月6日 | 競馬データベース - netkeiba,2026-05-20T09:57:36.714296,牡,3,504.0,-10.0,0,0,7.0,9.0,37.8,0.125,0,1,37.8,37.8,37.8,0.125,37.8
8.0,5,8,ルミリオン,53.0,河原田菜,0:59.9,2,102.5,13.0,[西] 坂口智康,2021100381,202410030303,3歳未勝利｜2024年7月6日 | 競馬データベース - netkeiba,2026-05-20T09:57:36.714296,牡,3,448.0,10.0,0,0,5.0,7.33,40.06,0.1667,0,3,40.06,40.06,40.06,0.1667,40.06
9.0,7,11,シュムック,57.0,酒井学,1:00.1,3/4,15.1,8.0,[西] 千田輝彦,2021102415,202410030303,3歳未勝利｜2024年7月6日 | 競馬データベース - netkeiba,2026-05-20T09:57:36.714296,牡,3,500.0,-8.0,0,0,7.4,9.0,38.06,0.119,0,9,38.06,38.06,38.06,0.119,38.06
10.0,3,3,ヴェストラン,57.0,幸英明,1:00.3,1.1/4,95.1,12.0,[西] 大根田裕,2021100695,202410030303,3歳未勝利｜2024年7月6日 | 競馬データベース - netkeiba,2026-05-20T09:57:36.714296,牡,3,446.0,6.0,0,0,7.4,7.0,37.72,0.119,0,7,37.72,37.72,37.72,0.119,37.72
11.0,8,14,エクセレンアーサー,57.0,坂井瑠星,1:00.3,クビ,14.2,6.0,[西] 武英智,2021107236,202410030303,3歳未勝利｜2024年7月6日 | 競馬データベース - netkeiba,2026-05-20T09:57:36.714296,牡,3,482.0,6.0,0,0,2.0,2.0,38.98,0.3333,0,1,38.98,38.98,38.98,0.3333,38.98
12.0,7,12,ブラックリバー,54.0,秋山稔樹,1:00.6,1.3/4,92.4,11.0,[西] 杉山佳明,2021104484,202410030303,3歳未勝利｜2024年7月6日 | 競馬データベース - netkeiba,2026-05-20T09:57:36.714296,牝,3,412.0,-8.0,0,0,10.4,10.33,39.38,0.0877,0,10,39.38,39.38,39.38,0.0877,39.38
13.0,8,13,フレアビート,55.0,長岡禎仁,1:00.8,1.1/4,84.9,10.0,[西] 小栗実,2021109110,202410030303,3歳未勝利｜2024年7月6日 | 競馬データベース - netkeiba,2026-05-20T09:57:36.714296,牝,3,516.0,0.0,0,0,9.2,6.0,41.18,0.098,0,6,41.18,41.18,41.18,0.098,41.18
14.0,1,1,タマハガネ,57.0,城戸義政,1:00.9,3/4,256.8,14.0,[西] 荒川義之,2021100865,202410030303,3歳未勝利｜2024年7月6日 | 競馬データベース - netkeiba,2026-05-20T09:57:36.714296,牡,3,402.0,10.0,0,0,0.0,0.0,0.0,0.0,0,0,0.0,0.0,0.0,0.0,0.0
1.0,1,1,アスターディゴン,60.0,黒岩悠,3:47.6,,2.1,1.0,[西] 中竹和也,2019103563,202410030304,障害3歳以上オープン｜2024年7月6日 | 競馬データベース - netkeiba,2026-05-20T09:58:17.186630,牡,5,490.0,-6.0,1,1,4.6,6.33,0.0,0.1786,0,5,0.0,0.0,0.0,0.1786,0.0
2.0,2,2,エンデュミオン,61.0,小牧加矢,3:47.6,ハナ,2.4,2.0,[西] 清水久詞,2017106153,202410030304,障害3歳以上オープン｜2024年7月6日 | 競馬データベース - netkeiba,2026-05-20T09:58:17.186630,牡,7,456.0,-16.0,0,1,6.6,7.67,0.0,0.1316,0,10,0.0,0.0,0.0,0.1316,0.0
3.0,6,6,ショウナンアーチー,60.0,中村将之,3:48.4,5,7.5,4.0,[西] 松下武士,2018100443,202410030304,障害3歳以上オープン｜2024年7月6日 | 競馬データベース - netkeiba,2026-05-20T09:58:17.186630,牡,6,502.0,-6.0,0,1,6.0,5.5,0.0,0.1429,0,3,0.0,0.0,0.0,0.1429,0.0
4.0,5,5,ゴールドパラディン,60.0,森一馬,3:48.5,1/2,5.1,3.0,[西] 小椋研介,2017103283,202410030304,障害3歳以上オープン｜2024年7月6日 | 競馬データベース - netkeiba,2026-05-20T09:58:17.186630,牡,7,434.0,-12.0,0,0,9.2,9.33,39.08,0.098,0,4,39.08,39.08,39.08,0.098,39.08
5.0,3,3,スリーケイエヌ,60.0,小坂忠士,3:52.1,大,50.3,6.0,[西] 藤沢則雄,2018105935,202410030304,障害3歳以上オープン｜2024年7月6日 | 競馬データベース - netkeiba,2026-05-20T09:58:17.186630,牡,6,478.0,-4.0,0,0,7.8,7.67,0.0,0.1136,0,9,0.0,0.0,0.0,0.1136,0.0
,4,4,ファジュル,60.0,小野寺祐,,,24.4,5.0,[西] 藤沢則雄,2019106696,202410030304,障害3歳以上オープン｜2024年7月6日 | 競馬データベース - netkeiba,2026-05-20T09:58:17.186630,セ,5,440.0,-6.0,0,0,8.25,10.0,0.0,0.1081,0,7,0.0,0.0,0.0,0.1081,0.0
1.0,4,4,タマモティーカップ,55.0,長岡禎仁,1:09.2,,2.3,2.0,[西] 高橋亮,2022104398,202410030305,2歳新馬｜2024年7月6日 | 競馬データベース - netkeiba,2026-05-20T09:58:35.204461,牝,2,444.0,0.0,1,1,3.0,4.0,36.74,0.25,0,9,36.74,36.74,36.74,0.25,36.74
2.0,1,1,セルヴァンス,55.0,西村淳也,1:09.3,クビ,5.4,3.0,[西] 小椋研介,2022100654,202410030305,2歳新馬｜2024年7月6日 | 競馬データベース - netkeiba,2026-05-20T09:58:35.204461,牡,2,424.0,0.0,0,1,7.0,4.0,36.28,0.125,0,3,36.28,36.28,36.28,0.125,36.28
3.0,6,6,リアルフォルゴーレ,54.0,田口貫太,1:09.7,2.1/2,19.1,5.0,[西] 大橋勇樹,2022104222,202410030305,2歳新馬｜2024年7月6日 | 競馬データベース - netkeiba,2026-05-20T09:58:35.204461,牡,2,458.0,0.0,0,1,7.0,7.33,37.86,0.125,0,9,37.86,37.86,37.86,0.125,37.86
4.0,3,3,ショウナンアトレ,54.0,西塚洸二,1:09.9,1.1/4,9.9,4.0,[西] 梅田智之,2022103909,202410030305,2歳新馬｜2024年7月6日 | 競馬データベース - netkeiba,2026-05-20T09:58:35.204461,牡,2,468.0,0.0,0,0,3.4,3.67,39.52,0.2273,0,3,39.52,39.52,39.52,0.2273,39.52
5.0,2,2,プレインコート,55.0,川田将雅,1:10.2,1.3/4,2.1,1.0,[西] 吉岡辰弥,2022104646,202410030305,2歳新馬｜2024年7月6日 | 競馬データベース - netkeiba,2026-05-20T09:58:35.204461,牝,2,400.0,0.0,0,0,9.6,9.67,39.82,0.0943,0,8,39.82,39.82,39.82,0.0943,39.82
6.0,5,5,ゴッドペイズリー,54.0,角田大和,1:10.3,1/2,51.8,6.0,[西] 飯田祐史,2022103275,202410030305,2歳新馬｜2024年7月6日 | 競馬データベース - netkeiba,2026-05-20T09:58:35.204461,牡,2,488.0,0.0,0,0,11.8,12.33,37.42,0.0781,0,16,37.42,37.42,37.42,0.0781,37.42
1.0,4,7,レザンクレール,55.0,西村淳也,1:08.5,,4.0,1.0,[西] 西村真幸,2021105794,202410030306,3歳未勝利｜2024年7月6日 | 競馬データベース - netkeiba,2026-05-20T09:58:52.561222,牝,3,422.0,2.0,1,1,11.8,11.0,36.22,0.0781,0,13,36.22,36.22,36.22,0.0781,36.22
2.0,3,6,フリーダムレイン,57.0,坂井瑠星,1:08.6,3/4,4.6,3.0,[西] 友道康夫,2021105792,202410030306,3歳未勝利｜2024年7月6日 | 競馬データベース - netkeiba,2026-05-20T09:58:52.561222,牡,3,474.0,-4.0,0,1,5.0,5.0,0.0,0.1667,0,12,0.0,0.0,0.0,0.1667,0.0
3.0,6,11,タイセイタリスマン,56.0,田口貫太,1:08.6,クビ,89.5,14.0,[西] 小栗実,2021106721,202410030306,3歳未勝利｜2024年7月6日 | 競馬データベース - netkeiba,2026-05-20T09:58:52.561222,牡,3,454.0,-2.0,0,1,3.6,4.33,40.66,0.2174,0,5,40.66,40.66,40.66,0.2174,40.66
4.0,3,5,レディーズナイト,54.0,西塚洸二,1:08.6,アタマ,11.8,6.0,[西] 鮫島一歩,2021101933,202410030306,3歳未勝利｜2024年7月6日 | 競馬データベース - netkeiba,2026-05-20T09:58:52.561222,牝,3,456.0,-2.0,0,0,7.8,10.33,38.62,0.1136,0,12,38.62,38.62,38.62,0.1136,38.62
5.0,7,13,サウンドガネーシャ,57.0,松若風馬,1:08.7,1/2,31.2,9.0,[西] 安達昭夫,2021110145,202410030306,3歳未勝利｜2024年7月6日 | 競馬データベース - netkeiba,2026-05-20T09:58:52.561222,牡,3,492.0,-8.0,0,0,9.0,10.0,34.74,0.1,0,13,34.74,34.74,34.74,0.1,34.74
6.0,6,12,ケイティバトラー,56.0,小沢大仁,1:08.8,1/2,34.3,11.0,[西] 高橋康之,2021107214,202410030306,3歳未勝利｜2024年7月6日 | 競馬データベース - netkeiba,2026-05-20T09:58:52.561222,牡,3,486.0,-24.0,0,0,7.2,5.0,39.06,0.122,0,6,39.06,39.06,39.06,0.122,39.06
7.0,2,3,アスセナ,52.0,吉村誠之,1:08.8,アタマ,80.4,13.0,[西] 牧田和弥,2021104645,202410030306,3歳未勝利｜2024年7月6日 | 競馬データベース - netkeiba,2026-05-20T09:58:52.561222,牝,3,476.0,0.0,0,0,4.2,5.33,39.74,0.1923,0,10,39.74,39.74,39.74,0.1923,39.74
8.0,5,9,ヴァシロペス,57.0,国分恭介,1:08.9,1/2,4.3,2.0,[西] 緒方努,2021103903,202410030306,3歳未勝利｜2024年7月6日 | 競馬データベース - netkeiba,2026-05-20T09:58:52.561222,セ,3,444.0,-14.0,0,0,9.4,9.0,37.08,0.0962,0,11,37.08,37.08,37.08,0.0962,37.08
9.0,1,1,メイショウロージー,54.0,泉谷楓真,1:08.9,クビ,20.8,7.0,[西] 石橋守,2021103211,202410030306,3歳未勝利｜2024年7月6日 | 競馬データベース - netkeiba,2026-05-20T09:58:52.561222,牝,3,430.0,-18.0,0,0,7.6,9.0,42.24,0.1163,0,10,42.24,42.24,42.24,0.1163,42.24
10.0,1,2,マイキオラ,54.0,角田大和,1:09.0,クビ,8.8,5.0,[西] 角田晃一,2021110050,202410030306,3歳未勝利｜2024年7月6日 | 競馬データベース - netkeiba,2026-05-20T09:58:52.561222,牝,3,424.0,0.0,0,0,13.5,13.5,36.1,0.069,0,17,36.1,36.1,36.1,0.069,36.1
11.0,8,17,セプテンバーソング,55.0,幸英明,1:09.0,ハナ,94.3,15.0,[西] 森田直行,2021102366,202410030306,3歳未勝利｜2024年7月6日 | 競馬データベース - netkeiba,2026-05-20T09:58:52.561222,牝,3,382.0,2.0,0,0,9.0,9.5,40.72,0.1,0,10,40.72,40.72,40.72,0.1,40.72
12.0,4,8,クイーンカナロア,55.0,団野大成,1:09.1,クビ,26.9,8.0,[西] 藤岡健一,2021101528,202410030306,3歳未勝利｜2024年7月6日 | 競馬データベース - netkeiba,2026-05-20T09:58:52.561222,牝,3,430.0,2.0,0,0,4.2,5.67,38.54,0.1923,0,4,38.54,38.54,38.54,0.1923,38.54
13.0,5,10,フォーレ,55.0,松山弘平,1:09.1,1/2,8.7,4.0,[西] 浜田多実,2021104533,202410030306,3歳未勝利｜2024年7月6日 | 競馬データベース - netkeiba,2026-05-20T09:58:52.561222,牝,3,420.0,-6.0,0,0,5.4,3.67,40.34,0.1562,0,2,40.34,40.34,40.34,0.1562,40.34
14.0,8,15,メイケイノヴァ,55.0,酒井学,1:09.3,3/4,104.9,16.0,[西] 武英智,2021105456,202410030306,3歳未勝利｜2024年7月6日 | 競馬データベース - netkeiba,2026-05-20T09:58:52.561222,牝,3,410.0,0.0,0,0,11.6,12.33,36.7,0.0794,0,9,36.7,36.7,36.7,0.0794,36.7
15.0,7,14,モランゴ,53.0,永島まな,1:10.6,8,31.4,10.0,[西] 池添学,2021102425,202410030306,3歳未勝利｜2024年7月6日 | 競馬データベース - netkeiba,2026-05-20T09:58:52.561222,牝,3,468.0,-12.0,0,0,6.2,4.0,41.7,0.1389,0,9,41.7,41.7,41.7,0.1389,41.7
16.0,2,4,ホワイトリバー,53.0,河原田菜,1:11.0,2.1/2,123.7,17.0,[西] 武英智,2021100679,202410030306,3歳未勝利｜2024年7月6日 | 競馬データベース - netkeiba,2026-05-20T09:58:52.561222,牡,3,436.0,-10.0,0,0,9.2,9.67,39.54,0.098,0,11,39.54,39.54,39.54,0.098,39.54
17.0,8,16,ドゥラシェーナ,55.0,田中健,1:12.3,8,64.3,12.0,[西] 佐々木晶,2021102801,202410030306,3歳未勝利｜2024年7月6日 | 競馬データベース - netkeiba,2026-05-20T09:58:52.561222,牝,3,476.0,0.0,0,0,7.6,7.67,35.36,0.1163,0,9,35.36,35.36,35.36,0.1163,35.36
1.0,6,12,リトルハピ,57.0,坂井瑠星,1:46.2,,3.9,2.0,[西] 大久保龍,2021106624,202410030307,3歳未勝利｜2024年7月6日 | 競馬データベース - netkeiba,2026-05-20T09:59:40.003997,牡,3,460.0,0.0,1,1,4.0,6.0,37.92,0.2,0,11,37.92,37.92,37.92,0.2,37.92
2.0,4,8,メイショウアラセツ,57.0,太宰啓介,1:46.2,アタマ,18.2,7.0,[西] 飯田祐史,2021102836,202410030307,3歳未勝利｜2024年7月6日 | 競馬データベース - netkeiba,2026-05-20T09:59:40.003997,牡,3,518.0,2.0,0,1,4.8,4.0,39.54,0.1724,0,3,39.54,39.54,39.54,0.1724,39.54
3.0,2,3,マテンロウタイム,57.0,横山典弘,1:46.3,3/4,8.4,5.0,[西] 昆貢,2021106988,202410030307,3歳未勝利｜2024年7月6日 | 競馬データベース - netkeiba,2026-05-20T09:59:40.003997,牡,3,472.0,4.0,0,1,2.4,2.67,40.2,0.2941,0,3,40.2,40.2,40.2,0.2941,40.2
4.0,3,5,トゥラッタッタ,56.0,小沢大仁,1:46.7,2,7.1,4.0,[西] 石坂公一,2021102973,202410030307,3歳未勝利｜2024年7月6日 | 競馬データベース - netkeiba,2026-05-20T09:59:40.003997,牡,3,454.0,0.0,0,0,5.6,3.67,0.0,0.1515,0,4,0.0,0.0,0.0,0.1515,0.0
5.0,5,10,ケンジョー,57.0,川田将雅,1:47.6,5,3.8,1.0,[西] 中内田充,2021110152,202410030307,3歳未勝利｜2024年7月6日 | 競馬データベース - netkeiba,2026-05-20T09:59:40.003997,牡,3,470.0,-8.0,0,0,3.8,2.33,38.94,0.2083,0,2,38.94,38.94,38.94,0.2083,38.94
6.0,8,16,ホットエンペラー,57.0,荻野極,1:47.8,1.1/4,10.6,6.0,[西] 本田優,2021103581,202410030307,3歳未勝利｜2024年7月6日 | 競馬データベース - netkeiba,2026-05-20T09:59:40.003997,牡,3,474.0,-2.0,0,0,3.6,3.33,39.9,0.2174,0,5,39.9,39.9,39.9,0.2174,39.9
7.0,1,1,フルオブサクセス,55.0,永島まな,1:47.9,1/2,23.9,9.0,[西] 須貝尚介,2021110091,202410030307,3歳未勝利｜2024年7月6日 | 競馬データベース - netkeiba,2026-05-20T09:59:40.003997,牡,3,516.0,-2.0,0,0,7.5,8.67,39.25,0.1176,0,9,39.25,39.25,39.25,0.1176,39.25
8.0,8,15,メイショウイコマ,53.0,河原田菜,1:48.1,1.1/2,149.3,13.0,[西] 河内洋,2021102599,202410030307,3歳未勝利｜2024年7月6日 | 競馬データベース - netkeiba,2026-05-20T09:59:40.003997,牡,3,460.0,0.0,0,0,9.0,9.0,39.47,0.1,0,10,39.47,39.47,39.47,0.1,39.47
9.0,1,2,オールラウンダー,57.0,松若風馬,1:48.4,1.1/2,75.9,11.0,[西] 宮本博,2021102442,202410030307,3歳未勝利｜2024年7月6日 | 競馬データベース - netkeiba,2026-05-20T09:59:40.003997,牡,3,464.0,-2.0,0,0,4.2,3.67,39.78,0.1923,0,1,39.78,39.78,39.78,0.1923,39.78
10.0,7,14,アンバサダー,54.0,吉村誠之,1:48.4,クビ,20.7,8.0,[西] 池江泰寿,2021101380,202410030307,3歳未勝利｜2024年7月6日 | 競馬データベース - netkeiba,2026-05-20T09:59:40.003997,牡,3,504.0,0.0,0,0,6.0,8.33,40.54,0.1429,0,8,40.54,40.54,40.54,0.1429,40.54
11.0,5,9,ホウショウディーバ,54.0,田口貫太,1:48.5,クビ,120.6,12.0,[西] 河内洋,2021100268,202410030307,3歳未勝利｜2024年7月6日 | 競馬データベース - netkeiba,2026-05-20T09:59:40.003997,牝,3,428.0,-4.0,0,0,4.6,3.33,39.46,0.1786,0,4,39.46,39.46,39.46,0.1786,39.46
12.0,3,6,ボックスオフィス,57.0,和田竜二,1:48.5,クビ,32.7,10.0,[西] 吉村圭司,2021101691,202410030307,3歳未勝利｜2024年7月6日 | 競馬データベース - netkeiba,2026-05-20T09:59:40.003997,牡,3,504.0,-6.0,0,0,7.6,2.67,38.72,0.1163,0,5,38.72,38.72,38.72,0.1163,38.72
13.0,2,4,エイシンソブリン,57.0,小崎綾也,1:49.0,2.1/2,364.4,16.0,[西] 中尾秀正,2021102604,202410030307,3歳未勝利｜2024年7月6日 | 競馬データベース - netkeiba,2026-05-20T09:59:40.003997,牡,3,448.0,4.0,0,0,11.0,9.0,41.66,0.0833,0,10,41.66,41.66,41.66,0.0833,41.66
14.0,7,13,テーオーニコラス,57.0,城戸義政,1:51.4,大,241.1,15.0,[西] 奥村豊,2021106368,202410030307,3歳未勝利｜2024年7月6日 | 競馬データベース - netkeiba,2026-05-20T09:59:40.003997,セ,3,464.0,-16.0,0,0,10.0,11.0,40.58,0.0909,0,12,40.58,40.58,40.58,0.0909,40.58
15.0,6,11,ハセノビーバー,56.0,角田大和,1:53.2,大,192.1,14.0,[西] 小栗実,2021101389,202410030307,3歳未勝利｜2024年7月6日 | 競馬データベース - netkeiba,2026-05-20T09:59:40.003997,牡,3,466.0,-8.0,0,0,5.6,4.0,40.14,0.1515,0,5,40.14,40.14,40.14,0.1515,40.14
16.0,4,7,カラリパヤット,57.0,松山弘平,1:56.1,大,5.8,3.0,[西] 音無秀孝,2021105681,202410030307,3歳未勝利｜2024年7月6日 | 競馬データベース - netkeiba,2026-05-20T09:59:40.003997,牡,3,534.0,-6.0,0,0,1.0,1.0,39.12,0.5,0,1,39.12,39.12,39.12,0.5,39.12
1.0,6,11,ハミング,53.0,西村淳也,1:46.0,,3.0,1.0,[西] 中内田充,2021101434,202410030308,3歳以上1勝クラス｜2024年7月6日 | 競馬データベース - netkeiba,2026-05-20T10:00:27.497000,牝,3,432.0,8.0,1,1,7.8,8.0,36.42,0.1136,0,7,36.42,36.42,36.42,0.1136,36.42
2.0,7,13,オオナミコナミ,53.0,坂井瑠星,1:46.1,1/2,13.0,5.0,[西] 牧浦充徳,2021107173,202410030308,3歳以上1勝クラス｜2024年7月6日 | 競馬データベース - netkeiba,2026-05-20T10:00:27.497000,牝,3,472.0,-2.0,0,1,4.0,5.67,35.44,0.2,0,6,35.44,35.44,35.44,0.2,35.44
3.0,1,1,キタサンダムール,52.0,河原田菜,1:46.2,1/2,26.7,12.0,[西] 清水久詞,2020102310,202410030308,3歳以上1勝クラス｜2024年7月6日 | 競馬データベース - netkeiba,2026-05-20T10:00:27.497000,牝,4,484.0,12.0,0,1,6.4,6.67,34.02,0.1351,0,10,34.02,34.02,34.02,0.1351,34.02
4.0,8,15,エマロア,53.0,和田竜二,1:46.2,クビ,26.4,11.0,[西] 平田修,2021105441,202410030308,3歳以上1勝クラス｜2024年7月6日 | 競馬データベース - netkeiba,2026-05-20T10:00:27.497000,牝,3,492.0,18.0,0,0,5.6,6.0,36.86,0.1515,0,1,36.86,36.86,36.86,0.1515,36.86
5.0,3,6,ツッチーフェイス,55.0,小沢大仁,1:46.5,1.3/4,26.2,10.0,[西] 今野貞一,2019100249,202410030308,3歳以上1勝クラス｜2024年7月6日 | 競馬データベース - netkeiba,2026-05-20T10:00:27.497000,牝,5,478.0,6.0,0,0,9.0,10.67,34.74,0.1,0,13,34.74,34.74,34.74,0.1,34.74
6.0,8,16,スウィートスカー,56.0,酒井学,1:46.6,1,21.3,9.0,[西] 鮫島一歩,2019106251,202410030308,3歳以上1勝クラス｜2024年7月6日 | 競馬データベース - netkeiba,2026-05-20T10:00:27.497000,牝,5,478.0,-2.0,0,0,9.6,10.0,35.8,0.0943,0,8,35.8,35.8,35.8,0.0943,35.8
7.0,2,3,マルクパージュ,56.0,荻野極,1:46.7,アタマ,98.8,16.0,[西] 斉藤崇史,2020103495,202410030308,3歳以上1勝クラス｜2024年7月6日 | 競馬データベース - netkeiba,2026-05-20T10:00:27.497000,牝,4,424.0,6.0,0,0,9.2,10.67,41.2,0.098,0,10,41.2,41.2,41.2,0.098,41.2
8.0,4,8,イリスレーン,56.0,団野大成,1:46.7,クビ,28.0,13.0,[西] 清水久詞,2020102802,202410030308,3歳以上1勝クラス｜2024年7月6日 | 競馬データベース - netkeiba,2026-05-20T10:00:27.497000,牝,4,480.0,12.0,0,0,10.0,9.67,36.76,0.0909,0,10,36.76,36.76,36.76,0.0909,36.76
9.0,7,14,トンジンチ,56.0,川田将雅,1:46.8,3/4,7.2,3.0,[西] 福永祐一,2020104776,202410030308,3歳以上1勝クラス｜2024年7月6日 | 競馬データベース - netkeiba,2026-05-20T10:00:27.497000,牝,4,468.0,4.0,0,0,9.6,11.0,37.0,0.0943,0,15,37.0,37.0,37.0,0.0943,37.0
10.0,1,2,ダイシンビヨンド,55.0,西塚洸二,1:47.1,1.3/4,17.2,8.0,[西] 梅田智之,2019101985,202410030308,3歳以上1勝クラス｜2024年7月6日 | 競馬データベース - netkeiba,2026-05-20T10:00:27.497000,牝,5,456.0,-14.0,0,0,8.4,10.33,34.94,0.1064,0,11,34.94,34.94,34.94,0.1064,34.94
11.0,2,4,フラッシングレート,53.0,吉村誠之,1:47.3,1.1/2,7.1,2.0,[西] 音無秀孝,2020103441,202410030308,3歳以上1勝クラス｜2024年7月6日 | 競馬データベース - netkeiba,2026-05-20T10:00:27.497000,牝,4,472.0,0.0,0,0,7.6,8.33,37.18,0.1163,0,5,37.18,37.18,37.18,0.1163,37.18
12.0,5,9,ニシノコマチムスメ,53.0,幸英明,1:48.3,6,8.9,4.0,[西] 橋口慎介,2021107253,202410030308,3歳以上1勝クラス｜2024年7月6日 | 競馬データベース - netkeiba,2026-05-20T10:00:27.497000,牝,3,422.0,0.0,0,0,8.0,8.67,36.12,0.1111,0,10,36.12,36.12,36.12,0.1111,36.12
13.0,3,5,アキミューミュー,52.0,田口貫太,1:48.6,2,45.1,15.0,[西] 池添学,2021105344,202410030308,3歳以上1勝クラス｜2024年7月6日 | 競馬データベース - netkeiba,2026-05-20T10:00:27.497000,牝,3,470.0,16.0,0,0,8.2,9.33,41.06,0.1087,0,8,41.06,41.06,41.06,0.1087,41.06
14.0,5,10,ザパリスマッチ,53.0,松山弘平,1:49.2,3.1/2,15.3,7.0,[西] 茶木太樹,2021105302,202410030308,3歳以上1勝クラス｜2024年7月6日 | 競馬データベース - netkeiba,2026-05-20T10:00:27.497000,牝,3,474.0,0.0,0,0,11.0,12.67,37.24,0.0833,0,18,37.24,37.24,37.24,0.0833,37.24
15.0,4,7,ブラックサンライズ,53.0,松若風馬,1:49.8,3.1/2,14.4,6.0,[西] 音無秀孝,2021102235,202410030308,3歳以上1勝クラス｜2024年7月6日 | 競馬データベース - netkeiba,2026-05-20T10:00:27.497000,牝,3,482.0,18.0,0,0,6.6,7.0,40.8,0.1316,0,8,40.8,40.8,40.8,0.1316,40.8
16.0,6,12,モンディーン,51.0,永島まな,1:50.2,2.1/2,29.2,14.0,[西] 西園翔太,2021104951,202410030308,3歳以上1勝クラス｜2024年7月6日 | 競馬データベース - netkeiba,2026-05-20T10:00:27.497000,牝,3,416.0,0.0,0,0,9.0,12.33,37.66,0.1,0,10,37.66,37.66,37.66,0.1,37.66
1.0,2,2,イングランドアイズ,56.0,坂井瑠星,1:59.3,,2.8,1.0,[西] 安田翔伍,2020110085,202410030309,若戸大橋特別｜2024年7月6日 | 競馬データベース - netkeiba,2026-05-20T10:01:14.279083,牝,4,448.0,4.0,1,1,6.6,7.0,34.88,0.1316,0,15,34.88,34.88,34.88,0.1316,34.88
2.0,3,3,ティムール,58.0,西村淳也,1:59.5,1.1/4,3.7,2.0,[西] 中竹和也,2020103048,202410030309,若戸大橋特別｜2024年7月6日 | 競馬データベース - netkeiba,2026-05-20T10:01:14.279083,牡,4,468.0,2.0,0,1,5.0,3.0,35.08,0.1667,0,5,35.08,35.08,35.08,0.1667,35.08
3.0,8,10,カリーニョ,55.0,小沢大仁,1:59.5,アタマ,5.4,3.0,[西] 杉山晴紀,2021105585,202410030309,若戸大橋特別｜2024年7月6日 | 競馬データベース - netkeiba,2026-05-20T10:01:14.279083,牡,3,454.0,2.0,0,1,3.6,2.33,34.34,0.2174,0,3,34.34,34.34,34.34,0.2174,34.34
4.0,1,1,レッセパッセ,53.0,和田竜二,2:00.0,3,18.6,7.0,[西] 西園翔太,2021106826,202410030309,若戸大橋特別｜2024年7月6日 | 競馬データベース - netkeiba,2026-05-20T10:01:14.279083,牝,3,370.0,-4.0,0,0,7.8,9.0,35.0,0.1136,0,8,35.0,35.0,35.0,0.1136,35.0
5.0,6,6,クレオメデス,58.0,松山弘平,2:00.1,3/4,10.7,5.0,[西] 武英智,2020103787,202410030309,若戸大橋特別｜2024年7月6日 | 競馬データベース - netkeiba,2026-05-20T10:01:14.279083,牡,4,510.0,6.0,0,0,2.4,2.67,35.16,0.2941,0,2,35.16,35.16,35.16,0.2941,35.16
6.0,5,5,コスモダークナイト,58.0,松若風馬,2:00.2,アタマ,65.0,11.0,[西] 吉田直弘,2019102611,202410030309,若戸大橋特別｜2024年7月6日 | 競馬データベース - netkeiba,2026-05-20T10:01:14.279083,牡,5,504.0,-6.0,0,0,6.6,7.33,36.18,0.1316,0,9,36.18,36.18,36.18,0.1316,36.18
7.0,6,7,トラストエムシー,58.0,幸英明,2:00.3,1,17.4,6.0,[西] 北出成人,2020103502,202410030309,若戸大橋特別｜2024年7月6日 | 競馬データベース - netkeiba,2026-05-20T10:01:14.279083,牡,4,436.0,0.0,0,0,9.2,8.33,37.55,0.098,0,7,37.55,37.55,37.55,0.098,37.55
8.0,4,4,タガノトラリア,56.0,田口貫太,2:00.4,クビ,60.9,10.0,[西] 斉藤崇史,2020105543,202410030309,若戸大橋特別｜2024年7月6日 | 競馬データベース - netkeiba,2026-05-20T10:01:14.279083,牝,4,440.0,-2.0,0,0,7.6,9.33,36.02,0.1163,0,14,36.02,36.02,36.02,0.1163,36.02
9.0,8,11,マテンロウアルテ,56.0,横山典弘,2:01.1,4,6.7,4.0,[西] 坂口智康,2020101569,202410030309,若戸大橋特別｜2024年7月6日 | 競馬データベース - netkeiba,2026-05-20T10:01:14.279083,牝,4,490.0,10.0,0,0,6.4,5.33,35.2,0.1351,0,7,35.2,35.2,35.2,0.1351,35.2
10.0,7,9,オールデュスヴラン,55.0,団野大成,2:01.1,クビ,28.0,8.0,[西] 池江泰寿,2021104891,202410030309,若戸大橋特別｜2024年7月6日 | 競馬データベース - netkeiba,2026-05-20T10:01:14.279083,牡,3,466.0,-4.0,0,0,12.8,14.67,39.04,0.0725,0,13,39.04,39.04,39.04,0.0725,39.04
11.0,7,8,ラファミリア,55.0,西塚洸二,2:01.6,3,37.6,9.0,[西] 矢作芳人,2021105348,202410030309,若戸大橋特別｜2024年7月6日 | 競馬データベース - netkeiba,2026-05-20T10:01:14.279083,牡,3,506.0,-8.0,0,0,5.6,7.33,39.02,0.1515,0,10,39.02,39.02,39.02,0.1515,39.02
1.0,1,1,メリオーレム,55.0,川田将雅,2:37.8,,1.5,1.0,[西] 友道康夫,2021104791,202410030310,西部スポニチ賞｜2024年7月6日 | 競馬データベース - netkeiba,2026-05-20T10:01:47.937304,牡,3,484.0,0.0,1,1,5.4,8.0,34.56,0.1562,0,5,34.56,34.56,34.56,0.1562,34.56
2.0,4,4,グランアルティスタ,52.0,坂井瑠星,2:38.5,4,3.7,2.0,[西] 寺島良,2021103557,202410030310,西部スポニチ賞｜2024年7月6日 | 競馬データベース - netkeiba,2026-05-20T10:01:47.937304,牡,3,508.0,-2.0,0,1,6.4,7.67,36.84,0.1351,0,1,36.84,36.84,36.84,0.1351,36.84
3.0,8,8,リンフレスカンテ,57.0,松山弘平,2:38.6,1/2,25.2,6.0,[西] 宮本博,2018104797,202410030310,西部スポニチ賞｜2024年7月6日 | 競馬データベース - netkeiba,2026-05-20T10:01:47.937304,牡,6,442.0,2.0,0,1,8.6,10.0,35.72,0.1042,0,10,35.72,35.72,35.72,0.1042,35.72
4.0,5,5,プレイリードリーム,57.0,和田竜二,2:38.8,1.1/4,17.6,4.0,[西] 安達昭夫,2016102767,202410030310,西部スポニチ賞｜2024年7月6日 | 競馬データベース - netkeiba,2026-05-20T10:01:47.937304,牡,8,460.0,-6.0,0,0,8.4,8.67,35.4,0.1064,0,9,35.4,35.4,35.4,0.1064,35.4
5.0,6,6,レッドエンヴィー,54.0,田口貫太,2:39.0,1.1/4,20.3,5.0,[西] 坂口智康,2016104519,202410030310,西部スポニチ賞｜2024年7月6日 | 競馬データベース - netkeiba,2026-05-20T10:01:47.937304,牡,8,506.0,-6.0,0,0,7.8,9.67,35.82,0.1136,0,9,35.82,35.82,35.82,0.1136,35.82
6.0,2,2,マコトヴィクラント,54.0,西塚洸二,2:39.0,クビ,213.5,9.0,[西] 鮫島一歩,2020104940,202410030310,西部スポニチ賞｜2024年7月6日 | 競馬データベース - netkeiba,2026-05-20T10:01:47.937304,牡,4,468.0,-2.0,0,0,10.0,10.67,38.76,0.0909,0,13,38.76,38.76,38.76,0.0909,38.76
7.0,3,3,エクロール,54.0,荻野極,2:39.4,2.1/2,46.0,7.0,[西] 長谷川浩,2019100643,202410030310,西部スポニチ賞｜2024年7月6日 | 競馬データベース - netkeiba,2026-05-20T10:01:47.937304,牝,5,434.0,-2.0,0,0,7.8,10.0,36.3,0.1136,0,8,36.3,36.3,36.3,0.1136,36.3
8.0,8,9,パープルクラウド,55.0,西村淳也,2:41.1,10,6.9,3.0,[西] 吉村圭司,2020104553,202410030310,西部スポニチ賞｜2024年7月6日 | 競馬データベース - netkeiba,2026-05-20T10:01:47.937304,牡,4,516.0,2.0,0,0,10.2,9.33,36.66,0.0893,0,8,36.66,36.66,36.66,0.0893,36.66
9.0,7,7,ジュンブルースカイ,56.0,松若風馬,2:42.2,7,65.6,8.0,[東] 伊坂重信,2018105085,202410030310,西部スポニチ賞｜2024年7月6日 | 競馬データベース - netkeiba,2026-05-20T10:01:47.937304,牡,6,452.0,0.0,0,0,10.2,12.67,37.16,0.0893,0,18,37.16,37.16,37.16,0.0893,37.16
1.0,5,5,ダノンセシボン,56.0,坂井瑠星,0:57.2,,2.8,1.0,[西] 千田輝彦,2020101633,202410030311,釜山ステークス｜2024年7月6日 | 競馬データベース - netkeiba,2026-05-20T10:02:15.894140,牝,4,490.0,-6.0,1,1,8.8,13.67,37.54,0.102,0,14,37.54,37.54,37.54,0.102,37.54
2.0,6,7,エコロアイ,56.0,西村淳也,0:57.5,2,3.7,2.0,[西] 森秀行,2020110137,202410030311,釜山ステークス｜2024年7月6日 | 競馬データベース - netkeiba,2026-05-20T10:02:15.894140,牝,4,516.0,0.0,0,1,11.8,14.0,38.66,0.0781,0,13,38.66,38.66,38.66,0.0781,38.66
3.0,8,12,クロデメニル,56.0,永島まな,0:57.5,ハナ,18.8,7.0,[西] 森秀行,2019110103,202410030311,釜山ステークス｜2024年7月6日 | 競馬データベース - netkeiba,2026-05-20T10:02:15.894140,牝,5,494.0,-18.0,0,1,8.8,8.33,37.44,0.102,0,14,37.44,37.44,37.44,0.102,37.44
4.0,8,11,ペプチドヤマト,58.0,小沢大仁,0:57.8,1.1/2,12.9,6.0,[西] 武英智,2019103605,202410030311,釜山ステークス｜2024年7月6日 | 競馬データベース - netkeiba,2026-05-20T10:02:15.894140,牡,5,484.0,-8.0,0,0,6.8,7.67,35.22,0.1282,0,3,35.22,35.22,35.22,0.1282,35.22
5.0,5,6,メイショウフジタカ,58.0,幸英明,0:57.9,クビ,28.3,8.0,[西] 飯田祐史,2018105860,202410030311,釜山ステークス｜2024年7月6日 | 競馬データベース - netkeiba,2026-05-20T10:02:15.894140,牡,6,490.0,-6.0,0,0,4.6,3.67,39.78,0.1786,0,9,39.78,39.78,39.78,0.1786,39.78
6.0,4,4,メルシー,56.0,荻野極,0:58.0,3/4,62.9,10.0,[西] 今野貞一,2019100451,202410030311,釜山ステークス｜2024年7月6日 | 競馬データベース - netkeiba,2026-05-20T10:02:15.894140,牝,5,440.0,6.0,0,0,11.0,12.33,36.9,0.0833,0,16,36.9,36.9,36.9,0.0833,36.9
7.0,1,1,アルムラトゥール,58.0,和田竜二,0:58.2,1.1/4,11.2,5.0,[西] 川村禎彦,2020105545,202410030311,釜山ステークス｜2024年7月6日 | 競馬データベース - netkeiba,2026-05-20T10:02:15.894140,牡,4,494.0,0.0,0,0,7.6,8.0,36.34,0.1163,0,12,36.34,36.34,36.34,0.1163,36.34
8.0,7,10,オーロベルディ,56.0,松山弘平,0:58.6,2.1/2,5.0,3.0,[西] 緒方努,2019103162,202410030311,釜山ステークス｜2024年7月6日 | 競馬データベース - netkeiba,2026-05-20T10:02:15.894140,牝,5,500.0,2.0,0,0,4.2,5.0,36.46,0.1923,0,8,36.46,36.46,36.46,0.1923,36.46
9.0,3,3,ラインガルーダ,58.0,田口貫太,0:58.7,クビ,8.5,4.0,[西] 長谷川浩,2017106295,202410030311,釜山ステークス｜2024年7月6日 | 競馬データベース - netkeiba,2026-05-20T10:02:15.894140,牡,7,468.0,-4.0,0,0,5.25,3.5,38.25,0.16,0,4,38.25,38.25,38.25,0.16,38.25
10.0,6,8,スキピオ,58.0,団野大成,0:58.9,1.1/4,31.1,9.0,[西] 浜田多実,2018101032,202410030311,釜山ステークス｜2024年7月6日 | 競馬データベース - netkeiba,2026-05-20T10:02:15.894140,牡,6,490.0,-6.0,0,0,3.0,3.33,39.02,0.25,0,8,39.02,39.02,39.02,0.25,39.02
11.0,7,9,ジェットエンブレム,58.0,西塚洸二,1:01.1,大,91.6,11.0,[西] 石坂公一,2018100886,202410030311,釜山ステークス｜2024年7月6日 | 競馬データベース - netkeiba,2026-05-20T10:02:15.894140,牡,6,530.0,-6.0,0,0,6.6,8.0,39.32,0.1316,0,6,39.32,39.32,39.32,0.1316,39.32
,2,2,ユウグロスファクタ,56.0,松本大輝,,,,,[西] 新谷功一,2019106119,202410030311,釜山ステークス｜2024年7月6日 | 競馬データベース - netkeiba,2026-05-20T10:02:15.894140,牝,5,502.0,-4.0,0,0,8.0,6.5,36.92,0.1111,0,12,36.92,36.92,36.92,0.1111,36.92
1.0,8,16,キタノズエッジ,55.0,松山弘平,1:45.5,,8.4,5.0,[西] 畑端省吾,2021100505,202410030312,3歳以上1勝クラス｜2024年7月6日 | 競馬データベース - netkeiba,2026-05-20T10:02:53.640637,牡,3,512.0,0.0,1,1,2.8,1.67,35.26,0.2632,0,1,35.26,35.26,35.26,0.2632,35.26
2.0,6,12,レッドリベルタ,54.0,田口貫太,1:45.5,クビ,6.1,3.0,[西] 庄野靖志,2021102436,202410030312,3歳以上1勝クラス｜2024年7月6日 | 競馬データベース - netkeiba,2026-05-20T10:02:53.640637,牡,3,446.0,0.0,0,1,6.8,8.33,37.48,0.1282,0,9,37.48,37.48,37.48,0.1282,37.48
3.0,3,5,ヘルモーズ,52.0,吉村誠之,1:45.9,2,11.2,6.0,[西] 小林真也,2021105431,202410030312,3歳以上1勝クラス｜2024年7月6日 | 競馬データベース - netkeiba,2026-05-20T10:02:53.640637,牡,3,502.0,-4.0,0,1,8.2,8.33,36.5,0.1087,0,8,36.5,36.5,36.5,0.1087,36.5
4.0,7,13,スーパーアグリ,58.0,坂井瑠星,1:46.2,1.3/4,42.8,11.0,[西] 矢作芳人,2020103340,202410030312,3歳以上1勝クラス｜2024年7月6日 | 競馬データベース - netkeiba,2026-05-20T10:02:53.640637,牡,4,468.0,2.0,0,0,8.8,10.67,38.0,0.102,0,12,38.0,38.0,38.0,0.102,38.0
5.0,4,8,メイショウソウタ,55.0,西村淳也,1:46.3,3/4,4.0,2.0,[西] 岡田稲男,2021103263,202410030312,3歳以上1勝クラス｜2024年7月6日 | 競馬データベース - netkeiba,2026-05-20T10:02:53.640637,牡,3,530.0,4.0,0,0,8.6,6.33,37.92,0.1042,0,9,37.92,37.92,37.92,0.1042,37.92
6.0,7,14,マリオンエール,56.0,松若風馬,1:46.4,クビ,260.9,16.0,[西] 安達昭夫,2018101371,202410030312,3歳以上1勝クラス｜2024年7月6日 | 競馬データベース - netkeiba,2026-05-20T10:02:53.640637,牝,6,482.0,12.0,0,0,10.0,11.33,37.92,0.0909,0,11,37.92,37.92,37.92,0.0909,37.92
7.0,1,2,アシャカブラン,55.0,国分優作,1:46.6,1.1/4,180.2,15.0,[西] 大根田裕,2021105933,202410030312,3歳以上1勝クラス｜2024年7月6日 | 競馬データベース - netkeiba,2026-05-20T10:02:53.640637,牡,3,520.0,10.0,0,0,8.5,10.5,38.38,0.1053,0,11,38.38,38.38,38.38,0.1053,38.38
8.0,3,6,パシアンジャン,55.0,和田竜二,1:46.6,ハナ,3.7,1.0,[西] 鈴木孝志,2021104503,202410030312,3歳以上1勝クラス｜2024年7月6日 | 競馬データベース - netkeiba,2026-05-20T10:02:53.640637,牡,3,452.0,-6.0,0,0,4.8,4.0,37.16,0.1724,0,5,37.16,37.16,37.16,0.1724,37.16
9.0,4,7,ウインドワンピース,58.0,酒井学,1:46.7,1/2,81.5,12.0,[西] 藤沢則雄,2020103901,202410030312,3歳以上1勝クラス｜2024年7月6日 | 競馬データベース - netkeiba,2026-05-20T10:02:53.640637,牡,4,494.0,-6.0,0,0,9.0,8.67,38.7,0.1,0,10,38.7,38.7,38.7,0.1,38.7
10.0,2,4,ゴットゴーゴー,52.0,河原田菜,1:46.8,1/2,125.8,13.0,[西] 木原一良,2018105530,202410030312,3歳以上1勝クラス｜2024年7月6日 | 競馬データベース - netkeiba,2026-05-20T10:02:53.640637,牝,6,464.0,4.0,0,0,5.75,7.0,41.5,0.1481,0,9,41.5,41.5,41.5,0.1481,41.5
11.0,1,1,ゼットスティール,58.0,団野大成,1:46.8,アタマ,40.8,10.0,[西] 川村禎彦,2020100202,202410030312,3歳以上1勝クラス｜2024年7月6日 | 競馬データベース - netkeiba,2026-05-20T10:02:53.640637,牡,4,528.0,-6.0,0,0,6.6,7.33,38.26,0.1316,0,4,38.26,38.26,38.26,0.1316,38.26
12.0,5,9,スマートハンター,57.0,小沢大仁,1:46.8,クビ,29.4,9.0,[西] 中村直也,2020104306,202410030312,3歳以上1勝クラス｜2024年7月6日 | 競馬データベース - netkeiba,2026-05-20T10:02:53.640637,牡,4,512.0,6.0,0,0,2.8,1.33,39.44,0.2632,0,1,39.44,39.44,39.44,0.2632,39.44
13.0,2,3,カネトシゴウト,54.0,西塚洸二,1:46.8,ハナ,15.3,7.0,[西] 大橋勇樹,2021100709,202410030312,3歳以上1勝クラス｜2024年7月6日 | 競馬データベース - netkeiba,2026-05-20T10:02:53.640637,牡,3,436.0,-18.0,0,0,7.2,9.67,37.4,0.122,0,12,37.4,37.4,37.4,0.122,37.4
14.0,8,15,モズバンディット,58.0,幸英明,1:47.0,1.1/4,20.6,8.0,[西] 中尾秀正,2020101268,202410030312,3歳以上1勝クラス｜2024年7月6日 | 競馬データベース - netkeiba,2026-05-20T10:02:53.640637,牡,4,442.0,-6.0,0,0,6.0,4.67,38.2,0.1429,0,7,38.2,38.2,38.2,0.1429,38.2
15.0,5,10,ミスティカ,52.0,松本大輝,1:47.2,3/4,137.8,14.0,[西] 松下武士,2021100098,202410030312,3歳以上1勝クラス｜2024年7月6日 | 競馬データベース - netkeiba,2026-05-20T10:02:53.640637,牝,3,450.0,0.0,0,0,8.0,10.33,38.28,0.1111,0,15,38.28,38.28,38.28,0.1111,38.28
16.0,6,11,サンダーバース,53.0,永島まな,1:48.7,9,7.6,4.0,[西] 高柳大輔,2021103582,202410030312,3歳以上1勝クラス｜2024年7月6日 | 競馬データベース - netkeiba,2026-05-20T10:02:53.640637,牡,3,474.0,4.0,0,0,8.6,5.0,38.22,0.1042,0,5,38.22,38.22,38.22,0.1042,38.22
1.0,3,3,オカメノコイ,55.0,藤岡佑介,0:59.5,,2.0,1.0,[東] 小笠倫弘,2022106698,202402011001,2歳未勝利｜2024年7月7日 | 競馬データベース - netkeiba,2026-05-20T10:03:40.874581,牝,2,448.0,0.0,1,1,11.0,9.0,37.44,0.0833,0,13,37.44,37.44,37.44,0.0833,37.44
2.0,8,11,ラヴィングユー,52.0,小林勝太,1:00.0,2.1/2,7.4,3.0,[西] 谷潔,2022100359,202402011001,2歳未勝利｜2024年7月7日 | 競馬データベース - netkeiba,2026-05-20T10:03:40.874581,牝,2,484.0,2.0,0,1,7.5,10.5,38.4,0.1176,0,7,38.4,38.4,38.4,0.1176,38.4
3.0,1,1,ピースシャイニー,55.0,鮫島克駿,1:00.4,2.1/2,28.1,7.0,[西] 河嶋宏樹,2022106509,202402011001,2歳未勝利｜2024年7月7日 | 競馬データベース - netkeiba,2026-05-20T10:03:40.874581,牡,2,474.0,0.0,0,1,3.4,2.0,40.56,0.2273,0,3,40.56,40.56,40.56,0.2273,40.56
4.0,6,6,メイショウホダワラ,52.0,高杉吏麒,1:00.4,ハナ,2.8,2.0,[西] 荒川義之,2022103237,202402011001,2歳未勝利｜2024年7月7日 | 競馬データベース - netkeiba,2026-05-20T10:03:40.874581,牝,2,470.0,-2.0,0,0,8.0,12.0,37.42,0.1111,0,16,37.42,37.42,37.42,0.1111,37.42
5.0,2,2,オオタチ,55.0,亀田温心,1:00.5,1/2,31.1,8.0,[東] 久保田貴,2022101234,202402011001,2歳未勝利｜2024年7月7日 | 競馬データベース - netkeiba,2026-05-20T10:03:40.874581,牡,2,446.0,-4.0,0,0,2.8,3.33,38.0,0.2632,0,6,38.0,38.0,38.0,0.2632,38.0
6.0,5,5,サラサエンペラー,55.0,永野猛蔵,1:00.6,1/2,15.5,4.0,[東] 村田一誠,2022102967,202402011001,2歳未勝利｜2024年7月7日 | 競馬データベース - netkeiba,2026-05-20T10:03:40.874581,牡,2,462.0,-6.0,0,0,5.2,4.67,39.32,0.1613,0,3,39.32,39.32,39.32,0.1613,39.32
7.0,4,4,ゴールドシリカ,54.0,角田大河,1:00.7,1/2,47.1,9.0,[西] 浜田多実,2022106837,202402011001,2歳未勝利｜2024年7月7日 | 競馬データベース - netkeiba,2026-05-20T10:03:40.874581,牝,2,430.0,4.0,0,0,5.0,4.67,39.52,0.1667,0,4,39.52,39.52,39.52,0.1667,39.52
8.0,8,10,サフランキララ,55.0,富田暁,1:01.3,3.1/2,130.7,10.0,[西] 北出成人,2022100347,202402011001,2歳未勝利｜2024年7月7日 | 競馬データベース - netkeiba,2026-05-20T10:03:40.874581,牝,2,410.0,4.0,0,0,6.5,7.0,39.88,0.1333,0,5,39.88,39.88,39.88,0.1333,39.88
9.0,6,7,ディヴァンカドー,55.0,古川吉洋,1:02.1,5,131.7,11.0,[西] 宮徹,2022106298,202402011001,2歳未勝利｜2024年7月7日 | 競馬データベース - netkeiba,2026-05-20T10:03:40.874581,牡,2,476.0,-6.0,0,0,4.8,6.0,40.72,0.1724,0,8,40.72,40.72,40.72,0.1724,40.72
10.0,7,9,サスペンスクィーン,55.0,佐々木大,1:02.6,2.1/2,22.7,6.0,[東] 和田雄二,2022101343,202402011001,2歳未勝利｜2024年7月7日 | 競馬データベース - netkeiba,2026-05-20T10:03:40.874581,牝,2,440.0,0.0,0,0,5.0,5.33,40.34,0.1667,0,6,40.34,40.34,40.34,0.1667,40.34
11.0,7,8,ベルスバラード,55.0,丹内祐次,1:02.8,1.1/4,17.3,5.0,[東] 牧光二,2022100755,202402011001,2歳未勝利｜2024年7月7日 | 競馬データベース - netkeiba,2026-05-20T10:03:40.874581,牝,2,414.0,2.0,0,0,6.0,6.0,40.56,0.1429,0,12,40.56,40.56,40.56,0.1429,40.56
1.0,5,5,ピクラリーダ,52.0,川端海翼,1:45.3,,88.0,10.0,[東] 森一誠,2021106347,202402011002,3歳未勝利｜2024年7月7日 | 競馬データベース - netkeiba,2026-05-20T10:04:15.702841,牝,3,454.0,2.0,1,1,11.8,15.0,37.88,0.0781,0,14,37.88,37.88,37.88,0.0781,37.88
2.0,2,2,クラウンクーロン,57.0,丹内祐次,1:45.5,1,22.3,7.0,[東] 牧光二,2021101266,202402011002,3歳未勝利｜2024年7月7日 | 競馬データベース - netkeiba,2026-05-20T10:04:15.702841,牡,3,448.0,-2.0,0,1,7.8,6.67,42.06,0.1136,0,10,42.06,42.06,42.06,0.1136,42.06
3.0,1,1,モッドフレイム,57.0,佐々木大,1:46.2,4,10.8,4.0,[西] 矢作芳人,2021104960,202402011002,3歳未勝利｜2024年7月7日 | 競馬データベース - netkeiba,2026-05-20T10:04:15.702841,牡,3,506.0,-6.0,0,1,5.6,5.33,39.84,0.1515,0,14,39.84,39.84,39.84,0.1515,39.84
4.0,3,3,メイショウヤスマサ,57.0,富田暁,1:46.4,1.1/4,98.3,11.0,[西] 本田優,2021103531,202402011002,3歳未勝利｜2024年7月7日 | 競馬データベース - netkeiba,2026-05-20T10:04:15.702841,牡,3,472.0,-2.0,0,0,4.8,3.33,40.16,0.1724,0,1,40.16,40.16,40.16,0.1724,40.16
5.0,8,12,ワカメチャン,55.0,永野猛蔵,1:46.6,1,22.1,6.0,[東] 鈴木慎太,2021101915,202402011002,3歳未勝利｜2024年7月7日 | 競馬データベース - netkeiba,2026-05-20T10:04:15.702841,牝,3,476.0,2.0,0,0,5.8,6.0,39.64,0.1471,0,3,39.64,39.64,39.64,0.1471,39.64
6.0,7,9,ココボロ,55.0,大野拓弥,1:46.7,1/2,21.2,5.0,[東] 松山将樹,2021106419,202402011002,3歳未勝利｜2024年7月7日 | 競馬データベース - netkeiba,2026-05-20T10:04:15.702841,牝,3,504.0,-4.0,0,0,12.4,11.0,38.44,0.0746,0,11,38.44,38.44,38.44,0.0746,38.44
7.0,6,8,レガッタ,57.0,横山和生,1:46.8,1/2,4.7,3.0,[西] 昆貢,2021102991,202402011002,3歳未勝利｜2024年7月7日 | 競馬データベース - netkeiba,2026-05-20T10:04:15.702841,牡,3,474.0,0.0,0,0,6.4,7.33,40.02,0.1351,0,11,40.02,40.02,40.02,0.1351,40.02
8.0,5,6,エクレシア,52.0,高杉吏麒,1:47.2,2.1/2,133.6,12.0,[西] 西園翔太,2021106024,202402011002,3歳未勝利｜2024年7月7日 | 競馬データベース - netkeiba,2026-05-20T10:04:15.702841,牝,3,480.0,0.0,0,0,6.6,8.33,39.4,0.1316,0,11,39.4,39.4,39.4,0.1316,39.4
9.0,6,7,ダイクロアイト,57.0,横山武史,1:47.5,1.1/2,2.0,1.0,[東] 萩原清,2021105524,202402011002,3歳未勝利｜2024年7月7日 | 競馬データベース - netkeiba,2026-05-20T10:04:15.702841,牡,3,460.0,0.0,0,0,3.8,5.0,38.96,0.2083,0,3,38.96,38.96,38.96,0.2083,38.96
10.0,4,4,フォルティシーム,57.0,鮫島克駿,1:47.5,アタマ,4.1,2.0,[西] 佐々木晶,2021106636,202402011002,3歳未勝利｜2024年7月7日 | 競馬データベース - netkeiba,2026-05-20T10:04:15.702841,セ,3,458.0,8.0,0,0,9.75,10.0,37.38,0.093,0,15,37.38,37.38,37.38,0.093,37.38
11.0,7,10,サンティーラ,54.0,小林勝太,1:47.9,2.1/2,33.0,8.0,[東] 竹内正洋,2021101301,202402011002,3歳未勝利｜2024年7月7日 | 競馬データベース - netkeiba,2026-05-20T10:04:15.702841,牡,3,448.0,2.0,0,0,7.6,8.67,40.04,0.1163,0,9,40.04,40.04,40.04,0.1163,40.04
12.0,8,11,ポッドロイ,56.0,角田大河,1:48.1,1,54.0,9.0,[西] 小林真也,2021100207,202402011002,3歳未勝利｜2024年7月7日 | 競馬データベース - netkeiba,2026-05-20T10:04:15.702841,牡,3,462.0,-2.0,0,0,0.0,0.0,0.0,0.0,0,0,0.0,0.0,0.0,0.0,0.0
1.0,8,11,ヴェラリーシャ,55.0,永野猛蔵,0:58.9,,2.2,1.0,[東] 伊藤圭三,2021103172,202402011003,3歳未勝利｜2024年7月7日 | 競馬データベース - netkeiba,2026-05-20T10:04:49.524911,牝,3,482.0,2.0,1,1,11.0,10.0,37.24,0.0833,0,13,37.24,37.24,37.24,0.0833,37.24
2.0,5,6,ラブリーサイン,55.0,浜中俊,0:59.0,1/2,12.5,5.0,[西] 牧浦充徳,2021101098,202402011003,3歳未勝利｜2024年7月7日 | 競馬データベース - netkeiba,2026-05-20T10:04:49.524911,牝,3,494.0,-6.0,0,1,6.2,7.67,40.28,0.1389,0,9,40.28,40.28,40.28,0.1389,40.28
3.0,7,9,ペレグリン,55.0,鮫島克駿,0:59.2,1,3.8,2.0,[西] 河嶋宏樹,2021100906,202402011003,3歳未勝利｜2024年7月7日 | 競馬データベース - netkeiba,2026-05-20T10:04:49.524911,牝,3,426.0,-2.0,0,1,4.4,5.0,36.46,0.1852,0,11,36.46,36.46,36.46,0.1852,36.46
4.0,7,10,アルヘンティニータ,55.0,佐々木大,0:59.3,3/4,61.4,8.0,[東] 伊藤圭三,2021104455,202402011003,3歳未勝利｜2024年7月7日 | 競馬データベース - netkeiba,2026-05-20T10:04:49.524911,牝,3,434.0,-2.0,0,0,5.0,6.0,37.32,0.1667,0,6,37.32,37.32,37.32,0.1667,37.32
5.0,4,4,コパマエチャン,55.0,丹内祐次,0:59.6,1.3/4,14.5,6.0,[東] 大和田成,2021104459,202402011003,3歳未勝利｜2024年7月7日 | 競馬データベース - netkeiba,2026-05-20T10:04:49.524911,牝,3,476.0,-4.0,0,0,10.6,11.0,41.14,0.0862,0,11,41.14,41.14,41.14,0.0862,41.14
6.0,8,12,ニシノサイエン,52.0,高杉吏麒,0:59.7,クビ,42.9,7.0,[東] 小手川準,2021107003,202402011003,3歳未勝利｜2024年7月7日 | 競馬データベース - netkeiba,2026-05-20T10:04:49.524911,牝,3,460.0,-6.0,0,0,9.0,9.5,40.9,0.1,0,10,40.9,40.9,40.9,0.1,40.9
7.0,3,3,ディディット,55.0,富田暁,0:59.7,クビ,5.5,3.0,[西] 木原一良,2021104542,202402011003,3歳未勝利｜2024年7月7日 | 競馬データベース - netkeiba,2026-05-20T10:04:49.524911,牝,3,442.0,0.0,0,0,4.0,5.33,39.82,0.2,0,6,39.82,39.82,39.82,0.2,39.82
8.0,6,8,ガーデンプランナー,52.0,小林勝太,1:00.1,2,7.6,4.0,[東] 堀内岳志,2021101427,202402011003,3歳未勝利｜2024年7月7日 | 競馬データベース - netkeiba,2026-05-20T10:04:49.524911,牝,3,448.0,2.0,0,0,15.2,15.67,36.74,0.0617,0,15,36.74,36.74,36.74,0.0617,36.74
9.0,5,5,アヌーク,55.0,小林凌大,1:00.1,アタマ,66.6,9.0,[東] 石栗龍彦,2021103577,202402011003,3歳未勝利｜2024年7月7日 | 競馬データベース - netkeiba,2026-05-20T10:04:49.524911,牝,3,426.0,6.0,0,0,2.75,3.0,39.88,0.2667,0,4,39.88,39.88,39.88,0.2667,39.88
10.0,1,1,ヒカルエリザベス,55.0,古川吉洋,1:00.2,1,67.2,10.0,[東] 的場均,2021104487,202402011003,3歳未勝利｜2024年7月7日 | 競馬データベース - netkeiba,2026-05-20T10:04:49.524911,牝,3,464.0,0.0,0,0,1.8,2.33,40.0,0.3571,0,1,40.0,40.0,40.0,0.3571,40.0
11.0,2,2,ビービーピケット,55.0,野中悠太,1:01.7,9,173.6,12.0,[東] 久保田貴,2021102422,202402011003,3歳未勝利｜2024年7月7日 | 競馬データベース - netkeiba,2026-05-20T10:04:49.524911,牝,3,420.0,6.0,0,0,4.8,7.0,39.92,0.1724,0,2,39.92,39.92,39.92,0.1724,39.92
12.0,6,7,パサデナノアサ,52.0,長浜鴻緒,1:01.8,1/2,147.8,11.0,[東] 天間昭一,2021101995,202402011003,3歳未勝利｜2024年7月7日 | 競馬データベース - netkeiba,2026-05-20T10:04:49.524911,牝,3,374.0,14.0,0,0,5.4,5.33,40.3,0.1562,0,4,40.3,40.3,40.3,0.1562,40.3
1.0,1,2,ソルレース,55.0,北村友一,1:10.6,,2.3,1.0,[東] 田中博康,2021101677,202402011004,3歳未勝利｜2024年7月7日 | 競馬データベース - netkeiba,2026-05-20T10:05:24.901546,牝,3,470.0,8.0,1,1,2.75,3.5,34.17,0.2667,0,5,34.17,34.17,34.17,0.2667,34.17
2.0,6,11,アムールリーベ,54.0,角田大河,1:10.7,1/2,8.4,4.0,[西] 友道康夫,2021105659,202402011004,3歳未勝利｜2024年7月7日 | 競馬データベース - netkeiba,2026-05-20T10:05:24.901546,牝,3,492.0,6.0,0,1,7.8,8.33,33.86,0.1136,0,6,33.86,33.86,33.86,0.1136,33.86
3.0,4,8,ファイツオン,54.0,高杉吏麒,1:10.8,クビ,4.7,2.0,[西] 藤岡健一,2021100476,202402011004,3歳未勝利｜2024年7月7日 | 競馬データベース - netkeiba,2026-05-20T10:05:24.901546,牡,3,514.0,8.0,0,1,11.0,10.33,36.73,0.0833,0,8,36.73,36.73,36.73,0.0833,36.73
4.0,6,12,ラーリア,55.0,大野拓弥,1:10.9,1/2,10.6,5.0,[東] 大竹正博,2021101206,202402011004,3歳未勝利｜2024年7月7日 | 競馬データベース - netkeiba,2026-05-20T10:05:24.901546,牝,3,402.0,2.0,0,0,5.8,6.33,41.12,0.1471,0,5,41.12,41.12,41.12,0.1471,41.12
5.0,3,6,イロンデル,57.0,古川吉洋,1:11.0,3/4,56.0,11.0,[東] 小手川準,2021101956,202402011004,3歳未勝利｜2024年7月7日 | 競馬データベース - netkeiba,2026-05-20T10:05:24.901546,牡,3,468.0,8.0,0,0,4.0,1.33,38.52,0.2,0,1,38.52,38.52,38.52,0.2,38.52
6.0,5,9,ヒラボクヒーロー,57.0,荻野琢真,1:11.1,3/4,36.1,8.0,[東] 大竹正博,2021103004,202402011004,3歳未勝利｜2024年7月7日 | 競馬データベース - netkeiba,2026-05-20T10:05:24.901546,牡,3,480.0,6.0,0,0,8.4,13.0,38.28,0.1064,0,11,38.28,38.28,38.28,0.1064,38.28
7.0,5,10,ジーティーポライト,55.0,横山和生,1:11.4,1.1/2,13.4,6.0,[東] 菊沢隆徳,2021104920,202402011004,3歳未勝利｜2024年7月7日 | 競馬データベース - netkeiba,2026-05-20T10:05:24.901546,牝,3,456.0,-4.0,0,0,7.0,7.67,40.46,0.125,0,9,40.46,40.46,40.46,0.125,40.46
8.0,8,16,ロンフォン,55.0,横山武史,1:11.5,3/4,7.3,3.0,[東] 久保田貴,2021105830,202402011004,3歳未勝利｜2024年7月7日 | 競馬データベース - netkeiba,2026-05-20T10:05:24.901546,牝,3,420.0,-8.0,0,0,11.0,9.0,40.48,0.0833,0,10,40.48,40.48,40.48,0.0833,40.48
9.0,7,14,ソルセルリ,55.0,永野猛蔵,1:11.5,クビ,36.1,9.0,[西] 小椋研介,2021105231,202402011004,3歳未勝利｜2024年7月7日 | 競馬データベース - netkeiba,2026-05-20T10:05:24.901546,牝,3,418.0,8.0,0,0,7.6,7.33,42.52,0.1163,0,6,42.52,42.52,42.52,0.1163,42.52
10.0,2,3,カーモス,52.0,長浜鴻緒,1:11.7,1,100.3,12.0,[西] 高橋義忠,2021105033,202402011004,3歳未勝利｜2024年7月7日 | 競馬データベース - netkeiba,2026-05-20T10:05:24.901546,牝,3,426.0,-2.0,0,0,10.2,10.0,41.34,0.0893,0,12,41.34,41.34,41.34,0.0893,41.34
11.0,1,1,シームレス,55.0,富田暁,1:11.7,クビ,109.3,13.0,[西] 小林真也,2021106729,202402011004,3歳未勝利｜2024年7月7日 | 競馬データベース - netkeiba,2026-05-20T10:05:24.901546,牝,3,436.0,2.0,0,0,8.2,8.33,39.92,0.1087,0,9,39.92,39.92,39.92,0.1087,39.92
11.0,7,13,グレンノアラシ,57.0,丹内祐次,1:11.7,同着,14.4,7.0,[東] 岩戸孝樹,2021106804,202402011004,3歳未勝利｜2024年7月7日 | 競馬データベース - netkeiba,2026-05-20T10:05:24.901546,牡,3,486.0,0.0,0,0,0.0,0.0,0.0,0.0,0,0,0.0,0.0,0.0,0.0,0.0
13.0,4,7,ビアメントブラスト,52.0,川端海翼,1:11.9,1.1/4,364.8,16.0,[東] 本間忍,2021100608,202402011004,3歳未勝利｜2024年7月7日 | 競馬データベース - netkeiba,2026-05-20T10:05:24.901546,牝,3,428.0,10.0,0,0,4.2,4.33,41.72,0.1923,0,4,41.72,41.72,41.72,0.1923,41.72
14.0,8,15,ファストフィール,57.0,佐々木大,1:12.1,3/4,54.1,10.0,[東] 菊川正達,2021101001,202402011004,3歳未勝利｜2024年7月7日 | 競馬データベース - netkeiba,2026-05-20T10:05:24.901546,牡,3,476.0,-6.0,0,0,5.4,5.33,40.54,0.1562,0,3,40.54,40.54,40.54,0.1562,40.54
15.0,3,5,ヴェラベレッツァ,52.0,小林勝太,1:12.2,3/4,150.1,14.0,[東] 小島茂之,2021105518,202402011004,3歳未勝利｜2024年7月7日 | 競馬データベース - netkeiba,2026-05-20T10:05:24.901546,牝,3,466.0,6.0,0,0,10.8,14.0,36.86,0.0847,0,15,36.86,36.86,36.86,0.0847,36.86
16.0,2,4,サイモンモーニング,57.0,藤岡佑介,1:12.3,クビ,215.8,15.0,[東] 勢司和浩,2021103106,202402011004,3歳未勝利｜2024年7月7日 | 競馬データベース - netkeiba,2026-05-20T10:05:24.901546,牡,3,428.0,0.0,0,0,5.6,6.33,40.56,0.1515,0,10,40.56,40.56,40.56,0.1515,40.56
1.0,6,6,マジックサンズ,55.0,佐々木大,1:54.0,,2.0,1.0,[西] 須貝尚介,2022104772,202402011005,2歳新馬｜2024年7月7日 | 競馬データベース - netkeiba,2026-05-20T10:06:13.955419,牡,2,502.0,0.0,1,1,8.0,7.33,33.42,0.1111,0,4,33.42,33.42,33.42,0.1111,33.42
2.0,7,8,ビーオンザカバー,55.0,横山武史,1:54.3,2,5.7,3.0,[東] 伊藤圭三,2022105388,202402011005,2歳新馬｜2024年7月7日 | 競馬データベース - netkeiba,2026-05-20T10:06:13.955419,牡,2,456.0,0.0,0,1,3.8,3.67,33.64,0.2083,0,3,33.64,33.64,33.64,0.2083,33.64
3.0,1,1,ルージュマローネ,55.0,横山和生,1:54.4,1/2,9.0,4.0,[東] 栗田徹,2022105569,202402011005,2歳新馬｜2024年7月7日 | 競馬データベース - netkeiba,2026-05-20T10:06:13.955419,牝,2,474.0,0.0,0,1,7.8,7.33,38.9,0.1136,0,11,38.9,38.9,38.9,0.1136,38.9
4.0,5,5,アンズアメ,55.0,鮫島克駿,1:54.9,3,39.2,8.0,[西] 高柳大輔,2022106689,202402011005,2歳新馬｜2024年7月7日 | 競馬データベース - netkeiba,2026-05-20T10:06:13.955419,牝,2,470.0,0.0,0,0,2.4,2.67,36.16,0.2941,0,2,36.16,36.16,36.16,0.2941,36.16
5.0,3,3,リュウゼツラン,55.0,丹内祐次,1:55.0,1/2,21.6,7.0,[東] 水野貴広,2022106809,202402011005,2歳新馬｜2024年7月7日 | 競馬データベース - netkeiba,2026-05-20T10:06:13.955419,牝,2,446.0,0.0,0,0,8.6,10.33,38.26,0.1042,0,16,38.26,38.26,38.26,0.1042,38.26
6.0,7,7,シマサンブラック,55.0,北村友一,1:55.0,アタマ,9.5,5.0,[東] 蛯名正義,2022103642,202402011005,2歳新馬｜2024年7月7日 | 競馬データベース - netkeiba,2026-05-20T10:06:13.955419,牡,2,466.0,0.0,0,0,0.0,0.0,0.0,0.0,0,0,0.0,0.0,0.0,0.0,0.0
7.0,4,4,ローレルオーブ,55.0,富田暁,1:55.1,3/4,19.0,6.0,[西] 杉山佳明,2022106940,202402011005,2歳新馬｜2024年7月7日 | 競馬データベース - netkeiba,2026-05-20T10:06:13.955419,牡,2,456.0,0.0,0,0,5.8,4.67,35.16,0.1471,0,3,35.16,35.16,35.16,0.1471,35.16
8.0,8,9,カルテシウス,55.0,藤岡佑介,1:55.3,1,4.3,2.0,[西] 福永祐一,2022105739,202402011005,2歳新馬｜2024年7月7日 | 競馬データベース - netkeiba,2026-05-20T10:06:13.955419,牡,2,468.0,0.0,0,0,5.6,5.67,39.32,0.1515,0,11,39.32,39.32,39.32,0.1515,39.32
9.0,8,10,ヤマノインパクト,55.0,永野猛蔵,1:55.4,1/2,74.5,9.0,[東] 本間忍,2022104559,202402011005,2歳新馬｜2024年7月7日 | 競馬データベース - netkeiba,2026-05-20T10:06:13.955419,牡,2,446.0,0.0,0,0,4.6,5.33,39.58,0.1786,0,6,39.58,39.58,39.58,0.1786,39.58
10.0,2,2,ドリームジャック,55.0,古川吉洋,1:57.0,10,97.3,10.0,[西] 昆貢,2022104277,202402011005,2歳新馬｜2024年7月7日 | 競馬データベース - netkeiba,2026-05-20T10:06:13.955419,牡,2,478.0,0.0,0,0,0.0,0.0,0.0,0.0,0,0,0.0,0.0,0.0,0.0,0.0
1.0,3,3,ブラックバラード,57.0,横山武史,2:05.3,,4.7,3.0,[東] 嘉藤貴行,2021103267,202402011006,3歳未勝利｜2024年7月7日 | 競馬データベース - netkeiba,2026-05-20T10:06:45.667576,牡,3,456.0,0.0,1,1,2.75,2.33,0.0,0.2667,0,1,0.0,0.0,0.0,0.2667,0.0
2.0,6,8,モカラルビー,55.0,藤岡佑介,2:05.3,クビ,11.3,6.0,[西] 四位洋文,2021103031,202402011006,3歳未勝利｜2024年7月7日 | 競馬データベース - netkeiba,2026-05-20T10:06:45.667576,牝,3,410.0,4.0,0,1,9.6,8.33,38.6,0.0943,0,9,38.6,38.6,38.6,0.0943,38.6
3.0,6,7,ファインライン,57.0,鮫島克駿,2:05.3,アタマ,3.2,1.0,[西] 松永幹夫,2021102419,202402011006,3歳未勝利｜2024年7月7日 | 競馬データベース - netkeiba,2026-05-20T10:06:45.667576,牡,3,464.0,4.0,0,1,8.0,9.0,33.48,0.1111,0,15,33.48,33.48,33.48,0.1111,33.48
4.0,4,4,ファイアンス,52.0,高杉吏麒,2:05.6,1.3/4,68.6,10.0,[東] 武市康男,2021106454,202402011006,3歳未勝利｜2024年7月7日 | 競馬データベース - netkeiba,2026-05-20T10:06:45.667576,牝,3,464.0,6.0,0,0,7.6,8.0,38.7,0.1163,0,8,38.7,38.7,38.7,0.1163,38.7
5.0,2,2,トーセンオリックス,57.0,横山和生,2:05.6,アタマ,4.0,2.0,[東] 池上昌和,2021104708,202402011006,3歳未勝利｜2024年7月7日 | 競馬データベース - netkeiba,2026-05-20T10:06:45.667576,牡,3,454.0,-2.0,0,0,6.0,7.67,36.52,0.1429,0,9,36.52,36.52,36.52,0.1429,36.52
6.0,7,9,ヤルダバオト,57.0,丹内祐次,2:05.7,クビ,8.7,4.0,[東] 蛯名利弘,2021106802,202402011006,3歳未勝利｜2024年7月7日 | 競馬データベース - netkeiba,2026-05-20T10:06:45.667576,牡,3,432.0,2.0,0,0,8.2,8.67,38.74,0.1087,0,10,38.74,38.74,38.74,0.1087,38.74
7.0,8,11,ソウルプラウド,57.0,北村友一,2:05.7,ハナ,9.2,5.0,[西] 高橋亮,2021106938,202402011006,3歳未勝利｜2024年7月7日 | 競馬データベース - netkeiba,2026-05-20T10:06:45.667576,牡,3,474.0,-4.0,0,0,3.2,3.67,38.94,0.2381,0,3,38.94,38.94,38.94,0.2381,38.94
8.0,8,12,サトノアライヴ,57.0,佐々木大,2:05.9,1.1/4,25.1,8.0,[西] 須貝尚介,2021105534,202402011006,3歳未勝利｜2024年7月7日 | 競馬データベース - netkeiba,2026-05-20T10:06:45.667576,牡,3,436.0,0.0,0,0,8.2,7.67,39.52,0.1087,0,7,39.52,39.52,39.52,0.1087,39.52
9.0,5,5,アーベントイアー,57.0,野中悠太,2:06.1,1.1/4,34.5,9.0,[東] 水野貴広,2021103057,202402011006,3歳未勝利｜2024年7月7日 | 競馬データベース - netkeiba,2026-05-20T10:06:45.667576,牡,3,490.0,-8.0,0,0,4.2,6.0,40.96,0.1923,0,8,40.96,40.96,40.96,0.1923,40.96
10.0,1,1,アークレアル,52.0,長浜鴻緒,2:06.9,5,14.8,7.0,[西] 杉山晴紀,2021103507,202402011006,3歳未勝利｜2024年7月7日 | 競馬データベース - netkeiba,2026-05-20T10:06:45.667576,牝,3,494.0,-4.0,0,0,7.4,10.0,39.58,0.119,0,13,39.58,39.58,39.58,0.119,39.58
11.0,5,6,ソノパッツァディテ,55.0,大野拓弥,2:07.7,5,92.8,12.0,[東] 高木登,2021102757,202402011006,3歳未勝利｜2024年7月7日 | 競馬データベース - netkeiba,2026-05-20T10:06:45.667576,牝,3,426.0,0.0,0,0,4.6,5.33,40.3,0.1786,0,6,40.3,40.3,40.3,0.1786,40.3
12.0,7,10,ダンツタロン,56.0,角田大河,2:07.7,ハナ,78.7,11.0,[西] 本田優,2021104578,202402011006,3歳未勝利｜2024年7月7日 | 競馬データベース - netkeiba,2026-05-20T10:06:45.667576,牡,3,486.0,4.0,0,0,4.0,5.33,40.76,0.2,0,11,40.76,40.76,40.76,0.2,40.76
1.0,8,8,エクリプスルバン,55.0,北村友一,1:43.3,,2.0,1.0,[東] 田中博康,2021106623,202402011007,3歳以上1勝クラス｜2024年7月7日 | 競馬データベース - netkeiba,2026-05-20T10:07:17.704777,牡,3,450.0,-4.0,1,1,2.75,1.67,38.27,0.2667,0,2,38.27,38.27,38.27,0.2667,38.27
2.0,8,9,ロードブレイズ,55.0,横山和生,1:43.6,1.1/2,4.4,3.0,[東] 稲垣幸雄,2021100162,202402011007,3歳以上1勝クラス｜2024年7月7日 | 競馬データベース - netkeiba,2026-05-20T10:07:17.704777,牡,3,484.0,4.0,0,1,4.8,5.67,37.76,0.1724,0,1,37.76,37.76,37.76,0.1724,37.76
3.0,5,5,ゼンダンスカイ,54.0,角田大河,1:43.7,3/4,3.9,2.0,[西] 角田晃一,2021106294,202402011007,3歳以上1勝クラス｜2024年7月7日 | 競馬データベース - netkeiba,2026-05-20T10:07:17.704777,牡,3,456.0,0.0,0,1,2.6,2.0,39.88,0.2778,0,3,39.88,39.88,39.88,0.2778,39.88
4.0,3,3,イッツオンリーユー,53.0,小林勝太,1:43.9,1.1/4,18.3,5.0,[東] 矢嶋大樹,2020102542,202402011007,3歳以上1勝クラス｜2024年7月7日 | 競馬データベース - netkeiba,2026-05-20T10:07:17.704777,牝,4,474.0,-2.0,0,0,5.8,7.33,39.56,0.1471,0,12,39.56,39.56,39.56,0.1471,39.56
5.0,1,1,ダノンペドロ,55.0,高杉吏麒,1:44.1,1.1/2,9.9,4.0,[西] 寺島良,2020103453,202402011007,3歳以上1勝クラス｜2024年7月7日 | 競馬データベース - netkeiba,2026-05-20T10:07:17.704777,セ,4,482.0,12.0,0,0,8.4,10.0,39.96,0.1064,0,12,39.96,39.96,39.96,0.1064,39.96
6.0,7,7,ザロック,55.0,佐々木大,1:44.4,1.3/4,22.6,6.0,[東] 武井亮,2021106845,202402011007,3歳以上1勝クラス｜2024年7月7日 | 競馬データベース - netkeiba,2026-05-20T10:07:17.704777,牡,3,494.0,2.0,0,0,3.8,5.33,39.1,0.2083,0,5,39.1,39.1,39.1,0.2083,39.1
7.0,2,2,リキサンハート,56.0,永野猛蔵,1:44.8,2,144.3,9.0,[東] 奥平雅士,2018102813,202402011007,3歳以上1勝クラス｜2024年7月7日 | 競馬データベース - netkeiba,2026-05-20T10:07:17.704777,牝,6,510.0,2.0,0,0,8.8,8.0,38.62,0.102,0,13,38.62,38.62,38.62,0.102,38.62
8.0,6,6,ブルーペクトライト,56.0,藤岡佑介,1:45.3,3,26.7,7.0,[西] 池添学,2020103556,202402011007,3歳以上1勝クラス｜2024年7月7日 | 競馬データベース - netkeiba,2026-05-20T10:07:17.704777,牝,4,480.0,10.0,0,0,8.8,9.0,37.82,0.102,0,12,37.82,37.82,37.82,0.102,37.82
9.0,4,4,ディープグラビティ,58.0,鮫島克駿,1:47.8,大,29.1,8.0,[東] 矢嶋大樹,2019104773,202402011007,3歳以上1勝クラス｜2024年7月7日 | 競馬データベース - netkeiba,2026-05-20T10:07:17.704777,セ,5,454.0,-2.0,0,0,9.8,11.0,41.82,0.0926,0,11,41.82,41.82,41.82,0.0926,41.82
1.0,7,7,カテリーナ,53.0,北村友一,2:04.2,,2.2,1.0,[西] 田中克典,2021101485,202402011008,3歳以上1勝クラス｜2024年7月7日 | 競馬データベース - netkeiba,2026-05-20T10:07:48.237742,牝,3,462.0,2.0,1,1,6.2,8.0,35.02,0.1389,0,15,35.02,35.02,35.02,0.1389,35.02
2.0,4,4,トレミニョン,53.0,佐々木大,2:04.4,1.1/4,5.8,3.0,[東] 和田勇介,2021105144,202402011008,3歳以上1勝クラス｜2024年7月7日 | 競馬データベース - netkeiba,2026-05-20T10:07:48.237742,牝,3,460.0,0.0,0,1,6.2,9.33,35.8,0.1389,0,12,35.8,35.8,35.8,0.1389,35.8
3.0,6,6,ニホンピロアリー,53.0,川端海翼,2:04.7,2,86.3,9.0,[西] 中尾秀正,2020104224,202402011008,3歳以上1勝クラス｜2024年7月7日 | 競馬データベース - netkeiba,2026-05-20T10:07:48.237742,牝,4,422.0,0.0,0,1,7.0,7.0,35.74,0.125,0,10,35.74,35.74,35.74,0.125,35.74
4.0,8,9,キヨラ,56.0,永野猛蔵,2:04.9,1.1/4,14.2,6.0,[東] 堀内岳志,2018106352,202402011008,3歳以上1勝クラス｜2024年7月7日 | 競馬データベース - netkeiba,2026-05-20T10:07:48.237742,牝,6,484.0,10.0,0,0,9.8,9.33,36.2,0.0926,0,8,36.2,36.2,36.2,0.0926,36.2
5.0,3,3,ウインルピナス,56.0,横山武史,2:04.9,アタマ,3.7,2.0,[東] 鈴木伸尋,2020105183,202402011008,3歳以上1勝クラス｜2024年7月7日 | 競馬データベース - netkeiba,2026-05-20T10:07:48.237742,牝,4,436.0,4.0,0,0,6.4,7.67,34.36,0.1351,0,5,34.36,34.36,34.36,0.1351,34.36
6.0,2,2,スパークタイムリー,56.0,野中悠太,2:04.9,ハナ,20.0,7.0,[東] 小島茂之,2020103440,202402011008,3歳以上1勝クラス｜2024年7月7日 | 競馬データベース - netkeiba,2026-05-20T10:07:48.237742,牝,4,468.0,8.0,0,0,9.4,11.33,36.8,0.0962,0,7,36.8,36.8,36.8,0.0962,36.8
7.0,1,1,アイスランドポピー,56.0,丹内祐次,2:05.2,2,13.7,5.0,[東] 中川公成,2019105120,202402011008,3歳以上1勝クラス｜2024年7月7日 | 競馬データベース - netkeiba,2026-05-20T10:07:48.237742,牝,5,478.0,-2.0,0,0,6.4,7.67,35.42,0.1351,0,9,35.42,35.42,35.42,0.1351,35.42
8.0,5,5,キーパフォーマー,53.0,古川吉洋,2:05.6,2,45.7,8.0,[西] 佐々木晶,2021104948,202402011008,3歳以上1勝クラス｜2024年7月7日 | 競馬データベース - netkeiba,2026-05-20T10:07:48.237742,牝,3,456.0,2.0,0,0,4.8,6.67,34.84,0.1724,0,14,34.84,34.84,34.84,0.1724,34.84
9.0,7,8,シュライフェ,56.0,黛弘人,2:05.7,1/2,129.8,10.0,[東] 和田雄二,2020103903,202402011008,3歳以上1勝クラス｜2024年7月7日 | 競馬データベース - netkeiba,2026-05-20T10:07:48.237742,牝,4,486.0,-6.0,0,0,8.6,8.0,41.58,0.1042,0,9,41.58,41.58,41.58,0.1042,41.58
10.0,8,10,チュウワダンス,56.0,荻野琢真,2:06.3,3.1/2,6.8,4.0,[西] 大久保龍,2019105154,202402011008,3歳以上1勝クラス｜2024年7月7日 | 競馬データベース - netkeiba,2026-05-20T10:07:48.237742,牝,5,470.0,8.0,0,0,3.8,5.33,34.68,0.2083,0,10,34.68,34.68,34.68,0.2083,34.68
1.0,8,12,レアグリフォン,55.0,小林勝太,0:57.9,,4.0,2.0,[東] 稲垣幸雄,2021103556,202402011009,噴火湾特別｜2024年7月7日 | 競馬データベース - netkeiba,2026-05-20T10:08:20.545565,牡,3,464.0,0.0,1,1,9.8,9.0,38.56,0.0926,0,7,38.56,38.56,38.56,0.0926,38.56
2.0,3,3,サイレンスゴールド,58.0,川又賢治,0:58.1,3/4,19.6,8.0,[西] 杉山佳明,2020105149,202402011009,噴火湾特別｜2024年7月7日 | 競馬データベース - netkeiba,2026-05-20T10:08:20.545565,牡,4,508.0,0.0,0,1,6.6,6.67,36.44,0.1316,0,6,36.44,36.44,36.44,0.1316,36.44
3.0,2,2,カンザシ,56.0,横山武史,0:58.2,3/4,6.0,3.0,[東] 蛯名正義,2019106704,202402011009,噴火湾特別｜2024年7月7日 | 競馬データベース - netkeiba,2026-05-20T10:08:20.545565,牝,5,512.0,18.0,0,1,10.6,12.0,36.3,0.0862,0,14,36.3,36.3,36.3,0.0862,36.3
4.0,1,1,パルプフィクション,53.0,北村友一,0:58.4,1.1/4,2.9,1.0,[西] 飯田祐史,2021102562,202402011009,噴火湾特別｜2024年7月7日 | 競馬データベース - netkeiba,2026-05-20T10:08:20.545565,牝,3,444.0,-2.0,0,0,8.2,11.33,37.22,0.1087,0,9,37.22,37.22,37.22,0.1087,37.22
5.0,7,9,マキアージュ,56.0,丹内祐次,0:58.4,クビ,8.0,4.0,[東] 菊川正達,2019102747,202402011009,噴火湾特別｜2024年7月7日 | 競馬データベース - netkeiba,2026-05-20T10:08:20.545565,牝,5,452.0,-14.0,0,0,8.6,10.0,34.92,0.1042,0,11,34.92,34.92,34.92,0.1042,34.92
6.0,6,7,シュガーフロート,56.0,古川吉洋,0:58.5,クビ,115.0,11.0,[西] 藤野健太,2019110051,202402011009,噴火湾特別｜2024年7月7日 | 競馬データベース - netkeiba,2026-05-20T10:08:20.545565,牝,5,426.0,4.0,0,0,7.8,6.67,37.16,0.1136,0,5,37.16,37.16,37.16,0.1136,37.16
7.0,4,4,ニルアドミラリ,58.0,佐々木大,0:58.7,1.1/4,24.2,9.0,[東] 和田正一,2018110134,202402011009,噴火湾特別｜2024年7月7日 | 競馬データベース - netkeiba,2026-05-20T10:08:20.545565,セ,6,558.0,6.0,0,0,5.8,5.67,40.84,0.1471,0,6,40.84,40.84,40.84,0.1471,40.84
8.0,8,11,クルールデュヴァン,56.0,鮫島克駿,0:58.9,1.1/4,19.4,7.0,[東] 竹内正洋,2019105379,202402011009,噴火湾特別｜2024年7月7日 | 競馬データベース - netkeiba,2026-05-20T10:08:20.545565,牝,5,510.0,4.0,0,0,7.6,9.67,36.48,0.1163,0,10,36.48,36.48,36.48,0.1163,36.48
9.0,5,5,ダラムキャッスル,56.0,永野猛蔵,0:58.9,クビ,12.6,6.0,[東] 斎藤誠,2020101560,202402011009,噴火湾特別｜2024年7月7日 | 競馬データベース - netkeiba,2026-05-20T10:08:20.545565,牝,4,508.0,4.0,0,0,13.2,11.67,38.34,0.0704,0,15,38.34,38.34,38.34,0.0704,38.34
10.0,5,6,メイショウオトギ,56.0,浜中俊,0:59.0,クビ,8.2,5.0,[西] 池添学,2020102331,202402011009,噴火湾特別｜2024年7月7日 | 競馬データベース - netkeiba,2026-05-20T10:08:20.545565,牝,4,434.0,2.0,0,0,9.6,10.0,37.36,0.0943,0,13,37.36,37.36,37.36,0.0943,37.36
11.0,6,8,バサラ,56.0,小林凌大,0:59.1,3/4,46.5,10.0,[東] 伊藤圭三,2020104129,202402011009,噴火湾特別｜2024年7月7日 | 競馬データベース - netkeiba,2026-05-20T10:08:20.545565,牝,4,448.0,-4.0,0,0,11.8,14.0,36.94,0.0781,0,13,36.94,36.94,36.94,0.0781,36.94
,7,10,ポメラート,56.0,富田暁,,,,,[西] 茶木太樹,2019100425,202402011009,噴火湾特別｜2024年7月7日 | 競馬データベース - netkeiba,2026-05-20T10:08:20.545565,牝,5,500.0,4.0,0,0,6.75,10.0,36.13,0.129,0,10,36.13,36.13,36.13,0.129,36.13
1.0,7,9,シリアルノヴェル,58.0,横山武史,2:44.2,,6.6,3.0,[東] 伊藤圭三,2020102935,202402011010,横津岳特別｜2024年7月7日 | 競馬データベース - netkeiba,2026-05-20T10:08:59.300894,牡,4,482.0,6.0,1,1,10.0,9.33,36.88,0.0909,0,6,36.88,36.88,36.88,0.0909,36.88
2.0,1,1,アドマイヤサジー,56.0,丹内祐次,2:45.1,5,6.2,2.0,[東] 宮田敬介,2020103792,202402011010,横津岳特別｜2024年7月7日 | 競馬データベース - netkeiba,2026-05-20T10:08:59.300894,牝,4,442.0,4.0,0,1,10.0,11.33,36.6,0.0909,0,16,36.6,36.6,36.6,0.0909,36.6
3.0,5,5,ノーブルクライ,58.0,佐々木大,2:45.2,1/2,29.1,6.0,[東] 田村康仁,2020102976,202402011010,横津岳特別｜2024年7月7日 | 競馬データベース - netkeiba,2026-05-20T10:08:59.300894,牡,4,504.0,0.0,0,1,6.6,5.67,34.35,0.1316,0,2,34.35,34.35,34.35,0.1316,34.35
4.0,2,2,オールナット,55.0,北村友一,2:45.7,3,1.5,1.0,[西] 高野友和,2021104846,202402011010,横津岳特別｜2024年7月7日 | 競馬データベース - netkeiba,2026-05-20T10:08:59.300894,牡,3,514.0,0.0,0,0,6.6,8.0,34.48,0.1316,0,13,34.48,34.48,34.48,0.1316,34.48
5.0,6,6,ディープレイヤー,58.0,野中悠太,2:45.9,1,77.3,10.0,[東] 大和田成,2019105844,202402011010,横津岳特別｜2024年7月7日 | 競馬データベース - netkeiba,2026-05-20T10:08:59.300894,牡,5,482.0,-4.0,0,0,3.2,1.67,0.0,0.2381,0,1,0.0,0.0,0.0,0.2381,0.0
6.0,7,8,ウェイビー,56.0,鮫島克駿,2:46.2,1.3/4,43.8,7.0,[西] 西村真幸,2020104764,202402011010,横津岳特別｜2024年7月7日 | 競馬データベース - netkeiba,2026-05-20T10:08:59.300894,牝,4,550.0,22.0,0,0,7.0,7.67,38.3,0.125,0,8,38.3,38.3,38.3,0.125,38.3
7.0,8,10,タイラーテソーロ,58.0,永野猛蔵,2:46.5,2,51.6,9.0,[東] 栗田徹,2019102384,202402011010,横津岳特別｜2024年7月7日 | 競馬データベース - netkeiba,2026-05-20T10:08:59.300894,牡,5,474.0,4.0,0,0,10.6,11.0,40.86,0.0862,0,11,40.86,40.86,40.86,0.0862,40.86
8.0,4,4,バンフィエルド,58.0,角田大河,2:47.0,3,50.9,8.0,[西] 緒方努,2019104531,202402011010,横津岳特別｜2024年7月7日 | 競馬データベース - netkeiba,2026-05-20T10:08:59.300894,牡,5,434.0,-2.0,0,0,7.6,8.33,35.22,0.1163,0,9,35.22,35.22,35.22,0.1163,35.22
9.0,3,3,カナオールウェイズ,58.0,高杉吏麒,2:47.4,2.1/2,9.4,4.0,[西] 藤岡健一,2020103321,202402011010,横津岳特別｜2024年7月7日 | 競馬データベース - netkeiba,2026-05-20T10:08:59.300894,牡,4,508.0,-6.0,0,0,2.4,2.67,38.56,0.2941,0,4,38.56,38.56,38.56,0.2941,38.56
10.0,6,7,ヴェルミセル,56.0,横山和生,2:47.9,3,12.6,5.0,[西] 吉村圭司,2020103945,202402011010,横津岳特別｜2024年7月7日 | 競馬データベース - netkeiba,2026-05-20T10:08:59.300894,牝,4,456.0,6.0,0,0,7.8,9.33,34.8,0.1136,0,9,34.8,34.8,34.8,0.1136,34.8
,8,11,ボーンイングランデ,58.0,浜中俊,,,,,[西] 吉田直弘,2020106439,202402011010,横津岳特別｜2024年7月7日 | 競馬データベース - netkeiba,2026-05-20T10:08:59.300894,牡,4,468.0,2.0,0,0,8.4,9.67,36.32,0.1064,0,15,36.32,36.32,36.32,0.1064,36.32
1.0,5,8,キミノナハマリア,56.0,鮫島克駿,1:49.4,,3.1,1.0,[西] 千田輝彦,2020102873,202402011011,五稜郭ステークス｜2024年7月7日 | 競馬データベース - netkeiba,2026-05-20T10:09:32.127317,牝,4,508.0,4.0,1,1,9.0,8.0,35.28,0.1,0,11,35.28,35.28,35.28,0.1,35.28
2.0,6,9,マイネルエンペラー,58.0,横山武史,1:49.7,2,7.8,3.0,[西] 清水久詞,2020105786,202402011011,五稜郭ステークス｜2024年7月7日 | 競馬データベース - netkeiba,2026-05-20T10:09:32.127317,牡,4,480.0,10.0,0,1,6.2,8.33,36.0,0.1389,0,5,36.0,36.0,36.0,0.1389,36.0
3.0,2,2,ニューノーマル,56.0,浜中俊,1:49.9,1.1/4,28.6,10.0,[東] 上原佑紀,2019105297,202402011011,五稜郭ステークス｜2024年7月7日 | 競馬データベース - netkeiba,2026-05-20T10:09:32.127317,牝,5,466.0,2.0,0,1,9.6,8.67,35.8,0.0943,0,9,35.8,35.8,35.8,0.0943,35.8
4.0,8,14,アスクドゥポルテ,58.0,富田暁,1:49.9,ハナ,45.2,13.0,[西] 河内洋,2020101025,202402011011,五稜郭ステークス｜2024年7月7日 | 競馬データベース - netkeiba,2026-05-20T10:09:32.127317,牡,4,480.0,10.0,0,0,8.8,10.0,34.2,0.102,0,12,34.2,34.2,34.2,0.102,34.2
5.0,6,10,ホウオウスーペリア,58.0,丹内祐次,1:49.9,ハナ,4.1,2.0,[西] 吉岡辰弥,2020103928,202402011011,五稜郭ステークス｜2024年7月7日 | 競馬データベース - netkeiba,2026-05-20T10:09:32.127317,牡,4,482.0,4.0,0,0,7.4,7.0,37.4,0.119,0,6,37.4,37.4,37.4,0.119,37.4
6.0,4,5,エープラス,56.0,永野猛蔵,1:50.0,1/2,15.4,6.0,[東] 池上昌和,2018106314,202402011011,五稜郭ステークス｜2024年7月7日 | 競馬データベース - netkeiba,2026-05-20T10:09:32.127317,牝,6,492.0,2.0,0,0,7.8,8.33,34.98,0.1136,0,11,34.98,34.98,34.98,0.1136,34.98
7.0,7,12,ミスフィガロ,56.0,古川吉洋,1:50.1,1/2,32.4,11.0,[西] 友道康夫,2018105286,202402011011,五稜郭ステークス｜2024年7月7日 | 競馬データベース - netkeiba,2026-05-20T10:09:32.127317,牝,6,440.0,16.0,0,0,6.8,4.0,35.36,0.1282,0,3,35.36,35.36,35.36,0.1282,35.36
8.0,5,7,ハウゼ,58.0,北村友一,1:50.1,アタマ,18.9,8.0,[東] 田中博康,2020106669,202402011011,五稜郭ステークス｜2024年7月7日 | 競馬データベース - netkeiba,2026-05-20T10:09:32.127317,牡,4,512.0,-2.0,0,0,5.4,8.0,34.84,0.1562,0,8,34.84,34.84,34.84,0.1562,34.84
9.0,8,13,カヨウネンカ,56.0,黛弘人,1:50.2,クビ,25.9,9.0,[東] 斎藤誠,2019104159,202402011011,五稜郭ステークス｜2024年7月7日 | 競馬データベース - netkeiba,2026-05-20T10:09:32.127317,牝,5,462.0,0.0,0,0,11.2,11.33,35.1,0.082,0,17,35.1,35.1,35.1,0.082,35.1
10.0,1,1,フェアエールング,56.0,角田大河,1:50.4,1,17.6,7.0,[東] 和田正一,2020105795,202402011011,五稜郭ステークス｜2024年7月7日 | 競馬データベース - netkeiba,2026-05-20T10:09:32.127317,牝,4,458.0,10.0,0,0,3.8,5.33,35.18,0.2083,0,9,35.18,35.18,35.18,0.2083,35.18
11.0,7,11,ポッドボレット,58.0,藤岡佑介,1:50.4,アタマ,39.2,12.0,[西] 辻野泰之,2019104762,202402011011,五稜郭ステークス｜2024年7月7日 | 競馬データベース - netkeiba,2026-05-20T10:09:32.127317,牡,5,538.0,12.0,0,0,0.0,0.0,0.0,0.0,0,0,0.0,0.0,0.0,0.0,0.0
12.0,4,6,ダークエクリプス,58.0,大野拓弥,1:50.8,2.1/2,49.3,14.0,[西] 今野貞一,2019106739,202402011011,五稜郭ステークス｜2024年7月7日 | 競馬データベース - netkeiba,2026-05-20T10:09:32.127317,牡,5,482.0,4.0,0,0,9.4,9.67,34.34,0.0962,0,11,34.34,34.34,34.34,0.0962,34.34
13.0,3,4,タシット,58.0,佐々木大,1:51.0,1,8.1,4.0,[東] 中川公成,2019106335,202402011011,五稜郭ステークス｜2024年7月7日 | 競馬データベース - netkeiba,2026-05-20T10:09:32.127317,牡,5,462.0,-2.0,0,0,7.6,7.67,34.72,0.1163,0,6,34.72,34.72,34.72,0.1163,34.72
14.0,3,3,インスタキング,58.0,野中悠太,1:51.1,1/2,11.1,5.0,[東] 蛯名正義,2020104843,202402011011,五稜郭ステークス｜2024年7月7日 | 競馬データベース - netkeiba,2026-05-20T10:09:32.127317,牡,4,522.0,4.0,0,0,9.0,9.0,34.72,0.1,0,9,34.72,34.72,34.72,0.1,34.72
1.0,4,4,ハッピーロンドン,55.0,長浜鴻緒,1:11.4,,2.7,1.0,[東] 菊沢隆徳,2020101639,202402011012,3歳以上1勝クラス｜2024年7月7日 | 競馬データベース - netkeiba,2026-05-20T10:10:14.893873,牡,4,482.0,-2.0,1,1,8.8,8.67,36.5,0.102,0,9,36.5,36.5,36.5,0.102,36.5
2.0,8,8,シンデレラスマイル,53.0,高杉吏麒,1:11.5,クビ,12.1,5.0,[東] 武藤善則,2020104824,202402011012,3歳以上1勝クラス｜2024年7月7日 | 競馬データベース - netkeiba,2026-05-20T10:10:14.893873,牝,4,446.0,14.0,0,1,3.4,3.33,39.14,0.2273,0,1,39.14,39.14,39.14,0.2273,39.14
3.0,2,2,パクスロマーナ,56.0,荻野琢真,1:11.6,1/2,82.4,9.0,[西] 藤沢則雄,2020104616,202402011012,3歳以上1勝クラス｜2024年7月7日 | 競馬データベース - netkeiba,2026-05-20T10:10:14.893873,牝,4,424.0,-4.0,0,1,9.8,13.0,34.36,0.0926,0,15,34.36,34.36,34.36,0.0926,34.36
4.0,7,7,ワンリオン,55.0,小林勝太,1:11.7,3/4,7.1,4.0,[西] 北出成人,2019101446,202402011012,3歳以上1勝クラス｜2024年7月7日 | 競馬データベース - netkeiba,2026-05-20T10:10:14.893873,牡,5,482.0,-6.0,0,0,5.8,6.0,40.88,0.1471,0,8,40.88,40.88,40.88,0.1471,40.88
5.0,6,6,アンタノバラード,56.0,黛弘人,1:11.9,1.1/2,3.8,2.0,[東] 伊藤大士,2020106963,202402011012,3歳以上1勝クラス｜2024年7月7日 | 競馬データベース - netkeiba,2026-05-20T10:10:14.893873,牝,4,446.0,2.0,0,0,10.6,10.33,36.64,0.0862,0,11,36.64,36.64,36.64,0.0862,36.64
6.0,5,5,マケルナマサムネ,58.0,川又賢治,1:12.1,1.1/4,42.3,8.0,[西] 畑端省吾,2018105814,202402011012,3歳以上1勝クラス｜2024年7月7日 | 競馬データベース - netkeiba,2026-05-20T10:10:14.893873,牡,6,466.0,0.0,0,0,4.8,7.0,0.0,0.1724,0,6,0.0,0.0,0.0,0.1724,0.0
7.0,8,9,ステイチューンド,55.0,佐々木大,1:12.2,クビ,16.3,6.0,[西] 清水久詞,2021105696,202402011012,3歳以上1勝クラス｜2024年7月7日 | 競馬データベース - netkeiba,2026-05-20T10:10:14.893873,牡,3,464.0,-4.0,0,0,4.4,5.67,40.26,0.1852,0,6,40.26,40.26,40.26,0.1852,40.26
8.0,1,1,レイニングキャット,55.0,横山武史,1:12.3,1/2,3.8,3.0,[東] 岩戸孝樹,2021106666,202402011012,3歳以上1勝クラス｜2024年7月7日 | 競馬データベース - netkeiba,2026-05-20T10:10:14.893873,牡,3,490.0,-8.0,0,0,6.2,4.67,40.72,0.1389,0,4,40.72,40.72,40.72,0.1389,40.72
9.0,3,3,ナックブレイブ,58.0,大野拓弥,1:12.7,2.1/2,23.1,7.0,[東] 杉浦宏昭,2020100355,202402011012,3歳以上1勝クラス｜2024年7月7日 | 競馬データベース - netkeiba,2026-05-20T10:10:14.893873,牡,4,486.0,4.0,0,0,11.0,12.0,35.3,0.0833,0,12,35.3,35.3,35.3,0.0833,35.3
1.0,6,6,デシマルサーガ,60.0,伴啓太,3:01.7,,1.2,1.0,[東] 粕谷昌央,2020100046,202403020401,障害3歳以上未勝利｜2024年7月7日 | 競馬データベース - netkeiba,2026-05-20T10:10:40.383424,牡,4,466.0,-10.0,1,1,6.8,6.33,0.0,0.1282,0,7,0.0,0.0,0.0,0.1282,0.0
2.0,5,5,ヨンク,60.0,上野翔,3:02.0,1.3/4,26.6,5.0,[東] 小笠倫弘,2016102412,202403020401,障害3歳以上未勝利｜2024年7月7日 | 競馬データベース - netkeiba,2026-05-20T10:10:40.383424,牡,8,488.0,-22.0,0,1,6.6,5.33,38.02,0.1316,0,2,38.02,38.02,38.02,0.1316,38.02
3.0,8,8,スズノイナズマ,60.0,大江原圭,3:03.1,7,62.8,6.0,[東] 深山雅史,2018102811,202403020401,障害3歳以上未勝利｜2024年7月7日 | 競馬データベース - netkeiba,2026-05-20T10:10:40.383424,セ,6,472.0,-6.0,0,1,7.0,6.67,40.5,0.125,0,8,40.5,40.5,40.5,0.125,40.5
4.0,7,7,モーソンピーク,60.0,五十嵐雄,3:04.4,8,4.9,2.0,[東] 国枝栄,2017105588,202403020401,障害3歳以上未勝利｜2024年7月7日 | 競馬データベース - netkeiba,2026-05-20T10:10:40.383424,牡,7,496.0,-10.0,0,0,5.8,6.67,0.0,0.1471,0,6,0.0,0.0,0.0,0.1471,0.0
5.0,1,1,サンマルクレイジー,57.0,坂口智康,3:05.2,5,130.6,9.0,[東] 土田稔,2019101998,202403020401,障害3歳以上未勝利｜2024年7月7日 | 競馬データベース - netkeiba,2026-05-20T10:10:40.383424,牡,5,428.0,12.0,0,0,1.8,2.33,39.06,0.3571,0,1,39.06,39.06,39.06,0.3571,39.06
6.0,4,4,ブレーヴジャッカル,60.0,小牧加矢,3:05.2,クビ,20.6,4.0,[西] 長谷川浩,2018105187,202403020401,障害3歳以上未勝利｜2024年7月7日 | 競馬データベース - netkeiba,2026-05-20T10:10:40.383424,セ,6,476.0,4.0,0,0,9.0,10.67,37.73,0.1,0,6,37.73,37.73,37.73,0.1,37.73
7.0,3,3,スペキュレーター,60.0,草野太郎,3:06.1,5,125.2,8.0,[東] 伊藤伸一,2019102792,202403020401,障害3歳以上未勝利｜2024年7月7日 | 競馬データベース - netkeiba,2026-05-20T10:10:40.383424,牡,5,478.0,-14.0,0,0,7.6,8.0,40.56,0.1163,0,7,40.56,40.56,40.56,0.1163,40.56
8.0,2,2,ヒダカエクスプレス,60.0,小野寺祐,3:06.3,1.1/4,103.2,7.0,[西] 高橋一哉,2020105070,202403020401,障害3歳以上未勝利｜2024年7月7日 | 競馬データベース - netkeiba,2026-05-20T10:10:40.383424,セ,4,520.0,4.0,0,0,10.75,10.33,38.8,0.0851,0,8,38.8,38.8,38.8,0.0851,38.8
,8,9,キガン,58.0,石神深一,,,7.2,3.0,[東] 小島茂之,2020104342,202403020401,障害3歳以上未勝利｜2024年7月7日 | 競馬データベース - netkeiba,2026-05-20T10:10:40.383424,牝,4,476.0,-8.0,0,0,10.5,10.5,40.38,0.087,0,9,40.38,40.38,40.38,0.087,40.38
1.0,7,12,ヘインズポイント,57.0,戸崎圭太,1:46.4,,1.7,1.0,[東] 高木登,2021105734,202403020402,3歳未勝利｜2024年7月7日 | 競馬データベース - netkeiba,2026-05-20T10:11:10.001450,牡,3,538.0,-2.0,1,1,5.8,4.67,37.74,0.1471,0,2,37.74,37.74,37.74,0.1471,37.74
2.0,7,13,ミツカネトーラス,57.0,津村明秀,1:47.4,6,22.2,7.0,[東] 鈴木伸尋,2021106900,202403020402,3歳未勝利｜2024年7月7日 | 競馬データベース - netkeiba,2026-05-20T10:11:10.001450,牡,3,496.0,10.0,0,1,3.2,3.33,38.52,0.2381,0,4,38.52,38.52,38.52,0.2381,38.52
3.0,8,14,サンカルミア,57.0,菊沢一樹,1:47.5,1,5.0,2.0,[東] 伊坂重信,2021101305,202403020402,3歳未勝利｜2024年7月7日 | 競馬データベース - netkeiba,2026-05-20T10:11:10.001450,牡,3,464.0,0.0,0,1,5.0,6.33,37.92,0.1667,0,7,37.92,37.92,37.92,0.1667,37.92
4.0,2,3,レッドレフィナード,57.0,田辺裕信,1:47.6,1/2,18.7,6.0,[東] 栗田徹,2021104802,202403020402,3歳未勝利｜2024年7月7日 | 競馬データベース - netkeiba,2026-05-20T10:11:10.001450,牡,3,496.0,2.0,0,0,6.0,4.67,37.62,0.1429,0,5,37.62,37.62,37.62,0.1429,37.62
5.0,4,6,ケイツーバルボア,57.0,菅原明良,1:47.8,1.1/4,8.3,3.0,[東] 尾関知人,2021105990,202403020402,3歳未勝利｜2024年7月7日 | 競馬データベース - netkeiba,2026-05-20T10:11:10.001450,セ,3,444.0,-4.0,0,0,2.25,2.33,40.7,0.3077,0,1,40.7,40.7,40.7,0.3077,40.7
6.0,2,2,リワードファラオン,57.0,横山典弘,1:48.5,4,15.1,5.0,[東] 村田一誠,2021103385,202403020402,3歳未勝利｜2024年7月7日 | 競馬データベース - netkeiba,2026-05-20T10:11:10.001450,牡,3,516.0,6.0,0,0,5.2,8.0,38.82,0.1613,0,9,38.82,38.82,38.82,0.1613,38.82
7.0,4,7,ミラクルジニア,57.0,宮崎北斗,1:48.5,クビ,48.5,9.0,[東] 嘉藤貴行,2021103301,202403020402,3歳未勝利｜2024年7月7日 | 競馬データベース - netkeiba,2026-05-20T10:11:10.001450,牡,3,468.0,4.0,0,0,5.75,5.0,0.0,0.1481,0,5,0.0,0.0,0.0,0.1481,0.0
8.0,6,11,カラーオブワンダー,57.0,松岡正海,1:49.2,4,234.7,14.0,[東] 伊藤伸一,2021102790,202403020402,3歳未勝利｜2024年7月7日 | 競馬データベース - netkeiba,2026-05-20T10:11:10.001450,牡,3,480.0,6.0,0,0,6.6,7.0,41.02,0.1316,0,6,41.02,41.02,41.02,0.1316,41.02
9.0,3,5,ボムポット,56.0,原優介,1:49.7,3,13.4,4.0,[東] 上原佑紀,2021100870,202403020402,3歳未勝利｜2024年7月7日 | 競馬データベース - netkeiba,2026-05-20T10:11:10.001450,牡,3,508.0,20.0,0,0,11.4,11.0,43.26,0.0806,0,12,43.26,43.26,43.26,0.0806,43.26
10.0,8,15,オウケンヴィーナス,55.0,杉原誠人,1:49.7,クビ,55.2,10.0,[東] 宮田敬介,2021105451,202403020402,3歳未勝利｜2024年7月7日 | 競馬データベース - netkeiba,2026-05-20T10:11:10.001450,牝,3,404.0,-2.0,0,0,10.4,11.33,38.64,0.0877,0,9,38.64,38.64,38.64,0.0877,38.64
11.0,1,1,カプリアズーラ,57.0,武藤雅,1:50.2,3,143.5,12.0,[東] 尾形和幸,2021106414,202403020402,3歳未勝利｜2024年7月7日 | 競馬データベース - netkeiba,2026-05-20T10:11:10.001450,牡,3,486.0,4.0,0,0,8.75,7.33,39.48,0.1026,0,11,39.48,39.48,39.48,0.1026,39.48
12.0,6,10,シュウズダイヤ,57.0,吉田豊,1:50.2,クビ,71.8,11.0,[東] 戸田博文,2021104934,202403020402,3歳未勝利｜2024年7月7日 | 競馬データベース - netkeiba,2026-05-20T10:11:10.001450,牡,3,484.0,4.0,0,0,11.4,11.67,37.75,0.0806,0,14,37.75,37.75,37.75,0.0806,37.75
13.0,5,9,ダイアヴィック,54.0,石神深道,1:50.3,クビ,275.7,15.0,[東] 岩戸孝樹,2021107069,202403020402,3歳未勝利｜2024年7月7日 | 競馬データベース - netkeiba,2026-05-20T10:11:10.001450,牡,3,470.0,0.0,0,0,4.4,5.33,40.08,0.1852,0,4,40.08,40.08,40.08,0.1852,40.08
14.0,5,8,クレアツィオーネ,57.0,丸田恭介,1:50.9,3.1/2,201.4,13.0,[東] 千葉直人,2021102427,202403020402,3歳未勝利｜2024年7月7日 | 競馬データベース - netkeiba,2026-05-20T10:11:10.001450,牡,3,490.0,4.0,0,0,6.75,3.5,40.4,0.129,0,5,40.4,40.4,40.4,0.129,40.4
15.0,3,4,ミーハ,57.0,江田照男,1:50.9,クビ,24.8,8.0,[東] 小笠倫弘,2021104410,202403020402,3歳未勝利｜2024年7月7日 | 競馬データベース - netkeiba,2026-05-20T10:11:10.001450,牡,3,490.0,8.0,0,0,4.2,3.0,39.3,0.1923,0,3,39.3,39.3,39.3,0.1923,39.3
1.0,7,13,ツインクルステージ,55.0,菅原明良,1:48.8,,18.3,6.0,[東] 高木登,2021103512,202403020403,3歳未勝利｜2024年7月7日 | 競馬データベース - netkeiba,2026-05-20T10:11:52.768238,牝,3,494.0,-4.0,1,1,13.2,12.33,39.54,0.0704,0,12,39.54,39.54,39.54,0.0704,39.54
2.0,5,9,オーサムピクチャ,55.0,田辺裕信,1:48.8,クビ,17.5,5.0,[東] 古賀慎明,2021104148,202403020403,3歳未勝利｜2024年7月7日 | 競馬データベース - netkeiba,2026-05-20T10:11:52.768238,牝,3,418.0,4.0,0,1,9.8,13.0,34.52,0.0926,0,11,34.52,34.52,34.52,0.0926,34.52
3.0,8,15,パンドジェーヌ,55.0,戸崎圭太,1:48.8,アタマ,1.9,1.0,[東] 大竹正博,2021105968,202403020403,3歳未勝利｜2024年7月7日 | 競馬データベース - netkeiba,2026-05-20T10:11:52.768238,牝,3,460.0,4.0,0,1,4.0,5.0,36.54,0.2,0,8,36.54,36.54,36.54,0.2,36.54
4.0,3,6,ルージュカエラ,55.0,三浦皇成,1:48.9,3/4,8.2,3.0,[東] 加藤征弘,2021104931,202403020403,3歳未勝利｜2024年7月7日 | 競馬データベース - netkeiba,2026-05-20T10:11:52.768238,牝,3,436.0,-4.0,0,0,8.8,10.0,36.48,0.102,0,11,36.48,36.48,36.48,0.102,36.48
5.0,2,4,アオイメルスイ,55.0,杉原誠人,1:49.0,クビ,5.1,2.0,[東] 伊藤大士,2021100574,202403020403,3歳未勝利｜2024年7月7日 | 競馬データベース - netkeiba,2026-05-20T10:11:52.768238,牝,3,422.0,-2.0,0,0,6.2,6.33,42.04,0.1389,0,7,42.04,42.04,42.04,0.1389,42.04
6.0,8,16,クロシェットノエル,55.0,武藤雅,1:49.1,1/2,19.2,7.0,[東] 戸田博文,2021101068,202403020403,3歳未勝利｜2024年7月7日 | 競馬データベース - netkeiba,2026-05-20T10:11:52.768238,牝,3,438.0,4.0,0,0,3.6,4.0,34.2,0.2174,0,4,34.2,34.2,34.2,0.2174,34.2
7.0,1,1,チョボナイノ,54.0,原優介,1:49.2,1/2,48.9,10.0,[東] 小手川準,2021103825,202403020403,3歳未勝利｜2024年7月7日 | 競馬データベース - netkeiba,2026-05-20T10:11:52.768238,牝,3,418.0,-2.0,0,0,6.2,6.33,40.4,0.1389,0,8,40.4,40.4,40.4,0.1389,40.4
8.0,6,12,ホウオウシンデレラ,55.0,丸田恭介,1:49.5,1.1/2,9.2,4.0,[東] 奥村武,2021103533,202403020403,3歳未勝利｜2024年7月7日 | 競馬データベース - netkeiba,2026-05-20T10:11:52.768238,牝,3,468.0,4.0,0,0,4.2,2.67,34.68,0.1923,0,2,34.68,34.68,34.68,0.1923,34.68
9.0,2,3,ノルン,53.0,小林脩斗,1:49.5,アタマ,30.6,9.0,[東] 久保田貴,2021106672,202403020403,3歳未勝利｜2024年7月7日 | 競馬データベース - netkeiba,2026-05-20T10:11:52.768238,牝,3,422.0,16.0,0,0,8.6,11.33,36.38,0.1042,0,17,36.38,36.38,36.38,0.1042,36.38
10.0,6,11,ウインアリス,55.0,丸山元気,1:49.5,ハナ,21.2,8.0,[東] 上原博之,2021106224,202403020403,3歳未勝利｜2024年7月7日 | 競馬データベース - netkeiba,2026-05-20T10:11:52.768238,牝,3,448.0,-4.0,0,0,13.2,13.33,37.02,0.0704,0,14,37.02,37.02,37.02,0.0704,37.02
11.0,4,7,オリジナルオリジン,51.0,大江原比,1:50.6,7,289.6,15.0,[東] 水野貴広,2021101060,202403020403,3歳未勝利｜2024年7月7日 | 競馬データベース - netkeiba,2026-05-20T10:11:52.768238,牝,3,434.0,4.0,0,0,11.6,9.33,38.92,0.0794,0,10,38.92,38.92,38.92,0.0794,38.92
12.0,3,5,ピュアシルバー,55.0,柴田大知,1:50.9,2,122.8,12.0,[東] 伊藤大士,2021102167,202403020403,3歳未勝利｜2024年7月7日 | 競馬データベース - netkeiba,2026-05-20T10:11:52.768238,牝,3,460.0,-4.0,0,0,8.2,5.67,40.16,0.1087,0,9,40.16,40.16,40.16,0.1087,40.16
13.0,5,10,ルージュアリエル,55.0,石川裕紀,1:51.3,2,95.9,11.0,[東] 矢嶋大樹,2021105987,202403020403,3歳未勝利｜2024年7月7日 | 競馬データベース - netkeiba,2026-05-20T10:11:52.768238,牝,3,446.0,0.0,0,0,11.5,11.5,36.15,0.08,0,10,36.15,36.15,36.15,0.08,36.15
14.0,4,8,ラヴレボーテ,55.0,木幡巧也,1:53.1,大,306.0,16.0,[東] 勢司和浩,2021105938,202403020403,3歳未勝利｜2024年7月7日 | 競馬データベース - netkeiba,2026-05-20T10:11:52.768238,牝,3,470.0,-4.0,0,0,10.4,10.33,40.54,0.0877,0,11,40.54,40.54,40.54,0.0877,40.54
15.0,1,2,ムーステソーロ,54.0,横山琉人,1:53.1,ハナ,204.4,14.0,[東] 武市康男,2021102278,202403020403,3歳未勝利｜2024年7月7日 | 競馬データベース - netkeiba,2026-05-20T10:11:52.768238,牝,3,438.0,-6.0,0,0,0.0,0.0,0.0,0.0,0,0,0.0,0.0,0.0,0.0,0.0
16.0,7,14,ホウオウモンロー,55.0,江田照男,1:53.8,4,146.4,13.0,[東] 池上昌和,2021105233,202403020403,3歳未勝利｜2024年7月7日 | 競馬データベース - netkeiba,2026-05-20T10:11:52.768238,牝,3,428.0,0.0,0,0,16.0,16.0,37.3,0.0588,0,16,37.3,37.3,37.3,0.0588,37.3
1.0,7,13,マサノヒーロー,57.0,田辺裕信,1:09.1,,7.5,5.0,[東] 大竹正博,2021101800,202403020404,3歳未勝利｜2024年7月7日 | 競馬データベース - netkeiba,2026-05-20T10:12:38.661341,牡,3,462.0,0.0,1,1,12.0,12.0,42.55,0.0769,0,14,42.55,42.55,42.55,0.0769,42.55
2.0,4,7,タッカーバレット,57.0,戸崎圭太,1:09.3,1.1/4,2.6,1.0,[東] 田島俊明,2021103994,202403020404,3歳未勝利｜2024年7月7日 | 競馬データベース - netkeiba,2026-05-20T10:12:38.661341,牡,3,494.0,4.0,0,1,4.0,6.0,38.6,0.2,0,7,38.6,38.6,38.6,0.2,38.6
3.0,8,16,ネオゴールド,57.0,津村明秀,1:09.6,1.3/4,12.8,6.0,[東] 鈴木伸尋,2021106064,202403020404,3歳未勝利｜2024年7月7日 | 競馬データベース - netkeiba,2026-05-20T10:12:38.661341,牡,3,516.0,14.0,0,1,3.5,5.5,38.55,0.2222,0,6,38.55,38.55,38.55,0.2222,38.55
4.0,1,2,テイエムエール,55.0,小林脩斗,1:09.9,1.3/4,116.8,12.0,[東] 石栗龍彦,2021103395,202403020404,3歳未勝利｜2024年7月7日 | 競馬データベース - netkeiba,2026-05-20T10:12:38.661341,牡,3,470.0,-10.0,0,0,7.8,7.0,40.5,0.1136,0,7,40.5,40.5,40.5,0.1136,40.5
5.0,5,9,フォルスタクラス,57.0,三浦皇成,1:09.9,クビ,5.2,3.0,[東] 上原博之,2021101739,202403020404,3歳未勝利｜2024年7月7日 | 競馬データベース - netkeiba,2026-05-20T10:12:38.661341,牡,3,466.0,-2.0,0,0,8.0,8.33,39.34,0.1111,0,6,39.34,39.34,39.34,0.1111,39.34
6.0,6,11,ラブリエスト,54.0,原優介,1:10.1,1.1/2,26.2,7.0,[東] 土田稔,2021106866,202403020404,3歳未勝利｜2024年7月7日 | 競馬データベース - netkeiba,2026-05-20T10:12:38.661341,牝,3,478.0,10.0,0,0,4.2,5.67,39.46,0.1923,0,9,39.46,39.46,39.46,0.1923,39.46
7.0,5,10,ギガストーム,55.0,藤田菜七,1:10.4,1.3/4,115.0,11.0,[東] 村田一誠,2021106256,202403020404,3歳未勝利｜2024年7月7日 | 競馬データベース - netkeiba,2026-05-20T10:12:38.661341,牡,3,548.0,-6.0,0,0,8.6,7.0,40.12,0.1042,0,10,40.12,40.12,40.12,0.1042,40.12
8.0,4,8,ポジティブスピン,55.0,菊沢一樹,1:10.5,1/2,58.4,9.0,[東] 本間忍,2021103516,202403020404,3歳未勝利｜2024年7月7日 | 競馬データベース - netkeiba,2026-05-20T10:12:38.661341,牝,3,454.0,14.0,0,0,4.4,4.0,39.1,0.1852,0,6,39.1,39.1,39.1,0.1852,39.1
9.0,8,15,ラッキーアメリカン,55.0,石橋脩,1:10.5,クビ,4.6,2.0,[東] 鈴木慎太,2021101698,202403020404,3歳未勝利｜2024年7月7日 | 競馬データベース - netkeiba,2026-05-20T10:12:38.661341,牝,3,494.0,-8.0,0,0,4.6,3.33,40.24,0.1786,0,5,40.24,40.24,40.24,0.1786,40.24
10.0,7,14,ボールジー,57.0,松岡正海,1:10.6,1/2,238.0,15.0,[東] 松永康利,2021104380,202403020404,3歳未勝利｜2024年7月7日 | 競馬データベース - netkeiba,2026-05-20T10:12:38.661341,牡,3,478.0,-4.0,0,0,5.6,6.67,42.32,0.1515,0,3,42.32,42.32,42.32,0.1515,42.32
11.0,3,5,ツクバアプローズ,55.0,柴田大知,1:11.0,2.1/2,45.4,8.0,[東] 和田雄二,2021100211,202403020404,3歳未勝利｜2024年7月7日 | 競馬データベース - netkeiba,2026-05-20T10:12:38.661341,牝,3,452.0,-16.0,0,0,6.6,5.33,39.52,0.1316,0,4,39.52,39.52,39.52,0.1316,39.52
12.0,1,1,ヘルミーネ,55.0,石川裕紀,1:11.1,1/2,7.3,4.0,[東] 和田正一,2021105437,202403020404,3歳未勝利｜2024年7月7日 | 競馬データベース - netkeiba,2026-05-20T10:12:38.661341,牝,3,484.0,-4.0,0,0,8.4,10.0,39.28,0.1064,0,12,39.28,39.28,39.28,0.1064,39.28
13.0,2,3,ナンヨーシュート,54.0,石田拓郎,1:11.4,2,114.2,10.0,[東] 宗像義忠,2021103693,202403020404,3歳未勝利｜2024年7月7日 | 競馬データベース - netkeiba,2026-05-20T10:12:38.661341,牡,3,448.0,4.0,0,0,13.25,12.33,41.87,0.0702,0,12,41.87,41.87,41.87,0.0702,41.87
14.0,3,6,メイブルーム,54.0,横山琉人,1:11.8,2.1/2,158.0,13.0,[東] 斎藤誠,2021109098,202403020404,3歳未勝利｜2024年7月7日 | 競馬データベース - netkeiba,2026-05-20T10:12:38.661341,牝,3,494.0,-2.0,0,0,13.5,13.5,37.35,0.069,0,14,37.35,37.35,37.35,0.069,37.35
15.0,2,4,エテルノアキーロ,57.0,原田和真,1:12.4,3.1/2,186.9,14.0,[東] 松山将樹,2021106007,202403020404,3歳未勝利｜2024年7月7日 | 競馬データベース - netkeiba,2026-05-20T10:12:38.661341,牡,3,450.0,6.0,0,0,6.6,7.33,37.9,0.1316,0,9,37.9,37.9,37.9,0.1316,37.9
16.0,6,12,プエルトプラタ,52.0,石神深道,1:13.5,7,544.7,16.0,[東] 清水英克,2021104093,202403020404,3歳未勝利｜2024年7月7日 | 競馬データベース - netkeiba,2026-05-20T10:12:38.661341,牝,3,488.0,10.0,0,0,9.2,5.33,40.56,0.098,0,3,40.56,40.56,40.56,0.098,40.56
1.0,2,2,ジェットマグナム,55.0,戸崎圭太,2:01.2,,5.6,3.0,[西] 安達昭夫,2022100084,202403020405,2歳新馬｜2024年7月7日 | 競馬データベース - netkeiba,2026-05-20T10:13:24.396892,牡,2,474.0,0.0,1,1,8.8,12.0,34.86,0.102,0,7,34.86,34.86,34.86,0.102,34.86
2.0,7,8,リトルジャイアンツ,55.0,三浦皇成,2:01.3,1/2,8.1,6.0,[東] 村田一誠,2022106744,202403020405,2歳新馬｜2024年7月7日 | 競馬データベース - netkeiba,2026-05-20T10:13:24.396892,牡,2,436.0,0.0,0,1,2.0,2.0,33.88,0.3333,0,1,33.88,33.88,33.88,0.3333,33.88
3.0,3,3,ホウオウヌーヴォー,55.0,吉田豊,2:01.9,3.1/2,3.7,1.0,[東] 田島俊明,2022103531,202403020405,2歳新馬｜2024年7月7日 | 競馬データベース - netkeiba,2026-05-20T10:13:24.396892,牝,2,460.0,0.0,0,1,5.6,7.33,39.76,0.1515,0,5,39.76,39.76,39.76,0.1515,39.76
4.0,8,11,ピエナフェーヴル,55.0,丸山元気,2:02.1,1.1/4,4.3,2.0,[東] 萱野浩二,2022101175,202403020405,2歳新馬｜2024年7月7日 | 競馬データベース - netkeiba,2026-05-20T10:13:24.396892,牡,2,456.0,0.0,0,0,1.6,2.0,39.66,0.3846,0,1,39.66,39.66,39.66,0.3846,39.66
5.0,6,6,アンガアヴィス,52.0,石田拓郎,2:03.0,5,8.0,5.0,[東] 新開幸一,2022106195,202403020405,2歳新馬｜2024年7月7日 | 競馬データベース - netkeiba,2026-05-20T10:13:24.396892,牡,2,432.0,0.0,0,0,5.4,3.67,38.9,0.1562,0,1,38.9,38.9,38.9,0.1562,38.9
6.0,7,9,ロードスカイブルー,54.0,原優介,2:03.6,3.1/2,23.5,8.0,[東] 和田勇介,2022100557,202403020405,2歳新馬｜2024年7月7日 | 競馬データベース - netkeiba,2026-05-20T10:13:24.396892,牡,2,448.0,0.0,0,0,9.0,11.67,41.2,0.1,0,7,41.2,41.2,41.2,0.1,41.2
7.0,5,5,カージオイド,55.0,菅原明良,2:04.3,4,6.6,4.0,[東] 黒岩陽一,2022104062,202403020405,2歳新馬｜2024年7月7日 | 競馬データベース - netkeiba,2026-05-20T10:13:24.396892,牡,2,494.0,0.0,0,0,8.6,7.67,39.68,0.1042,0,9,39.68,39.68,39.68,0.1042,39.68
8.0,6,7,ピコブルー,55.0,松岡正海,2:04.3,アタマ,13.0,7.0,[東] 上原博之,2022101739,202403020405,2歳新馬｜2024年7月7日 | 競馬データベース - netkeiba,2026-05-20T10:13:24.396892,牡,2,448.0,0.0,0,0,4.8,2.0,39.48,0.1724,0,1,39.48,39.48,39.48,0.1724,39.48
9.0,8,10,ヤスケ,55.0,津村明秀,2:04.6,1.3/4,37.3,9.0,[東] 中舘英二,2022103295,202403020405,2歳新馬｜2024年7月7日 | 競馬データベース - netkeiba,2026-05-20T10:13:24.396892,牡,2,510.0,0.0,0,0,3.2,1.67,41.1,0.2381,0,2,41.1,41.1,41.1,0.2381,41.1
10.0,4,4,リネンドライブ,55.0,柴田大知,2:04.8,1.1/4,91.9,11.0,[東] 南田美知,2022101185,202403020405,2歳新馬｜2024年7月7日 | 競馬データベース - netkeiba,2026-05-20T10:13:24.396892,セ,2,466.0,0.0,0,0,5.8,7.33,39.66,0.1471,0,9,39.66,39.66,39.66,0.1471,39.66
11.0,1,1,ブリオンアヴニール,51.0,大江原比,2:07.2,大,58.8,10.0,[東] 武市康男,2022106208,202403020405,2歳新馬｜2024年7月7日 | 競馬データベース - netkeiba,2026-05-20T10:13:24.396892,牡,2,458.0,0.0,0,0,7.0,8.0,42.2,0.125,0,7,42.2,42.2,42.2,0.125,42.2
1.0,4,4,セイウンビッグバン,55.0,三浦皇成,1:10.5,,7.0,5.0,[東] 萱野浩二,2022100737,202403020406,2歳新馬｜2024年7月7日 | 競馬データベース - netkeiba,2026-05-20T10:13:53.098115,牡,2,432.0,0.0,1,1,11.6,12.0,37.04,0.0794,0,13,37.04,37.04,37.04,0.0794,37.04
2.0,2,2,ベストロイヤル,54.0,横山琉人,1:10.8,2,6.6,4.0,[東] 相沢郁,2022104168,202403020406,2歳新馬｜2024年7月7日 | 競馬データベース - netkeiba,2026-05-20T10:13:53.098115,牡,2,498.0,0.0,0,1,6.25,7.67,36.88,0.1379,0,10,36.88,36.88,36.88,0.1379,36.88
3.0,8,10,ユーティジャーニー,55.0,丸山元気,1:10.9,1/2,6.1,3.0,[東] 矢嶋大樹,2022102088,202403020406,2歳新馬｜2024年7月7日 | 競馬データベース - netkeiba,2026-05-20T10:13:53.098115,牝,2,414.0,0.0,0,1,7.0,7.67,34.78,0.125,0,8,34.78,34.78,34.78,0.125,34.78
4.0,5,5,ショウナンバシリス,55.0,戸崎圭太,1:11.2,2,3.0,1.0,[東] 尾関知人,2022101823,202403020406,2歳新馬｜2024年7月7日 | 競馬データベース - netkeiba,2026-05-20T10:13:53.098115,牝,2,462.0,0.0,0,0,8.2,8.67,36.64,0.1087,0,12,36.64,36.64,36.64,0.1087,36.64
5.0,6,7,カガバベル,55.0,石橋脩,1:11.3,1/2,58.7,9.0,[東] 萱野浩二,2022106677,202403020406,2歳新馬｜2024年7月7日 | 競馬データベース - netkeiba,2026-05-20T10:13:53.098115,牡,2,512.0,0.0,0,0,5.8,4.67,40.0,0.1471,0,4,40.0,40.0,40.0,0.1471,40.0
6.0,7,9,タワークライマー,55.0,杉原誠人,1:11.6,1.3/4,4.0,2.0,[東] 嘉藤貴行,2022103334,202403020406,2歳新馬｜2024年7月7日 | 競馬データベース - netkeiba,2026-05-20T10:13:53.098115,牡,2,474.0,0.0,0,0,5.33,6.0,43.97,0.158,0,4,43.97,43.97,43.97,0.158,43.97
7.0,8,11,セイウングレイ,55.0,津村明秀,1:11.6,アタマ,13.8,7.0,[東] 竹内正洋,2022100399,202403020406,2歳新馬｜2024年7月7日 | 競馬データベース - netkeiba,2026-05-20T10:13:53.098115,牝,2,436.0,0.0,0,0,8.8,10.33,40.12,0.102,0,12,40.12,40.12,40.12,0.102,40.12
8.0,3,3,コスモシンテイ,53.0,藤田菜七,1:12.0,2.1/2,12.4,6.0,[東] 金成貴史,2022106782,202403020406,2歳新馬｜2024年7月7日 | 競馬データベース - netkeiba,2026-05-20T10:13:53.098115,牝,2,484.0,0.0,0,0,10.0,9.67,42.92,0.0909,0,9,42.92,42.92,42.92,0.0909,42.92
9.0,7,8,アニーブレイク,54.0,原優介,1:12.5,3,30.1,8.0,[東] 田島俊明,2022103824,202403020406,2歳新馬｜2024年7月7日 | 競馬データベース - netkeiba,2026-05-20T10:13:53.098115,牝,2,442.0,0.0,0,0,9.5,11.5,42.88,0.0952,0,11,42.88,42.88,42.88,0.0952,42.88
10.0,6,6,センノアバドン,55.0,柴田大知,1:12.6,1/2,139.8,11.0,[東] 南田美知,2022102044,202403020406,2歳新馬｜2024年7月7日 | 競馬データベース - netkeiba,2026-05-20T10:13:53.098115,牡,2,522.0,0.0,0,0,8.4,10.67,41.64,0.1064,0,11,41.64,41.64,41.64,0.1064,41.64
11.0,1,1,ユイットムーラン,55.0,木幡初也,1:12.6,クビ,86.8,10.0,[東] 深山雅史,2022106100,202403020406,2歳新馬｜2024年7月7日 | 競馬データベース - netkeiba,2026-05-20T10:13:53.098115,牡,2,470.0,0.0,0,0,4.4,5.33,39.74,0.1852,0,3,39.74,39.74,39.74,0.1852,39.74
1.0,8,15,バイデンテソーロ,57.0,木幡巧也,1:09.6,,7.4,2.0,[東] 畠山吉宏,2021104049,202403020407,3歳未勝利｜2024年7月7日 | 競馬データベース - netkeiba,2026-05-20T10:14:25.372088,牡,3,470.0,-6.0,1,1,2.25,3.5,39.9,0.3077,0,6,39.9,39.9,39.9,0.3077,39.9
2.0,7,13,サトノジール,51.0,大江原比,1:09.6,クビ,20.3,7.0,[東] 蛯名正義,2021105533,202403020407,3歳未勝利｜2024年7月7日 | 競馬データベース - netkeiba,2026-05-20T10:14:25.372088,牝,3,410.0,2.0,0,1,7.0,10.33,37.04,0.125,0,12,37.04,37.04,37.04,0.125,37.04
3.0,7,14,イェルマーク,56.0,丸山元気,1:09.8,1.1/4,11.8,4.0,[東] 尾関知人,2021110117,202403020407,3歳未勝利｜2024年7月7日 | 競馬データベース - netkeiba,2026-05-20T10:14:25.372088,牡,3,482.0,-6.0,0,1,10.6,15.0,37.38,0.0862,0,12,37.38,37.38,37.38,0.0862,37.38
4.0,3,6,スプレムータ,57.0,嶋田純次,1:10.1,2,19.5,6.0,[東] 松山将樹,2021104540,202403020407,3歳未勝利｜2024年7月7日 | 競馬データベース - netkeiba,2026-05-20T10:14:25.372088,牡,3,458.0,-2.0,0,0,9.6,9.67,42.46,0.0943,0,10,42.46,42.46,42.46,0.0943,42.46
5.0,4,7,ジョブックノワ,53.0,藤田菜七,1:10.1,ハナ,30.5,9.0,[東] 根本康広,2021103422,202403020407,3歳未勝利｜2024年7月7日 | 競馬データベース - netkeiba,2026-05-20T10:14:25.372088,牝,3,414.0,-3.0,0,0,4.6,3.33,39.76,0.1786,0,2,39.76,39.76,39.76,0.1786,39.76
6.0,5,10,モデルニスモ,55.0,菅原明良,1:10.3,1.1/4,1.5,1.0,[東] 斎藤誠,2021105158,202403020407,3歳未勝利｜2024年7月7日 | 競馬データベース - netkeiba,2026-05-20T10:14:25.372088,牝,3,468.0,-4.0,0,0,9.0,7.0,36.15,0.1,0,13,36.15,36.15,36.15,0.1,36.15
7.0,5,9,マルジェラ,57.0,菊沢一樹,1:10.3,ハナ,255.5,16.0,[東] 佐藤吉勝,2021104033,202403020407,3歳未勝利｜2024年7月7日 | 競馬データベース - netkeiba,2026-05-20T10:14:25.372088,牡,3,490.0,2.0,0,0,0.0,0.0,0.0,0.0,0,0,0.0,0.0,0.0,0.0,0.0
8.0,6,12,ジュネスヒマリ,55.0,松岡正海,1:10.4,クビ,74.1,12.0,[東] 小野次郎,2021106356,202403020407,3歳未勝利｜2024年7月7日 | 競馬データベース - netkeiba,2026-05-20T10:14:25.372088,牝,3,446.0,-16.0,0,0,2.0,2.33,38.62,0.3333,0,5,38.62,38.62,38.62,0.3333,38.62
9.0,2,3,コスモリダッシュ,57.0,石川裕紀,1:10.4,クビ,10.9,3.0,[東] 小笠倫弘,2021106777,202403020407,3歳未勝利｜2024年7月7日 | 競馬データベース - netkeiba,2026-05-20T10:14:25.372088,牡,3,478.0,10.0,0,0,7.4,7.67,39.96,0.119,0,7,39.96,39.96,39.96,0.119,39.96
10.0,4,8,ビッグポケット,56.0,横山琉人,1:10.6,1,18.7,5.0,[東] 小西一男,2021103914,202403020407,3歳未勝利｜2024年7月7日 | 競馬データベース - netkeiba,2026-05-20T10:14:25.372088,牡,3,496.0,0.0,0,0,5.2,5.67,40.32,0.1613,0,5,40.32,40.32,40.32,0.1613,40.32
11.0,8,16,ニシノレヴィガータ,55.0,杉原誠人,1:10.6,アタマ,109.5,15.0,[東] 武市康男,2021106998,202403020407,3歳未勝利｜2024年7月7日 | 競馬データベース - netkeiba,2026-05-20T10:14:25.372088,牝,3,468.0,-2.0,0,0,0.0,0.0,0.0,0.0,0,0,0.0,0.0,0.0,0.0,0.0
12.0,2,4,ドンタカーミ,55.0,柴田善臣,1:10.7,3/4,98.3,14.0,[東] 粕谷昌央,2021103133,202403020407,3歳未勝利｜2024年7月7日 | 競馬データベース - netkeiba,2026-05-20T10:14:25.372088,牝,3,448.0,6.0,0,0,4.6,4.67,40.96,0.1786,0,3,40.96,40.96,40.96,0.1786,40.96
13.0,6,11,ハナマツリ,52.0,佐藤翔馬,1:11.2,3,75.9,13.0,[東] 小野次郎,2021106346,202403020407,3歳未勝利｜2024年7月7日 | 競馬データベース - netkeiba,2026-05-20T10:14:25.372088,牝,3,442.0,2.0,0,0,5.8,7.67,40.32,0.1471,0,11,40.32,40.32,40.32,0.1471,40.32
14.0,1,2,フォカッチャ,54.0,原優介,1:11.4,1.1/4,71.9,11.0,[東] 小手川準,2021103548,202403020407,3歳未勝利｜2024年7月7日 | 競馬データベース - netkeiba,2026-05-20T10:14:25.372088,牝,3,424.0,-2.0,0,0,7.2,8.33,39.48,0.122,0,10,39.48,39.48,39.48,0.122,39.48
15.0,1,1,グランドシュギョク,57.0,丸田恭介,1:12.9,9,28.6,8.0,[東] 石毛善彦,2021100560,202403020407,3歳未勝利｜2024年7月7日 | 競馬データベース - netkeiba,2026-05-20T10:14:25.372088,牡,3,470.0,-6.0,0,0,6.2,4.0,39.68,0.1389,0,4,39.68,39.68,39.68,0.1389,39.68
16.0,3,5,ハクサンリュウオウ,55.0,小林脩斗,1:15.8,大,46.4,10.0,[東] 武藤善則,2021107205,202403020407,3歳未勝利｜2024年7月7日 | 競馬データベース - netkeiba,2026-05-20T10:14:25.372088,牡,3,478.0,0.0,0,0,6.2,5.0,40.9,0.1389,0,6,40.9,40.9,40.9,0.1389,40.9
1.0,8,14,ユイノマチブセ,58.0,木幡初也,1:46.0,,21.5,9.0,[東] 竹内正洋,2020105147,202403020408,3歳以上1勝クラス｜2024年7月7日 | 競馬データベース - netkeiba,2026-05-20T10:15:14.477425,牡,4,446.0,6.0,1,1,9.2,9.33,39.48,0.098,0,12,39.48,39.48,39.48,0.098,39.48
2.0,4,7,オブシディアン,58.0,菅原明良,1:46.3,1.3/4,8.4,5.0,[東] 武藤善則,2020100307,202403020408,3歳以上1勝クラス｜2024年7月7日 | 競馬データベース - netkeiba,2026-05-20T10:15:14.477425,牡,4,522.0,2.0,0,1,12.75,12.5,38.38,0.0727,0,14,38.38,38.38,38.38,0.0727,38.38
3.0,4,6,サトノアインス,55.0,戸崎圭太,1:46.5,1.1/4,3.9,1.0,[東] 萩原清,2021105582,202403020408,3歳以上1勝クラス｜2024年7月7日 | 競馬データベース - netkeiba,2026-05-20T10:15:14.477425,牡,3,428.0,0.0,0,1,2.4,2.33,36.84,0.2941,0,3,36.84,36.84,36.84,0.2941,36.84
4.0,6,10,カムランベイ,58.0,津村明秀,1:46.6,1/2,6.7,2.0,[東] 岩戸孝樹,2020101803,202403020408,3歳以上1勝クラス｜2024年7月7日 | 競馬データベース - netkeiba,2026-05-20T10:15:14.477425,牡,4,504.0,0.0,0,0,4.6,5.67,39.34,0.1786,0,5,39.34,39.34,39.34,0.1786,39.34
5.0,6,11,メダルラッシュ,56.0,松岡正海,1:46.6,アタマ,50.8,11.0,[東] 村田一誠,2020102668,202403020408,3歳以上1勝クラス｜2024年7月7日 | 競馬データベース - netkeiba,2026-05-20T10:15:14.477425,牝,4,494.0,12.0,0,0,9.8,10.67,40.8,0.0926,0,12,40.8,40.8,40.8,0.0926,40.8
6.0,2,2,ダイヤモンドナイツ,55.0,吉田豊,1:46.8,1,36.8,10.0,[東] 田島俊明,2021107238,202403020408,3歳以上1勝クラス｜2024年7月7日 | 競馬データベース - netkeiba,2026-05-20T10:15:14.477425,牡,3,468.0,4.0,0,0,7.4,6.0,38.5,0.119,0,1,38.5,38.5,38.5,0.119,38.5
7.0,2,3,デフィニティーボ,54.0,原優介,1:47.2,2.1/2,9.2,7.0,[東] 上原佑紀,2021105929,202403020408,3歳以上1勝クラス｜2024年7月7日 | 競馬データベース - netkeiba,2026-05-20T10:15:14.477425,牡,3,476.0,-4.0,0,0,4.8,1.67,39.8,0.1724,0,1,39.8,39.8,39.8,0.1724,39.8
8.0,7,12,タニセンドリーム,55.0,石橋脩,1:47.3,クビ,7.0,3.0,[東] 加藤士津,2021106057,202403020408,3歳以上1勝クラス｜2024年7月7日 | 競馬データベース - netkeiba,2026-05-20T10:15:14.477425,牡,3,494.0,8.0,0,0,7.0,8.67,38.88,0.125,0,8,38.88,38.88,38.88,0.125,38.88
9.0,5,8,ディアスポラ,55.0,内田博幸,1:47.3,クビ,11.7,8.0,[東] 田中剛,2021102498,202403020408,3歳以上1勝クラス｜2024年7月7日 | 競馬データベース - netkeiba,2026-05-20T10:15:14.477425,牡,3,504.0,0.0,0,0,6.8,7.67,38.86,0.1282,0,12,38.86,38.86,38.86,0.1282,38.86
10.0,3,4,リフレクトザムーン,51.0,藤田菜七,1:47.8,3,8.6,6.0,[東] 尾形和幸,2021104635,202403020408,3歳以上1勝クラス｜2024年7月7日 | 競馬データベース - netkeiba,2026-05-20T10:15:14.477425,牝,3,458.0,14.0,0,0,6.4,6.0,38.38,0.1351,0,5,38.38,38.38,38.38,0.1351,38.38
11.0,3,5,ビーティングハート,56.0,丸田恭介,1:47.9,1/2,86.8,14.0,[東] 嘉藤貴行,2020102219,202403020408,3歳以上1勝クラス｜2024年7月7日 | 競馬データベース - netkeiba,2026-05-20T10:15:14.477425,牝,4,470.0,8.0,0,0,5.8,5.67,39.88,0.1471,0,5,39.88,39.88,39.88,0.1471,39.88
12.0,5,9,トリオンファーレ,58.0,石川裕紀,1:48.0,1/2,53.3,12.0,[東] 斎藤誠,2020102771,202403020408,3歳以上1勝クラス｜2024年7月7日 | 競馬データベース - netkeiba,2026-05-20T10:15:14.477425,セ,4,470.0,4.0,0,0,6.0,6.33,38.92,0.1429,0,2,38.92,38.92,38.92,0.1429,38.92
13.0,7,13,インザストーン,54.0,大江原比,1:49.9,大,194.8,15.0,[東] 小笠倫弘,2020105489,202403020408,3歳以上1勝クラス｜2024年7月7日 | 競馬データベース - netkeiba,2026-05-20T10:15:14.477425,牡,4,468.0,4.0,0,0,11.8,11.0,40.16,0.0781,0,9,40.16,40.16,40.16,0.0781,40.16
14.0,8,15,タンゴノアール,53.0,小林脩斗,1:50.4,3,85.6,13.0,[東] 伊藤圭三,2021104256,202403020408,3歳以上1勝クラス｜2024年7月7日 | 競馬データベース - netkeiba,2026-05-20T10:15:14.477425,牡,3,484.0,0.0,0,0,8.8,12.0,41.78,0.102,0,14,41.78,41.78,41.78,0.102,41.78
,1,1,レイズトワイライト,55.0,田辺裕信,,,7.0,4.0,[東] 田村康仁,2021100589,202403020408,3歳以上1勝クラス｜2024年7月7日 | 競馬データベース - netkeiba,2026-05-20T10:15:14.477425,牡,3,500.0,2.0,0,0,8.75,7.67,38.25,0.1026,0,7,38.25,38.25,38.25,0.1026,38.25
1.0,7,14,ルーチェロッサ,56.0,横山琉人,1:48.5,,23.3,6.0,[東] 相沢郁,2020103955,202403020409,織姫賞｜2024年7月7日 | 競馬データベース - netkeiba,2026-05-20T10:15:53.303090,牝,4,460.0,8.0,1,1,11.0,11.0,35.73,0.0833,0,14,35.73,35.73,35.73,0.0833,35.73
2.0,4,8,テンペスト,56.0,戸崎圭太,1:48.7,1.1/4,4.8,3.0,[東] 国枝栄,2020103416,202403020409,織姫賞｜2024年7月7日 | 競馬データベース - netkeiba,2026-05-20T10:15:53.303090,牝,4,452.0,2.0,0,1,3.2,2.67,35.18,0.2381,0,3,35.18,35.18,35.18,0.2381,35.18
3.0,3,6,ミヤビブレイブ,56.0,三浦皇成,1:48.8,クビ,4.5,2.0,[東] 小島茂之,2020104259,202403020409,織姫賞｜2024年7月7日 | 競馬データベース - netkeiba,2026-05-20T10:15:53.303090,牝,4,472.0,4.0,0,1,9.2,8.67,36.66,0.098,0,14,36.66,36.66,36.66,0.098,36.66
4.0,6,11,キュベリン,56.0,藤田菜七,1:48.8,クビ,116.9,11.0,[東] 嘉藤貴行,2020104911,202403020409,織姫賞｜2024年7月7日 | 競馬データベース - netkeiba,2026-05-20T10:15:53.303090,牝,4,422.0,-4.0,0,0,9.2,12.67,36.26,0.098,0,15,36.26,36.26,36.26,0.098,36.26
5.0,6,12,ティンク,53.0,菅原明良,1:49.0,1.1/4,2.2,1.0,[東] 久保田貴,2021104994,202403020409,織姫賞｜2024年7月7日 | 競馬データベース - netkeiba,2026-05-20T10:15:53.303090,牝,3,488.0,0.0,0,0,6.6,9.0,33.98,0.1316,0,9,33.98,33.98,33.98,0.1316,33.98
6.0,3,5,アームテイル,56.0,横山典弘,1:49.1,クビ,9.9,5.0,[東] 和田勇介,2020106900,202403020409,織姫賞｜2024年7月7日 | 競馬データベース - netkeiba,2026-05-20T10:15:53.303090,牝,4,456.0,10.0,0,0,12.2,13.0,33.84,0.0758,0,11,33.84,33.84,33.84,0.0758,33.84
7.0,8,16,エバーハンティング,56.0,吉田豊,1:49.1,ハナ,171.1,12.0,[東] 小島茂之,2019104674,202403020409,織姫賞｜2024年7月7日 | 競馬データベース - netkeiba,2026-05-20T10:15:53.303090,牝,5,424.0,20.0,0,0,10.0,9.67,36.2,0.0909,0,10,36.2,36.2,36.2,0.0909,36.2
8.0,5,9,シロノクミキョク,56.0,津村明秀,1:49.1,クビ,102.1,10.0,[東] 鈴木伸尋,2020100620,202403020409,織姫賞｜2024年7月7日 | 競馬データベース - netkeiba,2026-05-20T10:15:53.303090,牝,4,450.0,8.0,0,0,6.4,5.0,40.02,0.1351,0,3,40.02,40.02,40.02,0.1351,40.02
9.0,5,10,グレイトクラウン,53.0,木幡巧也,1:49.2,クビ,27.6,7.0,[東] 松山将樹,2021107220,202403020409,織姫賞｜2024年7月7日 | 競馬データベース - netkeiba,2026-05-20T10:15:53.303090,牝,3,456.0,-6.0,0,0,7.0,7.0,34.42,0.125,0,4,34.42,34.42,34.42,0.125,34.42
10.0,8,15,ウインネモフィラ,56.0,松岡正海,1:49.3,1/2,45.6,8.0,[東] 奥平雅士,2020105205,202403020409,織姫賞｜2024年7月7日 | 競馬データベース - netkeiba,2026-05-20T10:15:53.303090,牝,4,434.0,18.0,0,0,6.4,7.33,35.5,0.1351,0,7,35.5,35.5,35.5,0.1351,35.5
11.0,7,13,シルバーニース,56.0,杉原誠人,1:49.4,1,221.5,14.0,[東] 田村康仁,2020103221,202403020409,織姫賞｜2024年7月7日 | 競馬データベース - netkeiba,2026-05-20T10:15:53.303090,牝,4,462.0,0.0,0,0,3.4,4.0,40.64,0.2273,0,3,40.64,40.64,40.64,0.2273,40.64
12.0,1,2,ビヨンドザリミット,56.0,原優介,1:49.5,クビ,70.6,9.0,[東] 稲垣幸雄,2019105440,202403020409,織姫賞｜2024年7月7日 | 競馬データベース - netkeiba,2026-05-20T10:15:53.303090,牝,5,472.0,4.0,0,0,9.8,9.67,36.62,0.0926,0,10,36.62,36.62,36.62,0.0926,36.62
13.0,1,1,ステラヴェルデ,53.0,武藤雅,1:49.5,アタマ,220.6,13.0,[東] 武藤善則,2021109085,202403020409,織姫賞｜2024年7月7日 | 競馬データベース - netkeiba,2026-05-20T10:15:53.303090,牝,3,446.0,-10.0,0,0,8.5,8.5,41.12,0.1053,0,10,41.12,41.12,41.12,0.1053,41.12
14.0,2,3,マルアズール,56.0,内田博幸,1:49.6,1/2,284.4,15.0,[東] 加藤和宏,2019104784,202403020409,織姫賞｜2024年7月7日 | 競馬データベース - netkeiba,2026-05-20T10:15:53.303090,牝,5,424.0,14.0,0,0,9.0,9.0,40.5,0.1,0,9,40.5,40.5,40.5,0.1,40.5
15.0,2,4,エンジェリックアイ,56.0,石橋脩,1:49.7,1,7.8,4.0,[東] 牧光二,2020103008,202403020409,織姫賞｜2024年7月7日 | 競馬データベース - netkeiba,2026-05-20T10:15:53.303090,牝,4,484.0,0.0,0,0,9.0,9.67,37.94,0.1,0,12,37.94,37.94,37.94,0.1,37.94
16.0,4,7,パララヴィクトリア,56.0,柴田大知,1:50.0,1.1/2,290.2,16.0,[東] 粕谷昌央,2020105664,202403020409,織姫賞｜2024年7月7日 | 競馬データベース - netkeiba,2026-05-20T10:15:53.303090,牝,4,446.0,-4.0,0,0,13.0,16.5,37.23,0.0714,0,17,37.23,37.23,37.23,0.0714,37.23
1.0,7,7,ジョージテソーロ,55.0,戸崎圭太,1:45.4,,1.6,1.0,[東] 嘉藤貴行,2021102078,202403020410,天の川賞｜2024年7月7日 | 競馬データベース - netkeiba,2026-05-20T10:16:36.714805,牡,3,468.0,4.0,1,1,4.4,2.67,38.02,0.1852,0,5,38.02,38.02,38.02,0.1852,38.02
2.0,6,6,アイファーグローブ,58.0,藤田菜七,1:46.2,5,40.7,7.0,[東] 蛯名利弘,2019101330,202403020410,天の川賞｜2024年7月7日 | 競馬データベース - netkeiba,2026-05-20T10:16:36.714805,牡,5,470.0,-6.0,0,1,7.8,9.0,38.84,0.1136,0,7,38.84,38.84,38.84,0.1136,38.84
3.0,8,9,タマモヴェナトル,58.0,菊沢一樹,1:46.4,3/4,3.8,2.0,[東] 菊沢隆徳,2020104864,202403020410,天の川賞｜2024年7月7日 | 競馬データベース - netkeiba,2026-05-20T10:16:36.714805,牡,4,440.0,-6.0,0,1,9.6,6.67,37.1,0.0943,0,9,37.1,37.1,37.1,0.0943,37.1
4.0,5,5,スズノテレサ,56.0,内田博幸,1:46.4,クビ,59.5,9.0,[東] 深山雅史,2019104861,202403020410,天の川賞｜2024年7月7日 | 競馬データベース - netkeiba,2026-05-20T10:16:36.714805,牝,5,442.0,-4.0,0,0,10.0,11.33,37.86,0.0909,0,14,37.86,37.86,37.86,0.0909,37.86
5.0,1,1,サトミノマロン,58.0,津村明秀,1:46.8,2.1/2,21.7,5.0,[東] 鈴木伸尋,2019101661,202403020410,天の川賞｜2024年7月7日 | 競馬データベース - netkeiba,2026-05-20T10:16:36.714805,牡,5,526.0,-10.0,0,0,11.0,10.33,37.7,0.0833,0,12,37.7,37.7,37.7,0.0833,37.7
6.0,4,4,アイアムイチリュウ,58.0,菅原隆一,1:47.3,3,16.5,4.0,[東] 奥平雅士,2017101159,202403020410,天の川賞｜2024年7月7日 | 競馬データベース - netkeiba,2026-05-20T10:16:36.714805,牡,7,520.0,0.0,0,0,6.2,6.0,38.28,0.1389,0,8,38.28,38.28,38.28,0.1389,38.28
7.0,3,3,トウキチロウ,58.0,田辺裕信,1:47.4,1/2,6.3,3.0,[東] 蛯名正義,2020104237,202403020410,天の川賞｜2024年7月7日 | 競馬データベース - netkeiba,2026-05-20T10:16:36.714805,牡,4,494.0,14.0,0,0,5.6,7.67,37.52,0.1515,0,8,37.52,37.52,37.52,0.1515,37.52
8.0,7,8,ヴィブラツィオーネ,58.0,石川裕紀,1:47.6,1,46.4,8.0,[東] 辻哲英,2019104928,202403020410,天の川賞｜2024年7月7日 | 競馬データベース - netkeiba,2026-05-20T10:16:36.714805,牡,5,476.0,-6.0,0,0,9.8,9.33,35.64,0.0926,0,11,35.64,35.64,35.64,0.0926,35.64
9.0,2,2,サイモンメガライズ,58.0,原優介,1:47.7,1,126.4,10.0,[西] 小林真也,2018101175,202403020410,天の川賞｜2024年7月7日 | 競馬データベース - netkeiba,2026-05-20T10:16:36.714805,牡,6,506.0,0.0,0,0,10.8,11.33,37.52,0.0847,0,11,37.52,37.52,37.52,0.0847,37.52
10.0,8,10,アメリカンエール,58.0,武藤雅,1:47.8,1/2,27.0,6.0,[東] 戸田博文,2018110132,202403020410,天の川賞｜2024年7月7日 | 競馬データベース - netkeiba,2026-05-20T10:16:36.714805,セ,6,486.0,-2.0,0,0,10.2,11.67,39.7,0.0893,0,11,39.7,39.7,39.7,0.0893,39.7
1.0,3,4,レッドラディエンス,57.0,戸崎圭太,1:57.9,,4.3,2.0,[西] 友道康夫,2019104984,202403020411,七夕賞｜2024年7月7日 | 競馬データベース - netkeiba,2026-05-20T10:17:05.034412,牡,5,488.0,-8.0,1,1,2.2,2.67,34.14,0.3125,0,5,34.14,34.14,34.14,0.3125,34.14
2.0,6,11,キングズパレス,57.0,松岡正海,1:58.2,2,3.8,1.0,[東] 戸田博文,2019104828,202403020411,七夕賞｜2024年7月7日 | 競馬データベース - netkeiba,2026-05-20T10:17:05.034412,牡,5,496.0,-2.0,0,1,5.6,5.67,34.48,0.1515,0,8,34.48,34.48,34.48,0.1515,34.48
3.0,4,7,ノッキングポイント,57.5,杉原誠人,1:58.3,クビ,20.0,8.0,[東] 木村哲也,2020103472,202403020411,七夕賞｜2024年7月7日 | 競馬データベース - netkeiba,2026-05-20T10:17:05.034412,牡,4,486.0,-8.0,0,1,7.8,7.67,35.54,0.1136,0,3,35.54,35.54,35.54,0.1136,35.54
4.0,5,8,ダンディズム,57.0,三浦皇成,1:58.4,クビ,22.0,9.0,[西] 野中賢二,2016102175,202403020411,七夕賞｜2024年7月7日 | 競馬データベース - netkeiba,2026-05-20T10:17:05.034412,セ,8,466.0,-2.0,0,0,9.4,8.33,34.76,0.0962,0,10,34.76,34.76,34.76,0.0962,34.76
5.0,6,10,リフレーミング,57.0,丸田恭介,1:58.5,1/2,5.5,3.0,[西] 鮫島一歩,2018104225,202403020411,七夕賞｜2024年7月7日 | 競馬データベース - netkeiba,2026-05-20T10:17:05.034412,牡,6,470.0,2.0,0,0,11.5,7.5,33.9,0.08,0,7,33.9,33.9,33.9,0.08,33.9
6.0,2,2,レッドランメルト,56.0,吉田豊,1:58.5,クビ,35.3,12.0,[東] 国枝栄,2019104981,202403020411,七夕賞｜2024年7月7日 | 競馬データベース - netkeiba,2026-05-20T10:17:05.034412,牡,5,516.0,-4.0,0,0,9.4,11.33,36.92,0.0962,0,10,36.92,36.92,36.92,0.0962,36.92
7.0,4,6,アラタ,58.0,横山典弘,1:58.6,クビ,12.4,6.0,[東] 和田勇介,2017104756,202403020411,七夕賞｜2024年7月7日 | 競馬データベース - netkeiba,2026-05-20T10:17:05.034412,牡,7,470.0,-4.0,0,0,9.4,9.67,36.08,0.0962,0,10,36.08,36.08,36.08,0.0962,36.08
8.0,1,1,ノースザワールド,55.0,柴田善臣,1:58.9,2,50.2,13.0,[東] 斎藤誠,2018100420,202403020411,七夕賞｜2024年7月7日 | 競馬データベース - netkeiba,2026-05-20T10:17:05.034412,牡,6,490.0,0.0,0,0,2.8,2.67,39.62,0.2632,0,4,39.62,39.62,39.62,0.2632,39.62
9.0,2,3,ボーンディスウェイ,56.0,木幡巧也,1:58.9,アタマ,7.3,4.0,[東] 牧光二,2019104658,202403020411,七夕賞｜2024年7月7日 | 競馬データベース - netkeiba,2026-05-20T10:17:05.034412,牡,5,490.0,-2.0,0,0,7.0,7.67,34.68,0.125,0,6,34.68,34.68,34.68,0.125,34.68
10.0,3,5,カレンルシェルブル,57.0,田辺裕信,1:59.0,クビ,11.7,5.0,[西] 安田翔伍,2018104579,202403020411,七夕賞｜2024年7月7日 | 競馬データベース - netkeiba,2026-05-20T10:17:05.034412,牡,6,512.0,4.0,0,0,0.0,0.0,0.0,0.0,0,0,0.0,0.0,0.0,0.0,0.0
11.0,5,9,バビット,57.0,内田博幸,1:59.1,3/4,28.6,10.0,[西] 浜田多実,2017103000,202403020411,七夕賞｜2024年7月7日 | 競馬データベース - netkeiba,2026-05-20T10:17:05.034412,牡,7,460.0,2.0,0,0,10.6,11.67,36.5,0.0862,0,12,36.5,36.5,36.5,0.0862,36.5
12.0,7,12,ダンテスヴュー,55.0,石橋脩,1:59.5,2.1/2,66.7,14.0,[西] 友道康夫,2019106933,202403020411,七夕賞｜2024年7月7日 | 競馬データベース - netkeiba,2026-05-20T10:17:05.034412,牡,5,484.0,18.0,0,0,8.2,7.33,35.32,0.1087,0,8,35.32,35.32,35.32,0.1087,35.32
13.0,8,14,フェーングロッテン,58.0,石川裕紀,1:59.5,アタマ,34.7,11.0,[西] 宮本博,2019105366,202403020411,七夕賞｜2024年7月7日 | 競馬データベース - netkeiba,2026-05-20T10:17:05.034412,セ,5,468.0,-10.0,0,0,5.0,6.0,0.0,0.1667,0,9,0.0,0.0,0.0,0.1667,0.0
14.0,8,15,セイウンプラチナ,55.0,原優介,1:59.8,2,19.7,7.0,[東] 千葉直人,2019102628,202403020411,七夕賞｜2024年7月7日 | 競馬データベース - netkeiba,2026-05-20T10:17:05.034412,牡,5,498.0,0.0,0,0,8.8,9.67,37.3,0.102,0,8,37.3,37.3,37.3,0.102,37.3
15.0,7,13,グレンガリー,53.0,丸山元気,2:02.9,大,235.4,15.0,[東] 萩原清,2015104707,202403020411,七夕賞｜2024年7月7日 | 競馬データベース - netkeiba,2026-05-20T10:17:05.034412,セ,9,440.0,-4.0,0,0,10.2,9.33,41.02,0.0893,0,10,41.02,41.02,41.02,0.0893,41.02
1.0,8,15,スマートアイ,56.0,田辺裕信,1:08.2,,6.2,4.0,[西] 寺島良,2020106877,202403020412,彦星賞｜2024年7月7日 | 競馬データベース - netkeiba,2026-05-20T10:17:45.823570,牝,4,506.0,12.0,1,1,13.0,15.33,39.2,0.0714,0,15,39.2,39.2,39.2,0.0714,39.2
2.0,2,4,ロープスピニング,56.0,武藤雅,1:08.3,3/4,13.3,6.0,[東] 武藤善則,2019104952,202403020412,彦星賞｜2024年7月7日 | 競馬データベース - netkeiba,2026-05-20T10:17:45.823570,牝,5,434.0,2.0,0,1,7.6,10.0,37.68,0.1163,0,13,37.68,37.68,37.68,0.1163,37.68
3.0,6,12,ストリンジェンド,58.0,戸崎圭太,1:08.5,1,4.5,1.0,[西] 音無秀孝,2020102702,202403020412,彦星賞｜2024年7月7日 | 競馬データベース - netkeiba,2026-05-20T10:17:45.823570,牡,4,468.0,2.0,0,1,7.0,8.33,37.38,0.125,0,6,37.38,37.38,37.38,0.125,37.38
4.0,7,14,エナジーロッソ,56.0,石田拓郎,1:08.6,1/2,26.6,10.0,[西] 高柳大輔,2018106569,202403020412,彦星賞｜2024年7月7日 | 競馬データベース - netkeiba,2026-05-20T10:17:45.823570,牝,6,488.0,-10.0,0,0,8.0,10.0,41.24,0.1111,0,14,41.24,41.24,41.24,0.1111,41.24
5.0,8,16,ショウナンアビアス,58.0,吉田豊,1:08.7,3/4,5.9,3.0,[東] 加藤士津,2020104597,202403020412,彦星賞｜2024年7月7日 | 競馬データベース - netkeiba,2026-05-20T10:17:45.823570,牡,4,498.0,-10.0,0,0,0.0,0.0,0.0,0.0,0,0,0.0,0.0,0.0,0.0,0.0
6.0,1,1,フェズカズマ,58.0,杉原誠人,1:08.7,ハナ,95.9,13.0,[東] 栗田徹,2019105218,202403020412,彦星賞｜2024年7月7日 | 競馬データベース - netkeiba,2026-05-20T10:17:45.823570,牡,5,494.0,10.0,0,0,7.0,6.0,41.56,0.125,0,6,41.56,41.56,41.56,0.125,41.56
7.0,7,13,リーゼントミニー,56.0,松岡正海,1:09.1,2.1/2,4.6,2.0,[東] 矢嶋大樹,2020100914,202403020412,彦星賞｜2024年7月7日 | 競馬データベース - netkeiba,2026-05-20T10:17:45.823570,牝,4,446.0,16.0,0,0,7.2,9.0,37.46,0.122,0,12,37.46,37.46,37.46,0.122,37.46
8.0,5,10,キュムロンニンバス,58.0,岩部純二,1:09.2,1/2,313.3,16.0,[東] 南田美知,2018106597,202403020412,彦星賞｜2024年7月7日 | 競馬データベース - netkeiba,2026-05-20T10:17:45.823570,牡,6,506.0,-6.0,0,0,6.0,1.33,38.98,0.1429,0,2,38.98,38.98,38.98,0.1429,38.98
9.0,4,8,エコロドゥネス,58.0,三浦皇成,1:09.4,1.1/4,16.6,7.0,[東] 加藤征弘,2020102731,202403020412,彦星賞｜2024年7月7日 | 競馬データベース - netkeiba,2026-05-20T10:17:45.823570,牡,4,518.0,8.0,0,0,6.4,6.33,40.92,0.1351,0,12,40.92,40.92,40.92,0.1351,40.92
10.0,1,2,プルスウルトラ,58.0,嶋田純次,1:09.4,ハナ,100.6,14.0,[東] 高橋文雅,2018106613,202403020412,彦星賞｜2024年7月7日 | 競馬データベース - netkeiba,2026-05-20T10:17:45.823570,牡,6,526.0,-10.0,0,0,1.4,1.0,38.96,0.4167,0,1,38.96,38.96,38.96,0.4167,38.96
11.0,3,5,エイシンケプラー,58.0,津村明秀,1:09.5,1,7.0,5.0,[東] 田中剛,2020106249,202403020412,彦星賞｜2024年7月7日 | 競馬データベース - netkeiba,2026-05-20T10:17:45.823570,牡,4,490.0,-2.0,0,0,7.5,6.0,38.57,0.1176,0,12,38.57,38.57,38.57,0.1176,38.57
12.0,5,9,カイタロー,58.0,土田真翔,1:09.6,アタマ,112.6,15.0,[東] 和田雄二,2019103063,202403020412,彦星賞｜2024年7月7日 | 競馬データベース - netkeiba,2026-05-20T10:17:45.823570,牡,5,470.0,-4.0,0,0,10.0,8.67,38.68,0.0909,0,10,38.68,38.68,38.68,0.0909,38.68
13.0,3,6,フェイマスドクター,58.0,原優介,1:09.8,1.1/2,37.2,11.0,[東] 中川公成,2020106047,202403020412,彦星賞｜2024年7月7日 | 競馬データベース - netkeiba,2026-05-20T10:17:45.823570,牡,4,502.0,-18.0,0,0,5.8,5.33,40.2,0.1471,0,4,40.2,40.2,40.2,0.1471,40.2
14.0,4,7,ザアトム,58.0,菊沢一樹,1:09.8,ハナ,20.9,8.0,[東] 田島俊明,2019101266,202403020412,彦星賞｜2024年7月7日 | 競馬データベース - netkeiba,2026-05-20T10:17:45.823570,牡,5,494.0,2.0,0,0,8.6,10.0,37.6,0.1042,0,6,37.6,37.6,37.6,0.1042,37.6
15.0,6,11,コラリン,56.0,石川裕紀,1:09.8,アタマ,25.5,9.0,[東] 木村哲也,2019105476,202403020412,彦星賞｜2024年7月7日 | 競馬データベース - netkeiba,2026-05-20T10:17:45.823570,牝,5,458.0,-6.0,0,0,9.4,9.33,37.06,0.0962,0,11,37.06,37.06,37.06,0.0962,37.06
16.0,2,3,メイショウカゼマチ,58.0,丸山元気,1:11.1,8,41.9,12.0,[西] 角田晃一,2020106534,202403020412,彦星賞｜2024年7月7日 | 競馬データベース - netkeiba,2026-05-20T10:17:45.823570,牡,4,446.0,-4.0,0,0,9.4,11.33,36.53,0.0962,0,6,36.53,36.53,36.53,0.0962,36.53
1.0,3,5,コウユーモジョカー,55.0,団野大成,1:09.8,,7.4,4.0,[西] 斉藤崇史,2022109164,202410030401,2歳未勝利｜2024年7月7日 | 競馬データベース - netkeiba,2026-05-20T10:18:28.852355,牝,2,456.0,6.0,1,1,9.25,9.5,40.28,0.0976,0,3,40.28,40.28,40.28,0.0976,40.28
2.0,4,7,レーニス,54.0,秋山稔樹,1:09.9,1,2.1,1.0,[西] 宮徹,2022109114,202410030401,2歳未勝利｜2024年7月7日 | 競馬データベース - netkeiba,2026-05-20T10:18:28.852355,牝,2,432.0,-2.0,0,1,6.0,4.67,39.66,0.1429,0,5,39.66,39.66,39.66,0.1429,39.66
3.0,7,14,ランインザウインド,52.0,鷲頭虎太,1:11.0,7,4.4,2.0,[東] 堀内岳志,2022109139,202410030401,2歳未勝利｜2024年7月7日 | 競馬データベース - netkeiba,2026-05-20T10:18:28.852355,牡,2,484.0,2.0,0,1,5.8,5.0,41.6,0.1471,0,1,41.6,41.6,41.6,0.1471,41.6
4.0,1,1,チェストイケ,55.0,城戸義政,1:11.1,クビ,199.8,15.0,[西] 牧田和弥,2022109177,202410030401,2歳未勝利｜2024年7月7日 | 競馬データベース - netkeiba,2026-05-20T10:18:28.852355,牝,2,456.0,-4.0,0,0,3.4,4.0,40.58,0.2273,0,7,40.58,40.58,40.58,0.2273,40.58
5.0,6,11,ニシノサンストーン,55.0,幸英明,1:11.2,クビ,19.4,5.0,[西] 北出成人,2022109162,202410030401,2歳未勝利｜2024年7月7日 | 競馬データベース - netkeiba,2026-05-20T10:18:28.852355,牡,2,454.0,-8.0,0,0,4.6,6.33,39.18,0.1786,0,6,39.18,39.18,39.18,0.1786,39.18
6.0,3,6,ジューシーオレンジ,52.0,吉村誠之,1:11.2,アタマ,127.3,12.0,[東] 根本康広,2022109108,202410030401,2歳未勝利｜2024年7月7日 | 競馬データベース - netkeiba,2026-05-20T10:18:28.852355,牝,2,408.0,-4.0,0,0,8.2,7.33,40.78,0.1087,0,9,40.78,40.78,40.78,0.1087,40.78
7.0,6,12,ムゾラシカ,54.0,西塚洸二,1:11.3,1,100.5,10.0,[東] 根本康広,2022109125,202410030401,2歳未勝利｜2024年7月7日 | 競馬データベース - netkeiba,2026-05-20T10:18:28.852355,牝,2,450.0,6.0,0,0,10.0,10.67,42.48,0.0909,0,12,42.48,42.48,42.48,0.0909,42.48
8.0,8,16,ザボドフスキー,54.0,角田大和,1:11.4,クビ,217.9,16.0,[西] 藤沢則雄,2022109169,202410030401,2歳未勝利｜2024年7月7日 | 競馬データベース - netkeiba,2026-05-20T10:18:28.852355,牡,2,426.0,2.0,0,0,9.6,9.67,41.16,0.0943,0,11,41.16,41.16,41.16,0.0943,41.16
9.0,8,17,ヤッホーキリシマ,55.0,小牧太,1:11.4,クビ,124.1,11.0,[西] 笹田和秀,2022109165,202410030401,2歳未勝利｜2024年7月7日 | 競馬データベース - netkeiba,2026-05-20T10:18:28.852355,牡,2,476.0,0.0,0,0,8.4,10.0,40.78,0.1064,0,12,40.78,40.78,40.78,0.1064,40.78
10.0,5,9,カシノクンプウ,54.0,田口貫太,1:11.7,1.1/2,22.4,6.0,[西] 北出成人,2022109146,202410030401,2歳未勝利｜2024年7月7日 | 競馬データベース - netkeiba,2026-05-20T10:18:28.852355,牡,2,434.0,-6.0,0,0,7.4,6.33,41.16,0.119,0,7,41.16,41.16,41.16,0.119,41.16
11.0,7,15,ナンシヨウト,51.0,河原田菜,1:11.8,1/2,5.0,3.0,[西] 岡田稲男,2022109118,202410030401,2歳未勝利｜2024年7月7日 | 競馬データベース - netkeiba,2026-05-20T10:18:28.852355,牝,2,428.0,-2.0,0,0,3.8,4.33,40.02,0.2083,0,7,40.02,40.02,40.02,0.2083,40.02
12.0,2,4,ナントカナルニャ,55.0,川須栄彦,1:11.8,クビ,27.6,7.0,[西] 笹田和秀,2022109144,202410030401,2歳未勝利｜2024年7月7日 | 競馬データベース - netkeiba,2026-05-20T10:18:28.852355,牡,2,460.0,-2.0,0,0,4.75,6.5,40.98,0.1739,0,11,40.98,40.98,40.98,0.1739,40.98
13.0,8,18,サバイバルナイン,53.0,永島まな,1:11.8,1/2,45.3,8.0,[東] 和田雄二,2022109127,202410030401,2歳未勝利｜2024年7月7日 | 競馬データベース - netkeiba,2026-05-20T10:18:28.852355,牝,2,504.0,8.0,0,0,3.4,3.33,39.2,0.2273,0,4,39.2,39.2,39.2,0.2273,39.2
14.0,1,2,カシノベティ,54.0,松本大輝,1:12.0,3/4,70.7,9.0,[東] 和田雄二,2022109130,202410030401,2歳未勝利｜2024年7月7日 | 競馬データベース - netkeiba,2026-05-20T10:18:28.852355,牝,2,426.0,-2.0,0,0,5.5,4.5,40.73,0.1538,0,5,40.73,40.73,40.73,0.1538,40.73
15.0,4,8,カシノシンボル,55.0,和田翼,1:12.2,1.1/4,133.4,13.0,[西] 谷潔,2022109103,202410030401,2歳未勝利｜2024年7月7日 | 競馬データベース - netkeiba,2026-05-20T10:18:28.852355,牡,2,420.0,-4.0,0,0,9.8,10.67,42.08,0.0926,0,11,42.08,42.08,42.08,0.0926,42.08
16.0,5,10,エイシンアヤメ,54.0,小沢大仁,1:12.2,ハナ,157.7,14.0,[西] 今野貞一,2022109176,202410030401,2歳未勝利｜2024年7月7日 | 競馬データベース - netkeiba,2026-05-20T10:18:28.852355,牝,2,460.0,-4.0,0,0,2.8,1.33,39.54,0.2632,0,2,39.54,39.54,39.54,0.2632,39.54
17.0,2,3,イチザマジック,55.0,藤懸貴志,1:12.4,1.1/4,280.3,18.0,[東] 的場均,2022109117,202410030401,2歳未勝利｜2024年7月7日 | 競馬データベース - netkeiba,2026-05-20T10:18:28.852355,牝,2,412.0,-4.0,0,0,8.2,11.0,42.0,0.1087,0,11,42.0,42.0,42.0,0.1087,42.0
18.0,7,13,ヒカルノキミ,55.0,森裕太朗,1:12.7,1.3/4,245.5,17.0,[西] 牧田和弥,2022109122,202410030401,2歳未勝利｜2024年7月7日 | 競馬データベース - netkeiba,2026-05-20T10:18:28.852355,牡,2,460.0,2.0,0,0,6.0,9.0,42.83,0.1429,0,9,42.83,42.83,42.83,0.1429,42.83
1.0,8,16,スナークサファイア,54.0,小沢大仁,2:00.8,,48.2,9.0,[西] 川村禎彦,2021106176,202410030402,3歳未勝利｜2024年7月7日 | 競馬データベース - netkeiba,2026-05-20T10:19:18.680117,牝,3,472.0,-8.0,1,1,10.8,8.67,39.36,0.0847,0,12,39.36,39.36,39.36,0.0847,39.36
2.0,3,5,ファミリーツリー,55.0,武豊,2:01.0,3/4,5.8,3.0,[西] 河嶋宏樹,2021106642,202410030402,3歳未勝利｜2024年7月7日 | 競馬データベース - netkeiba,2026-05-20T10:19:18.680117,牝,3,436.0,-8.0,0,1,7.6,8.33,35.52,0.1163,0,12,35.52,35.52,35.52,0.1163,35.52
3.0,1,1,パラソル,55.0,西村淳也,2:01.0,アタマ,11.5,4.0,[西] 杉山晴紀,2021103253,202410030402,3歳未勝利｜2024年7月7日 | 競馬データベース - netkeiba,2026-05-20T10:19:18.680117,牝,3,448.0,8.0,0,1,5.0,5.0,36.8,0.1667,0,3,36.8,36.8,36.8,0.1667,36.8
4.0,7,13,ソニックドライブ,55.0,坂井瑠星,2:01.0,アタマ,2.3,1.0,[西] 田中克典,2021101488,202410030402,3歳未勝利｜2024年7月7日 | 競馬データベース - netkeiba,2026-05-20T10:19:18.680117,牝,3,442.0,-6.0,0,0,7.0,6.67,35.8,0.125,0,8,35.8,35.8,35.8,0.125,35.8
5.0,2,4,スズカミエール,55.0,松山弘平,2:01.0,アタマ,3.3,2.0,[西] 吉村圭司,2021102988,202410030402,3歳未勝利｜2024年7月7日 | 競馬データベース - netkeiba,2026-05-20T10:19:18.680117,牝,3,462.0,-4.0,0,0,5.0,5.67,34.96,0.1667,0,5,34.96,34.96,34.96,0.1667,34.96
6.0,6,12,ルージュクライト,55.0,小崎綾也,2:01.2,1,146.3,12.0,[西] 寺島良,2021103078,202410030402,3歳未勝利｜2024年7月7日 | 競馬データベース - netkeiba,2026-05-20T10:19:18.680117,牝,3,424.0,-10.0,0,0,9.0,9.67,36.64,0.1,0,8,36.64,36.64,36.64,0.1,36.64
7.0,4,8,タガノアミカル,55.0,田中健,2:01.6,2.1/2,157.6,14.0,[西] 荒川義之,2021106549,202410030402,3歳未勝利｜2024年7月7日 | 競馬データベース - netkeiba,2026-05-20T10:19:18.680117,牝,3,448.0,2.0,0,0,10.2,10.67,40.66,0.0893,0,10,40.66,40.66,40.66,0.0893,40.66
8.0,4,7,ロンギングキイ,54.0,松本大輝,2:01.6,アタマ,90.0,11.0,[西] 新谷功一,2021106897,202410030402,3歳未勝利｜2024年7月7日 | 競馬データベース - netkeiba,2026-05-20T10:19:18.680117,牝,3,472.0,10.0,0,0,6.0,7.67,40.6,0.1429,0,10,40.6,40.6,40.6,0.1429,40.6
9.0,5,10,チャウチャウチャウ,55.0,国分優作,2:01.7,クビ,200.3,16.0,[西] 緒方努,2021101131,202410030402,3歳未勝利｜2024年7月7日 | 競馬データベース - netkeiba,2026-05-20T10:19:18.680117,牝,3,450.0,-4.0,0,0,4.6,5.67,40.38,0.1786,0,11,40.38,40.38,40.38,0.1786,40.38
10.0,8,17,ルミエールドゥース,55.0,川須栄彦,2:01.8,3/4,194.4,15.0,[西] 辻野泰之,2021104755,202410030402,3歳未勝利｜2024年7月7日 | 競馬データベース - netkeiba,2026-05-20T10:19:18.680117,牝,3,478.0,0.0,0,0,6.6,7.67,36.34,0.1316,0,12,36.34,36.34,36.34,0.1316,36.34
11.0,5,9,バトゥーラ,51.0,河原田菜,2:02.0,1.1/4,253.9,17.0,[西] 坂口智康,2021106686,202410030402,3歳未勝利｜2024年7月7日 | 競馬データベース - netkeiba,2026-05-20T10:19:18.680117,牝,3,416.0,-4.0,0,0,6.4,6.0,42.8,0.1351,0,6,42.8,42.8,42.8,0.1351,42.8
12.0,7,15,ヴェロクオーレ,54.0,西塚洸二,2:02.2,1.1/4,42.1,8.0,[西] 石坂公一,2021101397,202410030402,3歳未勝利｜2024年7月7日 | 競馬データベース - netkeiba,2026-05-20T10:19:18.680117,牝,3,490.0,0.0,0,0,4.4,6.33,36.8,0.1852,0,10,36.8,36.8,36.8,0.1852,36.8
13.0,1,2,パステルツェ,52.0,吉村誠之,2:02.2,ハナ,12.7,5.0,[西] 清水久詞,2021105512,202410030402,3歳未勝利｜2024年7月7日 | 競馬データベース - netkeiba,2026-05-20T10:19:18.680117,牝,3,446.0,0.0,0,0,8.6,8.0,36.02,0.1042,0,6,36.02,36.02,36.02,0.1042,36.02
14.0,3,6,スマイルペンダント,54.0,田口貫太,2:02.2,ハナ,18.5,6.0,[西] 高野友和,2021104110,202410030402,3歳未勝利｜2024年7月7日 | 競馬データベース - netkeiba,2026-05-20T10:19:18.680117,牝,3,484.0,0.0,0,0,9.4,8.67,41.44,0.0962,0,9,41.44,41.44,41.44,0.0962,41.44
15.0,8,18,ツヨポンフェイス,55.0,幸英明,2:02.6,2.1/2,147.6,13.0,[西] 清水久詞,2021106518,202410030402,3歳未勝利｜2024年7月7日 | 競馬データベース - netkeiba,2026-05-20T10:19:18.680117,牝,3,428.0,0.0,0,0,7.4,5.67,40.08,0.119,0,2,40.08,40.08,40.08,0.119,40.08
16.0,6,11,サトノオーブ,55.0,和田竜二,2:02.9,1.3/4,75.9,10.0,[西] 杉山晴紀,2021101396,202410030402,3歳未勝利｜2024年7月7日 | 競馬データベース - netkeiba,2026-05-20T10:19:18.680117,牝,3,428.0,0.0,0,0,13.0,13.0,37.1,0.0714,0,10,37.1,37.1,37.1,0.0714,37.1
17.0,7,14,ソウルノット,52.0,鷲頭虎太,2:03.1,1.1/4,473.8,18.0,[西] 辻野泰之,2021103167,202410030402,3歳未勝利｜2024年7月7日 | 競馬データベース - netkeiba,2026-05-20T10:19:18.680117,牝,3,376.0,2.0,0,0,7.2,5.67,40.4,0.122,0,7,40.4,40.4,40.4,0.122,40.4
18.0,2,3,ヤマニンエジェリー,55.0,松若風馬,2:03.4,2,29.9,7.0,[西] 中村直也,2021106597,202410030402,3歳未勝利｜2024年7月7日 | 競馬データベース - netkeiba,2026-05-20T10:19:18.680117,牝,3,506.0,-10.0,0,0,6.6,7.0,38.54,0.1316,0,10,38.54,38.54,38.54,0.1316,38.54
1.0,5,10,ヤマニンステラータ,57.0,藤懸貴志,2:40.0,,5.9,2.0,[西] 松永幹夫,2021106603,202410030403,3歳未勝利｜2024年7月7日 | 競馬データベース - netkeiba,2026-05-20T10:20:08.110954,牡,3,464.0,-6.0,1,1,5.4,4.67,36.68,0.1562,0,3,36.68,36.68,36.68,0.1562,36.68
2.0,1,2,テイクザクラウン,57.0,Ｍ．デム,2:40.6,3.1/2,1.5,1.0,[西] 吉村圭司,2021102379,202410030403,3歳未勝利｜2024年7月7日 | 競馬データベース - netkeiba,2026-05-20T10:20:08.110954,牡,3,434.0,-4.0,0,1,6.0,3.33,35.1,0.1429,0,2,35.1,35.1,35.1,0.1429,35.1
3.0,6,12,トレポンティ,55.0,松若風馬,2:40.8,1.1/4,8.4,3.0,[西] 石坂公一,2021101487,202410030403,3歳未勝利｜2024年7月7日 | 競馬データベース - netkeiba,2026-05-20T10:20:08.110954,牝,3,446.0,2.0,0,1,3.2,4.33,39.52,0.2381,0,3,39.52,39.52,39.52,0.2381,39.52
4.0,4,7,マエストロライト,56.0,角田大和,2:41.1,1.3/4,172.0,13.0,[西] 大久保龍,2021106646,202410030403,3歳未勝利｜2024年7月7日 | 競馬データベース - netkeiba,2026-05-20T10:20:08.110954,牡,3,500.0,6.0,0,0,5.0,5.33,40.27,0.1667,0,6,40.27,40.27,40.27,0.1667,40.27
5.0,7,13,ヤマトフェイス,56.0,西塚洸二,2:41.1,クビ,28.2,7.0,[西] 新谷功一,2021105013,202410030403,3歳未勝利｜2024年7月7日 | 競馬データベース - netkeiba,2026-05-20T10:20:08.110954,牡,3,484.0,-2.0,0,0,0.0,0.0,0.0,0.0,0,0,0.0,0.0,0.0,0.0,0.0
6.0,1,1,チャンドラ,57.0,西村淳也,2:41.4,2,27.3,6.0,[西] 藤原英昭,2021105411,202410030403,3歳未勝利｜2024年7月7日 | 競馬データベース - netkeiba,2026-05-20T10:20:08.110954,牡,3,444.0,0.0,0,0,10.0,10.0,36.3,0.0909,0,14,36.3,36.3,36.3,0.0909,36.3
7.0,4,8,ドゥラエンヌ,52.0,吉村誠之,2:41.6,1.1/4,35.6,8.0,[西] 杉山晴紀,2021100481,202410030403,3歳未勝利｜2024年7月7日 | 競馬データベース - netkeiba,2026-05-20T10:20:08.110954,牝,3,432.0,2.0,0,0,6.2,6.33,40.06,0.1389,0,7,40.06,40.06,40.06,0.1389,40.06
8.0,8,16,サトノジーニー,57.0,幸英明,2:41.9,1.3/4,263.6,16.0,[西] 橋口慎介,2021101410,202410030403,3歳未勝利｜2024年7月7日 | 競馬データベース - netkeiba,2026-05-20T10:20:08.110954,牡,3,448.0,-4.0,0,0,9.4,10.67,37.66,0.0962,0,8,37.66,37.66,37.66,0.0962,37.66
9.0,5,9,メイショウアンゾフ,57.0,坂井瑠星,2:42.2,1.1/2,56.1,9.0,[西] 四位洋文,2021103159,202410030403,3歳未勝利｜2024年7月7日 | 競馬データベース - netkeiba,2026-05-20T10:20:08.110954,牡,3,446.0,4.0,0,0,7.6,7.67,39.5,0.1163,0,8,39.5,39.5,39.5,0.1163,39.5
10.0,3,5,サンブノワ,57.0,団野大成,2:42.4,1.1/4,8.5,4.0,[西] 斉藤崇史,2021105546,202410030403,3歳未勝利｜2024年7月7日 | 競馬データベース - netkeiba,2026-05-20T10:20:08.110954,牡,3,504.0,-4.0,0,0,7.4,9.67,39.76,0.119,0,8,39.76,39.76,39.76,0.119,39.76
11.0,6,11,ファルギュラント,57.0,中井裕二,2:42.4,1/2,222.1,14.0,[西] 河嶋宏樹,2021103536,202410030403,3歳未勝利｜2024年7月7日 | 競馬データベース - netkeiba,2026-05-20T10:20:08.110954,牡,3,428.0,-4.0,0,0,6.0,7.0,39.27,0.1429,0,6,39.27,39.27,39.27,0.1429,39.27
12.0,8,15,ナムラスカー,57.0,酒井学,2:42.5,1/2,24.4,5.0,[西] 高橋一哉,2021106335,202410030403,3歳未勝利｜2024年7月7日 | 競馬データベース - netkeiba,2026-05-20T10:20:08.110954,牡,3,488.0,0.0,0,0,6.4,7.33,38.7,0.1351,0,6,38.7,38.7,38.7,0.1351,38.7
13.0,2,4,ベルベストランナー,57.0,小崎綾也,2:42.5,アタマ,76.9,10.0,[西] 西村真幸,2021103591,202410030403,3歳未勝利｜2024年7月7日 | 競馬データベース - netkeiba,2026-05-20T10:20:08.110954,牡,3,460.0,-6.0,0,0,4.4,3.33,39.34,0.1852,0,7,39.34,39.34,39.34,0.1852,39.34
14.0,3,6,クラージュミノル,56.0,秋山稔樹,2:42.8,1.1/2,145.4,12.0,[西] 北出成人,2021104408,202410030403,3歳未勝利｜2024年7月7日 | 競馬データベース - netkeiba,2026-05-20T10:20:08.110954,牡,3,534.0,4.0,0,0,2.8,3.0,38.3,0.2632,0,6,38.3,38.3,38.3,0.2632,38.3
15.0,2,3,アスクブラボー,53.0,河原田菜,2:43.3,3,239.7,15.0,[西] 笹田和秀,2021102310,202410030403,3歳未勝利｜2024年7月7日 | 競馬データベース - netkeiba,2026-05-20T10:20:08.110954,牡,3,460.0,-8.0,0,0,11.67,11.67,36.97,0.0789,0,15,36.97,36.97,36.97,0.0789,36.97
16.0,7,14,チェルビック,54.0,田口貫太,2:47.4,大,98.5,11.0,[西] 池添学,2021105460,202410030403,3歳未勝利｜2024年7月7日 | 競馬データベース - netkeiba,2026-05-20T10:20:08.110954,牝,3,476.0,6.0,0,0,11.5,12.33,39.5,0.08,0,16,39.5,39.5,39.5,0.08,39.5
1.0,1,1,ハイウェイスター,55.0,川田将雅,1:46.4,,3.1,2.0,[西] 宮本博,2021106621,202410030404,3歳未勝利｜2024年7月7日 | 競馬データベース - netkeiba,2026-05-20T10:20:54.874726,牝,3,474.0,-14.0,1,1,2.0,1.67,0.0,0.3333,0,2,0.0,0.0,0.0,0.3333,0.0
2.0,8,16,デイムサンライズ,54.0,小沢大仁,1:46.9,3,6.9,4.0,[西] 牧浦充徳,2021102223,202410030404,3歳未勝利｜2024年7月7日 | 競馬データベース - netkeiba,2026-05-20T10:20:54.874726,牝,3,440.0,0.0,0,1,1.2,1.33,39.28,0.4545,0,1,39.28,39.28,39.28,0.4545,39.28
3.0,3,6,ナムラリーナ,55.0,和田竜二,1:47.1,1.1/4,23.2,5.0,[西] 川村禎彦,2021104304,202410030404,3歳未勝利｜2024年7月7日 | 競馬データベース - netkeiba,2026-05-20T10:20:54.874726,牝,3,482.0,-6.0,0,1,4.2,5.0,40.02,0.1923,0,1,40.02,40.02,40.02,0.1923,40.02
4.0,8,15,オテンバムスメ,55.0,松山弘平,1:47.2,1/2,5.2,3.0,[西] 北出成人,2021103867,202410030404,3歳未勝利｜2024年7月7日 | 競馬データベース - netkeiba,2026-05-20T10:20:54.874726,牝,3,434.0,2.0,0,0,2.0,1.33,40.48,0.3333,0,1,40.48,40.48,40.48,0.3333,40.48
5.0,4,8,ユキカゼ,55.0,松若風馬,1:47.2,クビ,35.7,7.0,[西] 小崎憲,2021105645,202410030404,3歳未勝利｜2024年7月7日 | 競馬データベース - netkeiba,2026-05-20T10:20:54.874726,牝,3,448.0,-4.0,0,0,5.6,6.33,37.42,0.1515,0,6,37.42,37.42,37.42,0.1515,37.42
6.0,7,14,ダイシンサンディー,53.0,永島まな,1:47.3,1/2,26.8,6.0,[西] 梅田智之,2021106246,202410030404,3歳未勝利｜2024年7月7日 | 競馬データベース - netkeiba,2026-05-20T10:20:54.874726,牝,3,484.0,-6.0,0,0,6.8,7.33,40.5,0.1282,0,7,40.5,40.5,40.5,0.1282,40.5
7.0,5,10,シルヴァリームーン,55.0,武豊,1:47.9,3.1/2,2.2,1.0,[西] 渡辺薫彦,2021101049,202410030404,3歳未勝利｜2024年7月7日 | 競馬データベース - netkeiba,2026-05-20T10:20:54.874726,牝,3,512.0,2.0,0,0,6.75,8.33,36.5,0.129,0,16,36.5,36.5,36.5,0.129,36.5
8.0,5,9,クールシェリー,54.0,松本大輝,1:49.2,8,263.1,14.0,[西] 松下武士,2021106929,202410030404,3歳未勝利｜2024年7月7日 | 競馬データベース - netkeiba,2026-05-20T10:20:54.874726,牝,3,430.0,6.0,0,0,5.8,6.0,41.28,0.1471,0,7,41.28,41.28,41.28,0.1471,41.28
9.0,2,3,ボンジーア,52.0,吉村誠之,1:49.2,クビ,175.4,11.0,[西] 茶木太樹,2021104034,202410030404,3歳未勝利｜2024年7月7日 | 競馬データベース - netkeiba,2026-05-20T10:20:54.874726,牝,3,418.0,-8.0,0,0,5.0,7.33,39.96,0.1667,0,10,39.96,39.96,39.96,0.1667,39.96
10.0,1,2,コウソクテツドウ,55.0,長岡禎仁,1:50.1,5,122.7,9.0,[西] 小栗実,2021106252,202410030404,3歳未勝利｜2024年7月7日 | 競馬データベース - netkeiba,2026-05-20T10:20:54.874726,牝,3,474.0,0.0,0,0,5.2,7.33,39.64,0.1613,0,12,39.64,39.64,39.64,0.1613,39.64
11.0,4,7,フウシカデン,55.0,小崎綾也,1:50.6,3,135.6,10.0,[西] 寺島良,2021106696,202410030404,3歳未勝利｜2024年7月7日 | 競馬データベース - netkeiba,2026-05-20T10:20:54.874726,牝,3,490.0,0.0,0,0,13.0,13.0,43.3,0.0714,0,15,43.3,43.3,43.3,0.0714,43.3
12.0,2,4,ミラノヴェローチェ,51.0,河原田菜,1:50.7,クビ,227.2,13.0,[西] 須貝尚介,2021103019,202410030404,3歳未勝利｜2024年7月7日 | 競馬データベース - netkeiba,2026-05-20T10:20:54.874726,牝,3,504.0,6.0,0,0,14.33,14.33,40.8,0.0652,0,16,40.8,40.8,40.8,0.0652,40.8
13.0,7,13,アップルハウス,55.0,森裕太朗,1:51.2,3,206.1,12.0,[西] 牧田和弥,2021106911,202410030404,3歳未勝利｜2024年7月7日 | 競馬データベース - netkeiba,2026-05-20T10:20:54.874726,牝,3,440.0,0.0,0,0,8.6,9.0,39.94,0.1042,0,7,39.94,39.94,39.94,0.1042,39.94
14.0,3,5,ワンダーガナンシア,55.0,川須栄彦,1:51.9,4,488.5,16.0,[西] 羽月友彦,2021107387,202410030404,3歳未勝利｜2024年7月7日 | 競馬データベース - netkeiba,2026-05-20T10:20:54.874726,牝,3,430.0,-14.0,0,0,14.5,14.5,41.2,0.0645,0,14,41.2,41.2,41.2,0.0645,41.2
15.0,6,12,メイショウポワロ,55.0,荻野極,1:52.6,4,402.1,15.0,[西] 笹田和秀,2021102547,202410030404,3歳未勝利｜2024年7月7日 | 競馬データベース - netkeiba,2026-05-20T10:20:54.874726,牝,3,434.0,8.0,0,0,6.0,6.0,40.72,0.1429,0,1,40.72,40.72,40.72,0.1429,40.72
,6,11,ファインスカート,55.0,藤懸貴志,,,52.6,8.0,[西] 高橋義忠,2021101217,202410030404,3歳未勝利｜2024年7月7日 | 競馬データベース - netkeiba,2026-05-20T10:20:54.874726,牝,3,442.0,0.0,0,0,6.4,6.0,39.06,0.1351,0,5,39.06,39.06,39.06,0.1351,39.06
1.0,7,7,ジョバンニ,55.0,松山弘平,1:50.1,,10.8,3.0,[西] 杉山晴紀,2022103995,202410030405,2歳新馬｜2024年7月7日 | 競馬データベース - netkeiba,2026-05-20T10:21:41.406048,牡,2,482.0,0.0,1,1,5.0,4.67,34.33,0.1667,0,5,34.33,34.33,34.33,0.1667,34.33
2.0,1,1,バズアップビート,55.0,坂井瑠星,1:50.3,1,1.8,1.0,[西] 友道康夫,2022104973,202410030405,2歳新馬｜2024年7月7日 | 競馬データベース - netkeiba,2026-05-20T10:21:41.406048,牡,2,494.0,0.0,0,1,8.0,7.67,35.06,0.1111,0,4,35.06,35.06,35.06,0.1111,35.06
3.0,4,4,ダノンシーマ,55.0,川田将雅,1:51.0,4,1.9,2.0,[西] 中内田充,2022104645,202410030405,2歳新馬｜2024年7月7日 | 競馬データベース - netkeiba,2026-05-20T10:21:41.406048,牡,2,480.0,0.0,0,1,1.8,1.67,34.2,0.3571,0,3,34.2,34.2,34.2,0.3571,34.2
4.0,6,6,バルミラクル,54.0,田口貫太,1:51.6,3.1/2,34.5,5.0,[西] 河嶋宏樹,2022106177,202410030405,2歳新馬｜2024年7月7日 | 競馬データベース - netkeiba,2026-05-20T10:21:41.406048,牡,2,416.0,0.0,0,0,7.8,7.67,38.64,0.1136,0,11,38.64,38.64,38.64,0.1136,38.64
5.0,3,3,キッシングセーラー,55.0,国分優作,1:51.7,3/4,80.7,6.0,[西] 緒方努,2022100275,202410030405,2歳新馬｜2024年7月7日 | 競馬データベース - netkeiba,2026-05-20T10:21:41.406048,牝,2,424.0,0.0,0,0,7.0,6.67,42.14,0.125,0,10,42.14,42.14,42.14,0.125,42.14
6.0,5,5,ポセイドンバローズ,55.0,和田竜二,1:51.9,1.1/4,22.7,4.0,[西] 石坂公一,2022102752,202410030405,2歳新馬｜2024年7月7日 | 競馬データベース - netkeiba,2026-05-20T10:21:41.406048,牡,2,466.0,0.0,0,0,10.0,7.67,43.08,0.0909,0,14,43.08,43.08,43.08,0.0909,43.08
7.0,2,2,カルドゥッチョ,54.0,小沢大仁,1:54.3,大,91.2,7.0,[西] 石坂公一,2022100530,202410030405,2歳新馬｜2024年7月7日 | 競馬データベース - netkeiba,2026-05-20T10:21:41.406048,牝,2,426.0,0.0,0,0,5.5,6.0,40.77,0.1538,0,7,40.77,40.77,40.77,0.1538,40.77
1.0,3,3,スリールミニョン,53.0,永島まな,1:10.2,,2.3,1.0,[西] 高橋康之,2022105755,202410030406,2歳新馬｜2024年7月7日 | 競馬データベース - netkeiba,2026-05-20T10:22:05.955518,牝,2,432.0,0.0,1,1,7.8,12.33,34.4,0.1136,0,14,34.4,34.4,34.4,0.1136,34.4
2.0,5,5,ルジャーダ,55.0,坂井瑠星,1:10.2,クビ,3.3,2.0,[西] 河内洋,2022106649,202410030406,2歳新馬｜2024年7月7日 | 競馬データベース - netkeiba,2026-05-20T10:22:05.955518,牝,2,482.0,0.0,0,1,6.0,6.67,39.34,0.1429,0,6,39.34,39.34,39.34,0.1429,39.34
3.0,1,1,サニーネイチャー,54.0,田口貫太,1:10.5,1.3/4,5.1,3.0,[西] 長谷川浩,2022105818,202410030406,2歳新馬｜2024年7月7日 | 競馬データベース - netkeiba,2026-05-20T10:22:05.955518,牝,2,420.0,0.0,0,1,8.75,10.67,36.42,0.1026,0,15,36.42,36.42,36.42,0.1026,36.42
4.0,7,7,イキガイ,55.0,松山弘平,1:10.8,1.1/2,7.7,5.0,[西] 高橋亮,2022100067,202410030406,2歳新馬｜2024年7月7日 | 競馬データベース - netkeiba,2026-05-20T10:22:05.955518,牝,2,488.0,0.0,0,0,4.0,4.0,34.8,0.2,0,4,34.8,34.8,34.8,0.2,34.8
5.0,4,4,フェニーチェドーロ,55.0,和田竜二,1:11.0,1.1/2,16.2,6.0,[西] 宮本博,2022101408,202410030406,2歳新馬｜2024年7月7日 | 競馬データベース - netkeiba,2026-05-20T10:22:05.955518,牝,2,460.0,0.0,0,0,9.2,10.33,36.92,0.098,0,12,36.92,36.92,36.92,0.098,36.92
6.0,2,2,ペンテリコン,55.0,武豊,1:13.3,大,7.6,4.0,[西] 武幸四郎,2022104644,202410030406,2歳新馬｜2024年7月7日 | 競馬データベース - netkeiba,2026-05-20T10:22:05.955518,牝,2,482.0,0.0,0,0,5.0,5.33,36.68,0.1667,0,7,36.68,36.68,36.68,0.1667,36.68
7.0,6,6,プリンセスカノヤ,51.0,河原田菜,1:13.3,アタマ,71.9,7.0,[西] 高橋義忠,2022105406,202410030406,2歳新馬｜2024年7月7日 | 競馬データベース - netkeiba,2026-05-20T10:22:05.955518,牝,2,364.0,0.0,0,0,10.0,10.0,36.15,0.0909,0,13,36.15,36.15,36.15,0.0909,36.15
1.0,8,15,ダノンアトラス,57.0,Ｍ．デム,1:47.1,,7.0,4.0,[西] 橋口慎介,2021105113,202410030407,3歳未勝利｜2024年7月7日 | 競馬データベース - netkeiba,2026-05-20T10:22:26.776195,牡,3,402.0,-2.0,1,1,6.2,2.67,34.8,0.1389,0,3,34.8,34.8,34.8,0.1389,34.8
2.0,1,1,ゲルタ,57.0,松山弘平,1:47.4,2,4.9,3.0,[西] 奥村豊,2021101770,202410030407,3歳未勝利｜2024年7月7日 | 競馬データベース - netkeiba,2026-05-20T10:22:26.776195,牡,3,512.0,2.0,0,1,12.6,12.33,40.4,0.0735,0,11,40.4,40.4,40.4,0.0735,40.4
3.0,1,2,ヤマニンアルリフラ,57.0,幸英明,1:47.7,1.1/2,4.3,2.0,[西] 斉藤崇史,2021106601,202410030407,3歳未勝利｜2024年7月7日 | 競馬データベース - netkeiba,2026-05-20T10:22:26.776195,牡,3,472.0,2.0,0,1,8.4,6.67,33.96,0.1064,0,3,33.96,33.96,33.96,0.1064,33.96
4.0,6,11,キタサンシデン,57.0,荻野極,1:48.2,3,66.3,14.0,[西] 本田優,2021107047,202410030407,3歳未勝利｜2024年7月7日 | 競馬データベース - netkeiba,2026-05-20T10:22:26.776195,牡,3,496.0,-8.0,0,0,6.0,8.67,40.3,0.1429,0,11,40.3,40.3,40.3,0.1429,40.3
5.0,6,12,ホウオウセイメイ,55.0,永島まな,1:48.2,クビ,17.0,8.0,[西] 音無秀孝,2021105819,202410030407,3歳未勝利｜2024年7月7日 | 競馬データベース - netkeiba,2026-05-20T10:22:26.776195,セ,3,488.0,-14.0,0,0,4.4,4.33,35.7,0.1852,0,6,35.7,35.7,35.7,0.1852,35.7
6.0,8,16,オメガナビゲーター,57.0,岩田康誠,1:48.5,1.3/4,59.2,13.0,[西] 安田翔伍,2021105247,202410030407,3歳未勝利｜2024年7月7日 | 競馬データベース - netkeiba,2026-05-20T10:22:26.776195,セ,3,480.0,-12.0,0,0,5.0,3.67,35.06,0.1667,0,7,35.06,35.06,35.06,0.1667,35.06
7.0,5,9,ベイステート,54.0,吉村誠之,1:48.8,1.3/4,17.8,9.0,[西] 清水久詞,2021105768,202410030407,3歳未勝利｜2024年7月7日 | 競馬データベース - netkeiba,2026-05-20T10:22:26.776195,牡,3,494.0,4.0,0,0,4.6,4.0,38.16,0.1786,0,6,38.16,38.16,38.16,0.1786,38.16
8.0,2,3,コレギウム,56.0,西塚洸二,1:49.1,2,45.0,11.0,[西] 池江泰寿,2021106616,202410030407,3歳未勝利｜2024年7月7日 | 競馬データベース - netkeiba,2026-05-20T10:22:26.776195,牡,3,488.0,-2.0,0,0,3.0,2.67,40.3,0.25,0,1,40.3,40.3,40.3,0.25,40.3
9.0,4,7,ジーティームテキ,57.0,団野大成,1:49.4,1.3/4,15.3,7.0,[西] 西村真幸,2021106683,202410030407,3歳未勝利｜2024年7月7日 | 競馬データベース - netkeiba,2026-05-20T10:22:26.776195,牡,3,452.0,-4.0,0,0,8.4,8.67,37.16,0.1064,0,10,37.16,37.16,37.16,0.1064,37.16
10.0,3,6,インジケーター,56.0,小沢大仁,1:49.4,クビ,221.4,15.0,[西] 高橋康之,2021103574,202410030407,3歳未勝利｜2024年7月7日 | 競馬データベース - netkeiba,2026-05-20T10:22:26.776195,牡,3,490.0,-6.0,0,0,7.2,7.33,39.42,0.122,0,1,39.42,39.42,39.42,0.122,39.42
11.0,2,4,サトノクロシェット,54.0,田口貫太,1:49.9,2.1/2,44.0,10.0,[西] 平田修,2021105531,202410030407,3歳未勝利｜2024年7月7日 | 競馬データベース - netkeiba,2026-05-20T10:22:26.776195,牝,3,464.0,6.0,0,0,9.8,11.33,38.26,0.0926,0,16,38.26,38.26,38.26,0.0926,38.26
12.0,4,8,セングンバンバ,56.0,角田大和,1:50.6,4,13.1,5.0,[西] 松永幹夫,2021105444,202410030407,3歳未勝利｜2024年7月7日 | 競馬データベース - netkeiba,2026-05-20T10:22:26.776195,セ,3,430.0,-2.0,0,0,5.0,7.33,39.1,0.1667,0,9,39.1,39.1,39.1,0.1667,39.1
13.0,5,10,ショウナンダダン,57.0,和田竜二,1:50.7,1/2,13.9,6.0,[西] 清水久詞,2021104241,202410030407,3歳未勝利｜2024年7月7日 | 競馬データベース - netkeiba,2026-05-20T10:22:26.776195,牡,3,482.0,-6.0,0,0,5.6,7.0,39.58,0.1515,0,4,39.58,39.58,39.58,0.1515,39.58
14.0,7,13,ジーティーウルス,57.0,坂井瑠星,1:51.2,3,56.2,12.0,[西] 森田直行,2021100097,202410030407,3歳未勝利｜2024年7月7日 | 競馬データベース - netkeiba,2026-05-20T10:22:26.776195,牡,3,478.0,0.0,0,0,9.6,12.0,36.98,0.0943,0,14,36.98,36.98,36.98,0.0943,36.98
15.0,7,14,スーサンパルサー,57.0,小牧太,1:52.1,5,234.0,16.0,[西] 笹田和秀,2021100720,202410030407,3歳未勝利｜2024年7月7日 | 競馬データベース - netkeiba,2026-05-20T10:22:26.776195,牡,3,422.0,0.0,0,0,15.0,15.0,39.3,0.0625,0,15,39.3,39.3,39.3,0.0625,39.3
,3,5,ラコルネータ,55.0,西村淳也,,,4.0,1.0,[西] 中内田充,2021100168,202410030407,3歳未勝利｜2024年7月7日 | 競馬データベース - netkeiba,2026-05-20T10:22:26.776195,牝,3,452.0,0.0,0,0,6.33,6.33,34.83,0.1364,0,8,34.83,34.83,34.83,0.1364,34.83
1.0,4,5,プレヴィスト,53.0,松山弘平,0:57.9,,5.3,2.0,[西] 池添学,2021101406,202410030408,3歳以上1勝クラス｜2024年7月7日 | 競馬データベース - netkeiba,2026-05-20T10:23:10.839690,牝,3,452.0,-10.0,1,1,11.4,14.0,37.76,0.0806,0,16,37.76,37.76,37.76,0.0806,37.76
2.0,2,2,ゼンノツキヨミ,53.0,菱田裕二,0:58.0,1/2,11.6,4.0,[西] 武幸四郎,2021106983,202410030408,3歳以上1勝クラス｜2024年7月7日 | 競馬データベース - netkeiba,2026-05-20T10:23:10.839690,牝,3,424.0,2.0,0,1,4.6,3.67,36.4,0.1786,0,1,36.4,36.4,36.4,0.1786,36.4
3.0,8,13,プロテア,57.0,秋山稔樹,0:58.1,1/2,11.6,5.0,[西] 宮本博,2020104206,202410030408,3歳以上1勝クラス｜2024年7月7日 | 競馬データベース - netkeiba,2026-05-20T10:23:10.839690,セ,4,458.0,2.0,0,1,1.8,1.67,39.5,0.3571,0,1,39.5,39.5,39.5,0.3571,39.5
4.0,6,10,ビバップ,52.0,吉村誠之,0:58.3,1.1/4,2.5,1.0,[西] 清水久詞,2021102700,202410030408,3歳以上1勝クラス｜2024年7月7日 | 競馬データベース - netkeiba,2026-05-20T10:23:10.839690,牡,3,472.0,-6.0,0,0,8.8,11.67,37.38,0.102,0,16,37.38,37.38,37.38,0.102,37.38
5.0,3,4,アマルナ,55.0,西塚洸二,0:58.5,1.1/4,74.7,13.0,[西] 田中克典,2020110079,202410030408,3歳以上1勝クラス｜2024年7月7日 | 競馬データベース - netkeiba,2026-05-20T10:23:10.839690,牝,4,462.0,6.0,0,0,10.2,7.67,37.84,0.0893,0,15,37.84,37.84,37.84,0.0893,37.84
6.0,6,9,ルミナスサンライズ,53.0,坂井瑠星,0:58.6,3/4,5.5,3.0,[西] 浜田多実,2021103146,202410030408,3歳以上1勝クラス｜2024年7月7日 | 競馬データベース - netkeiba,2026-05-20T10:23:10.839690,牝,3,460.0,0.0,0,0,8.0,10.0,36.3,0.1111,0,13,36.3,36.3,36.3,0.1111,36.3
7.0,7,11,スターチスブーケ,53.0,幸英明,0:58.6,ハナ,49.2,12.0,[西] 清水久詞,2021110075,202410030408,3歳以上1勝クラス｜2024年7月7日 | 競馬データベース - netkeiba,2026-05-20T10:23:10.839690,牝,3,498.0,-6.0,0,0,10.6,10.0,36.22,0.0862,0,10,36.22,36.22,36.22,0.0862,36.22
8.0,5,7,スモーキンビリー,58.0,西村淳也,0:58.6,アタマ,29.9,10.0,[西] 音無秀孝,2020110145,202410030408,3歳以上1勝クラス｜2024年7月7日 | 競馬データベース - netkeiba,2026-05-20T10:23:10.839690,牡,4,492.0,-4.0,0,0,8.2,4.67,39.16,0.1087,0,4,39.16,39.16,39.16,0.1087,39.16
9.0,8,14,ピンクムーン,52.0,河原田菜,0:58.7,クビ,22.7,7.0,[西] 渡辺薫彦,2019103965,202410030408,3歳以上1勝クラス｜2024年7月7日 | 競馬データベース - netkeiba,2026-05-20T10:23:10.839690,牝,5,440.0,-10.0,0,0,10.4,12.67,37.5,0.0877,0,15,37.5,37.5,37.5,0.0877,37.5
10.0,3,3,ミキノクラップス,54.0,田口貫太,0:58.7,ハナ,12.8,6.0,[西] 大橋勇樹,2021102585,202410030408,3歳以上1勝クラス｜2024年7月7日 | 競馬データベース - netkeiba,2026-05-20T10:23:10.839690,牡,3,454.0,4.0,0,0,6.5,6.67,37.0,0.1333,0,9,37.0,37.0,37.0,0.1333,37.0
11.0,4,6,オンリーラヴ,54.0,永島まな,0:58.9,1.1/2,76.7,14.0,[西] 森田直行,2020106394,202410030408,3歳以上1勝クラス｜2024年7月7日 | 競馬データベース - netkeiba,2026-05-20T10:23:10.839690,牝,4,414.0,-3.0,0,0,11.0,10.0,38.36,0.0833,0,13,38.36,38.36,38.36,0.0833,38.36
12.0,5,8,ドレシャス,50.0,橋木太希,0:59.0,1/2,39.0,11.0,[西] 西園正都,2021100490,202410030408,3歳以上1勝クラス｜2024年7月7日 | 競馬データベース - netkeiba,2026-05-20T10:23:10.839690,牝,3,472.0,0.0,0,0,8.6,9.0,37.46,0.1042,0,7,37.46,37.46,37.46,0.1042,37.46
13.0,7,12,ハルクバローズ,58.0,和田竜二,0:59.8,5,23.5,9.0,[西] 石坂公一,2020104663,202410030408,3歳以上1勝クラス｜2024年7月7日 | 競馬データベース - netkeiba,2026-05-20T10:23:10.839690,牡,4,520.0,0.0,0,0,9.6,13.0,38.48,0.0943,0,15,38.48,38.48,38.48,0.0943,38.48
,1,1,シゲルミライ,56.0,団野大成,,,22.9,8.0,[西] 川村禎彦,2020101777,202410030408,3歳以上1勝クラス｜2024年7月7日 | 競馬データベース - netkeiba,2026-05-20T10:23:10.839690,牝,4,482.0,-2.0,0,0,7.25,6.0,38.55,0.1212,0,5,38.55,38.55,38.55,0.1212,38.55
1.0,3,3,レアンダー,55.0,幸英明,1:44.7,,5.4,3.0,[西] 大根田裕,2021100836,202410030409,八女特別｜2024年7月7日 | 競馬データベース - netkeiba,2026-05-20T10:23:50.328496,牡,3,460.0,0.0,1,1,12.4,14.0,39.24,0.0746,0,14,39.24,39.24,39.24,0.0746,39.24
2.0,1,1,ダイメイセブン,58.0,酒井学,1:45.2,3,3.4,2.0,[西] 本田優,2020101919,202410030409,八女特別｜2024年7月7日 | 競馬データベース - netkeiba,2026-05-20T10:23:50.328496,牡,4,510.0,0.0,0,1,11.4,10.33,40.46,0.0806,0,7,40.46,40.46,40.46,0.0806,40.46
3.0,7,10,カズペトシーン,58.0,西村淳也,1:45.3,クビ,3.0,1.0,[西] 池添学,2020105585,202410030409,八女特別｜2024年7月7日 | 競馬データベース - netkeiba,2026-05-20T10:23:50.328496,牡,4,484.0,0.0,0,1,4.2,6.0,36.55,0.1923,0,3,36.55,36.55,36.55,0.1923,36.55
4.0,7,9,ミヤジシャルマン,58.0,和田竜二,1:45.3,クビ,9.8,5.0,[西] 川村禎彦,2020101766,202410030409,八女特別｜2024年7月7日 | 競馬データベース - netkeiba,2026-05-20T10:23:50.328496,牡,4,492.0,-2.0,0,0,5.8,1.33,38.35,0.1471,0,1,38.35,38.35,38.35,0.1471,38.35
5.0,5,5,マコトゴコタイ,58.0,川須栄彦,1:45.6,1.1/2,82.4,10.0,[西] 鮫島一歩,2018100991,202410030409,八女特別｜2024年7月7日 | 競馬データベース - netkeiba,2026-05-20T10:23:50.328496,牡,6,502.0,0.0,0,0,6.4,8.67,40.86,0.1351,0,10,40.86,40.86,40.86,0.1351,40.86
6.0,2,2,インテンスフレイム,58.0,松山弘平,1:45.6,クビ,21.8,8.0,[西] 千田輝彦,2018100679,202410030409,八女特別｜2024年7月7日 | 競馬データベース - netkeiba,2026-05-20T10:23:50.328496,牡,6,516.0,-10.0,0,0,6.6,7.33,40.82,0.1316,0,6,40.82,40.82,40.82,0.1316,40.82
7.0,6,8,プレイサーゴールド,58.0,小沢大仁,1:45.9,1.3/4,8.9,4.0,[西] 今野貞一,2020100053,202410030409,八女特別｜2024年7月7日 | 競馬データベース - netkeiba,2026-05-20T10:23:50.328496,牡,4,492.0,-10.0,0,0,10.2,9.0,38.24,0.0893,0,7,38.24,38.24,38.24,0.0893,38.24
8.0,4,4,エナジーポコアポコ,58.0,松若風馬,1:46.0,1/2,89.0,11.0,[西] 高柳大輔,2020106934,202410030409,八女特別｜2024年7月7日 | 競馬データベース - netkeiba,2026-05-20T10:23:50.328496,牡,4,462.0,-2.0,0,0,0.0,0.0,0.0,0.0,0,0,0.0,0.0,0.0,0.0,0.0
9.0,5,6,キョウエイゲイル,58.0,高倉稜,1:46.1,1/2,40.5,9.0,[西] 田中克典,2020104721,202410030409,八女特別｜2024年7月7日 | 競馬データベース - netkeiba,2026-05-20T10:23:50.328496,セ,4,470.0,-4.0,0,0,3.0,1.0,40.27,0.25,0,1,40.27,40.27,40.27,0.25,40.27
10.0,8,11,サイモンルモンド,58.0,吉村誠之,1:46.5,2.1/2,271.0,12.0,[東] 根本康広,2017106722,202410030409,八女特別｜2024年7月7日 | 競馬データベース - netkeiba,2026-05-20T10:23:50.328496,セ,7,448.0,-8.0,0,0,11.0,11.67,37.76,0.0833,0,13,37.76,37.76,37.76,0.0833,37.76
11.0,6,7,モズタンジロウ,58.0,Ｍ．デム,1:47.7,7,13.6,6.0,[西] 牧田和弥,2019103776,202410030409,八女特別｜2024年7月7日 | 競馬データベース - netkeiba,2026-05-20T10:23:50.328496,牡,5,494.0,10.0,0,0,7.6,8.0,39.02,0.1163,0,9,39.02,39.02,39.02,0.1163,39.02
12.0,8,12,ジャスパーワールド,58.0,団野大成,1:51.4,大,15.0,7.0,[西] 森秀行,2020110107,202410030409,八女特別｜2024年7月7日 | 競馬データベース - netkeiba,2026-05-20T10:23:50.328496,牡,4,532.0,14.0,0,0,6.4,3.33,39.08,0.1351,0,2,39.08,39.08,39.08,0.1351,39.08
1.0,7,12,レッドヒルシューズ,56.0,酒井学,1:08.0,,14.5,6.0,[西] 武英智,2020101897,202410030410,耶馬渓特別｜2024年7月7日 | 競馬データベース - netkeiba,2026-05-20T10:24:28.726618,牝,4,452.0,0.0,1,1,9.8,12.33,34.86,0.0926,0,14,34.86,34.86,34.86,0.0926,34.86
2.0,4,6,ワンダーキサラ,56.0,太宰啓介,1:08.0,ハナ,8.0,4.0,[西] 石橋守,2019102458,202410030410,耶馬渓特別｜2024年7月7日 | 競馬データベース - netkeiba,2026-05-20T10:24:28.726618,牝,5,462.0,-2.0,0,1,5.8,4.67,34.26,0.1471,0,11,34.26,34.26,34.26,0.1471,34.26
3.0,1,1,ミッキーチャレンジ,58.0,川田将雅,1:08.1,1,10.0,5.0,[西] 中内田充,2019105526,202410030410,耶馬渓特別｜2024年7月7日 | 競馬データベース - netkeiba,2026-05-20T10:24:28.726618,牡,5,504.0,12.0,0,1,12.2,14.0,39.46,0.0758,0,13,39.46,39.46,39.46,0.0758,39.46
4.0,2,2,トーホウフランゴ,56.0,団野大成,1:08.1,ハナ,16.7,7.0,[西] 高橋康之,2020101763,202410030410,耶馬渓特別｜2024年7月7日 | 競馬データベース - netkeiba,2026-05-20T10:24:28.726618,牝,4,444.0,0.0,0,0,10.0,8.67,34.38,0.0909,0,5,34.38,34.38,34.38,0.0909,34.38
5.0,3,5,トールキン,58.0,幸英明,1:08.3,1,17.7,8.0,[西] 西園正都,2020103284,202410030410,耶馬渓特別｜2024年7月7日 | 競馬データベース - netkeiba,2026-05-20T10:24:28.726618,牡,4,496.0,-2.0,0,0,10.6,10.33,34.24,0.0862,0,4,34.24,34.24,34.24,0.0862,34.24
6.0,8,15,インプロバイザー,58.0,武豊,1:08.5,1,23.0,9.0,[西] 音無秀孝,2019104498,202410030410,耶馬渓特別｜2024年7月7日 | 競馬データベース - netkeiba,2026-05-20T10:24:28.726618,牡,5,496.0,12.0,0,0,10.4,10.33,36.48,0.0877,0,9,36.48,36.48,36.48,0.0877,36.48
7.0,6,11,プロトポロス,58.0,坂井瑠星,1:08.5,クビ,4.4,2.0,[西] 西村真幸,2020103325,202410030410,耶馬渓特別｜2024年7月7日 | 競馬データベース - netkeiba,2026-05-20T10:24:28.726618,牡,4,490.0,8.0,0,0,10.8,13.67,38.12,0.0847,0,15,38.12,38.12,38.12,0.0847,38.12
8.0,2,3,ワンダーカタリナ,58.0,角田大和,1:08.6,クビ,75.7,11.0,[西] 河内洋,2017102940,202410030410,耶馬渓特別｜2024年7月7日 | 競馬データベース - netkeiba,2026-05-20T10:24:28.726618,牡,7,510.0,-4.0,0,0,7.2,8.67,40.82,0.122,0,6,40.82,40.82,40.82,0.122,40.82
9.0,5,9,モズトキキ,53.0,松山弘平,1:08.6,クビ,4.5,3.0,[西] 村山明,2021102914,202410030410,耶馬渓特別｜2024年7月7日 | 競馬データベース - netkeiba,2026-05-20T10:24:28.726618,牝,3,528.0,-20.0,0,0,9.8,10.67,34.28,0.0926,0,10,34.28,34.28,34.28,0.0926,34.28
10.0,5,8,フリートオブフット,56.0,荻野極,1:08.8,1,48.0,10.0,[東] 奥村武,2019105238,202410030410,耶馬渓特別｜2024年7月7日 | 競馬データベース - netkeiba,2026-05-20T10:24:28.726618,牝,5,448.0,0.0,0,0,8.8,11.0,35.1,0.102,0,16,35.1,35.1,35.1,0.102,35.1
11.0,6,10,ビッグボーンリタ,56.0,永島まな,1:09.1,2,149.0,14.0,[西] 高橋康之,2020100736,202410030410,耶馬渓特別｜2024年7月7日 | 競馬データベース - netkeiba,2026-05-20T10:24:28.726618,牝,4,474.0,-2.0,0,0,14.4,13.33,36.58,0.0649,0,16,36.58,36.58,36.58,0.0649,36.58
12.0,4,7,ニシノデフィレ,58.0,田口貫太,1:09.2,クビ,81.0,12.0,[西] 宮本博,2019103233,202410030410,耶馬渓特別｜2024年7月7日 | 競馬データベース - netkeiba,2026-05-20T10:24:28.726618,セ,5,502.0,-6.0,0,0,0.0,0.0,0.0,0.0,0,0,0.0,0.0,0.0,0.0,0.0
13.0,3,4,コスモイグローク,58.0,秋山稔樹,1:09.2,クビ,341.3,15.0,[東] 蛯名利弘,2020100248,202410030410,耶馬渓特別｜2024年7月7日 | 競馬データベース - netkeiba,2026-05-20T10:24:28.726618,牡,4,500.0,5.0,0,0,4.8,3.67,39.52,0.1724,0,8,39.52,39.52,39.52,0.1724,39.52
14.0,8,14,トーホウガレオン,58.0,菱田裕二,1:09.3,クビ,130.5,13.0,[西] 石坂公一,2020103499,202410030410,耶馬渓特別｜2024年7月7日 | 競馬データベース - netkeiba,2026-05-20T10:24:28.726618,牡,4,510.0,-6.0,0,0,8.4,8.33,34.96,0.1064,0,8,34.96,34.96,34.96,0.1064,34.96
15.0,7,13,オックスリップ,56.0,西村淳也,1:09.6,1.1/2,3.4,1.0,[西] 杉山晴紀,2020103238,202410030410,耶馬渓特別｜2024年7月7日 | 競馬データベース - netkeiba,2026-05-20T10:24:28.726618,牝,4,456.0,2.0,0,0,9.0,12.0,35.0,0.1,0,13,35.0,35.0,35.0,0.1,35.0
1.0,6,11,ヤマニンウルス,57.0,武豊,1:42.7,,1.7,1.0,[西] 斉藤崇史,2020105599,202410030411,プロキオンステークス｜2024年7月7日 | 競馬データベース - netkeiba,2026-05-20T10:25:10.145802,牡,4,584.0,2.0,1,1,6.6,6.67,36.9,0.1316,0,12,36.9,36.9,36.9,0.1316,36.9
2.0,3,5,スレイマン,57.0,西村淳也,1:43.2,3,5.8,3.0,[西] 池添学,2018105164,202410030411,プロキオンステークス｜2024年7月7日 | 競馬データベース - netkeiba,2026-05-20T10:25:10.145802,牡,6,546.0,0.0,0,1,7.2,4.67,39.0,0.122,0,1,39.0,39.0,39.0,0.122,39.0
3.0,1,1,マリオロード,57.0,松山弘平,1:43.3,3/4,99.1,12.0,[西] 安達昭夫,2019101198,202410030411,プロキオンステークス｜2024年7月7日 | 競馬データベース - netkeiba,2026-05-20T10:25:10.145802,牡,5,496.0,-12.0,0,1,8.0,9.33,37.56,0.1111,0,4,37.56,37.56,37.56,0.1111,37.56
4.0,5,9,ハピ,57.0,菱田裕二,1:43.3,クビ,4.2,2.0,[西] 大久保龍,2019100630,202410030411,プロキオンステークス｜2024年7月7日 | 競馬データベース - netkeiba,2026-05-20T10:25:10.145802,牡,5,484.0,-2.0,0,0,7.25,8.5,36.3,0.1212,0,7,36.3,36.3,36.3,0.1212,36.3
5.0,2,3,ゲンパチルシファー,57.0,団野大成,1:43.3,クビ,137.0,14.0,[西] 佐々木晶,2016101745,202410030411,プロキオンステークス｜2024年7月7日 | 競馬データベース - netkeiba,2026-05-20T10:25:10.145802,牡,8,506.0,-10.0,0,0,7.8,8.67,37.7,0.1136,0,11,37.7,37.7,37.7,0.1136,37.7
6.0,1,2,ヴァンヤール,57.0,荻野極,1:43.5,3/4,40.6,8.0,[西] 庄野靖志,2018101087,202410030411,プロキオンステークス｜2024年7月7日 | 競馬データベース - netkeiba,2026-05-20T10:25:10.145802,牡,6,534.0,4.0,0,0,5.0,4.67,37.1,0.1667,0,7,37.1,37.1,37.1,0.1667,37.1
7.0,8,16,ラインオブソウル,57.0,松若風馬,1:43.6,1/2,83.9,10.0,[西] 音無秀孝,2019105993,202410030411,プロキオンステークス｜2024年7月7日 | 競馬データベース - netkeiba,2026-05-20T10:25:10.145802,牡,5,522.0,8.0,0,0,9.4,11.33,37.98,0.0962,0,7,37.98,37.98,37.98,0.0962,37.98
8.0,7,14,ブラックアーメット,57.0,泉谷楓真,1:43.6,クビ,14.1,4.0,[西] 角田晃一,2018104059,202410030411,プロキオンステークス｜2024年7月7日 | 競馬データベース - netkeiba,2026-05-20T10:25:10.145802,牡,6,504.0,0.0,0,0,6.4,6.67,37.16,0.1351,0,8,37.16,37.16,37.16,0.1351,37.16
9.0,2,4,リプレーザ,58.0,国分優作,1:44.1,2.1/2,301.6,16.0,[西] 大根田裕,2018103238,202410030411,プロキオンステークス｜2024年7月7日 | 競馬データベース - netkeiba,2026-05-20T10:25:10.145802,牡,6,492.0,-14.0,0,0,9.2,6.33,36.92,0.098,0,1,36.92,36.92,36.92,0.098,36.92
10.0,4,8,ウェルカムニュース,57.0,Ｍ．デム,1:44.2,1/2,99.1,11.0,[西] 池江泰寿,2019105537,202410030411,プロキオンステークス｜2024年7月7日 | 競馬データベース - netkeiba,2026-05-20T10:25:10.145802,牡,5,492.0,-8.0,0,0,8.2,8.67,37.72,0.1087,0,8,37.72,37.72,37.72,0.1087,37.72
11.0,5,10,メイショウダジン,57.0,小沢大仁,1:44.2,ハナ,270.1,15.0,[西] 渡辺薫彦,2017105789,202410030411,プロキオンステークス｜2024年7月7日 | 競馬データベース - netkeiba,2026-05-20T10:25:10.145802,牡,7,466.0,-8.0,0,0,10.4,11.33,37.44,0.0877,0,11,37.44,37.44,37.44,0.0877,37.44
12.0,8,15,グロリアムンディ,58.0,幸英明,1:44.5,2,39.3,7.0,[西] 大久保龍,2018105251,202410030411,プロキオンステークス｜2024年7月7日 | 競馬データベース - netkeiba,2026-05-20T10:25:10.145802,牡,6,512.0,2.0,0,0,2.8,3.67,38.9,0.2632,0,2,38.9,38.9,38.9,0.2632,38.9
13.0,6,12,デシエルト,57.0,岩田康誠,1:44.8,1.1/2,19.4,5.0,[西] 安田翔伍,2019105039,202410030411,プロキオンステークス｜2024年7月7日 | 競馬データベース - netkeiba,2026-05-20T10:25:10.145802,牡,5,522.0,-8.0,0,0,5.2,6.33,36.74,0.1613,0,14,36.74,36.74,36.74,0.1613,36.74
14.0,7,13,ブルーサン,54.0,和田竜二,1:45.0,1.1/2,27.9,6.0,[西] 川村禎彦,2021106171,202410030411,プロキオンステークス｜2024年7月7日 | 競馬データベース - netkeiba,2026-05-20T10:25:10.145802,牡,3,506.0,-2.0,0,0,7.6,9.33,39.94,0.1163,0,6,39.94,39.94,39.94,0.1163,39.94
15.0,3,6,レガーメペスカ,57.0,田口貫太,1:46.2,7,130.1,13.0,[西] 藤野健太,2017104106,202410030411,プロキオンステークス｜2024年7月7日 | 競馬データベース - netkeiba,2026-05-20T10:25:10.145802,牡,7,494.0,0.0,0,0,10.8,13.0,40.18,0.0847,0,14,40.18,40.18,40.18,0.0847,40.18
16.0,4,7,バスラットレオン,58.0,坂井瑠星,1:46.2,クビ,46.0,9.0,[西] 矢作芳人,2018106532,202410030411,プロキオンステークス｜2024年7月7日 | 競馬データベース - netkeiba,2026-05-20T10:25:10.145802,牡,6,496.0,-6.0,0,0,11.6,13.67,39.08,0.0794,0,8,39.08,39.08,39.08,0.0794,39.08
1.0,8,9,タイキヴァンクール,55.0,幸英明,1:07.9,,2.8,1.0,[西] 中尾秀正,2021103171,202410030412,3歳以上1勝クラス｜2024年7月7日 | 競馬データベース - netkeiba,2026-05-20T10:25:59.803023,牡,3,496.0,-6.0,1,1,6.2,6.33,34.48,0.1389,0,7,34.48,34.48,34.48,0.1389,34.48
2.0,7,7,カフジキアッキエレ,56.0,松山弘平,1:08.1,1.1/2,9.1,5.0,[西] 森田直行,2020103256,202410030412,3歳以上1勝クラス｜2024年7月7日 | 競馬データベース - netkeiba,2026-05-20T10:25:59.803023,牝,4,424.0,-2.0,0,1,8.2,7.0,35.9,0.1087,0,7,35.9,35.9,35.9,0.1087,35.9
3.0,5,5,ヴィヴィッシモ,58.0,武豊,1:08.1,アタマ,6.1,4.0,[西] 松永幹夫,2020102637,202410030412,3歳以上1勝クラス｜2024年7月7日 | 競馬データベース - netkeiba,2026-05-20T10:25:59.803023,牡,4,468.0,10.0,0,1,10.2,11.67,36.74,0.0893,0,9,36.74,36.74,36.74,0.0893,36.74
4.0,6,6,ナムラエデン,50.0,吉村誠之,1:08.2,クビ,3.8,3.0,[西] 小栗実,2021101102,202410030412,3歳以上1勝クラス｜2024年7月7日 | 競馬データベース - netkeiba,2026-05-20T10:25:59.803023,牝,3,418.0,-2.0,0,0,8.2,6.0,36.9,0.1087,0,7,36.9,36.9,36.9,0.1087,36.9
5.0,2,2,セレッソデアモール,56.0,川須栄彦,1:08.3,1/2,33.6,6.0,[西] 庄野靖志,2020106777,202410030412,3歳以上1勝クラス｜2024年7月7日 | 競馬データベース - netkeiba,2026-05-20T10:25:59.803023,牝,4,468.0,-4.0,0,0,6.25,4.0,33.83,0.1379,0,4,33.83,33.83,33.83,0.1379,33.83
6.0,3,3,イコサン,58.0,西村淳也,1:08.6,2,3.7,2.0,[西] 長谷川浩,2020106914,202410030412,3歳以上1勝クラス｜2024年7月7日 | 競馬データベース - netkeiba,2026-05-20T10:25:59.803023,牡,4,490.0,-4.0,0,0,3.2,3.0,33.38,0.2381,0,7,33.38,33.38,33.38,0.2381,33.38
7.0,1,1,エリカソレイユ,55.0,田口貫太,1:08.6,クビ,59.1,9.0,[西] 茶木太樹,2020103698,202410030412,3歳以上1勝クラス｜2024年7月7日 | 競馬データベース - netkeiba,2026-05-20T10:25:59.803023,牝,4,422.0,12.0,0,0,9.4,10.33,36.94,0.0962,0,15,36.94,36.94,36.94,0.0962,36.94
8.0,8,8,サイモンカーチス,56.0,永島まな,1:09.6,6,36.4,7.0,[西] 梅田智之,2019102320,202410030412,3歳以上1勝クラス｜2024年7月7日 | 競馬データベース - netkeiba,2026-05-20T10:25:59.803023,牡,5,490.0,-2.0,0,0,10.8,12.33,38.38,0.0847,0,12,38.38,38.38,38.38,0.0847,38.38
9.0,4,4,レッドテンペスト,57.0,角田大和,1:09.9,1.1/2,38.4,8.0,[西] 笹田和秀,2020101570,202410030412,3歳以上1勝クラス｜2024年7月7日 | 競馬データベース - netkeiba,2026-05-20T10:25:59.803023,セ,4,456.0,2.0,0,0,11.2,13.33,36.0,0.082,0,12,36.0,36.0,36.0,0.082,36.0
1.0,3,3,イガッチ,55.0,浜中俊,1:51.4,,4.0,2.0,[西] 笹田和秀,2022100699,202402011101,2歳未勝利｜2024年7月13日 | 競馬データベース - netkeiba,2026-05-20T10:26:48.477535,牡,2,462.0,0.0,1,1,2.4,2.33,34.6,0.2941,0,1,34.6,34.6,34.6,0.2941,34.6
2.0,5,5,プレシャスデイ,55.0,佐々木大,1:51.8,2.1/2,1.5,1.0,[東] 伊坂重信,2022104859,202402011101,2歳未勝利｜2024年7月13日 | 競馬データベース - netkeiba,2026-05-20T10:26:48.477535,牡,2,484.0,-4.0,0,1,5.2,6.0,37.18,0.1613,0,13,37.18,37.18,37.18,0.1613,37.18
3.0,2,2,リュウゼツラン,55.0,丹内祐次,1:52.0,3/4,12.1,5.0,[東] 水野貴広,2022106809,202402011101,2歳未勝利｜2024年7月13日 | 競馬データベース - netkeiba,2026-05-20T10:26:48.477535,牝,2,446.0,0.0,0,1,8.6,10.33,38.26,0.1042,0,16,38.26,38.26,38.26,0.1042,38.26
4.0,6,8,ヤコブセン,55.0,鮫島克駿,1:52.0,クビ,12.1,4.0,[東] 斎藤誠,2022103288,202402011101,2歳未勝利｜2024年7月13日 | 競馬データベース - netkeiba,2026-05-20T10:26:48.477535,牡,2,492.0,2.0,0,0,8.0,7.67,35.28,0.1111,0,8,35.28,35.28,35.28,0.1111,35.28
5.0,7,9,サッカレッロ,52.0,高杉吏麒,1:52.8,5,10.6,3.0,[西] 坂口智康,2022105008,202402011101,2歳未勝利｜2024年7月13日 | 競馬データベース - netkeiba,2026-05-20T10:26:48.477535,牝,2,424.0,-6.0,0,0,6.2,5.67,36.12,0.1389,0,1,36.12,36.12,36.12,0.1389,36.12
6.0,6,7,デスティニーホープ,55.0,荻野琢真,1:52.9,1/2,176.0,10.0,[東] 松山将樹,2022103625,202402011101,2歳未勝利｜2024年7月13日 | 競馬データベース - netkeiba,2026-05-20T10:26:48.477535,牝,2,430.0,-2.0,0,0,5.8,2.67,40.08,0.1471,0,1,40.08,40.08,40.08,0.1471,40.08
7.0,5,6,ゴーゴーゴウト,52.0,小林勝太,1:53.6,4,131.7,9.0,[東] 加藤士津,2022102371,202402011101,2歳未勝利｜2024年7月13日 | 競馬データベース - netkeiba,2026-05-20T10:26:48.477535,牡,2,476.0,6.0,0,0,5.8,3.67,40.72,0.1471,0,2,40.72,40.72,40.72,0.1471,40.72
8.0,4,4,メイショウマクジキ,54.0,角田大河,1:53.6,ハナ,19.8,6.0,[西] 角田晃一,2022102576,202402011101,2歳未勝利｜2024年7月13日 | 競馬データベース - netkeiba,2026-05-20T10:26:48.477535,牡,2,464.0,-2.0,0,0,7.4,7.67,40.44,0.119,0,9,40.44,40.44,40.44,0.119,40.44
9.0,8,12,アディクテッドラン,52.0,長浜鴻緒,1:54.7,7,90.4,7.0,[西] 新谷功一,2022101189,202402011101,2歳未勝利｜2024年7月13日 | 競馬データベース - netkeiba,2026-05-20T10:26:48.477535,牡,2,480.0,14.0,0,0,4.0,4.0,41.56,0.2,0,6,41.56,41.56,41.56,0.2,41.56
10.0,7,10,スパーク,52.0,川端海翼,1:54.9,1.1/4,101.6,8.0,[東] 池上昌和,2022100929,202402011101,2歳未勝利｜2024年7月13日 | 競馬データベース - netkeiba,2026-05-20T10:26:48.477535,牡,2,484.0,2.0,0,0,3.2,1.0,39.92,0.2381,0,1,39.92,39.92,39.92,0.2381,39.92
,1,1,ブルータス,55.0,大野拓弥,,,,,[東] 高柳瑞樹,2022103703,202402011101,2歳未勝利｜2024年7月13日 | 競馬データベース - netkeiba,2026-05-20T10:26:48.477535,牡,2,,,0,0,3.4,4.33,36.94,0.2273,0,1,36.94,36.94,36.94,0.2273,36.94
,8,11,ガンバルマン,55.0,永野猛蔵,,,,,[東] 萱野浩二,2022101307,202402011101,2歳未勝利｜2024年7月13日 | 競馬データベース - netkeiba,2026-05-20T10:26:48.477535,牡,2,452.0,4.0,0,0,4.6,5.67,35.7,0.1786,0,6,35.7,35.7,35.7,0.1786,35.7
1.0,8,13,イラーナ,52.0,小林勝太,1:46.3,,2.6,1.0,[東] 林徹,2021107166,202402011102,3歳未勝利｜2024年7月13日 | 競馬データベース - netkeiba,2026-05-20T10:27:19.877706,牝,3,434.0,-2.0,1,1,9.8,11.67,38.28,0.0926,0,12,38.28,38.28,38.28,0.0926,38.28
2.0,1,1,エリカポラリス,55.0,永野猛蔵,1:46.6,1.1/2,3.2,2.0,[東] 伊藤圭三,2021103739,202402011102,3歳未勝利｜2024年7月13日 | 競馬データベース - netkeiba,2026-05-20T10:27:19.877706,牝,3,438.0,4.0,0,1,6.8,6.33,40.26,0.1282,0,6,40.26,40.26,40.26,0.1282,40.26
3.0,4,5,ノーブルブランカ,55.0,鮫島克駿,1:46.6,クビ,7.1,4.0,[西] 牧浦充徳,2021100052,202402011102,3歳未勝利｜2024年7月13日 | 競馬データベース - netkeiba,2026-05-20T10:27:19.877706,牝,3,438.0,6.0,0,1,6.0,5.67,40.34,0.1429,0,8,40.34,40.34,40.34,0.1429,40.34
4.0,2,2,ココシャンパーニュ,55.0,北村友一,1:47.0,2.1/2,8.6,5.0,[西] 音無秀孝,2021105902,202402011102,3歳未勝利｜2024年7月13日 | 競馬データベース - netkeiba,2026-05-20T10:27:19.877706,牝,3,464.0,10.0,0,0,8.0,9.67,40.38,0.1111,0,9,40.38,40.38,40.38,0.1111,40.38
5.0,8,14,ブーケドグレイス,52.0,長浜鴻緒,1:47.1,1/2,7.0,3.0,[東] 相沢郁,2021102494,202402011102,3歳未勝利｜2024年7月13日 | 競馬データベース - netkeiba,2026-05-20T10:27:19.877706,牝,3,482.0,8.0,0,0,5.8,6.67,39.24,0.1471,0,3,39.24,39.24,39.24,0.1471,39.24
6.0,3,4,ディアマンドロップ,52.0,高杉吏麒,1:47.1,ハナ,45.9,8.0,[東] 小手川準,2021103545,202402011102,3歳未勝利｜2024年7月13日 | 競馬データベース - netkeiba,2026-05-20T10:27:19.877706,牝,3,464.0,-4.0,0,0,9.6,10.33,40.3,0.0943,0,10,40.3,40.3,40.3,0.0943,40.3
7.0,5,7,ウキヨノユメ,55.0,古川吉洋,1:47.6,3,213.9,14.0,[西] 千田輝彦,2021101354,202402011102,3歳未勝利｜2024年7月13日 | 競馬データベース - netkeiba,2026-05-20T10:27:19.877706,牝,3,450.0,6.0,0,0,6.0,9.5,39.9,0.1429,0,9,39.9,39.9,39.9,0.1429,39.9
8.0,5,8,ゼットメルベーユ,55.0,池添謙一,1:47.8,1.1/4,73.6,11.0,[西] 吉田直弘,2021100197,202402011102,3歳未勝利｜2024年7月13日 | 競馬データベース - netkeiba,2026-05-20T10:27:19.877706,牝,3,466.0,2.0,0,0,0.0,0.0,0.0,0.0,0,0,0.0,0.0,0.0,0.0,0.0
9.0,7,11,ヤマメクィーン,55.0,大野拓弥,1:48.1,1.1/2,68.3,9.0,[東] 高柳瑞樹,2021106034,202402011102,3歳未勝利｜2024年7月13日 | 競馬データベース - netkeiba,2026-05-20T10:27:19.877706,牝,3,436.0,-6.0,0,0,3.2,2.33,38.22,0.2381,0,3,38.22,38.22,38.22,0.2381,38.22
10.0,6,10,レイヌドサーブル,55.0,横山武史,1:48.2,3/4,20.0,6.0,[東] 萩原清,2021104801,202402011102,3歳未勝利｜2024年7月13日 | 競馬データベース - netkeiba,2026-05-20T10:27:19.877706,牝,3,466.0,0.0,0,0,5.0,5.0,39.6,0.1667,0,8,39.6,39.6,39.6,0.1667,39.6
11.0,4,6,ビアンヴェニュー,55.0,丹内祐次,1:48.3,クビ,91.6,12.0,[東] 稲垣幸雄,2021104423,202402011102,3歳未勝利｜2024年7月13日 | 競馬データベース - netkeiba,2026-05-20T10:27:19.877706,牝,3,478.0,-8.0,0,0,8.0,9.0,39.04,0.1111,0,6,39.04,39.04,39.04,0.1111,39.04
12.0,7,12,フィアマフルミネ,55.0,横山和生,1:48.5,1.1/4,24.1,7.0,[西] 飯田祐史,2021102972,202402011102,3歳未勝利｜2024年7月13日 | 競馬データベース - netkeiba,2026-05-20T10:27:19.877706,牝,3,428.0,22.0,0,0,4.6,3.67,40.04,0.1786,0,5,40.04,40.04,40.04,0.1786,40.04
13.0,6,9,サテフィカ,55.0,亀田温心,1:48.7,3/4,72.5,10.0,[西] 鮫島一歩,2021100464,202402011102,3歳未勝利｜2024年7月13日 | 競馬データベース - netkeiba,2026-05-20T10:27:19.877706,牝,3,502.0,4.0,0,0,5.8,5.67,41.1,0.1471,0,10,41.1,41.1,41.1,0.1471,41.1
14.0,3,3,マウンテンピオニー,55.0,黛弘人,1:50.9,大,172.9,13.0,[東] 田中剛,2021102225,202402011102,3歳未勝利｜2024年7月13日 | 競馬データベース - netkeiba,2026-05-20T10:27:19.877706,牝,3,470.0,-10.0,0,0,6.6,8.0,41.24,0.1316,0,8,41.24,41.24,41.24,0.1316,41.24
1.0,2,4,マサノカナリア,52.0,高杉吏麒,1:09.1,,2.9,1.0,[西] 藤野健太,2021100019,202402011103,3歳未勝利｜2024年7月13日 | 競馬データベース - netkeiba,2026-05-20T10:28:01.150587,牝,3,454.0,-6.0,1,1,10.8,10.0,34.7,0.0847,0,3,34.7,34.7,34.7,0.0847,34.7
2.0,7,14,ピーエムドレミ,55.0,佐々木大,1:09.4,1.1/2,36.9,10.0,[東] 和田正一,2021105776,202402011103,3歳未勝利｜2024年7月13日 | 競馬データベース - netkeiba,2026-05-20T10:28:01.150587,牝,3,390.0,-8.0,0,1,3.2,3.67,39.3,0.2381,0,2,39.3,39.3,39.3,0.2381,39.3
3.0,6,12,アムールリーベ,54.0,角田大河,1:09.5,1,3.3,2.0,[西] 友道康夫,2021105659,202402011103,3歳未勝利｜2024年7月13日 | 競馬データベース - netkeiba,2026-05-20T10:28:01.150587,牝,3,488.0,-4.0,0,1,7.8,8.33,33.86,0.1136,0,6,33.86,33.86,33.86,0.1136,33.86
4.0,3,6,ブライティアダイヤ,55.0,永野猛蔵,1:09.7,1.1/4,19.7,6.0,[東] 稲垣幸雄,2021102468,202402011103,3歳未勝利｜2024年7月13日 | 競馬データベース - netkeiba,2026-05-20T10:28:01.150587,牝,3,458.0,-8.0,0,0,8.2,10.33,34.6,0.1087,0,11,34.6,34.6,34.6,0.1087,34.6
5.0,4,7,ポトマックテソーロ,55.0,丹内祐次,1:09.9,1,4.2,3.0,[東] 嘉藤貴行,2021102277,202402011103,3歳未勝利｜2024年7月13日 | 競馬データベース - netkeiba,2026-05-20T10:28:01.150587,牝,3,442.0,14.0,0,0,8.4,11.0,35.98,0.1064,0,16,35.98,35.98,35.98,0.1064,35.98
6.0,8,16,サニイアール,52.0,小林勝太,1:09.9,ハナ,13.2,4.0,[東] 田村康仁,2021103052,202402011103,3歳未勝利｜2024年7月13日 | 競馬データベース - netkeiba,2026-05-20T10:28:01.150587,牝,3,450.0,0.0,0,0,5.0,5.0,41.44,0.1667,0,4,41.44,41.44,41.44,0.1667,41.44
7.0,4,8,オレンジサファイア,55.0,菱田裕二,1:10.0,1/2,16.3,5.0,[西] 岡田稲男,2021104989,202402011103,3歳未勝利｜2024年7月13日 | 競馬データベース - netkeiba,2026-05-20T10:28:01.150587,牝,3,472.0,10.0,0,0,7.2,7.67,35.34,0.122,0,10,35.34,35.34,35.34,0.122,35.34
8.0,3,5,コアクト,55.0,黛弘人,1:10.3,1.3/4,23.0,7.0,[東] 宗像義忠,2021103707,202402011103,3歳未勝利｜2024年7月13日 | 競馬データベース - netkeiba,2026-05-20T10:28:01.150587,牝,3,440.0,2.0,0,0,8.6,9.0,40.1,0.1042,0,9,40.1,40.1,40.1,0.1042,40.1
9.0,1,1,マースフルガール,55.0,大野拓弥,1:10.3,アタマ,51.5,11.0,[東] 杉浦宏昭,2021105297,202402011103,3歳未勝利｜2024年7月13日 | 競馬データベース - netkeiba,2026-05-20T10:28:01.150587,牝,3,406.0,6.0,0,0,8.2,7.67,36.72,0.1087,0,9,36.72,36.72,36.72,0.1087,36.72
10.0,1,2,マニーブルース,57.0,古川吉洋,1:10.4,3/4,177.5,15.0,[東] 小手川準,2021102752,202402011103,3歳未勝利｜2024年7月13日 | 競馬データベース - netkeiba,2026-05-20T10:28:01.150587,牡,3,438.0,-14.0,0,0,8.6,8.0,41.1,0.1042,0,6,41.1,41.1,41.1,0.1042,41.1
11.0,6,11,マーシャルテイル,57.0,鮫島克駿,1:10.6,3/4,35.4,9.0,[西] 池添学,2021105820,202402011103,3歳未勝利｜2024年7月13日 | 競馬データベース - netkeiba,2026-05-20T10:28:01.150587,牡,3,452.0,-6.0,0,0,0.0,0.0,0.0,0.0,0,0,0.0,0.0,0.0,0.0,0.0
12.0,5,10,イングリッドローズ,55.0,浜中俊,1:10.7,1,103.7,12.0,[東] 加藤士津,2021104746,202402011103,3歳未勝利｜2024年7月13日 | 競馬データベース - netkeiba,2026-05-20T10:28:01.150587,牝,3,410.0,4.0,0,0,5.8,5.33,40.6,0.1471,0,6,40.6,40.6,40.6,0.1471,40.6
13.0,5,9,クィーンミツコ,55.0,松岡正海,1:10.7,アタマ,364.5,16.0,[東] 勢司和浩,2021101067,202402011103,3歳未勝利｜2024年7月13日 | 競馬データベース - netkeiba,2026-05-20T10:28:01.150587,牝,3,490.0,8.0,0,0,6.0,5.33,40.14,0.1429,0,3,40.14,40.14,40.14,0.1429,40.14
14.0,2,3,ムーンブルー,57.0,岩田康誠,1:10.8,クビ,156.2,14.0,[東] 小島茂之,2021101640,202402011103,3歳未勝利｜2024年7月13日 | 競馬データベース - netkeiba,2026-05-20T10:28:01.150587,牡,3,434.0,-6.0,0,0,3.2,4.33,40.1,0.2381,0,4,40.1,40.1,40.1,0.2381,40.1
15.0,7,13,イーブンナウ,55.0,北村友一,1:10.8,クビ,31.5,8.0,[西] 田中克典,2021110007,202402011103,3歳未勝利｜2024年7月13日 | 競馬データベース - netkeiba,2026-05-20T10:28:01.150587,牝,3,430.0,-14.0,0,0,10.2,12.33,40.18,0.0893,0,14,40.18,40.18,40.18,0.0893,40.18
16.0,8,15,チャンスメーカー,57.0,亀田温心,1:11.8,6,140.9,13.0,[東] 上原佑紀,2021101747,202402011103,3歳未勝利｜2024年7月13日 | 競馬データベース - netkeiba,2026-05-20T10:28:01.150587,牡,3,482.0,-14.0,0,0,8.8,8.0,40.72,0.102,0,7,40.72,40.72,40.72,0.102,40.72
1.0,1,1,タケルゴールド,57.0,岩田康誠,2:35.2,,5.9,3.0,[東] 加藤征弘,2021100884,202402011104,3歳未勝利｜2024年7月13日 | 競馬データベース - netkeiba,2026-05-20T10:28:41.060845,牡,3,450.0,-2.0,1,1,6.4,6.33,38.16,0.1351,0,3,38.16,38.16,38.16,0.1351,38.16
2.0,8,12,ウインメラナイト,57.0,丹内祐次,2:36.4,7,3.0,1.0,[西] 寺島良,2021106196,202402011104,3歳未勝利｜2024年7月13日 | 競馬データベース - netkeiba,2026-05-20T10:28:41.060845,牡,3,490.0,0.0,0,1,5.8,6.33,41.06,0.1471,0,9,41.06,41.06,41.06,0.1471,41.06
3.0,3,3,シンクグッド,57.0,藤岡佑介,2:37.4,6,13.2,7.0,[西] 福永祐一,2021105778,202402011104,3歳未勝利｜2024年7月13日 | 競馬データベース - netkeiba,2026-05-20T10:28:41.060845,牡,3,516.0,0.0,0,1,8.4,10.33,42.08,0.1064,0,9,42.08,42.08,42.08,0.1064,42.08
4.0,2,2,エルキーオ,57.0,大野拓弥,2:37.4,クビ,8.0,4.0,[東] 新開幸一,2021101881,202402011104,3歳未勝利｜2024年7月13日 | 競馬データベース - netkeiba,2026-05-20T10:28:41.060845,牡,3,488.0,2.0,0,0,5.0,3.0,40.66,0.1667,0,5,40.66,40.66,40.66,0.1667,40.66
5.0,4,4,ウインラムセス,54.0,小林勝太,2:37.6,1.1/4,72.9,10.0,[東] 松山将樹,2021101530,202402011104,3歳未勝利｜2024年7月13日 | 競馬データベース - netkeiba,2026-05-20T10:28:41.060845,牡,3,460.0,0.0,0,0,2.2,1.67,40.94,0.3125,0,1,40.94,40.94,40.94,0.3125,40.94
6.0,5,6,サンマルミッション,57.0,永野猛蔵,2:37.7,3/4,3.8,2.0,[東] 和田勇介,2021107331,202402011104,3歳未勝利｜2024年7月13日 | 競馬データベース - netkeiba,2026-05-20T10:28:41.060845,牡,3,446.0,2.0,0,0,8.8,9.0,39.22,0.102,0,9,39.22,39.22,39.22,0.102,39.22
7.0,5,5,ミレフォス,57.0,佐々木大,2:37.8,クビ,8.6,5.0,[西] 矢作芳人,2021104163,202402011104,3歳未勝利｜2024年7月13日 | 競馬データベース - netkeiba,2026-05-20T10:28:41.060845,牡,3,530.0,-9.0,0,0,6.6,6.0,40.2,0.1316,0,8,40.2,40.2,40.2,0.1316,40.2
8.0,6,8,フルリール,52.0,高杉吏麒,2:38.1,2,9.0,6.0,[西] 藤岡健一,2021107178,202402011104,3歳未勝利｜2024年7月13日 | 競馬データベース - netkeiba,2026-05-20T10:28:41.060845,牝,3,432.0,0.0,0,0,5.6,6.0,40.26,0.1515,0,10,40.26,40.26,40.26,0.1515,40.26
9.0,8,11,クリノエクリプス,54.0,川端海翼,2:38.2,1/2,68.1,9.0,[西] 大根田裕,2021103321,202402011104,3歳未勝利｜2024年7月13日 | 競馬データベース - netkeiba,2026-05-20T10:28:41.060845,牡,3,486.0,12.0,0,0,4.6,3.33,40.08,0.1786,0,5,40.08,40.08,40.08,0.1786,40.08
10.0,6,7,メイショウヤスマサ,57.0,富田暁,2:38.6,2,33.0,8.0,[西] 本田優,2021103531,202402011104,3歳未勝利｜2024年7月13日 | 競馬データベース - netkeiba,2026-05-20T10:28:41.060845,牡,3,472.0,0.0,0,0,4.8,3.33,40.16,0.1724,0,1,40.16,40.16,40.16,0.1724,40.16
11.0,7,9,ガルニエ,54.0,長浜鴻緒,2:39.3,4,107.2,11.0,[東] 萱野浩二,2021100395,202402011104,3歳未勝利｜2024年7月13日 | 競馬データベース - netkeiba,2026-05-20T10:28:41.060845,牡,3,454.0,0.0,0,0,4.8,3.0,40.86,0.1724,0,3,40.86,40.86,40.86,0.1724,40.86
,7,10,トゥラムプラッツ,57.0,菱田裕二,,,,,[東] 千葉直人,2021101927,202402011104,3歳未勝利｜2024年7月13日 | 競馬データベース - netkeiba,2026-05-20T10:28:41.060845,牡,3,472.0,-6.0,0,0,4.5,6.0,40.62,0.1818,0,6,40.62,40.62,40.62,0.1818,40.62
1.0,4,5,ミッキースピネル,55.0,藤岡佑介,1:49.4,,2.8,1.0,[西] 中内田充,2021103259,202402011105,3歳未勝利｜2024年7月13日 | 競馬データベース - netkeiba,2026-05-20T10:29:09.955720,牝,3,486.0,0.0,1,1,2.8,2.33,34.18,0.2632,0,3,34.18,34.18,34.18,0.2632,34.18
2.0,4,6,シャーリーゴールド,55.0,浜中俊,1:49.7,2,8.5,4.0,[西] 須貝尚介,2021104918,202402011105,3歳未勝利｜2024年7月13日 | 競馬データベース - netkeiba,2026-05-20T10:29:09.955720,牝,3,444.0,-4.0,0,1,8.6,7.67,34.62,0.1042,0,6,34.62,34.62,34.62,0.1042,34.62
3.0,3,4,マイネルバーテクス,57.0,丹内祐次,1:49.7,アタマ,9.6,5.0,[東] 水野貴広,2021106827,202402011105,3歳未勝利｜2024年7月13日 | 競馬データベース - netkeiba,2026-05-20T10:29:09.955720,牡,3,498.0,0.0,0,1,7.6,7.0,35.74,0.1163,0,4,35.74,35.74,35.74,0.1163,35.74
4.0,7,12,コンテナワールド,57.0,鮫島克駿,1:50.2,3,3.0,2.0,[西] 中竹和也,2021104924,202402011105,3歳未勝利｜2024年7月13日 | 競馬データベース - netkeiba,2026-05-20T10:29:09.955720,牡,3,470.0,0.0,0,0,4.8,4.0,0.0,0.1724,0,3,0.0,0.0,0.0,0.1724,0.0
5.0,5,7,イズジョーノヒカリ,55.0,大野拓弥,1:50.3,1/2,38.9,9.0,[西] 中尾秀正,2021107101,202402011105,3歳未勝利｜2024年7月13日 | 競馬データベース - netkeiba,2026-05-20T10:29:09.955720,牝,3,478.0,4.0,0,0,7.2,8.33,40.08,0.122,0,9,40.08,40.08,40.08,0.122,40.08
6.0,2,2,アスロス,57.0,岩田康誠,1:50.4,1/2,13.5,6.0,[東] 蛯名正義,2021103683,202402011105,3歳未勝利｜2024年7月13日 | 競馬データベース - netkeiba,2026-05-20T10:29:09.955720,牡,3,456.0,0.0,0,0,4.4,4.33,40.74,0.1852,0,3,40.74,40.74,40.74,0.1852,40.74
7.0,3,3,アンナネーヴェ,55.0,永野猛蔵,1:50.5,1,28.3,7.0,[東] 金成貴史,2021106680,202402011105,3歳未勝利｜2024年7月13日 | 競馬データベース - netkeiba,2026-05-20T10:29:09.955720,牝,3,444.0,16.0,0,0,10.8,10.67,41.82,0.0847,0,9,41.82,41.82,41.82,0.0847,41.82
8.0,6,10,ウインキャロライン,55.0,横山武史,1:50.5,アタマ,6.5,3.0,[西] 杉山晴紀,2021102632,202402011105,3歳未勝利｜2024年7月13日 | 競馬データベース - netkeiba,2026-05-20T10:29:09.955720,牝,3,496.0,-10.0,0,0,7.4,6.33,39.08,0.119,0,2,39.08,39.08,39.08,0.119,39.08
9.0,6,9,マジマックサラン,57.0,佐々木大,1:50.7,1,100.9,11.0,[東] 和田雄二,2021104604,202402011105,3歳未勝利｜2024年7月13日 | 競馬データベース - netkeiba,2026-05-20T10:29:09.955720,牡,3,484.0,-6.0,0,0,11.0,13.67,36.33,0.0833,0,16,36.33,36.33,36.33,0.0833,36.33
10.0,1,1,ダイユウファリーナ,57.0,松岡正海,1:50.7,アタマ,35.0,8.0,[東] 松永康利,2021101896,202402011105,3歳未勝利｜2024年7月13日 | 競馬データベース - netkeiba,2026-05-20T10:29:09.955720,牡,3,482.0,-2.0,0,0,5.2,7.67,38.52,0.1613,0,12,38.52,38.52,38.52,0.1613,38.52
11.0,5,8,ナリタマフディー,52.0,川端海翼,1:50.7,ハナ,63.6,10.0,[西] 高橋亮,2021100775,202402011105,3歳未勝利｜2024年7月13日 | 競馬データベース - netkeiba,2026-05-20T10:29:09.955720,牝,3,488.0,4.0,0,0,5.0,5.33,37.4,0.1667,0,3,37.4,37.4,37.4,0.1667,37.4
12.0,7,11,グランドフューチャ,57.0,菱田裕二,1:50.8,1/2,196.6,13.0,[西] 鈴木孝志,2021100732,202402011105,3歳未勝利｜2024年7月13日 | 競馬データベース - netkeiba,2026-05-20T10:29:09.955720,牡,3,470.0,0.0,0,0,10.2,9.33,42.28,0.0893,0,6,42.28,42.28,42.28,0.0893,42.28
13.0,8,13,ニシノココ,51.0,大江原比,1:51.3,3,137.1,12.0,[東] 松山将樹,2021107071,202402011105,3歳未勝利｜2024年7月13日 | 競馬データベース - netkeiba,2026-05-20T10:29:09.955720,牝,3,456.0,0.0,0,0,6.0,6.67,39.44,0.1429,0,6,39.44,39.44,39.44,0.1429,39.44
14.0,8,14,シャイニングキセキ,52.0,長浜鴻緒,1:51.3,クビ,315.2,14.0,[西] 小林真也,2021104015,202402011105,3歳未勝利｜2024年7月13日 | 競馬データベース - netkeiba,2026-05-20T10:29:09.955720,牝,3,420.0,2.0,0,0,3.2,2.67,40.48,0.2381,0,2,40.48,40.48,40.48,0.2381,40.48
1.0,4,5,サンライズシア,54.0,高杉吏麒,1:44.6,,1.9,1.0,[西] 石坂公一,2021103320,202402011106,3歳未勝利｜2024年7月13日 | 競馬データベース - netkeiba,2026-05-20T10:29:49.931627,牡,3,506.0,-2.0,1,1,6.0,4.67,40.68,0.1429,0,1,40.68,40.68,40.68,0.1429,40.68
2.0,6,10,ウインアルドーレ,57.0,佐々木大,1:45.6,6,8.5,3.0,[西] 西園翔太,2021106192,202402011106,3歳未勝利｜2024年7月13日 | 競馬データベース - netkeiba,2026-05-20T10:29:49.931627,牡,3,482.0,16.0,0,1,8.2,9.0,38.06,0.1087,0,9,38.06,38.06,38.06,0.1087,38.06
3.0,6,9,プラムダンディ,57.0,丹内祐次,1:46.3,4,4.8,2.0,[東] 尾形和幸,2021100389,202402011106,3歳未勝利｜2024年7月13日 | 競馬データベース - netkeiba,2026-05-20T10:29:49.931627,牡,3,446.0,-4.0,0,1,4.4,6.33,37.8,0.1852,0,11,37.8,37.8,37.8,0.1852,37.8
4.0,4,6,プレットリンド,55.0,菱田裕二,1:47.0,4,204.1,12.0,[西] 岡田稲男,2021101914,202402011106,3歳未勝利｜2024年7月13日 | 競馬データベース - netkeiba,2026-05-20T10:29:49.931627,牝,3,420.0,-2.0,0,0,8.8,7.67,37.24,0.102,0,6,37.24,37.24,37.24,0.102,37.24
5.0,1,1,スピンザブラッド,57.0,横山武史,1:47.4,2,8.7,4.0,[東] 萩原清,2021105244,202402011106,3歳未勝利｜2024年7月13日 | 競馬データベース - netkeiba,2026-05-20T10:29:49.931627,牡,3,442.0,8.0,0,0,4.4,3.67,34.68,0.1852,0,1,34.68,34.68,34.68,0.1852,34.68
6.0,3,3,ゴルトヴェーレ,51.0,大江原比,1:47.9,3,116.3,10.0,[東] 水野貴広,2021103607,202402011106,3歳未勝利｜2024年7月13日 | 競馬データベース - netkeiba,2026-05-20T10:29:49.931627,牝,3,482.0,10.0,0,0,7.0,10.5,40.73,0.125,0,11,40.73,40.73,40.73,0.125,40.73
7.0,7,11,アマモト,57.0,大野拓弥,1:48.0,1,132.8,11.0,[東] 田村康仁,2021103042,202402011106,3歳未勝利｜2024年7月13日 | 競馬データベース - netkeiba,2026-05-20T10:29:49.931627,牡,3,472.0,-4.0,0,0,5.6,3.67,39.78,0.1515,0,2,39.78,39.78,39.78,0.1515,39.78
8.0,8,14,サイモンプレジール,57.0,永野猛蔵,1:48.1,クビ,14.0,7.0,[東] 稲垣幸雄,2021102798,202402011106,3歳未勝利｜2024年7月13日 | 競馬データベース - netkeiba,2026-05-20T10:29:49.931627,牡,3,464.0,0.0,0,0,11.4,12.33,36.5,0.0806,0,13,36.5,36.5,36.5,0.0806,36.5
9.0,7,12,フクノスナノバラ,54.0,小林勝太,1:48.4,2,98.5,8.0,[東] 小野次郎,2021107147,202402011106,3歳未勝利｜2024年7月13日 | 競馬データベース - netkeiba,2026-05-20T10:29:49.931627,牡,3,482.0,-2.0,0,0,3.6,5.33,40.02,0.2174,0,12,40.02,40.02,40.02,0.2174,40.02
10.0,3,4,スラーヴァ,57.0,松岡正海,1:49.4,6,102.8,9.0,[東] 村田一誠,2021103916,202402011106,3歳未勝利｜2024年7月13日 | 競馬データベース - netkeiba,2026-05-20T10:29:49.931627,牡,3,472.0,8.0,0,0,10.4,12.33,38.9,0.0877,0,13,38.9,38.9,38.9,0.0877,38.9
11.0,5,7,カーロアヴァンティ,57.0,鮫島克駿,1:49.5,3/4,9.2,5.0,[西] 中村直也,2021103056,202402011106,3歳未勝利｜2024年7月13日 | 競馬データベース - netkeiba,2026-05-20T10:29:49.931627,牡,3,512.0,6.0,0,0,5.4,6.67,42.06,0.1562,0,1,42.06,42.06,42.06,0.1562,42.06
12.0,8,13,グアラニア,57.0,藤岡佑介,1:50.0,3,11.8,6.0,[東] 矢野英一,2021103051,202402011106,3歳未勝利｜2024年7月13日 | 競馬データベース - netkeiba,2026-05-20T10:29:49.931627,牡,3,476.0,-2.0,0,0,6.0,5.67,38.6,0.1429,0,4,38.6,38.6,38.6,0.1429,38.6
13.0,5,8,ボンウィークエンド,55.0,亀田温心,1:50.1,クビ,246.2,13.0,[西] 渡辺薫彦,2021110118,202402011106,3歳未勝利｜2024年7月13日 | 競馬データベース - netkeiba,2026-05-20T10:29:49.931627,牡,3,442.0,14.0,0,0,7.0,8.0,39.64,0.125,0,7,39.64,39.64,39.64,0.125,39.64
14.0,2,2,ヤマニンファロ,54.0,長浜鴻緒,1:57.5,大,358.4,14.0,[東] 辻哲英,2021106596,202402011106,3歳未勝利｜2024年7月13日 | 競馬データベース - netkeiba,2026-05-20T10:29:49.931627,牡,3,494.0,4.0,0,0,0.0,0.0,0.0,0.0,0,0,0.0,0.0,0.0,0.0,0.0
1.0,6,8,ゴージョニーゴー,55.0,横山和生,2:42.5,,5.6,3.0,[西] 四位洋文,2021105048,202402011107,3歳以上1勝クラス｜2024年7月13日 | 競馬データベース - netkeiba,2026-05-20T10:30:29.485812,牡,3,516.0,-6.0,1,1,9.4,8.67,35.4,0.0962,0,8,35.4,35.4,35.4,0.0962,35.4
2.0,5,5,パンジャ,52.0,小林勝太,2:42.9,2.1/2,3.3,1.0,[東] 金成貴史,2021105155,202402011107,3歳以上1勝クラス｜2024年7月13日 | 競馬データベース - netkeiba,2026-05-20T10:30:29.485812,牡,3,472.0,2.0,0,1,4.0,5.33,33.98,0.2,0,1,33.98,33.98,33.98,0.2,33.98
3.0,7,10,クリフハンガー,55.0,佐々木大,2:43.3,2,15.8,7.0,[東] 堀宣行,2021101701,202402011107,3歳以上1勝クラス｜2024年7月13日 | 競馬データベース - netkeiba,2026-05-20T10:30:29.485812,牡,3,456.0,10.0,0,1,7.0,7.0,36.0,0.125,0,10,36.0,36.0,36.0,0.125,36.0
4.0,8,12,タイセイアーサー,58.0,丹内祐次,2:43.3,アタマ,75.2,10.0,[東] 斎藤誠,2018104791,202402011107,3歳以上1勝クラス｜2024年7月13日 | 競馬データベース - netkeiba,2026-05-20T10:30:29.485812,牡,6,488.0,-6.0,0,0,11.0,8.67,37.16,0.0833,0,7,37.16,37.16,37.16,0.0833,37.16
5.0,2,2,ヴィスマール,55.0,鮫島克駿,2:43.4,1/2,6.5,4.0,[西] 奥村豊,2021105459,202402011107,3歳以上1勝クラス｜2024年7月13日 | 競馬データベース - netkeiba,2026-05-20T10:30:29.485812,牡,3,446.0,4.0,0,0,3.2,2.67,34.54,0.2381,0,1,34.54,34.54,34.54,0.2381,34.54
6.0,4,4,ペリプルス,58.0,永野猛蔵,2:43.7,1.3/4,8.9,6.0,[東] 佐藤吉勝,2020105796,202402011107,3歳以上1勝クラス｜2024年7月13日 | 競馬データベース - netkeiba,2026-05-20T10:30:29.485812,牡,4,438.0,4.0,0,0,10.2,8.33,36.34,0.0893,0,6,36.34,36.34,36.34,0.0893,36.34
7.0,6,7,アメジストブラック,58.0,藤岡佑介,2:43.8,3/4,17.0,8.0,[西] 中内田充,2019105051,202402011107,3歳以上1勝クラス｜2024年7月13日 | 競馬データベース - netkeiba,2026-05-20T10:30:29.485812,牡,5,518.0,-8.0,0,0,3.4,4.0,35.46,0.2273,0,4,35.46,35.46,35.46,0.2273,35.46
8.0,1,1,モンブランミノル,55.0,岩田康誠,2:44.2,2,4.8,2.0,[西] 小栗実,2021100838,202402011107,3歳以上1勝クラス｜2024年7月13日 | 競馬データベース - netkeiba,2026-05-20T10:30:29.485812,牡,3,490.0,-6.0,0,0,1.4,1.67,36.5,0.4167,0,2,36.5,36.5,36.5,0.4167,36.5
9.0,5,6,ノートルプロメス,58.0,富田暁,2:44.3,3/4,78.6,11.0,[西] 四位洋文,2019106866,202402011107,3歳以上1勝クラス｜2024年7月13日 | 競馬データベース - netkeiba,2026-05-20T10:30:29.485812,牡,5,496.0,4.0,0,0,9.4,9.33,36.7,0.0962,0,12,36.7,36.7,36.7,0.0962,36.7
10.0,8,11,ミラキュラスドラマ,55.0,菱田裕二,2:44.3,ハナ,47.8,9.0,[西] 杉山晴紀,2021104923,202402011107,3歳以上1勝クラス｜2024年7月13日 | 競馬データベース - netkeiba,2026-05-20T10:30:29.485812,牡,3,458.0,-2.0,0,0,5.4,3.67,35.4,0.1562,0,4,35.4,35.4,35.4,0.1562,35.4
11.0,7,9,エクレシア,52.0,角田大河,2:44.7,2.1/2,321.9,12.0,[西] 西園翔太,2021106024,202402011107,3歳以上1勝クラス｜2024年7月13日 | 競馬データベース - netkeiba,2026-05-20T10:30:29.485812,牝,3,484.0,4.0,0,0,6.6,8.33,39.4,0.1316,0,11,39.4,39.4,39.4,0.1316,39.4
12.0,3,3,エリカヴェネチア,53.0,横山武史,2:46.8,大,7.5,5.0,[西] 吉岡辰弥,2021110106,202402011107,3歳以上1勝クラス｜2024年7月13日 | 競馬データベース - netkeiba,2026-05-20T10:30:29.485812,牝,3,474.0,0.0,0,0,7.0,9.0,37.5,0.125,0,11,37.5,37.5,37.5,0.125,37.5
1.0,1,1,スコーピオン,55.0,菱田裕二,0:58.8,,4.1,2.0,[東] 武藤善則,2021100792,202402011108,3歳以上1勝クラス｜2024年7月13日 | 競馬データベース - netkeiba,2026-05-20T10:31:04.323579,牡,3,468.0,-2.0,1,1,12.6,14.33,35.12,0.0735,0,13,35.12,35.12,35.12,0.0735,35.12
2.0,6,7,サザンレイク,53.0,長浜鴻緒,0:59.0,1.1/2,7.6,4.0,[東] 根本康広,2020101481,202402011108,3歳以上1勝クラス｜2024年7月13日 | 競馬データベース - netkeiba,2026-05-20T10:31:04.323579,牝,4,490.0,0.0,0,1,10.0,10.0,37.23,0.0909,0,11,37.23,37.23,37.23,0.0909,37.23
3.0,3,3,ヨドノゴールド,58.0,横山武史,0:59.3,1.1/2,7.3,3.0,[西] 西園正都,2018103293,202402011108,3歳以上1勝クラス｜2024年7月13日 | 競馬データベース - netkeiba,2026-05-20T10:31:04.323579,牡,6,470.0,4.0,0,1,7.0,7.67,37.35,0.125,0,9,37.35,37.35,37.35,0.125,37.35
4.0,4,4,カップッチョ,58.0,黛弘人,0:59.6,2,43.9,8.0,[東] 石毛善彦,2017104266,202402011108,3歳以上1勝クラス｜2024年7月13日 | 競馬データベース - netkeiba,2026-05-20T10:31:04.323579,牡,7,492.0,4.0,0,0,9.0,9.0,36.58,0.1,0,12,36.58,36.58,36.58,0.1,36.58
5.0,5,6,スイッチオン,58.0,大野拓弥,0:59.7,1/2,183.5,11.0,[東] 小手川準,2020106221,202402011108,3歳以上1勝クラス｜2024年7月13日 | 競馬データベース - netkeiba,2026-05-20T10:31:04.323579,牡,4,476.0,-6.0,0,0,4.4,4.33,37.4,0.1852,0,7,37.4,37.4,37.4,0.1852,37.4
6.0,5,5,ホーリーブライト,53.0,川又賢治,1:00.1,2,8.2,5.0,[東] 竹内正洋,2021102458,202402011108,3歳以上1勝クラス｜2024年7月13日 | 競馬データベース - netkeiba,2026-05-20T10:31:04.323579,牝,3,446.0,8.0,0,0,5.6,4.67,36.82,0.1515,0,1,36.82,36.82,36.82,0.1515,36.82
7.0,8,12,ステラシティ,53.0,佐々木大,1:00.1,クビ,9.8,6.0,[東] 伊坂重信,2021102669,202402011108,3歳以上1勝クラス｜2024年7月13日 | 競馬データベース - netkeiba,2026-05-20T10:31:04.323579,牝,3,464.0,0.0,0,0,0.0,0.0,0.0,0.0,0,0,0.0,0.0,0.0,0.0,0.0
8.0,2,2,タッカー,55.0,丹内祐次,1:00.3,1,178.9,10.0,[東] 清水英克,2021102049,202402011108,3歳以上1勝クラス｜2024年7月13日 | 競馬データベース - netkeiba,2026-05-20T10:31:04.323579,牡,3,476.0,0.0,0,0,5.6,7.0,42.14,0.1515,0,12,42.14,42.14,42.14,0.1515,42.14
9.0,6,8,メイプルリーフラグ,56.0,永野猛蔵,1:00.5,1.1/4,118.2,9.0,[東] 的場均,2020103527,202402011108,3歳以上1勝クラス｜2024年7月13日 | 競馬データベース - netkeiba,2026-05-20T10:31:04.323579,牝,4,446.0,2.0,0,0,6.0,1.67,38.18,0.1429,0,1,38.18,38.18,38.18,0.1429,38.18
10.0,8,11,メイショウクモイ,58.0,武豊,1:00.6,1,14.9,7.0,[西] 飯田祐史,2020106922,202402011108,3歳以上1勝クラス｜2024年7月13日 | 競馬データベース - netkeiba,2026-05-20T10:31:04.323579,牡,4,476.0,0.0,0,0,6.4,4.33,37.46,0.1351,0,2,37.46,37.46,37.46,0.1351,37.46
11.0,7,9,オアシスドール,50.0,高杉吏麒,1:00.7,1/2,2.4,1.0,[西] 高柳大輔,2021103583,202402011108,3歳以上1勝クラス｜2024年7月13日 | 競馬データベース - netkeiba,2026-05-20T10:31:04.323579,牝,3,452.0,6.0,0,0,7.4,6.0,39.74,0.119,0,11,39.74,39.74,39.74,0.119,39.74
12.0,7,10,タイコネン,53.0,川端海翼,1:02.3,10,326.4,12.0,[東] 松永康利,2019101484,202402011108,3歳以上1勝クラス｜2024年7月13日 | 競馬データベース - netkeiba,2026-05-20T10:31:04.323579,牝,5,478.0,10.0,0,0,7.0,7.67,37.3,0.125,0,8,37.3,37.3,37.3,0.125,37.3
1.0,1,1,セクシーブーケ,53.0,北村友一,1:45.8,,3.4,2.0,[西] 田中克典,2021110103,202402011109,湯浜特別｜2024年7月13日 | 競馬データベース - netkeiba,2026-05-20T10:31:34.194723,牝,3,446.0,-2.0,1,1,5.4,5.67,37.34,0.1562,0,4,37.34,37.34,37.34,0.1562,37.34
2.0,7,10,レーヴドレフォン,53.0,横山武史,1:46.4,3.1/2,7.9,4.0,[西] 矢作芳人,2021105895,202402011109,湯浜特別｜2024年7月13日 | 競馬データベース - netkeiba,2026-05-20T10:31:34.194723,牝,3,462.0,-14.0,0,1,6.6,6.67,38.36,0.1316,0,7,38.36,38.36,38.36,0.1316,38.36
3.0,6,8,ランスノーブル,56.0,大野拓弥,1:46.6,1.1/2,8.0,5.0,[東] 上原博之,2020101250,202402011109,湯浜特別｜2024年7月13日 | 競馬データベース - netkeiba,2026-05-20T10:31:34.194723,牝,4,476.0,8.0,0,1,3.4,3.33,38.06,0.2273,0,4,38.06,38.06,38.06,0.2273,38.06
4.0,6,7,ベイビールビオ,58.0,佐々木大,1:46.6,ハナ,48.4,9.0,[東] 田村康仁,2019103592,202402011109,湯浜特別｜2024年7月13日 | 競馬データベース - netkeiba,2026-05-20T10:31:34.194723,牡,5,498.0,-2.0,0,0,9.0,9.67,38.64,0.1,0,12,38.64,38.64,38.64,0.1,38.64
5.0,8,11,リネアグローリア,55.0,鮫島克駿,1:46.7,3/4,4.2,3.0,[西] 小崎憲,2021106757,202402011109,湯浜特別｜2024年7月13日 | 競馬データベース - netkeiba,2026-05-20T10:31:34.194723,牡,3,476.0,2.0,0,0,6.4,7.67,36.48,0.1351,0,7,36.48,36.48,36.48,0.1351,36.48
6.0,5,5,アースイオス,55.0,横山和生,1:46.8,1/2,28.7,7.0,[東] 小西一男,2021102555,202402011109,湯浜特別｜2024年7月13日 | 競馬データベース - netkeiba,2026-05-20T10:31:34.194723,牡,3,528.0,-2.0,0,0,12.6,11.33,37.94,0.0735,0,11,37.94,37.94,37.94,0.0735,37.94
7.0,2,2,ヒデシンイメル,55.0,富田暁,1:46.8,ハナ,38.5,8.0,[西] 武英智,2021100678,202402011109,湯浜特別｜2024年7月13日 | 競馬データベース - netkeiba,2026-05-20T10:31:34.194723,牡,3,458.0,0.0,0,0,5.4,3.33,40.2,0.1562,0,2,40.2,40.2,40.2,0.1562,40.2
8.0,8,12,キープブライトン,58.0,岩田康誠,1:47.2,2.1/2,81.8,10.0,[東] 栗田徹,2020101008,202402011109,湯浜特別｜2024年7月13日 | 競馬データベース - netkeiba,2026-05-20T10:31:34.194723,牡,4,462.0,-4.0,0,0,4.5,3.5,38.58,0.1818,0,3,38.58,38.58,38.58,0.1818,38.58
9.0,7,9,ワンダーカモン,55.0,川又賢治,1:47.3,クビ,20.7,6.0,[西] 吉村圭司,2021100739,202402011109,湯浜特別｜2024年7月13日 | 競馬データベース - netkeiba,2026-05-20T10:31:34.194723,牡,3,482.0,12.0,0,0,7.8,8.67,36.16,0.1136,0,10,36.16,36.16,36.16,0.1136,36.16
10.0,3,3,マーベリックシチー,55.0,松岡正海,1:47.4,1/2,186.4,12.0,[西] 岡田稲男,2021100387,202402011109,湯浜特別｜2024年7月13日 | 競馬データベース - netkeiba,2026-05-20T10:31:34.194723,牡,3,458.0,-2.0,0,0,6.0,3.67,39.16,0.1429,0,5,39.16,39.16,39.16,0.1429,39.16
11.0,5,6,ミッキーラッキー,55.0,菱田裕二,1:48.0,3.1/2,3.1,1.0,[東] 堀宣行,2021105561,202402011109,湯浜特別｜2024年7月13日 | 競馬データベース - netkeiba,2026-05-20T10:31:34.194723,牡,3,568.0,0.0,0,0,8.4,10.0,38.62,0.1064,0,13,38.62,38.62,38.62,0.1064,38.62
12.0,4,4,グランルーチェ,55.0,浜中俊,1:50.3,大,107.0,11.0,[西] 庄野靖志,2021102641,202402011109,湯浜特別｜2024年7月13日 | 競馬データベース - netkeiba,2026-05-20T10:31:34.194723,牡,3,480.0,4.0,0,0,6.8,8.33,34.54,0.1282,0,8,34.54,34.54,34.54,0.1282,34.54
1.0,4,6,ワンブランチ,53.0,佐々木大,1:48.9,,3.5,1.0,[東] 上原佑紀,2021101743,202402011110,かもめ島特別｜2024年7月13日 | 競馬データベース - netkeiba,2026-05-20T10:32:06.711972,牝,3,440.0,4.0,1,1,3.2,1.67,34.88,0.2381,0,1,34.88,34.88,34.88,0.2381,34.88
2.0,8,14,アマイ,56.0,永野猛蔵,1:49.0,1,28.6,8.0,[東] 伊藤大士,2020100809,202402011110,かもめ島特別｜2024年7月13日 | 競馬データベース - netkeiba,2026-05-20T10:32:06.711972,牝,4,454.0,2.0,0,1,7.6,7.0,35.34,0.1163,0,7,35.34,35.34,35.34,0.1163,35.34
3.0,2,2,エリダヌス,56.0,丹内祐次,1:49.2,1,32.9,9.0,[東] 青木孝文,2020105760,202402011110,かもめ島特別｜2024年7月13日 | 競馬データベース - netkeiba,2026-05-20T10:32:06.711972,牝,4,492.0,8.0,0,1,9.2,9.0,34.94,0.098,0,13,34.94,34.94,34.94,0.098,34.94
4.0,8,13,ユイ,56.0,亀田温心,1:49.6,2.1/2,80.7,11.0,[西] 高橋康之,2019101645,202402011110,かもめ島特別｜2024年7月13日 | 競馬データベース - netkeiba,2026-05-20T10:32:06.711972,牝,5,456.0,8.0,0,0,6.8,5.67,36.08,0.1282,0,10,36.08,36.08,36.08,0.1282,36.08
5.0,5,8,ピンクジン,56.0,黛弘人,1:49.6,ハナ,22.4,7.0,[東] 南田美知,2020106966,202402011110,かもめ島特別｜2024年7月13日 | 競馬データベース - netkeiba,2026-05-20T10:32:06.711972,牝,4,440.0,0.0,0,0,9.8,10.67,35.26,0.0926,0,14,35.26,35.26,35.26,0.0926,35.26
6.0,1,1,アップトゥミー,56.0,浜中俊,1:49.6,アタマ,9.4,6.0,[東] 国枝栄,2020103641,202402011110,かもめ島特別｜2024年7月13日 | 競馬データベース - netkeiba,2026-05-20T10:32:06.711972,牝,4,500.0,6.0,0,0,6.4,6.0,34.44,0.1351,0,7,34.44,34.44,34.44,0.1351,34.44
7.0,7,11,フェミナフォルテ,56.0,横山和生,1:49.6,クビ,6.2,4.0,[東] 小島茂之,2020103920,202402011110,かもめ島特別｜2024年7月13日 | 競馬データベース - netkeiba,2026-05-20T10:32:06.711972,牝,4,416.0,-4.0,0,0,9.4,11.67,34.74,0.0962,0,11,34.74,34.74,34.74,0.0962,34.74
8.0,3,4,ワレハウミノコ,56.0,武豊,1:49.8,1,9.3,5.0,[西] 武英智,2020102831,202402011110,かもめ島特別｜2024年7月13日 | 競馬データベース - netkeiba,2026-05-20T10:32:06.711972,牝,4,464.0,8.0,0,0,13.4,11.33,37.28,0.0694,0,15,37.28,37.28,37.28,0.0694,37.28
9.0,6,10,エグランタイン,56.0,横山武史,1:50.4,3.1/2,3.6,2.0,[西] 笹田和秀,2019100664,202402011110,かもめ島特別｜2024年7月13日 | 競馬データベース - netkeiba,2026-05-20T10:32:06.711972,牝,5,452.0,4.0,0,0,4.4,3.67,35.38,0.1852,0,6,35.38,35.38,35.38,0.1852,35.38
10.0,6,9,マンクスホップ,56.0,北村友一,1:50.5,クビ,57.7,10.0,[西] 小椋研介,2019104538,202402011110,かもめ島特別｜2024年7月13日 | 競馬データベース - netkeiba,2026-05-20T10:32:06.711972,牝,5,458.0,6.0,0,0,8.8,9.33,35.8,0.102,0,12,35.8,35.8,35.8,0.102,35.8
11.0,7,12,ジェモロジー,56.0,鮫島克駿,1:50.6,1,6.1,3.0,[西] 橋口慎介,2020103560,202402011110,かもめ島特別｜2024年7月13日 | 競馬データベース - netkeiba,2026-05-20T10:32:06.711972,牝,4,504.0,12.0,0,0,9.8,8.67,36.1,0.0926,0,9,36.1,36.1,36.1,0.0926,36.1
12.0,5,7,トゥーテイルズ,56.0,菱田裕二,1:51.5,5,303.3,14.0,[西] 藤原英昭,2020103255,202402011110,かもめ島特別｜2024年7月13日 | 競馬データベース - netkeiba,2026-05-20T10:32:06.711972,牝,4,462.0,2.0,0,0,11.0,9.0,35.32,0.0833,0,12,35.32,35.32,35.32,0.0833,35.32
13.0,4,5,ダノンソフィア,56.0,藤岡佑介,1:51.8,1.3/4,107.6,12.0,[西] 佐々木晶,2019105229,202402011110,かもめ島特別｜2024年7月13日 | 競馬データベース - netkeiba,2026-05-20T10:32:06.711972,牝,5,514.0,8.0,0,0,9.2,10.0,35.56,0.098,0,8,35.56,35.56,35.56,0.098,35.56
14.0,3,3,アレマーナ,56.0,富田暁,1:51.9,1/2,159.5,13.0,[西] 松下武士,2019105391,202402011110,かもめ島特別｜2024年7月13日 | 競馬データベース - netkeiba,2026-05-20T10:32:06.711972,牝,5,506.0,4.0,0,0,11.4,12.0,38.1,0.0806,0,13,38.1,38.1,38.1,0.0806,38.1
1.0,5,7,サトノカルナバル,55.0,佐々木大,1:09.2,,3.4,1.0,[東] 堀宣行,2022105128,202402011111,函館2歳ステークス｜2024年7月13日 | 競馬データベース - netkeiba,2026-05-20T10:32:47.458191,牡,2,496.0,2.0,1,1,9.2,8.67,34.92,0.098,0,5,34.92,34.92,34.92,0.098,34.92
2.0,4,5,ニシノラヴァンダ,55.0,永野猛蔵,1:09.4,1.1/4,10.0,8.0,[東] 奥平雅士,2022102220,202402011111,函館2歳ステークス｜2024年7月13日 | 競馬データベース - netkeiba,2026-05-20T10:32:47.458191,牝,2,420.0,4.0,0,1,10.8,12.0,36.62,0.0847,0,14,36.62,36.62,36.62,0.0847,36.62
3.0,1,1,エンドレスサマー,55.0,横山和生,1:09.4,アタマ,6.2,2.0,[東] 上原佑紀,2022104769,202402011111,函館2歳ステークス｜2024年7月13日 | 競馬データベース - netkeiba,2026-05-20T10:32:47.458191,牡,2,500.0,8.0,0,1,7.0,6.0,35.48,0.125,0,4,35.48,35.48,35.48,0.125,35.48
4.0,8,14,ヤンキーバローズ,55.0,岩田康誠,1:09.5,1/2,8.9,5.0,[西] 上村洋行,2022103051,202402011111,函館2歳ステークス｜2024年7月13日 | 競馬データベース - netkeiba,2026-05-20T10:32:47.458191,牡,2,466.0,-4.0,0,0,7.75,6.5,33.82,0.1143,0,7,33.82,33.82,33.82,0.1143,33.82
5.0,6,10,カルプスペルシュ,55.0,鮫島克駿,1:09.5,クビ,7.0,4.0,[西] 石坂公一,2022104960,202402011111,函館2歳ステークス｜2024年7月13日 | 競馬データベース - netkeiba,2026-05-20T10:32:47.458191,牝,2,452.0,4.0,0,0,4.8,6.67,33.9,0.1724,0,11,33.9,33.9,33.9,0.1724,33.9
6.0,3,3,リリーフィールド,55.0,武豊,1:09.7,1,9.5,6.0,[西] 小崎憲,2022105718,202402011111,函館2歳ステークス｜2024年7月13日 | 競馬データベース - netkeiba,2026-05-20T10:32:47.458191,牝,2,428.0,-8.0,0,0,6.0,6.33,34.8,0.1429,0,6,34.8,34.8,34.8,0.1429,34.8
7.0,4,6,モズナナスター,55.0,菱田裕二,1:09.8,1,97.3,12.0,[西] 矢作芳人,2022100490,202402011111,函館2歳ステークス｜2024年7月13日 | 競馬データベース - netkeiba,2026-05-20T10:32:47.458191,牝,2,454.0,-10.0,0,0,6.0,7.33,33.54,0.1429,0,9,33.54,33.54,33.54,0.1429,33.54
8.0,2,2,チギリ,55.0,北村友一,1:09.9,クビ,28.9,9.0,[東] 鹿戸雄一,2022105429,202402011111,函館2歳ステークス｜2024年7月13日 | 競馬データベース - netkeiba,2026-05-20T10:32:47.458191,牝,2,456.0,-2.0,0,0,3.6,2.67,37.58,0.2174,0,1,37.58,37.58,37.58,0.2174,37.58
9.0,6,9,ヴーレヴー,55.0,浜中俊,1:09.9,ハナ,9.7,7.0,[西] 武幸四郎,2022104617,202402011111,函館2歳ステークス｜2024年7月13日 | 競馬データベース - netkeiba,2026-05-20T10:32:47.458191,牝,2,468.0,2.0,0,0,12.0,13.0,36.98,0.0769,0,16,36.98,36.98,36.98,0.0769,36.98
10.0,8,13,エメラヴィ,55.0,横山武史,1:10.0,クビ,6.8,3.0,[西] 松永幹夫,2022100135,202402011111,函館2歳ステークス｜2024年7月13日 | 競馬データベース - netkeiba,2026-05-20T10:32:47.458191,牝,2,450.0,10.0,0,0,5.4,4.67,35.78,0.1562,0,1,35.78,35.78,35.78,0.1562,35.78
11.0,3,4,ヒデノブルースカイ,55.0,高杉吏麒,1:10.2,1.1/4,45.9,10.0,[西] 梅田智之,2022100837,202402011111,函館2歳ステークス｜2024年7月13日 | 競馬データベース - netkeiba,2026-05-20T10:32:47.458191,牡,2,420.0,0.0,0,0,5.8,5.0,41.92,0.1471,0,1,41.92,41.92,41.92,0.1471,41.92
12.0,7,11,シュードタキライト,55.0,丹内祐次,1:10.5,2,84.2,11.0,[東] 菊川正達,2022103509,202402011111,函館2歳ステークス｜2024年7月13日 | 競馬データベース - netkeiba,2026-05-20T10:32:47.458191,牡,2,476.0,-2.0,0,0,8.2,6.0,35.32,0.1087,0,3,35.32,35.32,35.32,0.1087,35.32
13.0,5,8,ラインパシオン,55.0,大江原比,1:11.0,3,209.1,14.0,[東] 水野貴広,2022106190,202402011111,函館2歳ステークス｜2024年7月13日 | 競馬データベース - netkeiba,2026-05-20T10:32:47.458191,牝,2,394.0,-4.0,0,0,9.8,8.67,34.92,0.0926,0,13,34.92,34.92,34.92,0.0926,34.92
14.0,7,12,オカメノコイ,55.0,藤岡佑介,1:13.8,大,131.6,13.0,[東] 小笠倫弘,2022106698,202402011111,函館2歳ステークス｜2024年7月13日 | 競馬データベース - netkeiba,2026-05-20T10:32:47.458191,牝,2,452.0,4.0,0,0,11.0,9.0,37.44,0.0833,0,13,37.44,37.44,37.44,0.0833,37.44
1.0,7,11,ハートホイップ,56.0,永野猛蔵,1:10.1,,6.6,5.0,[東] 蛯名利弘,2019106179,202402011112,3歳以上1勝クラス｜2024年7月13日 | 競馬データベース - netkeiba,2026-05-20T10:33:25.762808,牝,5,490.0,2.0,1,1,9.6,11.67,34.3,0.0943,0,5,34.3,34.3,34.3,0.0943,34.3
2.0,6,9,ギルティプレジャー,50.0,高杉吏麒,1:10.2,クビ,10.9,6.0,[西] 寺島良,2021101682,202402011112,3歳以上1勝クラス｜2024年7月13日 | 競馬データベース - netkeiba,2026-05-20T10:33:25.762808,牝,3,434.0,8.0,0,1,8.4,9.67,36.38,0.1064,0,6,36.38,36.38,36.38,0.1064,36.38
3.0,7,10,タガノミア,56.0,武豊,1:10.3,3/4,5.7,3.0,[西] 河内洋,2019100548,202402011112,3歳以上1勝クラス｜2024年7月13日 | 競馬データベース - netkeiba,2026-05-20T10:33:25.762808,牝,5,464.0,8.0,0,1,4.6,4.33,34.58,0.1786,0,4,34.58,34.58,34.58,0.1786,34.58
4.0,4,4,ディージェーサン,53.0,小林勝太,1:10.3,クビ,11.1,7.0,[東] 堀内岳志,2019103517,202402011112,3歳以上1勝クラス｜2024年7月13日 | 競馬データベース - netkeiba,2026-05-20T10:33:25.762808,牝,5,432.0,-6.0,0,0,11.6,13.0,38.3,0.0794,0,9,38.3,38.3,38.3,0.0794,38.3
5.0,6,8,ビッグパレード,56.0,丹内祐次,1:10.3,クビ,4.4,1.0,[東] 伊藤大士,2019101765,202402011112,3歳以上1勝クラス｜2024年7月13日 | 競馬データベース - netkeiba,2026-05-20T10:33:25.762808,牝,5,512.0,2.0,0,0,10.4,15.0,35.14,0.0877,0,17,35.14,35.14,35.14,0.0877,35.14
6.0,5,7,カレンナオトメ,53.0,黛弘人,1:10.4,クビ,14.2,8.0,[東] 小野次郎,2021103325,202402011112,3歳以上1勝クラス｜2024年7月13日 | 競馬データベース - netkeiba,2026-05-20T10:33:25.762808,牝,3,416.0,0.0,0,0,8.4,8.33,35.42,0.1064,0,8,35.42,35.42,35.42,0.1064,35.42
7.0,1,1,オオゾラヒバリ,50.0,長浜鴻緒,1:10.5,1/2,5.1,2.0,[東] 根本康広,2021101793,202402011112,3歳以上1勝クラス｜2024年7月13日 | 競馬データベース - netkeiba,2026-05-20T10:33:25.762808,牝,3,450.0,0.0,0,0,9.2,11.0,36.3,0.098,0,15,36.3,36.3,36.3,0.098,36.3
8.0,4,5,ブルーペクトライト,53.0,川端海翼,1:10.5,ハナ,70.1,11.0,[西] 池添学,2020103556,202402011112,3歳以上1勝クラス｜2024年7月13日 | 競馬データベース - netkeiba,2026-05-20T10:33:25.762808,牝,4,476.0,-4.0,0,0,8.8,9.0,37.82,0.102,0,12,37.82,37.82,37.82,0.102,37.82
9.0,3,3,ダークブロンド,56.0,北村友一,1:10.5,クビ,28.4,10.0,[西] 高橋亮,2020103655,202402011112,3歳以上1勝クラス｜2024年7月13日 | 競馬データベース - netkeiba,2026-05-20T10:33:25.762808,牝,4,432.0,12.0,0,0,9.6,12.33,35.58,0.0943,0,14,35.58,35.58,35.58,0.0943,35.58
10.0,5,6,ジークルーネ,53.0,横山武史,1:10.6,クビ,6.5,4.0,[東] 栗田徹,2021105901,202402011112,3歳以上1勝クラス｜2024年7月13日 | 競馬データベース - netkeiba,2026-05-20T10:33:25.762808,牝,3,462.0,-4.0,0,0,12.6,12.33,37.64,0.0735,0,8,37.64,37.64,37.64,0.0735,37.64
11.0,8,12,インクルードダイヤ,56.0,富田暁,1:10.8,1.1/2,27.5,9.0,[西] 藤野健太,2020103418,202402011112,3歳以上1勝クラス｜2024年7月13日 | 競馬データベース - netkeiba,2026-05-20T10:33:25.762808,牝,4,472.0,14.0,0,0,12.4,13.0,39.46,0.0746,0,12,39.46,39.46,39.46,0.0746,39.46
12.0,2,2,フタバ,52.0,角田大河,1:11.0,3/4,186.0,13.0,[西] 西村真幸,2021102963,202402011112,3歳以上1勝クラス｜2024年7月13日 | 競馬データベース - netkeiba,2026-05-20T10:33:25.762808,牝,3,408.0,-4.0,0,0,9.4,9.33,39.84,0.0962,0,14,39.84,39.84,39.84,0.0962,39.84
13.0,8,13,ロザシアニン,52.0,大江原比,1:11.2,1.1/4,113.9,12.0,[東] 佐藤吉勝,2019100097,202402011112,3歳以上1勝クラス｜2024年7月13日 | 競馬データベース - netkeiba,2026-05-20T10:33:25.762808,牝,5,468.0,-2.0,0,0,11.2,12.0,37.98,0.082,0,13,37.98,37.98,37.98,0.082,37.98
1.0,2,2,ケープウィッカム,55.0,津村明秀,1:46.7,,3.2,1.0,[東] 中舘英二,2021105896,202403020502,3歳未勝利｜2024年7月13日 | 競馬データベース - netkeiba,2026-05-20T10:34:00.134021,牝,3,440.0,-4.0,1,1,5.2,3.0,37.92,0.1613,0,2,37.92,37.92,37.92,0.1613,37.92
2.0,6,11,ペッシ,55.0,松山弘平,1:46.8,3/4,5.3,3.0,[東] 小笠倫弘,2021104634,202403020502,3歳未勝利｜2024年7月13日 | 競馬データベース - netkeiba,2026-05-20T10:34:00.134021,牝,3,470.0,0.0,0,1,3.67,3.67,39.0,0.2141,0,2,39.0,39.0,39.0,0.2141,39.0
3.0,5,9,カレンタクト,55.0,三浦皇成,1:46.9,クビ,5.9,4.0,[東] 田村康仁,2021104128,202403020502,3歳未勝利｜2024年7月13日 | 競馬データベース - netkeiba,2026-05-20T10:34:00.134021,牝,3,496.0,2.0,0,1,5.6,4.67,40.52,0.1515,0,8,40.52,40.52,40.52,0.1515,40.52
4.0,4,6,キョウエイフロイデ,52.0,石田拓郎,1:47.1,1.1/4,17.2,5.0,[東] 中川公成,2021101053,202403020502,3歳未勝利｜2024年7月13日 | 競馬データベース - netkeiba,2026-05-20T10:34:00.134021,牝,3,472.0,2.0,0,0,2.8,1.67,36.62,0.2632,0,2,36.62,36.62,36.62,0.2632,36.62
5.0,3,5,ヴェヌーセ,55.0,木幡巧也,1:47.4,1.3/4,18.6,7.0,[東] 蛯名利弘,2021103477,202403020502,3歳未勝利｜2024年7月13日 | 競馬データベース - netkeiba,2026-05-20T10:34:00.134021,牝,3,494.0,0.0,0,0,2.8,3.67,40.34,0.2632,0,5,40.34,40.34,40.34,0.2632,40.34
6.0,8,15,ドナウワルツ,55.0,石川裕紀,1:47.8,2.1/2,33.9,8.0,[東] 手塚貴久,2021105679,202403020502,3歳未勝利｜2024年7月13日 | 競馬データベース - netkeiba,2026-05-20T10:34:00.134021,牝,3,474.0,2.0,0,0,7.75,7.67,38.02,0.1143,0,6,38.02,38.02,38.02,0.1143,38.02
7.0,7,12,ルージュベルベット,55.0,菅原明良,1:48.0,1.1/4,3.4,2.0,[東] 黒岩陽一,2021105749,202403020502,3歳未勝利｜2024年7月13日 | 競馬データベース - netkeiba,2026-05-20T10:34:00.134021,牝,3,414.0,-10.0,0,0,7.4,6.0,36.62,0.119,0,2,36.62,36.62,36.62,0.119,36.62
8.0,7,13,ディヴァイネスト,55.0,菊沢一樹,1:48.0,クビ,36.0,9.0,[東] 勢司和浩,2021105816,202403020502,3歳未勝利｜2024年7月13日 | 競馬データベース - netkeiba,2026-05-20T10:34:00.134021,牝,3,426.0,-14.0,0,0,8.6,10.67,36.1,0.1042,0,7,36.1,36.1,36.1,0.1042,36.1
9.0,2,3,モディリアーニ,55.0,戸崎圭太,1:48.0,アタマ,17.8,6.0,[東] 萩原清,2021105346,202403020502,3歳未勝利｜2024年7月13日 | 競馬データベース - netkeiba,2026-05-20T10:34:00.134021,牝,3,490.0,-6.0,0,0,4.6,3.67,38.46,0.1786,0,5,38.46,38.46,38.46,0.1786,38.46
10.0,1,1,アグリアス,54.0,原優介,1:48.2,1,166.6,14.0,[東] 矢嶋大樹,2021105672,202403020502,3歳未勝利｜2024年7月13日 | 競馬データベース - netkeiba,2026-05-20T10:34:00.134021,牝,3,460.0,8.0,0,0,6.4,6.33,40.38,0.1351,0,7,40.38,40.38,40.38,0.1351,40.38
11.0,4,7,クーデピンヌ,55.0,柴田大知,1:48.3,1/2,145.6,13.0,[東] 和田雄二,2021101317,202403020502,3歳未勝利｜2024年7月13日 | 競馬データベース - netkeiba,2026-05-20T10:34:00.134021,牝,3,474.0,-6.0,0,0,11.2,11.67,38.96,0.082,0,17,38.96,38.96,38.96,0.082,38.96
12.0,5,8,ヒロインコール,55.0,杉原誠人,1:48.6,2,210.5,15.0,[東] 清水英克,2021103817,202403020502,3歳未勝利｜2024年7月13日 | 競馬データベース - netkeiba,2026-05-20T10:34:00.134021,牝,3,456.0,-12.0,0,0,5.4,5.67,39.54,0.1562,0,7,39.54,39.54,39.54,0.1562,39.54
13.0,8,14,エピックストーリー,54.0,横山琉人,1:50.8,大,63.9,11.0,[東] 金成貴史,2021104863,202403020502,3歳未勝利｜2024年7月13日 | 競馬データベース - netkeiba,2026-05-20T10:34:00.134021,牝,3,504.0,-4.0,0,0,9.5,11.0,40.42,0.0952,0,13,40.42,40.42,40.42,0.0952,40.42
14.0,3,4,アジャスト,53.0,藤田菜七,1:51.1,1.3/4,42.6,10.0,[東] 尾関知人,2021107059,202403020502,3歳未勝利｜2024年7月13日 | 競馬データベース - netkeiba,2026-05-20T10:34:00.134021,牝,3,376.0,14.0,0,0,11.67,11.67,38.0,0.0789,0,14,38.0,38.0,38.0,0.0789,38.0
15.0,6,10,シトリンクォーツ,54.0,小沢大仁,1:51.3,1.1/4,71.1,12.0,[東] 武井亮,2021105080,202403020502,3歳未勝利｜2024年7月13日 | 競馬データベース - netkeiba,2026-05-20T10:34:00.134021,牝,3,448.0,-4.0,0,0,12.33,12.33,39.4,0.075,0,15,39.4,39.4,39.4,0.075,39.4
1.0,8,15,シャドウルパン,57.0,松山弘平,1:46.3,,10.2,4.0,[東] 斎藤誠,2021104797,202403020503,3歳未勝利｜2024年7月13日 | 競馬データベース - netkeiba,2026-05-20T10:34:46.195238,牡,3,496.0,0.0,1,1,4.6,4.0,39.72,0.1786,0,5,39.72,39.72,39.72,0.1786,39.72
2.0,4,6,メインストリーム,57.0,三浦皇成,1:47.6,8,19.2,7.0,[東] 尾関知人,2021106609,202403020503,3歳未勝利｜2024年7月13日 | 競馬データベース - netkeiba,2026-05-20T10:34:46.195238,牡,3,476.0,-6.0,0,1,4.0,3.33,38.44,0.2,0,5,38.44,38.44,38.44,0.2,38.44
3.0,6,11,ダノンストラーダ,57.0,菅原明良,1:47.6,クビ,1.9,1.0,[東] 国枝栄,2021104763,202403020503,3歳未勝利｜2024年7月13日 | 競馬データベース - netkeiba,2026-05-20T10:34:46.195238,牡,3,512.0,2.0,0,1,6.8,9.0,39.3,0.1282,0,13,39.3,39.3,39.3,0.1282,39.3
4.0,2,3,ルルフィーユ,54.0,原優介,1:47.7,1/2,5.7,3.0,[東] 伊藤大士,2021102894,202403020503,3歳未勝利｜2024年7月13日 | 競馬データベース - netkeiba,2026-05-20T10:34:46.195238,牝,3,448.0,-2.0,0,0,7.2,11.0,38.3,0.122,0,9,38.3,38.3,38.3,0.122,38.3
5.0,3,4,ペンタクン,57.0,菊沢一樹,1:48.0,1.3/4,29.6,8.0,[東] 鈴木慎太,2021101564,202403020503,3歳未勝利｜2024年7月13日 | 競馬データベース - netkeiba,2026-05-20T10:34:46.195238,牡,3,512.0,-8.0,0,0,6.5,5.67,39.15,0.1333,0,8,39.15,39.15,39.15,0.1333,39.15
6.0,5,9,スグラフィート,57.0,津村明秀,1:48.7,4,86.0,12.0,[東] 牧光二,2021104127,202403020503,3歳未勝利｜2024年7月13日 | 競馬データベース - netkeiba,2026-05-20T10:34:46.195238,牡,3,490.0,-8.0,0,0,3.2,4.0,38.48,0.2381,0,3,38.48,38.48,38.48,0.2381,38.48
7.0,3,5,アイビーサムライオ,57.0,木幡巧也,1:49.0,1.1/2,18.0,6.0,[東] 牧光二,2021100740,202403020503,3歳未勝利｜2024年7月13日 | 競馬データベース - netkeiba,2026-05-20T10:34:46.195238,牡,3,508.0,0.0,0,0,1.6,2.0,39.16,0.3846,0,4,39.16,39.16,39.16,0.3846,39.16
8.0,4,7,タマディープ,56.0,横山琉人,1:49.2,1.1/2,294.4,15.0,[東] 相沢郁,2021102302,202403020503,3歳未勝利｜2024年7月13日 | 競馬データベース - netkeiba,2026-05-20T10:34:46.195238,牡,3,458.0,0.0,0,0,10.0,10.0,39.5,0.0909,0,14,39.5,39.5,39.5,0.0909,39.5
9.0,8,14,グラスフェロー,57.0,柴田善臣,1:49.3,1/2,15.8,5.0,[東] 佐藤吉勝,2021103906,202403020503,3歳未勝利｜2024年7月13日 | 競馬データベース - netkeiba,2026-05-20T10:34:46.195238,セ,3,452.0,2.0,0,0,5.8,5.33,41.74,0.1471,0,6,41.74,41.74,41.74,0.1471,41.74
10.0,7,12,オセアハートマン,57.0,野中悠太,1:49.5,1.1/4,113.4,13.0,[東] 辻哲英,2021101569,202403020503,3歳未勝利｜2024年7月13日 | 競馬データベース - netkeiba,2026-05-20T10:34:46.195238,牡,3,506.0,8.0,0,0,5.0,6.0,41.5,0.1667,0,12,41.5,41.5,41.5,0.1667,41.5
11.0,1,1,ライーナシェリー,54.0,小沢大仁,1:49.5,ハナ,71.1,11.0,[東] 伊坂重信,2021100033,202403020503,3歳未勝利｜2024年7月13日 | 競馬データベース - netkeiba,2026-05-20T10:34:46.195238,牝,3,464.0,2.0,0,0,8.75,9.0,40.67,0.1026,0,9,40.67,40.67,40.67,0.1026,40.67
12.0,2,2,ムーンヘイロー,57.0,石橋脩,1:49.7,1,65.7,9.0,[東] 和田勇介,2021107321,202403020503,3歳未勝利｜2024年7月13日 | 競馬データベース - netkeiba,2026-05-20T10:34:46.195238,牡,3,510.0,-8.0,0,0,3.6,5.0,42.18,0.2174,0,4,42.18,42.18,42.18,0.2174,42.18
13.0,7,13,ルミナスアイ,54.0,石田拓郎,1:50.2,3,183.4,14.0,[東] 大和田成,2021109176,202403020503,3歳未勝利｜2024年7月13日 | 競馬データベース - netkeiba,2026-05-20T10:34:46.195238,セ,3,454.0,6.0,0,0,7.75,7.0,40.23,0.1143,0,4,40.23,40.23,40.23,0.1143,40.23
14.0,6,10,ピュアバブル,53.0,藤田菜七,1:50.6,2,70.4,10.0,[東] 奥村武,2021103829,202403020503,3歳未勝利｜2024年7月13日 | 競馬データベース - netkeiba,2026-05-20T10:34:46.195238,牝,3,444.0,6.0,0,0,8.0,8.33,40.64,0.1111,0,12,40.64,40.64,40.64,0.1111,40.64
15.0,5,8,ホウオウラムセス,57.0,田辺裕信,1:52.3,10,5.6,2.0,[東] 栗田徹,2021103487,202403020503,3歳未勝利｜2024年7月13日 | 競馬データベース - netkeiba,2026-05-20T10:34:46.195238,牡,3,502.0,0.0,0,0,9.2,6.67,40.76,0.098,0,3,40.76,40.76,40.76,0.098,40.76
1.0,2,2,ニシノルプ,55.0,津村明秀,1:51.7,,6.1,3.0,[東] 武市康男,2022104069,202403020505,2歳新馬｜2024年7月13日 | 競馬データベース - netkeiba,2026-05-20T10:35:32.842301,牡,2,482.0,0.0,1,1,1.0,1.0,36.0,0.5,0,1,36.0,36.0,36.0,0.5,36.0
2.0,3,3,タキノボリ,55.0,木幡巧也,1:51.8,クビ,109.0,10.0,[東] 勢司和浩,2022100320,202403020505,2歳新馬｜2024年7月13日 | 競馬データベース - netkeiba,2026-05-20T10:35:32.842301,牡,2,454.0,0.0,0,1,8.4,10.0,38.28,0.1064,0,12,38.28,38.28,38.28,0.1064,38.28
3.0,5,5,レッドソニード,55.0,菅原明良,1:52.4,4,9.9,4.0,[東] 嘉藤貴行,2022105403,202403020505,2歳新馬｜2024年7月13日 | 競馬データベース - netkeiba,2026-05-20T10:35:32.842301,牡,2,488.0,0.0,0,1,6.0,6.5,38.12,0.1429,0,11,38.12,38.12,38.12,0.1429,38.12
4.0,4,4,ルラクソント,55.0,石橋脩,1:52.6,1,43.3,7.0,[東] 中川公成,2022106795,202403020505,2歳新馬｜2024年7月13日 | 競馬データベース - netkeiba,2026-05-20T10:35:32.842301,牡,2,462.0,0.0,0,0,4.8,4.33,39.12,0.1724,0,3,39.12,39.12,39.12,0.1724,39.12
5.0,6,6,マックスキュー,55.0,戸崎圭太,1:52.7,クビ,1.5,1.0,[東] 鹿戸雄一,2022104639,202403020505,2歳新馬｜2024年7月13日 | 競馬データベース - netkeiba,2026-05-20T10:35:32.842301,牡,2,460.0,0.0,0,0,2.2,2.67,36.72,0.3125,0,2,36.72,36.72,36.72,0.3125,36.72
6.0,7,7,ガジュノリホワイト,55.0,石川裕紀,1:52.7,クビ,27.6,6.0,[東] 尾形和幸,2022101730,202403020505,2歳新馬｜2024年7月13日 | 競馬データベース - netkeiba,2026-05-20T10:35:32.842301,牡,2,454.0,0.0,0,0,2.6,3.33,39.16,0.2778,0,1,39.16,39.16,39.16,0.2778,39.16
7.0,1,1,エファルジェント,54.0,原優介,1:52.8,1/2,86.5,9.0,[東] 堀内岳志,2022103419,202403020505,2歳新馬｜2024年7月13日 | 競馬データベース - netkeiba,2026-05-20T10:35:32.842301,牝,2,426.0,0.0,0,0,6.2,7.0,40.54,0.1389,0,6,40.54,40.54,40.54,0.1389,40.54
8.0,8,9,ニシノキヨハ,55.0,三浦皇成,1:53.8,6,57.2,8.0,[東] 千葉直人,2022105239,202403020505,2歳新馬｜2024年7月13日 | 競馬データベース - netkeiba,2026-05-20T10:35:32.842301,牝,2,416.0,0.0,0,0,5.2,5.67,40.16,0.1613,0,4,40.16,40.16,40.16,0.1613,40.16
9.0,7,8,ケアンズ,55.0,丸山元気,1:54.2,2.1/2,14.5,5.0,[東] 武藤善則,2022106790,202403020505,2歳新馬｜2024年7月13日 | 競馬データベース - netkeiba,2026-05-20T10:35:32.842301,牡,2,464.0,0.0,0,0,6.2,5.0,37.58,0.1389,0,1,37.58,37.58,37.58,0.1389,37.58
10.0,8,10,サウンドパルム,55.0,松山弘平,1:54.5,1.3/4,6.0,2.0,[西] 安達昭夫,2022105332,202403020505,2歳新馬｜2024年7月13日 | 競馬データベース - netkeiba,2026-05-20T10:35:32.842301,牝,2,462.0,0.0,0,0,8.33,8.33,41.2,0.1072,0,8,41.2,41.2,41.2,0.1072,41.2
1.0,3,3,キタノクニカラ,55.0,杉原誠人,1:10.5,,9.4,5.0,[東] 小島茂之,2022103316,202403020506,2歳新馬｜2024年7月13日 | 競馬データベース - netkeiba,2026-05-20T10:35:59.908836,牝,2,400.0,0.0,1,1,9.4,8.33,35.46,0.0962,0,5,35.46,35.46,35.46,0.0962,35.46
2.0,4,4,ルチアーナ,55.0,戸崎圭太,1:10.5,クビ,3.0,1.0,[東] 小笠倫弘,2022103584,202403020506,2歳新馬｜2024年7月13日 | 競馬データベース - netkeiba,2026-05-20T10:35:59.908836,牝,2,438.0,0.0,0,1,7.0,9.33,36.92,0.125,0,8,36.92,36.92,36.92,0.125,36.92
3.0,5,5,リュウノヒルド,55.0,菊沢一樹,1:10.7,1.1/4,17.1,7.0,[東] 伊坂重信,2022107028,202403020506,2歳新馬｜2024年7月13日 | 競馬データベース - netkeiba,2026-05-20T10:35:59.908836,牝,2,438.0,0.0,0,1,7.2,5.33,39.38,0.122,0,1,39.38,39.38,39.38,0.122,39.38
4.0,8,8,ハイタッチマドンナ,55.0,嶋田純次,1:10.8,1/2,3.8,2.0,[東] 矢嶋大樹,2022102811,202403020506,2歳新馬｜2024年7月13日 | 競馬データベース - netkeiba,2026-05-20T10:35:59.908836,牝,2,426.0,0.0,0,0,7.4,6.67,40.06,0.119,0,9,40.06,40.06,40.06,0.119,40.06
5.0,6,6,イオリ,55.0,菅原明良,1:11.2,2,4.0,3.0,[東] 伊藤圭三,2022103561,202403020506,2歳新馬｜2024年7月13日 | 競馬データベース - netkeiba,2026-05-20T10:35:59.908836,牝,2,428.0,0.0,0,0,5.4,6.67,39.78,0.1562,0,8,39.78,39.78,39.78,0.1562,39.78
6.0,2,2,クリアクォーツ,55.0,津村明秀,1:11.3,1,6.7,4.0,[東] 岩戸孝樹,2022101587,202403020506,2歳新馬｜2024年7月13日 | 競馬データベース - netkeiba,2026-05-20T10:35:59.908836,牡,2,460.0,0.0,0,0,7.2,9.67,0.0,0.122,0,10,0.0,0.0,0.0,0.122,0.0
7.0,7,7,ドラゴンムスメ,52.0,石神深道,1:11.8,3,80.4,8.0,[東] 和田雄二,2022103568,202403020506,2歳新馬｜2024年7月13日 | 競馬データベース - netkeiba,2026-05-20T10:35:59.908836,牝,2,418.0,0.0,0,0,0.0,0.0,0.0,0.0,0,0,0.0,0.0,0.0,0.0,0.0
8.0,1,1,シュレン,53.0,藤田菜七,1:13.6,大,11.0,6.0,[東] 千葉直人,2022102380,202403020506,2歳新馬｜2024年7月13日 | 競馬データベース - netkeiba,2026-05-20T10:35:59.908836,牝,2,382.0,0.0,0,0,4.2,4.67,37.16,0.1923,0,5,37.16,37.16,37.16,0.1923,37.16
1.0,4,8,ヨーカイディスコ,53.0,三浦皇成,1:08.1,,6.5,3.0,[東] 斎藤誠,2021101535,202403020507,3歳以上1勝クラス｜2024年7月13日 | 競馬データベース - netkeiba,2026-05-20T10:36:22.084594,牝,3,478.0,-10.0,1,1,10.2,15.0,38.6,0.0893,0,16,38.6,38.6,38.6,0.0893,38.6
2.0,4,7,シークレットヴァウ,55.0,武藤雅,1:08.3,1,4.8,2.0,[東] 武藤善則,2021102413,202403020507,3歳以上1勝クラス｜2024年7月13日 | 競馬データベース - netkeiba,2026-05-20T10:36:22.084594,牡,3,462.0,2.0,0,1,8.6,13.33,37.48,0.1042,0,14,37.48,37.48,37.48,0.1042,37.48
3.0,8,16,クインズポラリス,53.0,吉田豊,1:08.3,アタマ,8.8,4.0,[東] 上原博之,2021102371,202403020507,3歳以上1勝クラス｜2024年7月13日 | 競馬データベース - netkeiba,2026-05-20T10:36:22.084594,牝,3,480.0,-4.0,0,1,5.8,5.0,37.18,0.1471,0,9,37.18,37.18,37.18,0.1471,37.18
4.0,7,13,コウユーユメノヨウ,53.0,津村明秀,1:08.4,3/4,20.3,6.0,[東] 竹内正洋,2021101194,202403020507,3歳以上1勝クラス｜2024年7月13日 | 競馬データベース - netkeiba,2026-05-20T10:36:22.084594,牝,3,448.0,0.0,0,0,8.8,7.67,37.28,0.102,0,9,37.28,37.28,37.28,0.102,37.28
5.0,1,2,タイセイピューマ,52.0,石田拓郎,1:08.5,1/2,24.8,7.0,[東] 新開幸一,2021106119,202403020507,3歳以上1勝クラス｜2024年7月13日 | 競馬データベース - netkeiba,2026-05-20T10:36:22.084594,牡,3,470.0,0.0,0,0,5.2,7.0,36.54,0.1613,0,8,36.54,36.54,36.54,0.1613,36.54
6.0,6,11,オーサムデアラー,58.0,田辺裕信,1:08.5,アタマ,70.2,12.0,[東] 上原博之,2020102952,202403020507,3歳以上1勝クラス｜2024年7月13日 | 競馬データベース - netkeiba,2026-05-20T10:36:22.084594,牡,4,494.0,-4.0,0,0,8.8,9.0,36.46,0.102,0,10,36.46,36.46,36.46,0.102,36.46
7.0,6,12,パレスドフィーヌ,53.0,戸崎圭太,1:08.6,アタマ,2.0,1.0,[東] 鈴木慎太,2021105373,202403020507,3歳以上1勝クラス｜2024年7月13日 | 競馬データベース - netkeiba,2026-05-20T10:36:22.084594,牝,3,486.0,-2.0,0,0,8.4,9.0,35.32,0.1064,0,6,35.32,35.32,35.32,0.1064,35.32
8.0,2,3,ショウナンハクウン,58.0,内田博幸,1:08.6,ハナ,69.3,10.0,[東] 大竹正博,2020103670,202403020507,3歳以上1勝クラス｜2024年7月13日 | 競馬データベース - netkeiba,2026-05-20T10:36:22.084594,牡,4,510.0,0.0,0,0,6.4,8.0,36.72,0.1351,0,10,36.72,36.72,36.72,0.1351,36.72
9.0,3,6,セキテイオー,58.0,Ｍ．デム,1:08.6,アタマ,15.8,5.0,[東] 田中剛,2019101351,202403020507,3歳以上1勝クラス｜2024年7月13日 | 競馬データベース - netkeiba,2026-05-20T10:36:22.084594,牡,5,472.0,-2.0,0,0,7.4,4.67,37.6,0.119,0,4,37.6,37.6,37.6,0.119,37.6
10.0,1,1,レジーナローズ,56.0,菊沢一樹,1:08.6,ハナ,26.2,8.0,[東] 鈴木慎太,2020104174,202403020507,3歳以上1勝クラス｜2024年7月13日 | 競馬データベース - netkeiba,2026-05-20T10:36:22.084594,牝,4,438.0,-2.0,0,0,4.8,5.33,33.94,0.1724,0,1,33.94,33.94,33.94,0.1724,33.94
11.0,3,5,クイーンアポーン,56.0,丸山元気,1:08.8,1,109.4,16.0,[東] 土田稔,2019104128,202403020507,3歳以上1勝クラス｜2024年7月13日 | 競馬データベース - netkeiba,2026-05-20T10:36:22.084594,牝,5,462.0,4.0,0,0,8.6,9.67,37.4,0.1042,0,9,37.4,37.4,37.4,0.1042,37.4
12.0,5,9,キャンドルベリー,56.0,柴田善臣,1:08.9,3/4,100.1,15.0,[東] 千葉直人,2019101644,202403020507,3歳以上1勝クラス｜2024年7月13日 | 競馬データベース - netkeiba,2026-05-20T10:36:22.084594,牝,5,432.0,4.0,0,0,6.0,6.0,39.34,0.1429,0,9,39.34,39.34,39.34,0.1429,39.34
13.0,7,14,アシセバイラ,53.0,杉原誠人,1:09.1,1,82.1,13.0,[東] 辻哲英,2021104896,202403020507,3歳以上1勝クラス｜2024年7月13日 | 競馬データベース - netkeiba,2026-05-20T10:36:22.084594,牝,3,484.0,-8.0,0,0,3.8,4.0,38.2,0.2083,0,2,38.2,38.2,38.2,0.2083,38.2
14.0,5,10,チェイスザウェイ,54.0,小林脩斗,1:09.2,1/2,93.2,14.0,[東] 伊藤圭三,2020104111,202403020507,3歳以上1勝クラス｜2024年7月13日 | 競馬データベース - netkeiba,2026-05-20T10:36:22.084594,牝,4,472.0,6.0,0,0,11.2,13.0,39.86,0.082,0,14,39.86,39.86,39.86,0.082,39.86
15.0,2,4,カフェブルーム,56.0,松山弘平,1:09.5,1.3/4,61.6,9.0,[東] 堀宣行,2020103552,202403020507,3歳以上1勝クラス｜2024年7月13日 | 競馬データベース - netkeiba,2026-05-20T10:36:22.084594,牝,4,480.0,10.0,0,0,9.4,11.67,38.1,0.0962,0,7,38.1,38.1,38.1,0.0962,38.1
16.0,8,15,トニーテソーロ,55.0,木幡巧也,1:10.3,5,69.8,11.0,[東] 畠山吉宏,2021106033,202403020507,3歳以上1勝クラス｜2024年7月13日 | 競馬データベース - netkeiba,2026-05-20T10:36:22.084594,牡,3,472.0,-8.0,0,0,1.2,1.33,39.3,0.4545,0,1,39.3,39.3,39.3,0.4545,39.3
1.0,8,15,シークレットイスラ,56.0,横山琉人,1:49.1,,107.5,14.0,[東] 辻哲英,2021106118,202403020508,3歳未勝利｜2024年7月13日 | 競馬データベース - netkeiba,2026-05-20T10:37:08.728459,牡,3,450.0,12.0,1,1,13.8,12.67,38.46,0.0676,0,13,38.46,38.46,38.46,0.0676,38.46
2.0,5,10,カンデラリア,57.0,菅原明良,1:49.4,1.3/4,5.1,2.0,[東] 宗像義忠,2021105099,202403020508,3歳未勝利｜2024年7月13日 | 競馬データベース - netkeiba,2026-05-20T10:37:08.728459,牡,3,490.0,-4.0,0,1,4.6,3.33,39.56,0.1786,0,2,39.56,39.56,39.56,0.1786,39.56
3.0,7,13,リュケイオン,57.0,戸崎圭太,1:49.6,3/4,2.1,1.0,[東] 奥村武,2021105853,202403020508,3歳未勝利｜2024年7月13日 | 競馬データベース - netkeiba,2026-05-20T10:37:08.728459,牡,3,424.0,-4.0,0,1,4.6,6.33,36.08,0.1786,0,11,36.08,36.08,36.08,0.1786,36.08
4.0,1,1,アンドローゼス,55.0,杉原誠人,1:49.6,ハナ,29.1,8.0,[東] 加藤士津,2021105911,202403020508,3歳未勝利｜2024年7月13日 | 競馬データベース - netkeiba,2026-05-20T10:37:08.728459,牝,3,442.0,-2.0,0,0,9.8,12.67,35.46,0.0926,0,12,35.46,35.46,35.46,0.0926,35.46
5.0,6,12,セイウンアーテル,57.0,内田博幸,1:49.9,2,66.6,11.0,[東] 古賀慎明,2021101148,202403020508,3歳未勝利｜2024年7月13日 | 競馬データベース - netkeiba,2026-05-20T10:37:08.728459,牡,3,456.0,-4.0,0,0,1.8,1.67,38.54,0.3571,0,2,38.54,38.54,38.54,0.3571,38.54
6.0,6,11,ムージャン,55.0,菊沢一樹,1:49.9,ハナ,335.9,16.0,[東] 小手川準,2021100927,202403020508,3歳未勝利｜2024年7月13日 | 競馬データベース - netkeiba,2026-05-20T10:37:08.728459,牝,3,432.0,0.0,0,0,6.0,5.0,39.56,0.1429,0,9,39.56,39.56,39.56,0.1429,39.56
7.0,2,4,ファーストメイト,57.0,柴田大知,1:50.0,1/2,25.8,7.0,[東] 金成貴史,2021106798,202403020508,3歳未勝利｜2024年7月13日 | 競馬データベース - netkeiba,2026-05-20T10:37:08.728459,牡,3,476.0,4.0,0,0,4.2,4.0,38.68,0.1923,0,6,38.68,38.68,38.68,0.1923,38.68
8.0,3,6,パルファンドリス,56.0,原優介,1:50.2,1,7.2,4.0,[東] 黒岩陽一,2021104892,202403020508,3歳未勝利｜2024年7月13日 | 競馬データベース - netkeiba,2026-05-20T10:37:08.728459,セ,3,476.0,0.0,0,0,8.0,8.0,35.5,0.1111,0,8,35.5,35.5,35.5,0.1111,35.5
9.0,2,3,ナムラドーギー,57.0,丸田恭介,1:50.2,アタマ,106.1,13.0,[東] 石栗龍彦,2021104267,202403020508,3歳未勝利｜2024年7月13日 | 競馬データベース - netkeiba,2026-05-20T10:37:08.728459,牡,3,436.0,-2.0,0,0,6.0,6.67,0.0,0.1429,0,4,0.0,0.0,0.0,0.1429,0.0
10.0,8,16,バードオブハピネス,54.0,小沢大仁,1:50.3,3/4,161.9,15.0,[東] 本間忍,2021100769,202403020508,3歳未勝利｜2024年7月13日 | 競馬データベース - netkeiba,2026-05-20T10:37:08.728459,牝,3,434.0,-10.0,0,0,0.0,0.0,0.0,0.0,0,0,0.0,0.0,0.0,0.0,0.0
11.0,4,8,レコレクション,55.0,木幡巧也,1:50.8,3,73.9,12.0,[東] 本間忍,2021102525,202403020508,3歳未勝利｜2024年7月13日 | 競馬データベース - netkeiba,2026-05-20T10:37:08.728459,牝,3,476.0,-6.0,0,0,11.0,11.0,39.03,0.0833,0,14,39.03,39.03,39.03,0.0833,39.03
12.0,4,7,デルマプラクリティ,57.0,的場勇人,1:51.4,3.1/2,15.9,5.0,[東] 的場均,2021101985,202403020508,3歳未勝利｜2024年7月13日 | 競馬データベース - netkeiba,2026-05-20T10:37:08.728459,牡,3,460.0,0.0,0,0,7.8,9.33,41.58,0.1136,0,10,41.58,41.58,41.58,0.1136,41.58
13.0,5,9,ホウオウバローロ,57.0,田辺裕信,1:51.4,クビ,5.7,3.0,[東] 奥村武,2021105772,202403020508,3歳未勝利｜2024年7月13日 | 競馬データベース - netkeiba,2026-05-20T10:37:08.728459,牡,3,458.0,-2.0,0,0,4.8,4.67,38.74,0.1724,0,8,38.74,38.74,38.74,0.1724,38.74
14.0,7,14,ショーヴェサル,55.0,津村明秀,1:52.1,4,23.8,6.0,[東] 鈴木伸尋,2021103911,202403020508,3歳未勝利｜2024年7月13日 | 競馬データベース - netkeiba,2026-05-20T10:37:08.728459,牝,3,416.0,-16.0,0,0,8.4,10.0,40.74,0.1064,0,12,40.74,40.74,40.74,0.1064,40.74
15.0,3,5,グランドフォレスト,57.0,野中悠太,1:52.1,ハナ,64.1,10.0,[東] 岩戸孝樹,2021103651,202403020508,3歳未勝利｜2024年7月13日 | 競馬データベース - netkeiba,2026-05-20T10:37:08.728459,牡,3,462.0,-4.0,0,0,7.0,10.33,40.04,0.125,0,14,40.04,40.04,40.04,0.125,40.04
16.0,1,2,ヴェルディール,57.0,伊藤工真,1:52.6,3,52.0,9.0,[東] 林徹,2021105657,202403020508,3歳未勝利｜2024年7月13日 | 競馬データベース - netkeiba,2026-05-20T10:37:08.728459,牡,3,552.0,0.0,0,0,2.6,3.0,40.12,0.2778,0,3,40.12,40.12,40.12,0.2778,40.12
1.0,6,12,トーセンエスクード,57.0,三浦皇成,1:08.2,,4.1,1.0,[東] 菊沢隆徳,2020102488,202403020509,郡山特別｜2024年7月13日 | 競馬データベース - netkeiba,2026-05-20T10:37:57.313560,牡,4,438.0,-2.0,1,1,2.6,2.67,34.26,0.2778,0,3,34.26,34.26,34.26,0.2778,34.26
2.0,8,15,ステイトダイアデム,55.0,戸崎圭太,1:08.3,1,4.8,2.0,[東] 和田正一,2019105175,202403020509,郡山特別｜2024年7月13日 | 競馬データベース - netkeiba,2026-05-20T10:37:57.313560,牝,5,472.0,-6.0,0,1,6.4,8.33,35.08,0.1351,0,13,35.08,35.08,35.08,0.1351,35.08
3.0,2,3,アイヲツグモノ,54.0,菊沢一樹,1:08.9,3.1/2,5.8,3.0,[西] 牧浦充徳,2020101378,202403020509,郡山特別｜2024年7月13日 | 競馬データベース - netkeiba,2026-05-20T10:37:57.313560,牝,4,496.0,10.0,0,1,9.2,11.33,34.74,0.098,0,10,34.74,34.74,34.74,0.098,34.74
4.0,5,10,ハピネスアゲン,54.0,丸山元気,1:09.0,クビ,9.1,5.0,[東] 萱野浩二,2019103897,202403020509,郡山特別｜2024年7月13日 | 競馬データベース - netkeiba,2026-05-20T10:37:57.313560,牝,5,456.0,2.0,0,0,11.4,13.0,34.74,0.0806,0,16,34.74,34.74,34.74,0.0806,34.74
5.0,2,4,ヨール,54.0,菅原明良,1:09.4,2.1/2,18.8,8.0,[東] 手塚貴久,2019101270,202403020509,郡山特別｜2024年7月13日 | 競馬データベース - netkeiba,2026-05-20T10:37:57.313560,牝,5,444.0,-4.0,0,0,7.0,6.33,34.46,0.125,0,8,34.46,34.46,34.46,0.125,34.46
6.0,1,1,プレジールミノル,56.0,吉田豊,1:09.4,クビ,70.7,13.0,[西] 北出成人,2018104322,202403020509,郡山特別｜2024年7月13日 | 競馬データベース - netkeiba,2026-05-20T10:37:57.313560,牡,6,486.0,-2.0,0,0,8.0,8.67,41.04,0.1111,0,8,41.04,41.04,41.04,0.1111,41.04
7.0,3,6,マルプリ,52.0,原優介,1:09.5,クビ,42.4,10.0,[東] 青木孝文,2020104983,202403020509,郡山特別｜2024年7月13日 | 競馬データベース - netkeiba,2026-05-20T10:37:57.313560,牝,4,458.0,-6.0,0,0,11.0,10.67,33.92,0.0833,0,10,33.92,33.92,33.92,0.0833,33.92
8.0,3,5,テセラリアン,52.0,木幡巧也,1:09.6,3/4,9.8,6.0,[東] 鈴木慎太,2021100338,202403020509,郡山特別｜2024年7月13日 | 競馬データベース - netkeiba,2026-05-20T10:37:57.313560,牝,3,432.0,-2.0,0,0,6.2,5.33,36.64,0.1389,0,6,36.64,36.64,36.64,0.1389,36.64
9.0,1,2,スカプラリオ,52.0,丸田恭介,1:09.7,1/2,47.1,11.0,[西] 佐々木晶,2020104825,202403020509,郡山特別｜2024年7月13日 | 競馬データベース - netkeiba,2026-05-20T10:37:57.313560,牝,4,458.0,-12.0,0,0,9.4,10.67,34.36,0.0962,0,8,34.36,34.36,34.36,0.0962,34.36
10.0,5,9,バラードインミラノ,54.0,石橋脩,1:09.7,ハナ,93.3,16.0,[東] 小野次郎,2018110112,202403020509,郡山特別｜2024年7月13日 | 競馬データベース - netkeiba,2026-05-20T10:37:57.313560,牡,6,438.0,4.0,0,0,5.75,4.5,34.4,0.1481,0,5,34.4,34.4,34.4,0.1481,34.4
11.0,8,16,デルマヤクシ,53.0,武藤雅,1:09.8,3/4,68.6,12.0,[東] 戸田博文,2018100480,202403020509,郡山特別｜2024年7月13日 | 競馬データベース - netkeiba,2026-05-20T10:37:57.313560,牡,6,454.0,-8.0,0,0,11.0,10.67,33.73,0.0833,0,8,33.73,33.73,33.73,0.0833,33.73
12.0,7,13,ペイシャカレン,54.0,江田照男,1:09.8,ハナ,10.6,7.0,[東] 粕谷昌央,2019100132,202403020509,郡山特別｜2024年7月13日 | 競馬データベース - netkeiba,2026-05-20T10:37:57.313560,牝,5,452.0,-4.0,0,0,11.2,12.67,38.3,0.082,0,10,38.3,38.3,38.3,0.082,38.3
13.0,7,14,ヒロノゴウカイ,53.0,水口優也,1:10.0,1.1/4,83.8,15.0,[東] 蛯名利弘,2019106700,202403020509,郡山特別｜2024年7月13日 | 競馬データベース - netkeiba,2026-05-20T10:37:57.313560,牡,5,494.0,0.0,0,0,10.4,10.67,34.38,0.0877,0,10,34.38,34.38,34.38,0.0877,34.38
14.0,4,7,エッセレンチ,54.0,田辺裕信,1:10.0,クビ,7.2,4.0,[東] 蛯名正義,2020106910,202403020509,郡山特別｜2024年7月13日 | 競馬データベース - netkeiba,2026-05-20T10:37:57.313560,牝,4,428.0,0.0,0,0,8.0,9.67,34.62,0.1111,0,14,34.62,34.62,34.62,0.1111,34.62
15.0,6,11,ミルトハンター,55.0,小沢大仁,1:10.5,3,76.0,14.0,[西] 中竹和也,2020105157,202403020509,郡山特別｜2024年7月13日 | 競馬データベース - netkeiba,2026-05-20T10:37:57.313560,牡,4,468.0,-8.0,0,0,10.2,12.67,37.08,0.0893,0,11,37.08,37.08,37.08,0.0893,37.08
16.0,4,8,エスパダアスール,52.0,小林脩斗,1:10.9,2.1/2,37.9,9.0,[東] 武藤善則,2018103430,202403020509,郡山特別｜2024年7月13日 | 競馬データベース - netkeiba,2026-05-20T10:37:57.313560,牝,6,442.0,0.0,0,0,12.2,14.0,38.06,0.0758,0,16,38.06,38.06,38.06,0.0758,38.06
1.0,6,8,プレリュードシチー,55.0,津村明秀,2:40.9,,2.5,1.0,[西] 高橋義忠,2021103659,202403020510,信夫山特別｜2024年7月13日 | 競馬データベース - netkeiba,2026-05-20T10:38:42.316156,牡,3,474.0,6.0,1,1,4.2,6.0,35.5,0.1923,0,1,35.5,35.5,35.5,0.1923,35.5
2.0,5,5,ウインマイルート,58.0,原優介,2:41.7,5,9.6,4.0,[東] 鈴木慎太,2019100212,202403020510,信夫山特別｜2024年7月13日 | 競馬データベース - netkeiba,2026-05-20T10:38:42.316156,牡,5,456.0,4.0,0,1,6.0,5.67,35.8,0.1429,0,8,35.8,35.8,35.8,0.1429,35.8
3.0,4,4,シテフローラル,58.0,松山弘平,2:41.7,クビ,11.2,5.0,[東] 堀宣行,2018105086,202403020510,信夫山特別｜2024年7月13日 | 競馬データベース - netkeiba,2026-05-20T10:38:42.316156,牡,6,450.0,-12.0,0,1,5.6,7.0,35.74,0.1515,0,9,35.74,35.74,35.74,0.1515,35.74
4.0,3,3,シャインユニバンス,56.0,菅原明良,2:41.8,1/2,12.6,6.0,[東] 田村康仁,2018105301,202403020510,信夫山特別｜2024年7月13日 | 競馬データベース - netkeiba,2026-05-20T10:38:42.316156,牝,6,432.0,-2.0,0,0,6.6,8.33,35.18,0.1316,0,11,35.18,35.18,35.18,0.1316,35.18
5.0,2,2,トロピカルライト,56.0,丸田恭介,2:41.9,クビ,4.0,2.0,[東] 宗像義忠,2020102190,202403020510,信夫山特別｜2024年7月13日 | 競馬データベース - netkeiba,2026-05-20T10:38:42.316156,牝,4,468.0,0.0,0,0,4.8,6.0,35.06,0.1724,0,7,35.06,35.06,35.06,0.1724,35.06
6.0,7,10,リニュー,58.0,菊沢一樹,2:42.0,1/2,122.5,12.0,[東] 清水英克,2019100221,202403020510,信夫山特別｜2024年7月13日 | 競馬データベース - netkeiba,2026-05-20T10:38:42.316156,牡,5,458.0,4.0,0,0,7.0,10.0,36.42,0.125,0,8,36.42,36.42,36.42,0.125,36.42
7.0,8,11,リアレスト,55.0,田辺裕信,2:42.0,ハナ,4.9,3.0,[東] 尾関知人,2021105496,202403020510,信夫山特別｜2024年7月13日 | 競馬データベース - netkeiba,2026-05-20T10:38:42.316156,牡,3,500.0,-8.0,0,0,6.2,6.33,37.28,0.1389,0,7,37.28,37.28,37.28,0.1389,37.28
8.0,8,12,タガノバルコス,58.0,丸山元気,2:42.4,2.1/2,25.7,8.0,[西] 鮫島一歩,2019100549,202403020510,信夫山特別｜2024年7月13日 | 競馬データベース - netkeiba,2026-05-20T10:38:42.316156,牡,5,478.0,-16.0,0,0,4.8,5.0,0.0,0.1724,0,8,0.0,0.0,0.0,0.1724,0.0
9.0,7,9,ネイチャーシップ,58.0,野中悠太,2:42.7,1.3/4,64.7,10.0,[東] 根本康広,2018102917,202403020510,信夫山特別｜2024年7月13日 | 競馬データベース - netkeiba,2026-05-20T10:38:42.316156,牡,6,496.0,4.0,0,0,6.6,7.67,35.9,0.1316,0,1,35.9,35.9,35.9,0.1316,35.9
10.0,1,1,パトリックハンサム,58.0,内田博幸,2:42.8,3/4,35.2,9.0,[東] 菊沢隆徳,2019103850,202403020510,信夫山特別｜2024年7月13日 | 競馬データベース - netkeiba,2026-05-20T10:38:42.316156,牡,5,464.0,-4.0,0,0,8.4,5.33,36.48,0.1064,0,1,36.48,36.48,36.48,0.1064,36.48
11.0,6,7,ハローサブリナ,56.0,小沢大仁,2:43.3,3,71.6,11.0,[西] 奥村豊,2019104644,202403020510,信夫山特別｜2024年7月13日 | 競馬データベース - netkeiba,2026-05-20T10:38:42.316156,牝,5,522.0,-14.0,0,0,9.0,7.67,40.58,0.1,0,11,40.58,40.58,40.58,0.1,40.58
12.0,5,6,モネータドーロ,58.0,三浦皇成,2:43.8,3,23.5,7.0,[東] 宗像義忠,2019105421,202403020510,信夫山特別｜2024年7月13日 | 競馬データベース - netkeiba,2026-05-20T10:38:42.316156,牡,5,480.0,-2.0,0,0,7.2,9.67,35.6,0.122,0,12,35.6,35.6,35.6,0.122,35.6
1.0,5,6,マニバドラ,57.0,松山弘平,1:06.5,,1.9,1.0,[西] 森秀行,2020110105,202403020511,安達太良ステークス｜2024年7月13日 | 競馬データベース - netkeiba,2026-05-20T10:39:21.316542,牡,4,520.0,0.0,1,1,7.2,9.67,36.6,0.122,0,3,36.6,36.6,36.6,0.122,36.6
2.0,4,4,メタマックス,57.0,菅原明良,1:07.0,2.1/2,5.6,3.0,[西] 森秀行,2020110131,202403020511,安達太良ステークス｜2024年7月13日 | 競馬データベース - netkeiba,2026-05-20T10:39:21.316542,牡,4,526.0,-6.0,0,1,10.8,9.0,36.64,0.0847,0,8,36.64,36.64,36.64,0.0847,36.64
3.0,6,8,パウオレ,55.0,戸崎圭太,1:07.2,1.1/4,5.1,2.0,[東] 嘉藤貴行,2019100242,202403020511,安達太良ステークス｜2024年7月13日 | 競馬データベース - netkeiba,2026-05-20T10:39:21.316542,牝,5,470.0,6.0,0,1,9.2,8.67,39.66,0.098,0,8,39.66,39.66,39.66,0.098,39.66
4.0,6,9,シゲルホサヤク,57.0,高倉稜,1:07.2,アタマ,135.7,11.0,[西] 藤沢則雄,2018103362,202403020511,安達太良ステークス｜2024年7月13日 | 競馬データベース - netkeiba,2026-05-20T10:39:21.316542,牡,6,480.0,-2.0,0,0,8.0,9.5,36.85,0.1111,0,8,36.85,36.85,36.85,0.1111,36.85
5.0,7,10,イスラアネーロ,57.0,石橋脩,1:07.4,1,13.7,5.0,[西] 吉村圭司,2019105741,202403020511,安達太良ステークス｜2024年7月13日 | 競馬データベース - netkeiba,2026-05-20T10:39:21.316542,牡,5,444.0,-6.0,0,0,8.4,10.67,36.76,0.1064,0,11,36.76,36.76,36.76,0.1064,36.76
6.0,4,5,タイセイブレイズ,57.0,Ｍ．デム,1:07.5,1/2,7.5,4.0,[西] 牧浦充徳,2018102969,202403020511,安達太良ステークス｜2024年7月13日 | 競馬データベース - netkeiba,2026-05-20T10:39:21.316542,牡,6,470.0,0.0,0,0,7.2,4.33,36.0,0.122,0,5,36.0,36.0,36.0,0.122,36.0
7.0,5,7,メイショウミツヤス,57.0,小沢大仁,1:07.5,クビ,67.3,9.0,[西] 木原一良,2018106147,202403020511,安達太良ステークス｜2024年7月13日 | 競馬データベース - netkeiba,2026-05-20T10:39:21.316542,牡,6,498.0,-10.0,0,0,8.2,8.0,35.88,0.1087,0,5,35.88,35.88,35.88,0.1087,35.88
8.0,1,1,アッティーヴォ,57.0,菊沢一樹,1:07.7,1.1/4,171.5,12.0,[西] 大根田裕,2014104716,202403020511,安達太良ステークス｜2024年7月13日 | 競馬データベース - netkeiba,2026-05-20T10:39:21.316542,牡,10,464.0,0.0,0,0,10.6,11.0,36.12,0.0862,0,14,36.12,36.12,36.12,0.0862,36.12
9.0,7,11,ハコダテブショウ,58.0,石川裕紀,1:07.7,ハナ,31.3,7.0,[東] 相沢郁,2018101878,202403020511,安達太良ステークス｜2024年7月13日 | 競馬データベース - netkeiba,2026-05-20T10:39:21.316542,牡,6,492.0,-12.0,0,0,13.6,14.0,36.98,0.0685,0,12,36.98,36.98,36.98,0.0685,36.98
10.0,3,3,サイクロトロン,58.0,三浦皇成,1:08.1,2.1/2,38.2,8.0,[西] 音無秀孝,2017105282,202403020511,安達太良ステークス｜2024年7月13日 | 競馬データベース - netkeiba,2026-05-20T10:39:21.316542,牡,7,506.0,-8.0,0,0,7.4,9.0,36.28,0.119,0,10,36.28,36.28,36.28,0.119,36.28
11.0,8,13,メイショウミライ,57.0,杉原誠人,1:08.4,1.3/4,180.5,13.0,[西] 西園翔太,2015103109,202403020511,安達太良ステークス｜2024年7月13日 | 競馬データベース - netkeiba,2026-05-20T10:39:21.316542,牡,9,504.0,-2.0,0,0,5.0,5.33,40.22,0.1667,0,6,40.22,40.22,40.22,0.1667,40.22
12.0,2,2,エクロジャイト,57.0,原優介,1:08.7,2,82.6,10.0,[西] 福永祐一,2020103295,202403020511,安達太良ステークス｜2024年7月13日 | 競馬データベース - netkeiba,2026-05-20T10:39:21.316542,牡,4,516.0,-2.0,0,0,9.8,7.33,37.9,0.0926,0,9,37.9,37.9,37.9,0.0926,37.9
13.0,8,12,ナックドロップス,55.0,佐藤翔馬,1:08.9,3/4,21.7,6.0,[東] 杉浦宏昭,2019103274,202403020511,安達太良ステークス｜2024年7月13日 | 競馬データベース - netkeiba,2026-05-20T10:39:21.316542,牝,5,462.0,-8.0,0,0,12.2,11.67,39.22,0.0758,0,7,39.22,39.22,39.22,0.0758,39.22
1.0,1,2,カピリナ,53.0,戸崎圭太,1:08.7,,3.1,2.0,[東] 田島俊明,2021104073,202403020512,3歳以上1勝クラス｜2024年7月13日 | 競馬データベース - netkeiba,2026-05-20T10:39:58.787938,牝,3,474.0,2.0,1,1,9.8,9.0,33.9,0.0926,0,17,33.9,33.9,33.9,0.0926,33.9
2.0,1,1,オンザヴィーナス,53.0,杉原誠人,1:09.2,3,15.7,6.0,[東] 大和田成,2021105057,202403020512,3歳以上1勝クラス｜2024年7月13日 | 競馬データベース - netkeiba,2026-05-20T10:39:58.787938,牝,3,424.0,0.0,0,1,10.0,12.0,35.27,0.0909,0,11,35.27,35.27,35.27,0.0909,35.27
3.0,2,3,ミスファントム,53.0,菊沢一樹,1:09.5,1.3/4,44.3,8.0,[東] 矢野英一,2021100053,202403020512,3歳以上1勝クラス｜2024年7月13日 | 競馬データベース - netkeiba,2026-05-20T10:39:58.787938,牝,3,448.0,-2.0,0,1,4.0,4.0,38.78,0.2,0,4,38.78,38.78,38.78,0.2,38.78
4.0,4,8,モリノレッドスター,53.0,菅原明良,1:09.6,3/4,2.9,1.0,[東] 鈴木伸尋,2021106298,202403020512,3歳以上1勝クラス｜2024年7月13日 | 競馬データベース - netkeiba,2026-05-20T10:39:58.787938,牝,3,468.0,8.0,0,0,9.0,5.67,38.62,0.1,0,9,38.62,38.62,38.62,0.1,38.62
5.0,3,6,アイムファイン,54.0,小林脩斗,1:09.8,1.1/4,89.3,12.0,[東] 奥平雅士,2019102303,202403020512,3歳以上1勝クラス｜2024年7月13日 | 競馬データベース - netkeiba,2026-05-20T10:39:58.787938,牝,5,412.0,12.0,0,0,7.2,7.33,34.94,0.122,0,5,34.94,34.94,34.94,0.122,34.94
6.0,8,16,マイレーヌ,55.0,横山琉人,1:09.9,1/2,23.6,7.0,[東] 斎藤誠,2020104676,202403020512,3歳以上1勝クラス｜2024年7月13日 | 競馬データベース - netkeiba,2026-05-20T10:39:58.787938,牝,4,508.0,8.0,0,0,11.4,12.67,37.52,0.0806,0,13,37.52,37.52,37.52,0.0806,37.52
7.0,4,7,エルフレスアリー,56.0,津村明秀,1:09.9,クビ,4.9,3.0,[東] 木村哲也,2020101586,202403020512,3歳以上1勝クラス｜2024年7月13日 | 競馬データベース - netkeiba,2026-05-20T10:39:58.787938,牝,4,428.0,0.0,0,0,3.8,4.67,35.06,0.2083,0,7,35.06,35.06,35.06,0.2083,35.06
8.0,2,4,グローリアスカペラ,56.0,吉田豊,1:10.0,3/4,253.6,16.0,[東] 土田稔,2018101804,202403020512,3歳以上1勝クラス｜2024年7月13日 | 競馬データベース - netkeiba,2026-05-20T10:39:58.787938,牝,6,532.0,2.0,0,0,10.4,9.67,35.72,0.0877,0,11,35.72,35.72,35.72,0.0877,35.72
9.0,8,15,ロアノークテソーロ,53.0,木幡巧也,1:10.1,1/2,14.4,5.0,[東] 牧光二,2021106366,202403020512,3歳以上1勝クラス｜2024年7月13日 | 競馬データベース - netkeiba,2026-05-20T10:39:58.787938,牝,3,454.0,-2.0,0,0,10.0,12.33,35.46,0.0909,0,17,35.46,35.46,35.46,0.0909,35.46
10.0,3,5,タイガーリリー,56.0,岩部純二,1:10.2,3/4,58.0,10.0,[東] 石毛善彦,2018100593,202403020512,3歳以上1勝クラス｜2024年7月13日 | 競馬データベース - netkeiba,2026-05-20T10:39:58.787938,牝,6,470.0,0.0,0,0,7.8,8.67,33.74,0.1136,0,4,33.74,33.74,33.74,0.1136,33.74
11.0,7,13,アイソラシー,56.0,江田照男,1:10.2,ハナ,62.6,11.0,[東] 加藤征弘,2020102819,202403020512,3歳以上1勝クラス｜2024年7月13日 | 競馬データベース - netkeiba,2026-05-20T10:39:58.787938,牝,4,436.0,0.0,0,0,10.6,11.0,39.76,0.0862,0,10,39.76,39.76,39.76,0.0862,39.76
12.0,6,12,ヴォンヌヴォー,56.0,田辺裕信,1:10.4,1,57.4,9.0,[東] 菊川正達,2020106585,202403020512,3歳以上1勝クラス｜2024年7月13日 | 競馬データベース - netkeiba,2026-05-20T10:39:58.787938,牝,4,448.0,-4.0,0,0,6.8,7.0,0.0,0.1282,0,10,0.0,0.0,0.0,0.1282,0.0
13.0,5,10,ジャンヌローサ,51.0,藤田菜七,1:10.6,1,9.4,4.0,[東] 蛯名正義,2021103488,202403020512,3歳以上1勝クラス｜2024年7月13日 | 競馬データベース - netkeiba,2026-05-20T10:39:58.787938,牝,3,454.0,6.0,0,0,5.4,3.67,34.76,0.1562,0,2,34.76,34.76,34.76,0.1562,34.76
14.0,5,9,ホーリーエンブレム,56.0,丸山元気,1:10.7,1,89.8,13.0,[東] 田村康仁,2019105469,202403020512,3歳以上1勝クラス｜2024年7月13日 | 競馬データベース - netkeiba,2026-05-20T10:39:58.787938,牝,5,430.0,-4.0,0,0,11.8,13.0,36.12,0.0781,0,16,36.12,36.12,36.12,0.0781,36.12
15.0,6,11,ニシノタマユラ,53.0,石神深道,1:11.5,5,172.7,15.0,[東] 深山雅史,2019100936,202403020512,3歳以上1勝クラス｜2024年7月13日 | 競馬データベース - netkeiba,2026-05-20T10:39:58.787938,牝,5,454.0,-2.0,0,0,7.2,6.67,39.62,0.122,0,8,39.62,39.62,39.62,0.122,39.62
16.0,7,14,アルティメット,53.0,内田博幸,1:14.6,大,90.5,14.0,[東] 西田雄一,2021101619,202403020512,3歳以上1勝クラス｜2024年7月13日 | 競馬データベース - netkeiba,2026-05-20T10:39:58.787938,牝,3,428.0,7.0,0,0,6.0,7.0,40.23,0.1429,0,4,40.23,40.23,40.23,0.1429,40.23
1.0,8,9,ドゥアムール,55.0,武豊,1:10.0,,2.1,1.0,[西] 中竹和也,2022106666,202402011201,2歳未勝利｜2024年7月14日 | 競馬データベース - netkeiba,2026-05-20T10:40:46.382121,牝,2,462.0,4.0,1,1,7.6,8.0,34.36,0.1163,0,4,34.36,34.36,34.36,0.1163,34.36
2.0,7,7,グランカメリア,55.0,池添謙一,1:10.4,2.1/2,8.0,5.0,[西] 吉田直弘,2022102780,202402011201,2歳未勝利｜2024年7月14日 | 競馬データベース - netkeiba,2026-05-20T10:40:46.382121,牡,2,474.0,-6.0,0,1,5.8,8.67,36.94,0.1471,0,9,36.94,36.94,36.94,0.1471,36.94
3.0,4,4,スリーピース,55.0,佐々木大,1:10.5,1/2,6.8,4.0,[東] 武井亮,2022104972,202402011201,2歳未勝利｜2024年7月14日 | 競馬データベース - netkeiba,2026-05-20T10:40:46.382121,牡,2,458.0,-2.0,0,1,7.6,9.33,36.8,0.1163,0,11,36.8,36.8,36.8,0.1163,36.8
4.0,2,2,カルミネイション,55.0,菱田裕二,1:10.6,クビ,22.1,6.0,[西] 緒方努,2022103154,202402011201,2歳未勝利｜2024年7月14日 | 競馬データベース - netkeiba,2026-05-20T10:40:46.382121,牝,2,432.0,-4.0,0,0,6.8,5.33,41.56,0.1282,0,8,41.56,41.56,41.56,0.1282,41.56
5.0,6,6,オンザブルースカイ,52.0,小林勝太,1:10.7,1/2,5.0,3.0,[西] 谷潔,2022104163,202402011201,2歳未勝利｜2024年7月14日 | 競馬データベース - netkeiba,2026-05-20T10:40:46.382121,牡,2,450.0,-4.0,0,0,9.0,8.0,34.72,0.1,0,13,34.72,34.72,34.72,0.1,34.72
6.0,1,1,デコピン,55.0,富田暁,1:10.8,1/2,4.4,2.0,[東] 村田一誠,2022100829,202402011201,2歳未勝利｜2024年7月14日 | 競馬データベース - netkeiba,2026-05-20T10:40:46.382121,牡,2,466.0,-10.0,0,0,9.2,8.33,38.78,0.098,0,2,38.78,38.78,38.78,0.098,38.78
7.0,7,8,ウインラテアート,52.0,長浜鴻緒,1:11.1,2,40.5,7.0,[東] 宗像義忠,2022106936,202402011201,2歳未勝利｜2024年7月14日 | 競馬データベース - netkeiba,2026-05-20T10:40:46.382121,牝,2,468.0,6.0,0,0,10.5,11.0,39.08,0.087,0,16,39.08,39.08,39.08,0.087,39.08
8.0,3,3,クールマーロウ,55.0,丹内祐次,1:11.2,クビ,84.2,8.0,[東] 矢野英一,2022100841,202402011201,2歳未勝利｜2024年7月14日 | 競馬データベース - netkeiba,2026-05-20T10:40:46.382121,牡,2,428.0,0.0,0,0,4.8,4.67,41.06,0.1724,0,5,41.06,41.06,41.06,0.1724,41.06
9.0,5,5,アルピナセブン,55.0,亀田温心,1:11.3,3/4,235.0,10.0,[西] 北出成人,2022101125,202402011201,2歳未勝利｜2024年7月14日 | 競馬データベース - netkeiba,2026-05-20T10:40:46.382121,牝,2,450.0,-6.0,0,0,5.2,5.0,37.56,0.1613,0,9,37.56,37.56,37.56,0.1613,37.56
10.0,8,10,シンゼンマルノスケ,52.0,高杉吏麒,1:13.4,大,112.8,9.0,[西] 荒川義之,2022104057,202402011201,2歳未勝利｜2024年7月14日 | 競馬データベース - netkeiba,2026-05-20T10:40:46.382121,牡,2,470.0,8.0,0,0,5.8,5.33,40.5,0.1471,0,3,40.5,40.5,40.5,0.1471,40.5
1.0,4,5,マテンロウノカゼ,57.0,横山和生,1:46.9,,25.6,7.0,[西] 昆貢,2021107052,202402011202,3歳未勝利｜2024年7月14日 | 競馬データベース - netkeiba,2026-05-20T10:41:09.517673,牡,3,484.0,-6.0,1,1,5.6,5.0,36.8,0.1515,0,7,36.8,36.8,36.8,0.1515,36.8
2.0,1,1,ケーヴァラ,57.0,鮫島克駿,1:47.3,2.1/2,2.4,1.0,[西] 羽月友彦,2021106054,202402011202,3歳未勝利｜2024年7月14日 | 競馬データベース - netkeiba,2026-05-20T10:41:09.517673,牡,3,468.0,-12.0,0,1,4.2,6.0,38.16,0.1923,0,13,38.16,38.16,38.16,0.1923,38.16
3.0,7,12,フィージビリティー,57.0,横山武史,1:47.4,1/2,6.1,3.0,[東] 栗田徹,2021106626,202402011202,3歳未勝利｜2024年7月14日 | 競馬データベース - netkeiba,2026-05-20T10:41:09.517673,牡,3,504.0,-4.0,0,1,4.2,4.67,38.82,0.1923,0,7,38.82,38.82,38.82,0.1923,38.82
4.0,7,11,テトラード,57.0,武豊,1:47.7,1.1/2,3.4,2.0,[西] 坂口智康,2021104999,202402011202,3歳未勝利｜2024年7月14日 | 競馬データベース - netkeiba,2026-05-20T10:41:09.517673,牡,3,462.0,2.0,0,0,6.6,5.0,40.95,0.1316,0,2,40.95,40.95,40.95,0.1316,40.95
5.0,8,14,ハヤブサキンチャン,52.0,小林勝太,1:47.7,アタマ,6.9,4.0,[東] 稲垣幸雄,2021106579,202402011202,3歳未勝利｜2024年7月14日 | 競馬データベース - netkeiba,2026-05-20T10:41:09.517673,牝,3,474.0,8.0,0,0,4.6,4.0,39.44,0.1786,0,5,39.44,39.44,39.44,0.1786,39.44
6.0,6,10,フォレストゲート,57.0,永野猛蔵,1:47.9,1.1/4,20.3,6.0,[東] 小手川準,2021101950,202402011202,3歳未勝利｜2024年7月14日 | 競馬データベース - netkeiba,2026-05-20T10:41:09.517673,牡,3,460.0,-4.0,0,0,11.4,13.0,39.68,0.0806,0,16,39.68,39.68,39.68,0.0806,39.68
7.0,6,9,エールヴァーゲ,55.0,藤岡佑介,1:48.0,3/4,81.2,9.0,[西] 坂口智康,2021104956,202402011202,3歳未勝利｜2024年7月14日 | 競馬データベース - netkeiba,2026-05-20T10:41:09.517673,牝,3,412.0,-4.0,0,0,6.0,6.33,40.52,0.1429,0,10,40.52,40.52,40.52,0.1429,40.52
8.0,5,8,キモンキャリントン,54.0,高杉吏麒,1:49.0,6,39.6,8.0,[西] 渡辺薫彦,2021102245,202402011202,3歳未勝利｜2024年7月14日 | 競馬データベース - netkeiba,2026-05-20T10:41:09.517673,牡,3,432.0,2.0,0,0,3.8,3.0,39.92,0.2083,0,4,39.92,39.92,39.92,0.2083,39.92
9.0,3,4,ネオクラウン,57.0,古川吉洋,1:49.8,5,213.9,14.0,[東] 鈴木伸尋,2021106120,202402011202,3歳未勝利｜2024年7月14日 | 競馬データベース - netkeiba,2026-05-20T10:41:09.517673,牡,3,498.0,14.0,0,0,5.8,6.0,42.6,0.1471,0,8,42.6,42.6,42.6,0.1471,42.6
10.0,2,2,リゼルージュセリエ,57.0,大野拓弥,1:51.3,9,150.0,12.0,[東] 松山将樹,2021100846,202402011202,3歳未勝利｜2024年7月14日 | 競馬データベース - netkeiba,2026-05-20T10:41:09.517673,牡,3,494.0,-4.0,0,0,5.8,8.0,40.48,0.1471,0,11,40.48,40.48,40.48,0.1471,40.48
11.0,3,3,バスティオン,57.0,丹内祐次,1:51.3,クビ,12.9,5.0,[東] 西田雄一,2021105380,202402011202,3歳未勝利｜2024年7月14日 | 競馬データベース - netkeiba,2026-05-20T10:41:09.517673,牡,3,560.0,-2.0,0,0,10.2,12.0,40.12,0.0893,0,9,40.12,40.12,40.12,0.0893,40.12
12.0,5,7,フミソニック,55.0,黛弘人,1:51.7,2.1/2,100.8,11.0,[東] 黒岩陽一,2021103654,202402011202,3歳未勝利｜2024年7月14日 | 競馬データベース - netkeiba,2026-05-20T10:41:09.517673,牝,3,412.0,-2.0,0,0,4.6,4.33,40.82,0.1786,0,5,40.82,40.82,40.82,0.1786,40.82
13.0,4,6,カリスイモン,55.0,小林凌大,1:52.0,2,97.5,10.0,[東] 松山将樹,2021100418,202402011202,3歳未勝利｜2024年7月14日 | 競馬データベース - netkeiba,2026-05-20T10:41:09.517673,牝,3,422.0,-8.0,0,0,9.4,8.0,42.02,0.0962,0,5,42.02,42.02,42.02,0.0962,42.02
14.0,8,13,ベイジーニョ,55.0,岩田康誠,1:52.8,5,197.7,13.0,[東] 田中剛,2021105301,202402011202,3歳未勝利｜2024年7月14日 | 競馬データベース - netkeiba,2026-05-20T10:41:09.517673,牝,3,452.0,2.0,0,0,10.6,9.33,39.58,0.0862,0,14,39.58,39.58,39.58,0.0862,39.58
1.0,4,7,エヴァンスウィート,55.0,鮫島克駿,1:09.5,,8.4,3.0,[西] 友道康夫,2021105689,202402011203,3歳未勝利｜2024年7月14日 | 競馬データベース - netkeiba,2026-05-20T10:41:51.710310,牝,3,438.0,16.0,1,1,8.2,12.67,34.2,0.1087,0,14,34.2,34.2,34.2,0.1087,34.2
2.0,6,11,スプリングデイ,55.0,黛弘人,1:09.7,1.1/4,71.2,11.0,[東] 伊藤大士,2021103322,202402011203,3歳未勝利｜2024年7月14日 | 競馬データベース - netkeiba,2026-05-20T10:41:51.710310,牝,3,434.0,8.0,0,1,7.4,10.33,35.3,0.119,0,13,35.3,35.3,35.3,0.119,35.3
3.0,3,5,インマイポケット,55.0,武豊,1:09.8,クビ,2.1,1.0,[西] 武幸四郎,2021105466,202402011203,3歳未勝利｜2024年7月14日 | 競馬データベース - netkeiba,2026-05-20T10:41:51.710310,牝,3,430.0,-4.0,0,1,4.6,5.67,36.08,0.1786,0,4,36.08,36.08,36.08,0.1786,36.08
4.0,8,15,カチヌキマリコ,55.0,大野拓弥,1:09.9,1/2,18.9,8.0,[東] 天間昭一,2021101245,202402011203,3歳未勝利｜2024年7月14日 | 競馬データベース - netkeiba,2026-05-20T10:41:51.710310,牝,3,412.0,-2.0,0,0,5.2,6.33,39.78,0.1613,0,1,39.78,39.78,39.78,0.1613,39.78
5.0,6,12,コスモララバイ,55.0,丹内祐次,1:09.9,クビ,12.8,6.0,[西] 吉田直弘,2021106809,202402011203,3歳未勝利｜2024年7月14日 | 競馬データベース - netkeiba,2026-05-20T10:41:51.710310,牝,3,412.0,16.0,0,0,4.2,3.67,41.14,0.1923,0,7,41.14,41.14,41.14,0.1923,41.14
6.0,5,9,ルチェッタ,55.0,佐々木大,1:09.9,アタマ,24.4,9.0,[東] 青木孝文,2021102411,202402011203,3歳未勝利｜2024年7月14日 | 競馬データベース - netkeiba,2026-05-20T10:41:51.710310,牝,3,440.0,-2.0,0,0,5.0,5.0,40.6,0.1667,0,6,40.6,40.6,40.6,0.1667,40.6
7.0,4,8,テキーラワルツ,52.0,川端海翼,1:10.0,クビ,24.5,10.0,[西] 大根田裕,2021100718,202402011203,3歳未勝利｜2024年7月14日 | 競馬データベース - netkeiba,2026-05-20T10:41:51.710310,牝,3,434.0,2.0,0,0,8.25,8.67,39.48,0.1081,0,8,39.48,39.48,39.48,0.1081,39.48
8.0,2,4,ニシノシャミナード,55.0,永野猛蔵,1:10.1,1/2,6.5,2.0,[東] 嘉藤貴行,2021102686,202402011203,3歳未勝利｜2024年7月14日 | 競馬データベース - netkeiba,2026-05-20T10:41:51.710310,牝,3,428.0,0.0,0,0,10.4,9.67,41.78,0.0877,0,12,41.78,41.78,41.78,0.0877,41.78
9.0,1,1,ハイボーン,55.0,岩田康誠,1:10.2,1/2,9.3,4.0,[西] 上村洋行,2021105682,202402011203,3歳未勝利｜2024年7月14日 | 競馬データベース - netkeiba,2026-05-20T10:41:51.710310,牝,3,450.0,6.0,0,0,5.4,5.67,40.36,0.1562,0,6,40.36,40.36,40.36,0.1562,40.36
10.0,7,13,メイショウハコブネ,55.0,古川吉洋,1:10.2,クビ,155.0,14.0,[西] 千田輝彦,2021102564,202402011203,3歳未勝利｜2024年7月14日 | 競馬データベース - netkeiba,2026-05-20T10:41:51.710310,牝,3,442.0,8.0,0,0,7.2,7.33,41.18,0.122,0,6,41.18,41.18,41.18,0.122,41.18
11.0,8,16,エコロアモーレ,55.0,横山武史,1:10.3,1/2,18.4,7.0,[西] 牧浦充徳,2021101026,202402011203,3歳未勝利｜2024年7月14日 | 競馬データベース - netkeiba,2026-05-20T10:41:51.710310,牝,3,456.0,-2.0,0,0,5.4,4.0,41.64,0.1562,0,1,41.64,41.64,41.64,0.1562,41.64
12.0,5,10,フェアアイル,52.0,長浜鴻緒,1:10.5,3/4,10.9,5.0,[西] 音無秀孝,2021105827,202402011203,3歳未勝利｜2024年7月14日 | 競馬データベース - netkeiba,2026-05-20T10:41:51.710310,牝,3,398.0,-4.0,0,0,7.0,8.0,36.18,0.125,0,10,36.18,36.18,36.18,0.125,36.18
13.0,1,2,プエルタセクレタ,54.0,角田大河,1:10.9,2.1/2,127.4,12.0,[西] 野中賢二,2021105500,202402011203,3歳未勝利｜2024年7月14日 | 競馬データベース - netkeiba,2026-05-20T10:41:51.710310,牝,3,418.0,0.0,0,0,8.4,9.0,40.44,0.1064,0,9,40.44,40.44,40.44,0.1064,40.44
14.0,2,3,ミッシーフォール,55.0,津村明秀,1:11.2,1.1/2,185.0,15.0,[東] 矢野英一,2021103271,202402011203,3歳未勝利｜2024年7月14日 | 競馬データベース - netkeiba,2026-05-20T10:41:51.710310,牝,3,414.0,16.0,0,0,11.8,11.0,36.82,0.0781,0,10,36.82,36.82,36.82,0.0781,36.82
15.0,3,6,ゴールデンリープ,52.0,小林勝太,1:11.6,2.1/2,128.3,13.0,[東] 上原佑紀,2021105758,202402011203,3歳未勝利｜2024年7月14日 | 競馬データベース - netkeiba,2026-05-20T10:41:51.710310,牝,3,386.0,18.0,0,0,5.0,5.0,41.34,0.1667,0,7,41.34,41.34,41.34,0.1667,41.34
16.0,7,14,マドモアゼルハポン,55.0,藤岡佑介,1:11.7,クビ,261.7,16.0,[西] 角田晃一,2021100959,202402011203,3歳未勝利｜2024年7月14日 | 競馬データベース - netkeiba,2026-05-20T10:41:51.710310,牝,3,436.0,0.0,0,0,9.2,10.67,42.34,0.098,0,11,42.34,42.34,42.34,0.098,42.34
1.0,3,3,ペレグリン,52.0,長浜鴻緒,0:59.3,,3.6,1.0,[西] 河嶋宏樹,2021100906,202402011204,3歳未勝利｜2024年7月14日 | 競馬データベース - netkeiba,2026-05-20T10:42:36.593203,牝,3,432.0,6.0,1,1,4.4,5.0,36.46,0.1852,0,11,36.46,36.46,36.46,0.1852,36.46
2.0,5,5,ココモローズ,55.0,大野拓弥,1:00.0,4,48.5,10.0,[東] 高木登,2021103544,202402011204,3歳未勝利｜2024年7月14日 | 競馬データベース - netkeiba,2026-05-20T10:42:36.593203,牝,3,430.0,4.0,0,1,3.4,2.33,39.02,0.2273,0,1,39.02,39.02,39.02,0.2273,39.02
3.0,7,10,リュウノシンクウハ,57.0,鮫島克駿,1:00.0,ハナ,12.6,7.0,[西] 牧田和弥,2021102906,202402011204,3歳未勝利｜2024年7月14日 | 競馬データベース - netkeiba,2026-05-20T10:42:36.593203,牡,3,486.0,-4.0,0,1,5.0,5.0,37.9,0.1667,0,5,37.9,37.9,37.9,0.1667,37.9
4.0,5,6,ドルフィンスクエア,52.0,川端海翼,1:00.0,ハナ,47.2,9.0,[西] 清水久詞,2021107265,202402011204,3歳未勝利｜2024年7月14日 | 競馬データベース - netkeiba,2026-05-20T10:42:36.593203,牝,3,448.0,6.0,0,0,10.8,10.67,36.14,0.0847,0,10,36.14,36.14,36.14,0.0847,36.14
5.0,1,1,テイエムタリスマ,57.0,富田暁,1:00.1,アタマ,3.8,2.0,[西] 木原一良,2021109043,202402011204,3歳未勝利｜2024年7月14日 | 競馬データベース - netkeiba,2026-05-20T10:42:36.593203,牡,3,470.0,4.0,0,0,10.0,9.0,36.18,0.0909,0,2,36.18,36.18,36.18,0.0909,36.18
6.0,4,4,ラセーヌシュメール,52.0,小林勝太,1:00.3,1.1/2,9.3,6.0,[東] 菊沢隆徳,2021105260,202402011204,3歳未勝利｜2024年7月14日 | 競馬データベース - netkeiba,2026-05-20T10:42:36.593203,牝,3,444.0,-10.0,0,0,8.6,13.33,34.4,0.1042,0,15,34.4,34.4,34.4,0.1042,34.4
7.0,8,11,ロケットホームラン,57.0,小林凌大,1:00.5,1.1/4,4.9,3.0,[東] 小西一男,2021102264,202402011204,3歳未勝利｜2024年7月14日 | 競馬データベース - netkeiba,2026-05-20T10:42:36.593203,牡,3,504.0,0.0,0,0,6.0,6.67,38.92,0.1429,0,10,38.92,38.92,38.92,0.1429,38.92
8.0,2,2,サトミノエガオ,55.0,丹内祐次,1:00.5,ハナ,19.3,8.0,[東] 鈴木伸尋,2021104959,202402011204,3歳未勝利｜2024年7月14日 | 競馬データベース - netkeiba,2026-05-20T10:42:36.593203,牝,3,458.0,10.0,0,0,8.4,10.0,40.96,0.1064,0,11,40.96,40.96,40.96,0.1064,40.96
9.0,6,7,ユーライナー,55.0,菱田裕二,1:01.0,3,212.0,12.0,[東] 高橋文雅,2021107000,202402011204,3歳未勝利｜2024年7月14日 | 競馬データベース - netkeiba,2026-05-20T10:42:36.593203,牝,3,420.0,-4.0,0,0,8.0,9.33,39.68,0.1111,0,12,39.68,39.68,39.68,0.1111,39.68
10.0,8,12,ペイシャアゲイン,55.0,黛弘人,1:01.5,2.1/2,9.0,5.0,[東] 伊藤伸一,2021104216,202402011204,3歳未勝利｜2024年7月14日 | 競馬データベース - netkeiba,2026-05-20T10:42:36.593203,牝,3,482.0,-4.0,0,0,3.8,4.67,39.74,0.2083,0,6,39.74,39.74,39.74,0.2083,39.74
11.0,7,9,マリノルージュ,55.0,佐々木大,1:01.8,2,8.4,4.0,[東] 田島俊明,2021101261,202402011204,3歳未勝利｜2024年7月14日 | 競馬データベース - netkeiba,2026-05-20T10:42:36.593203,牝,3,466.0,-2.0,0,0,9.4,11.0,38.8,0.0962,0,13,38.8,38.8,38.8,0.0962,38.8
12.0,6,8,ゴルトシュトラール,57.0,岩田康誠,1:02.4,3.1/2,119.8,11.0,[東] 小島茂之,2021106862,202402011204,3歳未勝利｜2024年7月14日 | 競馬データベース - netkeiba,2026-05-20T10:42:36.593203,牡,3,440.0,10.0,0,0,7.8,5.0,40.9,0.1136,0,4,40.9,40.9,40.9,0.1136,40.9
1.0,4,4,アスクシュタイン,55.0,北村友一,1:51.7,,4.7,2.0,[西] 藤原英昭,2022100161,202402011205,2歳新馬｜2024年7月14日 | 競馬データベース - netkeiba,2026-05-20T10:43:11.483303,牡,2,492.0,0.0,1,1,3.6,2.0,35.8,0.2174,0,1,35.8,35.8,35.8,0.2174,35.8
2.0,7,7,リアライズオーラム,55.0,佐々木大,1:52.0,1.1/2,1.7,1.0,[西] 須貝尚介,2022105773,202402011205,2歳新馬｜2024年7月14日 | 競馬データベース - netkeiba,2026-05-20T10:43:11.483303,牡,2,492.0,0.0,0,1,9.6,10.67,36.96,0.0943,0,15,36.96,36.96,36.96,0.0943,36.96
3.0,8,8,ドーバーブライト,55.0,丹内祐次,1:52.2,1.1/2,17.6,5.0,[東] 西田雄一,2022104313,202402011205,2歳新馬｜2024年7月14日 | 競馬データベース - netkeiba,2026-05-20T10:43:11.483303,牡,2,498.0,0.0,0,1,2.8,1.33,35.34,0.2632,0,1,35.34,35.34,35.34,0.2632,35.34
4.0,3,3,トリプレーテ,55.0,富田暁,1:52.5,2,7.2,4.0,[西] 武英智,2022106722,202402011205,2歳新馬｜2024年7月14日 | 競馬データベース - netkeiba,2026-05-20T10:43:11.483303,牡,2,474.0,0.0,0,0,5.0,4.33,36.8,0.1667,0,7,36.8,36.8,36.8,0.1667,36.8
5.0,1,1,アスゴッド,55.0,武豊,1:52.9,2,5.1,3.0,[西] 矢作芳人,2022103704,202402011205,2歳新馬｜2024年7月14日 | 競馬データベース - netkeiba,2026-05-20T10:43:11.483303,牡,2,494.0,0.0,0,0,7.0,5.33,37.0,0.125,0,8,37.0,37.0,37.0,0.125,37.0
6.0,5,5,フタリセゾン,55.0,横山和生,1:53.6,4,25.1,6.0,[東] 勢司和浩,2022106066,202402011205,2歳新馬｜2024年7月14日 | 競馬データベース - netkeiba,2026-05-20T10:43:11.483303,牝,2,420.0,0.0,0,0,3.8,2.67,42.1,0.2083,0,1,42.1,42.1,42.1,0.2083,42.1
7.0,8,9,アルビス,52.0,小林勝太,1:53.6,クビ,94.7,9.0,[東] 金成貴史,2022100441,202402011205,2歳新馬｜2024年7月14日 | 競馬データベース - netkeiba,2026-05-20T10:43:11.483303,牡,2,472.0,0.0,0,0,7.0,7.33,40.22,0.125,0,7,40.22,40.22,40.22,0.125,40.22
8.0,2,2,ウォーターバンドル,55.0,菱田裕二,1:55.6,大,41.7,7.0,[西] 岡田稲男,2022103344,202402011205,2歳新馬｜2024年7月14日 | 競馬データベース - netkeiba,2026-05-20T10:43:11.483303,牡,2,460.0,0.0,0,0,10.0,10.0,39.13,0.0909,0,10,39.13,39.13,39.13,0.0909,39.13
9.0,6,6,ミルトオーケストラ,55.0,古川吉洋,1:55.8,1,73.5,8.0,[東] 武市康男,2022100987,202402011205,2歳新馬｜2024年7月14日 | 競馬データベース - netkeiba,2026-05-20T10:43:11.483303,牡,2,444.0,0.0,0,0,7.75,7.33,39.95,0.1143,0,5,39.95,39.95,39.95,0.1143,39.95
1.0,8,15,ドウアドバンテージ,57.0,武豊,2:01.9,,7.2,3.0,[西] 四位洋文,2021105050,202402011206,3歳未勝利｜2024年7月14日 | 競馬データベース - netkeiba,2026-05-20T10:43:41.323383,牡,3,486.0,0.0,1,1,4.0,2.0,36.54,0.2,0,2,36.54,36.54,36.54,0.2,36.54
2.0,6,12,ウイントレメンデス,57.0,横山武史,2:02.0,1/2,1.7,1.0,[東] 鈴木伸尋,2021106193,202402011206,3歳未勝利｜2024年7月14日 | 競馬データベース - netkeiba,2026-05-20T10:43:41.323383,牡,3,480.0,0.0,0,1,4.6,6.33,34.16,0.1786,0,9,34.16,34.16,34.16,0.1786,34.16
3.0,3,6,ピエスダルジャン,57.0,鮫島克駿,2:02.3,2,10.8,4.0,[西] 茶木太樹,2021104827,202402011206,3歳未勝利｜2024年7月14日 | 競馬データベース - netkeiba,2026-05-20T10:43:41.323383,牡,3,448.0,4.0,0,1,7.6,9.33,41.68,0.1163,0,11,41.68,41.68,41.68,0.1163,41.68
4.0,4,8,レディマキシマ,55.0,丹内祐次,2:02.4,1,4.5,2.0,[東] 伊藤大士,2021106812,202402011206,3歳未勝利｜2024年7月14日 | 競馬データベース - netkeiba,2026-05-20T10:43:41.323383,牝,3,488.0,0.0,0,0,4.2,4.67,36.58,0.1923,0,7,36.58,36.58,36.58,0.1923,36.58
5.0,2,3,シュプリームアロー,57.0,古川吉洋,2:02.4,ハナ,54.2,8.0,[西] 藤野健太,2021106937,202402011206,3歳未勝利｜2024年7月14日 | 競馬データベース - netkeiba,2026-05-20T10:43:41.323383,牡,3,464.0,14.0,0,0,3.0,2.67,39.94,0.25,0,4,39.94,39.94,39.94,0.25,39.94
6.0,7,14,ギンレイ,55.0,荻野琢真,2:02.8,2,150.5,15.0,[西] 大久保龍,2021100910,202402011206,3歳未勝利｜2024年7月14日 | 競馬データベース - netkeiba,2026-05-20T10:43:41.323383,牝,3,462.0,0.0,0,0,6.8,6.67,40.96,0.1282,0,11,40.96,40.96,40.96,0.1282,40.96
7.0,5,10,ミヤビエクセレント,55.0,三浦皇成,2:03.0,1.1/4,18.3,5.0,[東] 小島茂之,2021103883,202402011206,3歳未勝利｜2024年7月14日 | 競馬データベース - netkeiba,2026-05-20T10:43:41.323383,牝,3,470.0,6.0,0,0,7.0,8.33,40.32,0.125,0,8,40.32,40.32,40.32,0.125,40.32
8.0,4,7,ヴァイゼ,55.0,横山和生,2:03.0,クビ,25.4,6.0,[西] 中村直也,2021105558,202402011206,3歳未勝利｜2024年7月14日 | 競馬データベース - netkeiba,2026-05-20T10:43:41.323383,牝,3,420.0,2.0,0,0,8.0,9.0,38.68,0.1111,0,8,38.68,38.68,38.68,0.1111,38.68
9.0,8,16,ピースソックス,55.0,津村明秀,2:03.1,クビ,86.6,13.0,[東] 牧光二,2021100520,202402011206,3歳未勝利｜2024年7月14日 | 競馬データベース - netkeiba,2026-05-20T10:43:41.323383,牝,3,428.0,-2.0,0,0,7.4,7.33,40.86,0.119,0,6,40.86,40.86,40.86,0.119,40.86
10.0,5,9,ダイナミックス,55.0,永野猛蔵,2:03.1,クビ,64.0,9.0,[東] 林徹,2021105282,202402011206,3歳未勝利｜2024年7月14日 | 競馬データベース - netkeiba,2026-05-20T10:43:41.323383,牝,3,434.0,-4.0,0,0,6.2,6.33,38.26,0.1389,0,2,38.26,38.26,38.26,0.1389,38.26
11.0,7,13,スターメイデン,55.0,菱田裕二,2:03.3,1,131.1,14.0,[西] 吉村圭司,2021110140,202402011206,3歳未勝利｜2024年7月14日 | 競馬データベース - netkeiba,2026-05-20T10:43:41.323383,牝,3,478.0,8.0,0,0,2.6,3.33,39.28,0.2778,0,1,39.28,39.28,39.28,0.2778,39.28
12.0,6,11,サイコウダネ,54.0,川端海翼,2:03.3,ハナ,65.8,10.0,[西] 清水久詞,2021102701,202402011206,3歳未勝利｜2024年7月14日 | 競馬データベース - netkeiba,2026-05-20T10:43:41.323383,牡,3,460.0,0.0,0,0,11.4,12.0,38.44,0.0806,0,12,38.44,38.44,38.44,0.0806,38.44
13.0,1,2,ララモンストル,56.0,角田大河,2:03.4,クビ,75.1,12.0,[西] 辻野泰之,2021110066,202402011206,3歳未勝利｜2024年7月14日 | 競馬データベース - netkeiba,2026-05-20T10:43:41.323383,牡,3,478.0,-8.0,0,0,8.0,6.67,38.96,0.1111,0,9,38.96,38.96,38.96,0.1111,38.96
14.0,2,4,ラブビーチ,55.0,佐々木大,2:03.9,3,70.2,11.0,[東] 蛯名利弘,2021104232,202402011206,3歳未勝利｜2024年7月14日 | 競馬データベース - netkeiba,2026-05-20T10:43:41.323383,牝,3,430.0,4.0,0,0,6.4,8.0,39.66,0.1351,0,8,39.66,39.66,39.66,0.1351,39.66
15.0,1,1,リエラ,55.0,富田暁,2:03.9,ハナ,183.4,16.0,[西] 高橋康之,2021106943,202402011206,3歳未勝利｜2024年7月14日 | 競馬データベース - netkeiba,2026-05-20T10:43:41.323383,牝,3,400.0,4.0,0,0,12.2,13.67,38.76,0.0758,0,14,38.76,38.76,38.76,0.0758,38.76
16.0,3,5,ジャヴァネ,52.0,長浜鴻緒,2:04.6,4,40.7,7.0,[東] 加藤和宏,2021103941,202402011206,3歳未勝利｜2024年7月14日 | 競馬データベース - netkeiba,2026-05-20T10:43:41.323383,牝,3,424.0,14.0,0,0,9.0,8.33,40.02,0.1,0,8,40.02,40.02,40.02,0.1,40.02
1.0,5,8,エリカサファイア,53.0,佐々木大,1:44.7,,1.9,1.0,[東] 堀宣行,2021103732,202402011207,3歳以上1勝クラス｜2024年7月14日 | 競馬データベース - netkeiba,2026-05-20T10:44:27.612252,牝,3,490.0,-6.0,1,1,5.8,6.33,38.38,0.1471,0,5,38.38,38.38,38.38,0.1471,38.38
2.0,1,1,サウンドアレグリア,53.0,富田暁,1:45.1,2.1/2,8.8,4.0,[西] 武英智,2021102079,202402011207,3歳以上1勝クラス｜2024年7月14日 | 競馬データベース - netkeiba,2026-05-20T10:44:27.612252,牝,3,496.0,-6.0,0,1,13.2,14.0,37.6,0.0704,0,12,37.6,37.6,37.6,0.0704,37.6
3.0,3,4,メジャーデビュー,53.0,丹内祐次,1:45.1,クビ,5.1,2.0,[東] 鈴木慎太,2021100446,202402011207,3歳以上1勝クラス｜2024年7月14日 | 競馬データベース - netkeiba,2026-05-20T10:44:27.612252,牝,3,434.0,-2.0,0,1,10.6,9.0,40.66,0.0862,0,9,40.66,40.66,40.66,0.0862,40.66
4.0,7,12,リキサンハート,56.0,黛弘人,1:46.2,7,194.9,13.0,[東] 奥平雅士,2018102813,202402011207,3歳以上1勝クラス｜2024年7月14日 | 競馬データベース - netkeiba,2026-05-20T10:44:27.612252,牝,6,506.0,-4.0,0,0,8.8,8.0,38.62,0.102,0,13,38.62,38.62,38.62,0.102,38.62
5.0,3,3,ハイランドリンクス,56.0,藤岡佑介,1:46.3,3/4,12.6,5.0,[西] 奥村豊,2020103595,202402011207,3歳以上1勝クラス｜2024年7月14日 | 競馬データベース - netkeiba,2026-05-20T10:44:27.612252,牝,4,482.0,-6.0,0,0,8.8,12.67,42.32,0.102,0,9,42.32,42.32,42.32,0.102,42.32
6.0,6,9,エーリアル,53.0,横山武史,1:46.4,クビ,16.7,6.0,[東] 西田雄一,2021104856,202402011207,3歳以上1勝クラス｜2024年7月14日 | 競馬データベース - netkeiba,2026-05-20T10:44:27.612252,牝,3,502.0,4.0,0,0,5.8,7.0,38.42,0.1471,0,11,38.42,38.42,38.42,0.1471,38.42
7.0,5,7,フォンメイリー,56.0,永野猛蔵,1:46.5,1/2,107.8,12.0,[東] 粕谷昌央,2019105287,202402011207,3歳以上1勝クラス｜2024年7月14日 | 競馬データベース - netkeiba,2026-05-20T10:44:27.612252,牝,5,486.0,10.0,0,0,4.6,5.0,37.38,0.1786,0,1,37.38,37.38,37.38,0.1786,37.38
8.0,8,14,チャプリ,56.0,大野拓弥,1:46.7,1.1/4,31.7,8.0,[東] 高木登,2019102438,202402011207,3歳以上1勝クラス｜2024年7月14日 | 競馬データベース - netkeiba,2026-05-20T10:44:27.612252,牝,5,478.0,2.0,0,0,2.6,3.33,38.92,0.2778,0,1,38.92,38.92,38.92,0.2778,38.92
9.0,8,13,カフェノワール,56.0,武豊,1:47.7,6,6.5,3.0,[西] 池江泰寿,2020100683,202402011207,3歳以上1勝クラス｜2024年7月14日 | 競馬データベース - netkeiba,2026-05-20T10:44:27.612252,牝,4,476.0,6.0,0,0,4.8,6.33,36.98,0.1724,0,8,36.98,36.98,36.98,0.1724,36.98
10.0,6,10,アイスリンディ,53.0,亀田温心,1:47.8,3/4,50.2,9.0,[西] 高柳大輔,2021103575,202402011207,3歳以上1勝クラス｜2024年7月14日 | 競馬データベース - netkeiba,2026-05-20T10:44:27.612252,牝,3,454.0,6.0,0,0,6.0,3.33,37.36,0.1429,0,1,37.36,37.36,37.36,0.1429,37.36
11.0,2,2,ヴィラーゴスリーブ,53.0,川端海翼,1:48.0,1.1/4,269.1,14.0,[西] 高橋一哉,2020103599,202402011207,3歳以上1勝クラス｜2024年7月14日 | 競馬データベース - netkeiba,2026-05-20T10:44:27.612252,牝,4,504.0,0.0,0,0,9.4,10.33,38.66,0.0962,0,11,38.66,38.66,38.66,0.0962,38.66
12.0,7,11,タマモネモフィラ,56.0,菱田裕二,1:48.7,4,60.5,10.0,[西] 大橋勇樹,2020103991,202402011207,3歳以上1勝クラス｜2024年7月14日 | 競馬データベース - netkeiba,2026-05-20T10:44:27.612252,牝,4,480.0,6.0,0,0,8.4,8.33,37.94,0.1064,0,9,37.94,37.94,37.94,0.1064,37.94
13.0,4,5,ピクラリーダ,50.0,高杉吏麒,1:49.6,5,31.6,7.0,[東] 森一誠,2021106347,202402011207,3歳以上1勝クラス｜2024年7月14日 | 競馬データベース - netkeiba,2026-05-20T10:44:27.612252,牝,3,454.0,0.0,0,0,11.8,15.0,37.88,0.0781,0,14,37.88,37.88,37.88,0.0781,37.88
,4,6,ベッラアルバ,55.0,角田大河,,,77.8,11.0,[西] 中竹和也,2019104924,202402011207,3歳以上1勝クラス｜2024年7月14日 | 競馬データベース - netkeiba,2026-05-20T10:44:27.612252,牝,5,466.0,4.0,0,0,6.5,9.0,36.58,0.1333,0,8,36.58,36.58,36.58,0.1333,36.58
1.0,4,6,アコルダール,56.0,丹内祐次,1:09.0,,10.5,4.0,[西] 西園翔太,2018106145,202402011208,3歳以上1勝クラス｜2024年7月14日 | 競馬データベース - netkeiba,2026-05-20T10:45:01.534988,牝,6,460.0,0.0,1,1,6.6,5.67,34.6,0.1316,0,13,34.6,34.6,34.6,0.1316,34.6
2.0,4,7,ラホーヤストーム,56.0,菱田裕二,1:09.1,クビ,46.2,11.0,[西] 藤野健太,2020104780,202402011208,3歳以上1勝クラス｜2024年7月14日 | 競馬データベース - netkeiba,2026-05-20T10:45:01.534988,牝,4,466.0,2.0,0,1,13.0,14.33,35.24,0.0714,0,14,35.24,35.24,35.24,0.0714,35.24
3.0,3,5,アンタノバラード,56.0,黛弘人,1:09.1,ハナ,19.2,8.0,[東] 伊藤大士,2020106963,202402011208,3歳以上1勝クラス｜2024年7月14日 | 競馬データベース - netkeiba,2026-05-20T10:45:01.534988,牝,4,444.0,-2.0,0,1,10.6,10.33,36.64,0.0862,0,11,36.64,36.64,36.64,0.0862,36.64
4.0,3,4,オオタニサーン,55.0,佐々木大,1:09.1,クビ,4.7,3.0,[東] 堀宣行,2021110004,202402011208,3歳以上1勝クラス｜2024年7月14日 | 競馬データベース - netkeiba,2026-05-20T10:45:01.534988,牡,3,516.0,4.0,0,0,4.2,5.0,37.2,0.1923,0,7,37.2,37.2,37.2,0.1923,37.2
5.0,7,12,シンデレラスマイル,53.0,高杉吏麒,1:09.1,ハナ,14.4,6.0,[東] 武藤善則,2020104824,202402011208,3歳以上1勝クラス｜2024年7月14日 | 競馬データベース - netkeiba,2026-05-20T10:45:01.534988,牝,4,446.0,0.0,0,0,3.4,3.33,39.14,0.2273,0,1,39.14,39.14,39.14,0.2273,39.14
6.0,6,11,ワンリオン,55.0,小林勝太,1:09.2,1/2,29.8,10.0,[西] 北出成人,2019101446,202402011208,3歳以上1勝クラス｜2024年7月14日 | 競馬データベース - netkeiba,2026-05-20T10:45:01.534988,牡,5,486.0,4.0,0,0,5.8,6.0,40.88,0.1471,0,8,40.88,40.88,40.88,0.1471,40.88
7.0,6,10,ナックブレイブ,58.0,大野拓弥,1:09.2,クビ,250.1,15.0,[東] 杉浦宏昭,2020100355,202402011208,3歳以上1勝クラス｜2024年7月14日 | 競馬データベース - netkeiba,2026-05-20T10:45:01.534988,牡,4,484.0,-2.0,0,0,11.0,12.0,35.3,0.0833,0,12,35.3,35.3,35.3,0.0833,35.3
8.0,5,8,ミッドナイトラスタ,53.0,鮫島克駿,1:09.3,クビ,3.3,1.0,[東] 加藤征弘,2021110041,202402011208,3歳以上1勝クラス｜2024年7月14日 | 競馬データベース - netkeiba,2026-05-20T10:45:01.534988,牝,3,488.0,-2.0,0,0,8.2,10.67,37.52,0.1087,0,15,37.52,37.52,37.52,0.1087,37.52
9.0,8,14,カイコウ,55.0,永野猛蔵,1:09.3,ハナ,20.8,9.0,[東] 田島俊明,2021102388,202402011208,3歳以上1勝クラス｜2024年7月14日 | 競馬データベース - netkeiba,2026-05-20T10:45:01.534988,セ,3,456.0,16.0,0,0,3.4,4.33,0.0,0.2273,0,5,0.0,0.0,0.0,0.2273,0.0
10.0,7,13,ルージュレベッカ,53.0,古川吉洋,1:09.4,3/4,61.5,13.0,[西] 昆貢,2021105312,202402011208,3歳以上1勝クラス｜2024年7月14日 | 競馬データベース - netkeiba,2026-05-20T10:45:01.534988,牝,3,460.0,18.0,0,0,8.2,10.0,34.46,0.1087,0,10,34.46,34.46,34.46,0.1087,34.46
11.0,1,1,ダルタニアン,58.0,津村明秀,1:09.5,アタマ,15.5,7.0,[東] 牧光二,2020102938,202402011208,3歳以上1勝クラス｜2024年7月14日 | 競馬データベース - netkeiba,2026-05-20T10:45:01.534988,牡,4,500.0,-4.0,0,0,9.8,10.67,36.08,0.0926,0,15,36.08,36.08,36.08,0.0926,36.08
12.0,2,3,フライングブレード,58.0,池添謙一,1:09.5,クビ,4.1,2.0,[西] 飯田祐史,2020100906,202402011208,3歳以上1勝クラス｜2024年7月14日 | 競馬データベース - netkeiba,2026-05-20T10:45:01.534988,牡,4,486.0,-4.0,0,0,7.4,6.67,34.4,0.119,0,12,34.4,34.4,34.4,0.119,34.4
13.0,2,2,マンダリンボレロ,58.0,水口優也,1:09.8,2,56.3,12.0,[東] 伊藤伸一,2020101655,202402011208,3歳以上1勝クラス｜2024年7月14日 | 競馬データベース - netkeiba,2026-05-20T10:45:01.534988,牡,4,484.0,-10.0,0,0,6.2,6.0,39.2,0.1389,0,9,39.2,39.2,39.2,0.1389,39.2
14.0,8,15,アフィリオン,55.0,三浦皇成,1:10.3,3,12.7,5.0,[東] 古賀慎明,2021105397,202402011208,3歳以上1勝クラス｜2024年7月14日 | 競馬データベース - netkeiba,2026-05-20T10:45:01.534988,牡,3,484.0,8.0,0,0,12.2,14.33,35.32,0.0758,0,14,35.32,35.32,35.32,0.0758,35.32
15.0,5,9,マケルナマサムネ,58.0,川又賢治,1:10.7,2.1/2,164.0,14.0,[西] 畑端省吾,2018105814,202402011208,3歳以上1勝クラス｜2024年7月14日 | 競馬データベース - netkeiba,2026-05-20T10:45:01.534988,牡,6,458.0,-8.0,0,0,4.8,7.0,0.0,0.1724,0,6,0.0,0.0,0.0,0.1724,0.0
1.0,8,13,ノレッジビューティ,56.0,岩田康誠,1:49.0,,30.3,7.0,[西] 上村洋行,2020102323,202402011209,臥牛山特別｜2024年7月14日 | 競馬データベース - netkeiba,2026-05-20T10:45:30.133731,牝,4,454.0,-2.0,1,1,7.0,5.67,35.58,0.125,0,7,35.58,35.58,35.58,0.125,35.58
2.0,8,12,ハーエクセレンシー,56.0,佐々木大,1:49.0,クビ,5.7,3.0,[東] 大和田成,2020102982,202402011209,臥牛山特別｜2024年7月14日 | 競馬データベース - netkeiba,2026-05-20T10:45:30.133731,牝,4,432.0,4.0,0,1,8.2,10.0,36.0,0.1087,0,9,36.0,36.0,36.0,0.1087,36.0
3.0,2,2,ウインアクトゥール,55.0,黛弘人,1:49.2,1.1/4,10.4,5.0,[東] 栗田徹,2021107085,202402011209,臥牛山特別｜2024年7月14日 | 競馬データベース - netkeiba,2026-05-20T10:45:30.133731,牡,3,432.0,2.0,0,1,6.6,9.0,37.54,0.1316,0,13,37.54,37.54,37.54,0.1316,37.54
4.0,4,4,ヒナノコバン,58.0,小林勝太,1:49.2,クビ,251.8,13.0,[東] 本間忍,2017105874,202402011209,臥牛山特別｜2024年7月14日 | 競馬データベース - netkeiba,2026-05-20T10:45:30.133731,セ,7,454.0,-2.0,0,0,8.0,6.67,36.56,0.1111,0,10,36.56,36.56,36.56,0.1111,36.56
5.0,7,10,レイワサンサン,55.0,浜中俊,1:49.5,2,18.5,6.0,[西] 高柳大輔,2021102406,202402011209,臥牛山特別｜2024年7月14日 | 競馬データベース - netkeiba,2026-05-20T10:45:30.133731,牡,3,498.0,12.0,0,0,5.6,5.67,38.38,0.1515,0,12,38.38,38.38,38.38,0.1515,38.38
6.0,5,6,マイネルヒッツェ,58.0,津村明秀,1:49.6,1/2,75.2,10.0,[東] 粕谷昌央,2018102151,202402011209,臥牛山特別｜2024年7月14日 | 競馬データベース - netkeiba,2026-05-20T10:45:30.133731,牡,6,476.0,0.0,0,0,8.8,8.33,40.56,0.102,0,8,40.56,40.56,40.56,0.102,40.56
7.0,1,1,キングリスティア,58.0,古川吉洋,1:49.8,1,246.8,12.0,[西] 河内洋,2016106594,202402011209,臥牛山特別｜2024年7月14日 | 競馬データベース - netkeiba,2026-05-20T10:45:30.133731,セ,8,516.0,0.0,0,0,8.4,8.67,37.82,0.1064,0,12,37.82,37.82,37.82,0.1064,37.82
8.0,7,11,バルミーウェザー,55.0,亀田温心,1:50.0,1,35.8,8.0,[西] 鮫島一歩,2021101659,202402011209,臥牛山特別｜2024年7月14日 | 競馬データベース - netkeiba,2026-05-20T10:45:30.133731,牡,3,460.0,0.0,0,0,0.0,0.0,0.0,0.0,0,0,0.0,0.0,0.0,0.0,0.0
9.0,5,7,コスモエクスプレス,58.0,丹内祐次,1:50.0,クビ,10.0,4.0,[東] 松永康利,2019100702,202402011209,臥牛山特別｜2024年7月14日 | 競馬データベース - netkeiba,2026-05-20T10:45:30.133731,牡,5,490.0,-2.0,0,0,7.8,7.0,35.46,0.1136,0,9,35.46,35.46,35.46,0.1136,35.46
10.0,3,3,ドンアレス,55.0,鮫島克駿,1:50.1,クビ,5.0,2.0,[西] 牧浦充徳,2021104658,202402011209,臥牛山特別｜2024年7月14日 | 競馬データベース - netkeiba,2026-05-20T10:45:30.133731,牡,3,480.0,6.0,0,0,9.6,9.33,40.84,0.0943,0,10,40.84,40.84,40.84,0.0943,40.84
11.0,4,5,ゼットスパンキー,55.0,長浜鴻緒,1:50.2,3/4,109.4,11.0,[西] 宮徹,2021107255,202402011209,臥牛山特別｜2024年7月14日 | 競馬データベース - netkeiba,2026-05-20T10:45:30.133731,牡,3,458.0,-4.0,0,0,5.0,3.67,36.46,0.1667,0,3,36.46,36.46,36.46,0.1667,36.46
12.0,6,8,キングヴァージル,55.0,永野猛蔵,1:50.3,3/4,56.8,9.0,[西] 矢作芳人,2021104878,202402011209,臥牛山特別｜2024年7月14日 | 競馬データベース - netkeiba,2026-05-20T10:45:30.133731,牡,3,506.0,12.0,0,0,10.2,7.33,38.52,0.0893,0,4,38.52,38.52,38.52,0.0893,38.52
,6,9,エイシンジェンマ,56.0,菱田裕二,,,1.9,1.0,[西] 中尾秀正,2020107017,202402011209,臥牛山特別｜2024年7月14日 | 競馬データベース - netkeiba,2026-05-20T10:45:30.133731,牝,4,500.0,2.0,0,0,7.8,10.0,34.38,0.1136,0,11,34.38,34.38,34.38,0.1136,34.38
1.0,5,7,レッドラグラス,58.0,藤岡佑介,1:45.4,,9.1,5.0,[西] 中内田充,2020103183,202402011210,駒場特別｜2024年7月14日 | 競馬データベース - netkeiba,2026-05-20T10:46:10.306640,牡,4,494.0,14.0,1,1,7.2,10.0,37.6,0.122,0,12,37.6,37.6,37.6,0.122,37.6
2.0,2,2,ビーアイオラクル,58.0,横山武史,1:45.7,1.3/4,3.7,1.0,[西] 牧田和弥,2019106691,202402011210,駒場特別｜2024年7月14日 | 競馬データベース - netkeiba,2026-05-20T10:46:10.306640,牡,5,490.0,0.0,0,1,8.8,8.67,37.77,0.102,0,6,37.77,37.77,37.77,0.102,37.77
3.0,8,13,メリタテス,56.0,菱田裕二,1:45.7,ハナ,7.7,4.0,[西] 矢作芳人,2020110076,202402011210,駒場特別｜2024年7月14日 | 競馬データベース - netkeiba,2026-05-20T10:46:10.306640,牝,4,428.0,-4.0,0,1,5.4,2.67,39.12,0.1562,0,3,39.12,39.12,39.12,0.1562,39.12
4.0,3,4,アセレラシオン,55.0,鮫島克駿,1:45.8,3/4,5.5,3.0,[西] 浜田多実,2021106689,202402011210,駒場特別｜2024年7月14日 | 競馬データベース - netkeiba,2026-05-20T10:46:10.306640,牡,3,526.0,4.0,0,0,6.2,7.33,37.88,0.1389,0,6,37.88,37.88,37.88,0.1389,37.88
5.0,8,14,スズカマジェスタ,58.0,佐々木大,1:46.3,3,13.1,6.0,[西] 須貝尚介,2019103824,202402011210,駒場特別｜2024年7月14日 | 競馬データベース - netkeiba,2026-05-20T10:46:10.306640,牡,5,442.0,4.0,0,0,5.75,5.5,37.6,0.1481,0,5,37.6,37.6,37.6,0.1481,37.6
6.0,4,6,サヴァビアン,58.0,小林凌大,1:46.3,アタマ,105.9,13.0,[西] 羽月友彦,2018103473,202402011210,駒場特別｜2024年7月14日 | 競馬データベース - netkeiba,2026-05-20T10:46:10.306640,牡,6,436.0,-2.0,0,0,10.2,7.67,34.86,0.0893,0,7,34.86,34.86,34.86,0.0893,34.86
7.0,7,12,ディサイド,58.0,三浦皇成,1:46.4,クビ,117.4,14.0,[西] 高野友和,2019100663,202402011210,駒場特別｜2024年7月14日 | 競馬データベース - netkeiba,2026-05-20T10:46:10.306640,牡,5,488.0,-2.0,0,0,8.2,8.0,39.02,0.1087,0,8,39.02,39.02,39.02,0.1087,39.02
8.0,7,11,ベイパーコーン,58.0,角田大河,1:46.4,クビ,79.8,12.0,[西] 鈴木孝志,2019104118,202402011210,駒場特別｜2024年7月14日 | 競馬データベース - netkeiba,2026-05-20T10:46:10.306640,セ,5,464.0,-6.0,0,0,0.0,0.0,0.0,0.0,0,0,0.0,0.0,0.0,0.0,0.0
9.0,4,5,グランドエスケープ,55.0,水口優也,1:46.5,クビ,4.4,2.0,[西] 藤沢則雄,2021107280,202402011210,駒場特別｜2024年7月14日 | 競馬データベース - netkeiba,2026-05-20T10:46:10.306640,牡,3,468.0,0.0,0,0,12.4,12.67,38.5,0.0746,0,12,38.5,38.5,38.5,0.0746,38.5
10.0,6,9,コパノアントニオ,55.0,高杉吏麒,1:46.5,ハナ,17.4,8.0,[西] 梅田智之,2021103125,202402011210,駒場特別｜2024年7月14日 | 競馬データベース - netkeiba,2026-05-20T10:46:10.306640,牡,3,472.0,2.0,0,0,6.8,5.33,38.68,0.1282,0,6,38.68,38.68,38.68,0.1282,38.68
11.0,5,8,シャドウレディー,56.0,北村友一,1:46.5,クビ,38.1,11.0,[東] 金成貴史,2020102990,202402011210,駒場特別｜2024年7月14日 | 競馬データベース - netkeiba,2026-05-20T10:46:10.306640,牝,4,434.0,-10.0,0,0,10.0,11.33,38.08,0.0909,0,13,38.08,38.08,38.08,0.0909,38.08
12.0,1,1,サハラヴァンクール,58.0,永野猛蔵,1:46.8,1.1/2,29.6,10.0,[東] 和田勇介,2018101704,202402011210,駒場特別｜2024年7月14日 | 競馬データベース - netkeiba,2026-05-20T10:46:10.306640,牡,6,482.0,2.0,0,0,7.75,8.5,39.02,0.1143,0,9,39.02,39.02,39.02,0.1143,39.02
13.0,6,10,テンクウジョー,55.0,横山和生,1:46.8,ハナ,15.7,7.0,[東] 小西一男,2021104464,202402011210,駒場特別｜2024年7月14日 | 競馬データベース - netkeiba,2026-05-20T10:46:10.306640,牡,3,480.0,8.0,0,0,8.0,8.0,36.88,0.1111,0,7,36.88,36.88,36.88,0.1111,36.88
14.0,3,3,タケルペガサス,58.0,岩田康誠,1:47.3,3,18.9,9.0,[東] 加藤征弘,2018103278,202402011210,駒場特別｜2024年7月14日 | 競馬データベース - netkeiba,2026-05-20T10:46:10.306640,牡,6,496.0,4.0,0,0,9.0,11.0,38.74,0.1,0,14,38.74,38.74,38.74,0.1,38.74
1.0,6,12,ホウオウビスケッツ,57.5,岩田康誠,1:59.2,,7.2,3.0,[東] 奥村武,2020103941,202402011211,函館記念｜2024年7月14日 | 競馬データベース - netkeiba,2026-05-20T10:46:53.058258,牡,4,506.0,-4.0,1,1,10.8,13.0,36.6,0.0847,0,11,36.6,36.6,36.6,0.0847,36.6
2.0,2,4,グランディア,56.0,三浦皇成,1:59.8,3.1/2,8.3,4.0,[西] 中内田充,2019105302,202402011211,函館記念｜2024年7月14日 | 競馬データベース - netkeiba,2026-05-20T10:46:53.058258,セ,5,476.0,-6.0,0,1,4.4,2.33,34.7,0.1852,0,1,34.7,34.7,34.7,0.1852,34.7
3.0,5,9,アウスヴァール,54.0,古川吉洋,1:59.9,3/4,58.3,14.0,[西] 昆貢,2018101010,202402011211,函館記念｜2024年7月14日 | 競馬データベース - netkeiba,2026-05-20T10:46:53.058258,セ,6,494.0,10.0,0,1,13.0,11.67,38.83,0.0714,0,6,38.83,38.83,38.83,0.0714,38.83
4.0,1,1,サヴォーナ,57.5,池添謙一,1:59.9,ハナ,4.5,1.0,[西] 中竹和也,2020100734,202402011211,函館記念｜2024年7月14日 | 競馬データベース - netkeiba,2026-05-20T10:46:53.058258,牡,4,530.0,-2.0,0,0,4.6,4.33,35.4,0.1786,0,1,35.4,35.4,35.4,0.1786,35.4
5.0,4,8,プラチナトレジャー,55.0,永野猛蔵,2:00.1,3/4,60.9,15.0,[東] 国枝栄,2018104261,202402011211,函館記念｜2024年7月14日 | 競馬データベース - netkeiba,2026-05-20T10:46:53.058258,牡,6,480.0,-6.0,0,0,4.0,1.33,37.1,0.2,0,1,37.1,37.1,37.1,0.2,37.1
6.0,8,15,チャックネイト,58.5,佐々木大,2:00.1,ハナ,11.5,6.0,[東] 堀宣行,2018104609,202402011211,函館記念｜2024年7月14日 | 競馬データベース - netkeiba,2026-05-20T10:46:53.058258,セ,6,476.0,-6.0,0,0,7.0,9.33,35.58,0.125,0,8,35.58,35.58,35.58,0.125,35.58
7.0,3,5,サンストックトン,55.0,藤岡佑介,2:00.3,1.1/4,16.0,9.0,[東] 鹿戸雄一,2019101422,202402011211,函館記念｜2024年7月14日 | 競馬データベース - netkeiba,2026-05-20T10:46:53.058258,牡,5,470.0,-2.0,0,0,8.8,8.67,35.84,0.102,0,12,35.84,35.84,35.84,0.102,35.84
8.0,3,6,リカンカブール,58.0,津村明秀,2:00.3,クビ,20.7,11.0,[西] 田中克典,2019103823,202402011211,函館記念｜2024年7月14日 | 競馬データベース - netkeiba,2026-05-20T10:46:53.058258,牡,5,490.0,-8.0,0,0,7.2,6.33,35.16,0.122,0,6,35.16,35.16,35.16,0.122,35.16
9.0,8,16,マイネルクリソーラ,56.0,丹内祐次,2:00.3,ハナ,19.3,10.0,[東] 手塚貴久,2019100792,202402011211,函館記念｜2024年7月14日 | 競馬データベース - netkeiba,2026-05-20T10:46:53.058258,牡,5,456.0,-4.0,0,0,7.2,10.0,34.68,0.122,0,9,34.68,34.68,34.68,0.122,34.68
10.0,5,10,トップナイフ,57.5,横山和生,2:00.4,3/4,6.3,2.0,[西] 昆貢,2020106402,202402011211,函館記念｜2024年7月14日 | 競馬データベース - netkeiba,2026-05-20T10:46:53.058258,牡,4,480.0,-2.0,0,0,6.8,7.33,35.34,0.1282,0,1,35.34,35.34,35.34,0.1282,35.34
11.0,6,11,アケルナルスター,56.0,黛弘人,2:00.6,3/4,30.1,13.0,[東] 清水英克,2019105792,202402011211,函館記念｜2024年7月14日 | 競馬データベース - netkeiba,2026-05-20T10:46:53.058258,牡,5,472.0,0.0,0,0,11.4,14.33,35.76,0.0806,0,13,35.76,35.76,35.76,0.0806,35.76
12.0,7,14,ハヤヤッコ,58.5,浜中俊,2:00.6,ハナ,28.9,12.0,[東] 国枝栄,2016104624,202402011211,函館記念｜2024年7月14日 | 競馬データベース - netkeiba,2026-05-20T10:46:53.058258,牡,8,484.0,2.0,0,0,7.25,12.5,36.55,0.1212,0,10,36.55,36.55,36.55,0.1212,36.55
13.0,1,2,オニャンコポン,57.0,菱田裕二,2:00.7,3/4,13.2,8.0,[東] 小島茂之,2019104756,202402011211,函館記念｜2024年7月14日 | 競馬データベース - netkeiba,2026-05-20T10:46:53.058258,牡,5,486.0,-2.0,0,0,11.0,12.33,34.3,0.0833,0,15,34.3,34.3,34.3,0.0833,34.3
14.0,4,7,エミュー,54.0,鮫島克駿,2:00.7,アタマ,126.0,16.0,[東] 和田正一,2020105631,202402011211,函館記念｜2024年7月14日 | 競馬データベース - netkeiba,2026-05-20T10:46:53.058258,牝,4,434.0,4.0,0,0,8.4,6.33,35.82,0.1064,0,9,35.82,35.82,35.82,0.1064,35.82
15.0,2,3,エンパイアウエスト,53.0,横山武史,2:00.8,1/2,13.0,7.0,[東] 黒岩陽一,2019105571,202402011211,函館記念｜2024年7月14日 | 競馬データベース - netkeiba,2026-05-20T10:46:53.058258,牝,5,500.0,-8.0,0,0,6.6,10.33,35.66,0.1316,0,10,35.66,35.66,35.66,0.1316,35.66
16.0,7,13,デビットバローズ,56.0,武豊,2:02.9,大,9.6,5.0,[西] 上村洋行,2019104878,202402011211,函館記念｜2024年7月14日 | 競馬データベース - netkeiba,2026-05-20T10:46:53.058258,牡,5,522.0,4.0,0,0,4.8,4.67,34.62,0.1724,0,8,34.62,34.62,34.62,0.1724,34.62
1.0,2,2,ラウラーナ,56.0,浜中俊,1:09.7,,23.0,9.0,[東] 宗像義忠,2020106330,202402011212,湯の川温泉特別｜2024年7月14日 | 競馬データベース - netkeiba,2026-05-20T10:47:38.872918,牝,4,434.0,12.0,1,1,11.0,13.33,34.82,0.0833,0,12,34.82,34.82,34.82,0.0833,34.82
2.0,7,9,カイカノキセキ,56.0,北村友一,1:09.7,アタマ,21.2,7.0,[西] 高橋一哉,2019104536,202402011212,湯の川温泉特別｜2024年7月14日 | 競馬データベース - netkeiba,2026-05-20T10:47:38.872918,牝,5,498.0,-4.0,0,1,6.4,7.33,35.12,0.1351,0,7,35.12,35.12,35.12,0.1351,35.12
3.0,4,4,ゴルトリッチ,58.0,横山武史,1:09.7,ハナ,5.9,3.0,[西] 牧浦充徳,2020101195,202402011212,湯の川温泉特別｜2024年7月14日 | 競馬データベース - netkeiba,2026-05-20T10:47:38.872918,牡,4,506.0,10.0,0,1,8.6,8.67,33.72,0.1042,0,9,33.72,33.72,33.72,0.1042,33.72
4.0,6,8,アップストローク,58.0,大野拓弥,1:09.9,1.1/4,7.7,4.0,[東] 杉浦宏昭,2019104675,202402011212,湯の川温泉特別｜2024年7月14日 | 競馬データベース - netkeiba,2026-05-20T10:47:38.872918,セ,5,460.0,4.0,0,0,8.8,10.33,33.95,0.102,0,13,33.95,33.95,33.95,0.102,33.95
5.0,5,6,リジル,53.0,藤岡佑介,1:10.0,クビ,2.6,1.0,[西] 奥村豊,2021101457,202402011212,湯の川温泉特別｜2024年7月14日 | 競馬データベース - netkeiba,2026-05-20T10:47:38.872918,牝,3,484.0,6.0,0,0,5.8,9.0,36.92,0.1471,0,5,36.92,36.92,36.92,0.1471,36.92
6.0,8,11,トリップトゥムーン,58.0,菱田裕二,1:10.0,ハナ,73.9,11.0,[西] 新谷功一,2019103193,202402011212,湯の川温泉特別｜2024年7月14日 | 競馬データベース - netkeiba,2026-05-20T10:47:38.872918,牡,5,446.0,-2.0,0,0,11.25,11.0,34.57,0.0816,0,13,34.57,34.57,34.57,0.0816,34.57
7.0,3,3,ゴキゲンサン,56.0,丹内祐次,1:10.0,クビ,12.0,5.0,[東] 伊藤大士,2020106623,202402011212,湯の川温泉特別｜2024年7月14日 | 競馬データベース - netkeiba,2026-05-20T10:47:38.872918,牝,4,498.0,0.0,0,0,11.8,12.67,34.78,0.0781,0,10,34.78,34.78,34.78,0.0781,34.78
8.0,1,1,ヤマニンアストロン,55.0,角田大河,1:10.0,ハナ,4.1,2.0,[西] 石橋守,2021106594,202402011212,湯の川温泉特別｜2024年7月14日 | 競馬データベース - netkeiba,2026-05-20T10:47:38.872918,牡,3,478.0,-8.0,0,0,6.0,5.67,34.98,0.1429,0,3,34.98,34.98,34.98,0.1429,34.98
9.0,5,5,グッドグロウス,58.0,古川吉洋,1:10.1,クビ,251.9,12.0,[西] 大根田裕,2019105915,202402011212,湯の川温泉特別｜2024年7月14日 | 競馬データベース - netkeiba,2026-05-20T10:47:38.872918,牡,5,470.0,0.0,0,0,3.25,5.0,38.9,0.2353,0,4,38.9,38.9,38.9,0.2353,38.9
10.0,6,7,アンビバレント,58.0,池添謙一,1:10.3,1.1/4,17.7,6.0,[西] 藤野健太,2020102140,202402011212,湯の川温泉特別｜2024年7月14日 | 競馬データベース - netkeiba,2026-05-20T10:47:38.872918,牡,4,464.0,0.0,0,0,5.8,8.33,33.74,0.1471,0,7,33.74,33.74,33.74,0.1471,33.74
11.0,8,12,ワイアウ,56.0,永野猛蔵,1:10.3,クビ,26.3,10.0,[東] 鈴木慎太,2020102568,202402011212,湯の川温泉特別｜2024年7月14日 | 競馬データベース - netkeiba,2026-05-20T10:47:38.872918,牝,4,472.0,2.0,0,0,13.2,10.67,37.06,0.0704,0,15,37.06,37.06,37.06,0.0704,37.06
12.0,7,10,タイセイフェスタ,55.0,佐々木大,1:10.6,1.1/2,22.1,8.0,[東] 森一誠,2021106939,202402011212,湯の川温泉特別｜2024年7月14日 | 競馬データベース - netkeiba,2026-05-20T10:47:38.872918,牡,3,486.0,2.0,0,0,6.4,8.0,39.86,0.1351,0,3,39.86,39.86,39.86,0.1351,39.86
1.0,1,1,ナムラトロム,55.0,丸田恭介,1:10.2,,1.7,1.0,[東] 石栗龍彦,2022106874,202403020601,2歳未勝利｜2024年7月14日 | 競馬データベース - netkeiba,2026-05-20T10:48:09.471374,牡,2,430.0,-2.0,1,1,11.2,12.67,35.53,0.082,0,9,35.53,35.53,35.53,0.082,35.53
2.0,3,3,シュラフ,55.0,岩部純二,1:10.2,アタマ,109.5,8.0,[東] 佐藤吉勝,2022103324,202403020601,2歳未勝利｜2024年7月14日 | 競馬データベース - netkeiba,2026-05-20T10:48:09.471374,牝,2,416.0,4.0,0,1,5.6,7.67,33.68,0.1515,0,1,33.68,33.68,33.68,0.1515,33.68
3.0,2,2,マイネルレクエルド,55.0,石川裕紀,1:10.3,1,2.2,2.0,[東] 田島俊明,2022106829,202403020601,2歳未勝利｜2024年7月14日 | 競馬データベース - netkeiba,2026-05-20T10:48:09.471374,牡,2,466.0,2.0,0,1,7.2,6.33,40.6,0.122,0,5,40.6,40.6,40.6,0.122,40.6
4.0,7,7,ナックオリオン,52.0,佐藤翔馬,1:11.6,8,20.2,5.0,[東] 杉浦宏昭,2022101542,202403020601,2歳未勝利｜2024年7月14日 | 競馬データベース - netkeiba,2026-05-20T10:48:09.471374,牡,2,476.0,-4.0,0,0,12.6,12.33,40.8,0.0735,0,12,40.8,40.8,40.8,0.0735,40.8
5.0,5,5,カービスベイ,55.0,武藤雅,1:11.8,1,30.8,6.0,[東] 武藤善則,2022107246,202403020601,2歳未勝利｜2024年7月14日 | 競馬データベース - netkeiba,2026-05-20T10:48:09.471374,牡,2,512.0,-12.0,0,0,2.4,1.33,38.26,0.2941,0,1,38.26,38.26,38.26,0.2941,38.26
6.0,4,4,モルフェヴォロンテ,55.0,内田博幸,1:12.0,1.1/4,15.6,4.0,[東] 小手川準,2022103836,202403020601,2歳未勝利｜2024年7月14日 | 競馬データベース - netkeiba,2026-05-20T10:48:09.471374,牝,2,456.0,0.0,0,0,6.0,5.67,41.52,0.1429,0,7,41.52,41.52,41.52,0.1429,41.52
7.0,6,6,フレンドビーチ,53.0,藤田菜七,1:12.3,1.3/4,14.1,3.0,[東] 南田美知,2022100336,202403020601,2歳未勝利｜2024年7月14日 | 競馬データベース - netkeiba,2026-05-20T10:48:09.471374,牝,2,414.0,-4.0,0,0,6.6,7.0,39.84,0.1316,0,4,39.84,39.84,39.84,0.1316,39.84
8.0,8,8,セレブウマザンマイ,54.0,原優介,1:12.7,2.1/2,95.9,7.0,[東] 青木孝文,2022100907,202403020601,2歳未勝利｜2024年7月14日 | 競馬データベース - netkeiba,2026-05-20T10:48:09.471374,牝,2,420.0,-6.0,0,0,5.2,4.0,40.32,0.1613,0,2,40.32,40.32,40.32,0.1613,40.32
1.0,6,6,コスモキャバリエ,55.0,菅原明良,1:50.7,,3.9,3.0,[東] 高木登,2022106832,202403020602,2歳未勝利｜2024年7月14日 | 競馬データベース - netkeiba,2026-05-20T10:48:29.779764,牡,2,456.0,6.0,1,1,6.0,4.33,35.52,0.1429,0,6,35.52,35.52,35.52,0.1429,35.52
2.0,8,8,マイネルアレス,55.0,戸崎圭太,1:50.8,3/4,1.9,1.0,[東] 相沢郁,2022106817,202403020602,2歳未勝利｜2024年7月14日 | 競馬データベース - netkeiba,2026-05-20T10:48:29.779764,牡,2,444.0,4.0,0,1,4.0,3.67,34.46,0.2,0,2,34.46,34.46,34.46,0.2,34.46
3.0,5,5,ゴーゴーステーツ,55.0,野中悠太,1:50.8,ハナ,33.8,5.0,[東] 久保田貴,2022104154,202403020602,2歳未勝利｜2024年7月14日 | 競馬データベース - netkeiba,2026-05-20T10:48:29.779764,牡,2,504.0,0.0,0,1,5.5,3.33,36.15,0.1538,0,1,36.15,36.15,36.15,0.1538,36.15
4.0,1,1,テーオーシュタイン,55.0,丸山元気,1:51.0,3/4,2.8,2.0,[西] 梅田智之,2022104879,202403020602,2歳未勝利｜2024年7月14日 | 競馬データベース - netkeiba,2026-05-20T10:48:29.779764,牡,2,454.0,0.0,0,0,6.0,3.33,35.88,0.1429,0,1,35.88,35.88,35.88,0.1429,35.88
5.0,4,4,ロードフロリゼル,55.0,吉田豊,1:51.2,1.1/2,15.5,4.0,[東] 稲垣幸雄,2022100621,202403020602,2歳未勝利｜2024年7月14日 | 競馬データベース - netkeiba,2026-05-20T10:48:29.779764,牡,2,444.0,-8.0,0,0,5.4,7.0,39.68,0.1562,0,5,39.68,39.68,39.68,0.1562,39.68
6.0,2,2,リネンフラッシュ,55.0,柴田大知,1:52.0,5,104.0,8.0,[東] 粕谷昌央,2022101174,202403020602,2歳未勝利｜2024年7月14日 | 競馬データベース - netkeiba,2026-05-20T10:48:29.779764,牡,2,454.0,-2.0,0,0,6.0,7.33,38.9,0.1429,0,8,38.9,38.9,38.9,0.1429,38.9
7.0,7,7,チョングク,55.0,岩部純二,1:52.2,1.1/2,54.0,6.0,[東] 南田美知,2022104533,202403020602,2歳未勝利｜2024年7月14日 | 競馬データベース - netkeiba,2026-05-20T10:48:29.779764,牡,2,460.0,0.0,0,0,10.0,9.33,35.22,0.0909,0,9,35.22,35.22,35.22,0.0909,35.22
8.0,3,3,モンサンオブライト,55.0,木幡巧也,1:53.4,7,84.3,7.0,[東] 牧光二,2022100199,202403020602,2歳未勝利｜2024年7月14日 | 競馬データベース - netkeiba,2026-05-20T10:48:29.779764,牡,2,420.0,-2.0,0,0,5.2,4.67,39.76,0.1613,0,2,39.76,39.76,39.76,0.1613,39.76
1.0,1,2,シドニーライト,57.0,江田照男,2:42.9,,6.6,4.0,[東] 中舘英二,2021100649,202403020603,3歳未勝利｜2024年7月14日 | 競馬データベース - netkeiba,2026-05-20T10:48:51.636690,牡,3,462.0,0.0,1,1,6.8,3.0,35.32,0.1282,0,1,35.32,35.32,35.32,0.1282,35.32
2.0,2,3,テイキットイージー,57.0,木幡巧也,2:43.5,3.1/2,7.3,5.0,[東] 萱野浩二,2021101088,202403020603,3歳未勝利｜2024年7月14日 | 競馬データベース - netkeiba,2026-05-20T10:48:51.636690,牡,3,432.0,2.0,0,1,8.0,6.67,36.04,0.1111,0,6,36.04,36.04,36.04,0.1111,36.04
3.0,4,7,ジャジャウマアスク,55.0,武藤雅,2:43.6,1/2,78.2,11.0,[東] 田島俊明,2021102311,202403020603,3歳未勝利｜2024年7月14日 | 競馬データベース - netkeiba,2026-05-20T10:48:51.636690,牝,3,394.0,-2.0,0,1,7.0,6.0,35.48,0.125,0,10,35.48,35.48,35.48,0.125,35.48
4.0,4,8,コスモアミマネラ,57.0,野中悠太,2:43.8,1.1/4,12.2,6.0,[東] 宗像義忠,2021106768,202403020603,3歳未勝利｜2024年7月14日 | 競馬データベース - netkeiba,2026-05-20T10:48:51.636690,牡,3,472.0,6.0,0,0,3.0,2.33,0.0,0.25,0,2,0.0,0.0,0.0,0.25,0.0
5.0,6,12,ゴールデンステップ,55.0,田辺裕信,2:44.0,1.1/4,5.8,3.0,[東] 和田勇介,2021103555,202403020603,3歳未勝利｜2024年7月14日 | 競馬データベース - netkeiba,2026-05-20T10:48:51.636690,牝,3,482.0,0.0,0,0,5.8,5.67,36.2,0.1471,0,9,36.2,36.2,36.2,0.1471,36.2
6.0,5,9,ルージュアベリア,55.0,戸崎圭太,2:44.0,ハナ,5.4,2.0,[東] 田中博康,2021105058,202403020603,3歳未勝利｜2024年7月14日 | 競馬データベース - netkeiba,2026-05-20T10:48:51.636690,牝,3,492.0,4.0,0,0,4.4,5.0,37.52,0.1852,0,11,37.52,37.52,37.52,0.1852,37.52
7.0,8,16,ヒットアンドロール,54.0,石田拓郎,2:44.0,クビ,34.4,9.0,[東] 宗像義忠,2021104974,202403020603,3歳未勝利｜2024年7月14日 | 競馬データベース - netkeiba,2026-05-20T10:48:51.636690,牡,3,442.0,6.0,0,0,6.2,8.33,0.0,0.1389,0,6,0.0,0.0,0.0,0.1389,0.0
8.0,7,14,メテオクイン,54.0,原優介,2:44.1,1/2,15.9,8.0,[東] 鈴木慎太,2021103690,202403020603,3歳未勝利｜2024年7月14日 | 競馬データベース - netkeiba,2026-05-20T10:48:51.636690,牝,3,396.0,-8.0,0,0,5.8,5.67,39.5,0.1471,0,7,39.5,39.5,39.5,0.1471,39.5
9.0,3,5,ビーンスターク,57.0,菅原明良,2:44.1,クビ,12.5,7.0,[東] 栗田徹,2021103578,202403020603,3歳未勝利｜2024年7月14日 | 競馬データベース - netkeiba,2026-05-20T10:48:51.636690,牡,3,474.0,8.0,0,0,7.4,6.67,0.0,0.119,0,10,0.0,0.0,0.0,0.119,0.0
10.0,1,1,バノフィー,54.0,横山琉人,2:44.2,クビ,104.4,12.0,[東] 田島俊明,2021106675,202403020603,3歳未勝利｜2024年7月14日 | 競馬データベース - netkeiba,2026-05-20T10:48:51.636690,牝,3,414.0,8.0,0,0,6.0,5.67,40.48,0.1429,0,7,40.48,40.48,40.48,0.1429,40.48
11.0,2,4,アイムフィアレス,53.0,藤田菜七,2:44.3,1/2,53.4,10.0,[東] 奥平雅士,2021106771,202403020603,3歳未勝利｜2024年7月14日 | 競馬データベース - netkeiba,2026-05-20T10:48:51.636690,牝,3,418.0,2.0,0,0,9.8,10.0,36.52,0.0926,0,8,36.52,36.52,36.52,0.0926,36.52
12.0,7,13,カラーオブジアース,57.0,石橋脩,2:44.8,3,3.3,1.0,[東] 上原佑紀,2021100360,202403020603,3歳未勝利｜2024年7月14日 | 競馬データベース - netkeiba,2026-05-20T10:48:51.636690,牡,3,472.0,-10.0,0,0,7.4,7.0,39.96,0.119,0,8,39.96,39.96,39.96,0.119,39.96
13.0,5,10,ポチョラーダ,55.0,杉原誠人,2:45.5,4,172.4,14.0,[東] 大和田成,2021101482,202403020603,3歳未勝利｜2024年7月14日 | 競馬データベース - netkeiba,2026-05-20T10:48:51.636690,牝,3,502.0,6.0,0,0,6.8,7.67,39.4,0.1282,0,11,39.4,39.4,39.4,0.1282,39.4
14.0,3,6,オルセー,57.0,丸山元気,2:46.6,7,219.9,15.0,[東] 加藤征弘,2021102012,202403020603,3歳未勝利｜2024年7月14日 | 競馬データベース - netkeiba,2026-05-20T10:48:51.636690,牡,3,446.0,0.0,0,0,12.2,11.33,39.56,0.0758,0,7,39.56,39.56,39.56,0.0758,39.56
15.0,8,15,ヴェンチュラサン,55.0,松岡正海,2:46.7,1/2,156.1,13.0,[東] 小島茂之,2021107007,202403020603,3歳未勝利｜2024年7月14日 | 競馬データベース - netkeiba,2026-05-20T10:48:51.636690,牝,3,406.0,6.0,0,0,13.0,13.0,36.67,0.0714,0,13,36.67,36.67,36.67,0.0714,36.67
16.0,6,11,シトパレード,53.0,大江原比,2:46.9,1,241.7,16.0,[東] 松山将樹,2021104458,202403020603,3歳未勝利｜2024年7月14日 | 競馬データベース - netkeiba,2026-05-20T10:48:51.636690,牡,3,486.0,-4.0,0,0,16.0,16.0,39.88,0.0588,0,16,39.88,39.88,39.88,0.0588,39.88
1.0,3,6,ペイシャスウィフト,53.0,藤田菜七,1:08.9,,2.9,1.0,[東] 本間忍,2021102639,202403020604,3歳未勝利｜2024年7月14日 | 競馬データベース - netkeiba,2026-05-20T10:49:38.764453,牝,3,490.0,-6.0,1,1,8.0,6.33,38.18,0.1111,0,6,38.18,38.18,38.18,0.1111,38.18
2.0,7,13,クールソル,55.0,菅原明良,1:08.9,ハナ,3.8,2.0,[東] 斎藤誠,2021104325,202403020604,3歳未勝利｜2024年7月14日 | 競馬データベース - netkeiba,2026-05-20T10:49:38.764453,牝,3,452.0,0.0,0,1,14.8,14.67,38.08,0.0633,0,15,38.08,38.08,38.08,0.0633,38.08
3.0,4,7,ペイシャツネ,54.0,石神深道,1:09.3,2.1/2,53.8,9.0,[東] 深山雅史,2021106009,202403020604,3歳未勝利｜2024年7月14日 | 競馬データベース - netkeiba,2026-05-20T10:49:38.764453,牡,3,448.0,-8.0,0,1,5.4,5.33,37.72,0.1562,0,9,37.72,37.72,37.72,0.1562,37.72
4.0,1,2,レモンシフォン,55.0,吉田豊,1:09.8,3,46.6,8.0,[東] 尾関知人,2021103685,202403020604,3歳未勝利｜2024年7月14日 | 競馬データベース - netkeiba,2026-05-20T10:49:38.764453,牝,3,492.0,-2.0,0,0,2.0,1.67,40.36,0.3333,0,1,40.36,40.36,40.36,0.3333,40.36
5.0,4,8,シーニックビュー,57.0,戸崎圭太,1:09.9,クビ,3.9,3.0,[東] 加藤征弘,2021105229,202403020604,3歳未勝利｜2024年7月14日 | 競馬データベース - netkeiba,2026-05-20T10:49:38.764453,牡,3,508.0,-4.0,0,0,4.0,6.0,37.66,0.2,0,6,37.66,37.66,37.66,0.2,37.66
6.0,5,10,ウヌボレヤサン,56.0,横山琉人,1:10.1,1.1/4,43.3,7.0,[東] 本間忍,2021104052,202403020604,3歳未勝利｜2024年7月14日 | 競馬データベース - netkeiba,2026-05-20T10:49:38.764453,牡,3,426.0,6.0,0,0,11.6,12.67,40.44,0.0794,0,11,40.44,40.44,40.44,0.0794,40.44
7.0,8,15,ハツワカ,56.0,小沢大仁,1:10.1,ハナ,22.8,6.0,[東] 矢野英一,2021106693,202403020604,3歳未勝利｜2024年7月14日 | 競馬データベース - netkeiba,2026-05-20T10:49:38.764453,牡,3,456.0,-4.0,0,0,4.0,3.0,39.94,0.2,0,1,39.94,39.94,39.94,0.2,39.94
8.0,1,1,ジェイエルマリーナ,52.0,佐藤翔馬,1:10.3,1.1/4,213.4,14.0,[東] 小西一男,2021101822,202403020604,3歳未勝利｜2024年7月14日 | 競馬データベース - netkeiba,2026-05-20T10:49:38.764453,牝,3,458.0,6.0,0,0,6.25,7.33,42.38,0.1379,0,10,42.38,42.38,42.38,0.1379,42.38
9.0,7,14,アイスブレイカー,57.0,丸田恭介,1:10.3,クビ,10.1,5.0,[東] 伊坂重信,2021103332,202403020604,3歳未勝利｜2024年7月14日 | 競馬データベース - netkeiba,2026-05-20T10:49:38.764453,牡,3,488.0,8.0,0,0,8.8,9.67,36.86,0.102,0,11,36.86,36.86,36.86,0.102,36.86
10.0,2,4,ココロノイロ,54.0,原優介,1:10.4,クビ,124.2,12.0,[東] 尾関知人,2021102782,202403020604,3歳未勝利｜2024年7月14日 | 競馬データベース - netkeiba,2026-05-20T10:49:38.764453,牝,3,488.0,16.0,0,0,12.67,12.67,40.3,0.0732,0,13,40.3,40.3,40.3,0.0732,40.3
11.0,6,11,リコリコ,55.0,石川裕紀,1:10.5,1/2,7.0,4.0,[東] 村田一誠,2021105848,202403020604,3歳未勝利｜2024年7月14日 | 競馬データベース - netkeiba,2026-05-20T10:49:38.764453,牝,3,468.0,0.0,0,0,11.0,11.0,38.1,0.0833,0,11,38.1,38.1,38.1,0.0833,38.1
12.0,6,12,カシノレッヒエルン,51.0,大江原比,1:10.5,クビ,217.7,15.0,[東] 蛯名利弘,2021100812,202403020604,3歳未勝利｜2024年7月14日 | 競馬データベース - netkeiba,2026-05-20T10:49:38.764453,牝,3,468.0,-8.0,0,0,5.0,1.0,39.02,0.1667,0,1,39.02,39.02,39.02,0.1667,39.02
13.0,2,3,エイシンポップ,57.0,木幡巧也,1:10.6,クビ,85.3,10.0,[東] 勢司和浩,2021103962,202403020604,3歳未勝利｜2024年7月14日 | 競馬データベース - netkeiba,2026-05-20T10:49:38.764453,牡,3,500.0,12.0,0,0,0.0,0.0,0.0,0.0,0,0,0.0,0.0,0.0,0.0,0.0
14.0,8,16,セキセイ,57.0,柴田大知,1:12.4,大,109.2,11.0,[東] 田中剛,2021106253,202403020604,3歳未勝利｜2024年7月14日 | 競馬データベース - netkeiba,2026-05-20T10:49:38.764453,牡,3,474.0,0.0,0,0,5.0,6.33,40.92,0.1667,0,9,40.92,40.92,40.92,0.1667,40.92
15.0,3,5,コライユ,55.0,岩部純二,1:12.7,2,161.3,13.0,[東] 天間昭一,2021106891,202403020604,3歳未勝利｜2024年7月14日 | 競馬データベース - netkeiba,2026-05-20T10:49:38.764453,牝,3,442.0,0.0,0,0,12.33,12.33,40.1,0.075,0,11,40.1,40.1,40.1,0.075,40.1
16.0,5,9,キラリピカリ,55.0,野中悠太,1:18.0,大,239.9,16.0,[東] 根本康広,2021103905,202403020604,3歳未勝利｜2024年7月14日 | 競馬データベース - netkeiba,2026-05-20T10:49:38.764453,牝,3,480.0,0.0,0,0,15.5,15.5,41.2,0.0606,0,16,41.2,41.2,41.2,0.0606,41.2
1.0,7,10,ホウオウガイア,55.0,丸田恭介,1:50.4,,4.0,2.0,[東] 大竹正博,2022104874,202403020605,2歳新馬｜2024年7月14日 | 競馬データベース - netkeiba,2026-05-20T10:50:28.515342,牝,2,430.0,0.0,1,1,7.8,10.0,33.68,0.1136,0,7,33.68,33.68,33.68,0.1136,33.68
2.0,7,9,サルーポルティ,55.0,丸山元気,1:50.9,3,2.5,1.0,[東] 国枝栄,2022105828,202403020605,2歳新馬｜2024年7月14日 | 競馬データベース - netkeiba,2026-05-20T10:50:28.515342,牝,2,408.0,0.0,0,1,5.8,4.67,41.1,0.1471,0,6,41.1,41.1,41.1,0.1471,41.1
3.0,3,3,コスモイシュタル,55.0,松岡正海,1:51.0,1/2,5.6,3.0,[東] 深山雅史,2022106825,202403020605,2歳新馬｜2024年7月14日 | 競馬データベース - netkeiba,2026-05-20T10:50:28.515342,牝,2,416.0,0.0,0,1,6.0,5.67,35.2,0.1429,0,3,35.2,35.2,35.2,0.1429,35.2
4.0,5,5,ミラーダカリエンテ,55.0,木幡巧也,1:51.1,クビ,6.6,4.0,[東] 相沢郁,2022106803,202403020605,2歳新馬｜2024年7月14日 | 競馬データベース - netkeiba,2026-05-20T10:50:28.515342,牝,2,478.0,0.0,0,0,9.4,9.67,35.98,0.0962,0,8,35.98,35.98,35.98,0.0962,35.98
5.0,2,2,ステラマテュティナ,55.0,内田博幸,1:51.3,1.1/4,39.9,9.0,[東] 高柳瑞樹,2022105418,202403020605,2歳新馬｜2024年7月14日 | 競馬データベース - netkeiba,2026-05-20T10:50:28.515342,牝,2,428.0,0.0,0,0,3.6,5.0,40.08,0.2174,0,8,40.08,40.08,40.08,0.2174,40.08
6.0,1,1,コスモクイーンビー,55.0,野中悠太,1:51.3,クビ,14.7,5.0,[東] 岩戸孝樹,2022106791,202403020605,2歳新馬｜2024年7月14日 | 競馬データベース - netkeiba,2026-05-20T10:50:28.515342,牝,2,472.0,0.0,0,0,3.2,3.0,39.64,0.2381,0,3,39.64,39.64,39.64,0.2381,39.64
7.0,4,4,リバースザトレンド,55.0,菅原明良,1:51.8,2.1/2,19.3,7.0,[東] 中舘英二,2022105859,202403020605,2歳新馬｜2024年7月14日 | 競馬データベース - netkeiba,2026-05-20T10:50:28.515342,牝,2,422.0,0.0,0,0,3.8,5.0,38.36,0.2083,0,4,38.36,38.36,38.36,0.2083,38.36
8.0,8,11,エンプレスフレーム,54.0,原優介,1:52.2,2.1/2,51.7,10.0,[東] 上原博之,2022107254,202403020605,2歳新馬｜2024年7月14日 | 競馬データベース - netkeiba,2026-05-20T10:50:28.515342,牝,2,432.0,0.0,0,0,8.0,11.67,39.6,0.1111,0,13,39.6,39.6,39.6,0.1111,39.6
9.0,6,7,イルジーリオ,55.0,石川裕紀,1:52.4,1.1/4,16.2,6.0,[東] 林徹,2022105133,202403020605,2歳新馬｜2024年7月14日 | 競馬データベース - netkeiba,2026-05-20T10:50:28.515342,牝,2,440.0,0.0,0,0,10.6,10.0,36.46,0.0862,0,15,36.46,36.46,36.46,0.0862,36.46
10.0,5,6,ラインアルテミス,55.0,武藤雅,1:52.5,1/2,25.7,8.0,[東] 武藤善則,2022106875,202403020605,2歳新馬｜2024年7月14日 | 競馬データベース - netkeiba,2026-05-20T10:50:28.515342,牝,2,520.0,0.0,0,0,6.2,4.33,38.42,0.1389,0,2,38.42,38.42,38.42,0.1389,38.42
11.0,6,8,チューリップ,53.0,小林脩斗,1:53.0,3,80.4,11.0,[東] 南田美知,2022103323,202403020605,2歳新馬｜2024年7月14日 | 競馬データベース - netkeiba,2026-05-20T10:50:28.515342,牝,2,476.0,0.0,0,0,6.5,6.0,41.27,0.1333,0,2,41.27,41.27,41.27,0.1333,41.27
,8,12,エリーナストーム,55.0,戸崎圭太,,,,,[東] 鹿戸雄一,2022105030,202403020605,2歳新馬｜2024年7月14日 | 競馬データベース - netkeiba,2026-05-20T10:50:28.515342,牝,2,,,0,0,4.2,4.33,34.68,0.1923,0,8,34.68,34.68,34.68,0.1923,34.68
1.0,4,4,ケイアイマハナ,55.0,戸崎圭太,1:11.6,,2.0,1.0,[西] 村山明,2022106584,202403020606,2歳新馬｜2024年7月14日 | 競馬データベース - netkeiba,2026-05-20T10:51:01.199839,牡,2,480.0,0.0,1,1,6.6,8.33,39.0,0.1316,0,9,39.0,39.0,39.0,0.1316,39.0
2.0,8,8,テイエムダイスター,54.0,小沢大仁,1:11.7,3/4,7.5,4.0,[西] 木原一良,2022103744,202403020606,2歳新馬｜2024年7月14日 | 競馬データベース - netkeiba,2026-05-20T10:51:01.199839,牝,2,440.0,0.0,0,1,6.4,6.0,41.32,0.1351,0,10,41.32,41.32,41.32,0.1351,41.32
3.0,5,5,ハルノアラシ,54.0,横山琉人,1:11.8,1/2,5.5,3.0,[東] 相沢郁,2022106099,202403020606,2歳新馬｜2024年7月14日 | 競馬データベース - netkeiba,2026-05-20T10:51:01.199839,牡,2,510.0,0.0,0,1,8.8,9.33,38.3,0.102,0,6,38.3,38.3,38.3,0.102,38.3
4.0,7,7,コパノオーランド,51.0,大江原比,1:11.8,クビ,16.2,5.0,[西] 村山明,2022102376,202403020606,2歳新馬｜2024年7月14日 | 競馬データベース - netkeiba,2026-05-20T10:51:01.199839,牡,2,480.0,0.0,0,0,4.6,2.33,39.0,0.1786,0,1,39.0,39.0,39.0,0.1786,39.0
5.0,1,1,チョウノミツツボ,55.0,岩部純二,1:11.9,1/2,21.5,6.0,[東] 奥平雅士,2022103325,202403020606,2歳新馬｜2024年7月14日 | 競馬データベース - netkeiba,2026-05-20T10:51:01.199839,牝,2,402.0,0.0,0,0,5.6,6.67,41.78,0.1515,0,8,41.78,41.78,41.78,0.1515,41.78
6.0,6,6,ノアプレスリー,55.0,武藤雅,1:13.8,大,39.4,7.0,[東] 武藤善則,2022107087,202403020606,2歳新馬｜2024年7月14日 | 競馬データベース - netkeiba,2026-05-20T10:51:01.199839,牡,2,480.0,0.0,0,0,3.0,3.5,40.38,0.25,0,3,40.38,40.38,40.38,0.25,40.38
7.0,3,3,ミヤマテウス,55.0,菅原明良,1:17.4,大,3.4,2.0,[東] 伊藤圭三,2022103769,202403020606,2歳新馬｜2024年7月14日 | 競馬データベース - netkeiba,2026-05-20T10:51:01.199839,牝,2,482.0,0.0,0,0,6.5,6.5,39.3,0.1333,0,6,39.3,39.3,39.3,0.1333,39.3
8.0,2,2,タワーリシチ,55.0,丸田恭介,1:17.4,クビ,48.7,8.0,[東] 南田美知,2022106093,202403020606,2歳新馬｜2024年7月14日 | 競馬データベース - netkeiba,2026-05-20T10:51:01.199839,牡,2,476.0,0.0,0,0,2.8,4.0,39.2,0.2632,0,10,39.2,39.2,39.2,0.2632,39.2
1.0,1,2,プリュノワール,55.0,戸崎圭太,1:09.2,,4.5,2.0,[東] 鹿戸雄一,2021105747,202403020607,3歳未勝利｜2024年7月14日 | 競馬データベース - netkeiba,2026-05-20T10:51:30.179528,牝,3,442.0,2.0,1,1,7.0,7.0,34.6,0.125,0,10,34.6,34.6,34.6,0.125,34.6
2.0,1,1,クリーゲリン,52.0,石神深道,1:09.4,1,10.5,6.0,[東] 和田正一,2021106617,202403020607,3歳未勝利｜2024年7月14日 | 競馬データベース - netkeiba,2026-05-20T10:51:30.179528,牝,3,428.0,-2.0,0,1,5.75,5.5,37.53,0.1481,0,10,37.53,37.53,37.53,0.1481,37.53
3.0,7,14,マンウォル,55.0,菊沢一樹,1:10.0,3.1/2,8.1,4.0,[東] 菊沢隆徳,2021103744,202403020607,3歳未勝利｜2024年7月14日 | 競馬データベース - netkeiba,2026-05-20T10:51:30.179528,牝,3,422.0,-6.0,0,1,8.2,10.33,35.1,0.1087,0,8,35.1,35.1,35.1,0.1087,35.1
4.0,6,11,ノーブルウィスパー,53.0,小林脩斗,1:10.0,クビ,4.9,3.0,[東] 久保田貴,2021102854,202403020607,3歳未勝利｜2024年7月14日 | 競馬データベース - netkeiba,2026-05-20T10:51:30.179528,牝,3,434.0,-4.0,0,0,6.6,5.67,40.5,0.1316,0,9,40.5,40.5,40.5,0.1316,40.5
5.0,6,12,ハッピーデービー,51.0,大江原比,1:10.1,1/2,60.5,12.0,[東] 鈴木伸尋,2021103971,202403020607,3歳未勝利｜2024年7月14日 | 競馬データベース - netkeiba,2026-05-20T10:51:30.179528,牝,3,446.0,2.0,0,0,10.0,10.67,34.28,0.0909,0,14,34.28,34.28,34.28,0.0909,34.28
6.0,2,4,ソルトブリーズ,57.0,松岡正海,1:10.2,3/4,3.8,1.0,[東] 田中剛,2021101639,202403020607,3歳未勝利｜2024年7月14日 | 競馬データベース - netkeiba,2026-05-20T10:51:30.179528,牡,3,454.0,2.0,0,0,3.0,3.33,34.32,0.25,0,1,34.32,34.32,34.32,0.25,34.32
7.0,4,7,ミルタンドレス,55.0,原田和真,1:10.3,クビ,59.6,11.0,[東] 本間忍,2021100438,202403020607,3歳未勝利｜2024年7月14日 | 競馬データベース - netkeiba,2026-05-20T10:51:30.179528,牝,3,454.0,18.0,0,0,5.0,4.67,40.78,0.1667,0,4,40.78,40.78,40.78,0.1667,40.78
8.0,2,3,マオノボルケーノ,55.0,石橋脩,1:10.3,ハナ,32.3,10.0,[東] 辻哲英,2021100851,202403020607,3歳未勝利｜2024年7月14日 | 競馬データベース - netkeiba,2026-05-20T10:51:30.179528,牝,3,444.0,2.0,0,0,7.0,6.67,39.76,0.125,0,5,39.76,39.76,39.76,0.125,39.76
9.0,5,10,ニシノプリモ,52.0,石田拓郎,1:10.3,クビ,192.5,16.0,[東] 加藤和宏,2021107079,202403020607,3歳未勝利｜2024年7月14日 | 競馬データベース - netkeiba,2026-05-20T10:51:30.179528,牝,3,394.0,0.0,0,0,8.5,4.5,36.92,0.1053,0,2,36.92,36.92,36.92,0.1053,36.92
10.0,8,16,ホウオウマリアン,54.0,横山琉人,1:10.5,1,100.5,14.0,[東] 尾形和幸,2021103542,202403020607,3歳未勝利｜2024年7月14日 | 競馬データベース - netkeiba,2026-05-20T10:51:30.179528,牝,3,436.0,2.0,0,0,6.8,7.33,42.6,0.1282,0,6,42.6,42.6,42.6,0.1282,42.6
11.0,5,9,エリカビーナス,55.0,菅原明良,1:10.7,1.1/2,66.9,13.0,[東] 萩原清,2021103736,202403020607,3歳未勝利｜2024年7月14日 | 競馬データベース - netkeiba,2026-05-20T10:51:30.179528,牝,3,418.0,6.0,0,0,9.8,8.0,38.08,0.0926,0,6,38.08,38.08,38.08,0.0926,38.08
12.0,3,6,スカイライト,57.0,内田博幸,1:10.8,アタマ,30.3,9.0,[東] 清水英克,2021102002,202403020607,3歳未勝利｜2024年7月14日 | 競馬データベース - netkeiba,2026-05-20T10:51:30.179528,牡,3,464.0,0.0,0,0,1.4,1.33,38.86,0.4167,0,1,38.86,38.86,38.86,0.4167,38.86
13.0,3,5,バエル,54.0,小沢大仁,1:11.0,1.1/2,20.7,8.0,[東] 伊坂重信,2021102126,202403020607,3歳未勝利｜2024年7月14日 | 競馬データベース - netkeiba,2026-05-20T10:51:30.179528,牝,3,454.0,4.0,0,0,4.2,5.33,40.92,0.1923,0,4,40.92,40.92,40.92,0.1923,40.92
14.0,8,15,ハーバービュー,55.0,木幡巧也,1:11.2,1.1/2,131.6,15.0,[東] 清水英克,2021101089,202403020607,3歳未勝利｜2024年7月14日 | 競馬データベース - netkeiba,2026-05-20T10:51:30.179528,牝,3,428.0,-2.0,0,0,0.0,0.0,0.0,0.0,0,0,0.0,0.0,0.0,0.0,0.0
15.0,4,8,ペクトラル,57.0,石川裕紀,1:12.6,8,14.9,7.0,[東] 中舘英二,2021107183,202403020607,3歳未勝利｜2024年7月14日 | 競馬データベース - netkeiba,2026-05-20T10:51:30.179528,牡,3,506.0,2.0,0,0,4.6,5.0,40.88,0.1786,0,8,40.88,40.88,40.88,0.1786,40.88
16.0,7,13,オーデンヴァルト,55.0,丸山元気,1:12.9,1.3/4,10.3,5.0,[東] 林徹,2021105510,202403020607,3歳未勝利｜2024年7月14日 | 競馬データベース - netkeiba,2026-05-20T10:51:30.179528,牝,3,470.0,0.0,0,0,17.0,17.0,39.05,0.0556,0,18,39.05,39.05,39.05,0.0556,39.05
1.0,5,9,ロードレイナード,55.0,石川裕紀,1:48.4,,4.0,1.0,[東] 斎藤誠,2021100166,202403020608,3歳以上1勝クラス｜2024年7月14日 | 競馬データベース - netkeiba,2026-05-20T10:52:16.297954,牡,3,460.0,2.0,1,1,6.4,5.33,35.42,0.1351,0,14,35.42,35.42,35.42,0.1351,35.42
2.0,6,11,ディナトセレーネ,55.0,原優介,1:48.5,クビ,6.3,4.0,[東] 尾関知人,2020102934,202403020608,3歳以上1勝クラス｜2024年7月14日 | 競馬データベース - netkeiba,2026-05-20T10:52:16.297954,牝,4,458.0,-8.0,0,1,5.8,8.0,39.2,0.1471,0,8,39.2,39.2,39.2,0.1471,39.2
3.0,6,12,マイネルフォルツァ,58.0,石橋脩,1:48.5,クビ,16.5,8.0,[東] 金成貴史,2020105809,202403020608,3歳以上1勝クラス｜2024年7月14日 | 競馬データベース - netkeiba,2026-05-20T10:52:16.297954,牡,4,524.0,8.0,0,1,7.8,7.33,34.18,0.1136,0,7,34.18,34.18,34.18,0.1136,34.18
4.0,7,13,キュベリン,53.0,石田拓郎,1:48.6,1/2,22.0,10.0,[東] 嘉藤貴行,2020104911,202403020608,3歳以上1勝クラス｜2024年7月14日 | 競馬データベース - netkeiba,2026-05-20T10:52:16.297954,牝,4,418.0,-4.0,0,0,9.2,12.67,36.26,0.098,0,15,36.26,36.26,36.26,0.098,36.26
5.0,5,10,ビジューブリランテ,58.0,杉原誠人,1:48.6,ハナ,27.7,11.0,[東] 武井亮,2018105199,202403020608,3歳以上1勝クラス｜2024年7月14日 | 競馬データベース - netkeiba,2026-05-20T10:52:16.297954,セ,6,486.0,2.0,0,0,6.0,3.33,36.3,0.1429,0,3,36.3,36.3,36.3,0.1429,36.3
6.0,8,16,セレンディピティ,58.0,菊沢一樹,1:48.7,3/4,5.7,2.0,[東] 菊沢隆徳,2020103420,202403020608,3歳以上1勝クラス｜2024年7月14日 | 競馬データベース - netkeiba,2026-05-20T10:52:16.297954,セ,4,488.0,6.0,0,0,7.8,8.33,35.06,0.1136,0,9,35.06,35.06,35.06,0.1136,35.06
7.0,3,5,デアパーディタ,50.0,石神深道,1:48.8,3/4,18.2,9.0,[東] 武井亮,2021100236,202403020608,3歳以上1勝クラス｜2024年7月14日 | 競馬データベース - netkeiba,2026-05-20T10:52:16.297954,牝,3,434.0,8.0,0,0,10.0,9.33,39.7,0.0909,0,9,39.7,39.7,39.7,0.0909,39.7
8.0,3,6,ダノンティアラ,56.0,柴田善臣,1:49.0,1,15.4,7.0,[東] 大竹正博,2019105214,202403020608,3歳以上1勝クラス｜2024年7月14日 | 競馬データベース - netkeiba,2026-05-20T10:52:16.297954,牝,5,466.0,0.0,0,0,7.0,7.67,35.86,0.125,0,12,35.86,35.86,35.86,0.125,35.86
9.0,4,8,ユイアングレイス,56.0,藤田菜七,1:49.3,2,15.3,6.0,[東] 矢嶋大樹,2020100257,202403020608,3歳以上1勝クラス｜2024年7月14日 | 競馬データベース - netkeiba,2026-05-20T10:52:16.297954,牡,4,446.0,2.0,0,0,5.8,5.33,40.8,0.1471,0,4,40.8,40.8,40.8,0.1471,40.8
10.0,4,7,アブストゥルース,58.0,野中悠太,1:49.3,クビ,119.0,14.0,[東] 上原博之,2020110050,202403020608,3歳以上1勝クラス｜2024年7月14日 | 競馬データベース - netkeiba,2026-05-20T10:52:16.297954,牡,4,498.0,-4.0,0,0,2.8,3.67,40.04,0.2632,0,1,40.04,40.04,40.04,0.2632,40.04
11.0,1,1,クインズステラ,56.0,田辺裕信,1:49.5,1.1/4,6.2,3.0,[東] 池上昌和,2019102559,202403020608,3歳以上1勝クラス｜2024年7月14日 | 競馬データベース - netkeiba,2026-05-20T10:52:16.297954,牝,5,466.0,2.0,0,0,6.75,1.5,37.3,0.129,0,2,37.3,37.3,37.3,0.129,37.3
12.0,2,4,ディープキング,58.0,菅原明良,1:49.9,2.1/2,7.1,5.0,[東] 田村康仁,2017104815,202403020608,3歳以上1勝クラス｜2024年7月14日 | 競馬データベース - netkeiba,2026-05-20T10:52:16.297954,牡,7,486.0,0.0,0,0,9.0,9.0,36.32,0.1,0,1,36.32,36.32,36.32,0.1,36.32
13.0,7,14,スマートワン,58.0,江田照男,1:50.0,3/4,97.6,13.0,[東] 加藤士津,2018104827,202403020608,3歳以上1勝クラス｜2024年7月14日 | 競馬データベース - netkeiba,2026-05-20T10:52:16.297954,牡,6,480.0,6.0,0,0,8.6,11.33,35.3,0.1042,0,13,35.3,35.3,35.3,0.1042,35.3
14.0,1,2,ララヴィエルジュ,53.0,西村太一,1:51.0,6,52.6,12.0,[東] 堀内岳志,2021101072,202403020608,3歳以上1勝クラス｜2024年7月14日 | 競馬データベース - netkeiba,2026-05-20T10:52:16.297954,牝,3,394.0,-10.0,0,0,12.4,13.33,35.04,0.0746,0,14,35.04,35.04,35.04,0.0746,35.04
15.0,2,3,イチザブレーヴ,58.0,的場勇人,1:52.5,9,307.0,15.0,[東] 的場均,2020109124,202403020608,3歳以上1勝クラス｜2024年7月14日 | 競馬データベース - netkeiba,2026-05-20T10:52:16.297954,牡,4,464.0,-2.0,0,0,12.2,11.33,39.53,0.0758,0,15,39.53,39.53,39.53,0.0758,39.53
16.0,8,15,クレイプマートル,56.0,岩部純二,1:52.7,1.1/4,356.1,16.0,[東] 石毛善彦,2020106976,202403020608,3歳以上1勝クラス｜2024年7月14日 | 競馬データベース - netkeiba,2026-05-20T10:52:16.297954,牝,4,522.0,0.0,0,0,0.0,0.0,0.0,0.0,0,0,0.0,0.0,0.0,0.0,0.0
1.0,8,11,フェザーモチーフ,58.0,木幡巧也,1:46.3,,2.3,1.0,[東] 武井亮,2020103293,202403020609,横手特別｜2024年7月14日 | 競馬データベース - netkeiba,2026-05-20T10:52:55.916102,セ,4,450.0,-2.0,1,1,1.8,2.0,38.26,0.3571,0,1,38.26,38.26,38.26,0.3571,38.26
2.0,5,6,ピックアップライン,58.0,原優介,1:46.7,2.1/2,3.9,2.0,[東] 田中剛,2020103088,202403020609,横手特別｜2024年7月14日 | 競馬データベース - netkeiba,2026-05-20T10:52:55.916102,牡,4,508.0,-14.0,0,1,6.6,9.67,37.0,0.1316,0,14,37.0,37.0,37.0,0.1316,37.0
3.0,1,1,ヤウガウ,58.0,菊沢一樹,1:47.0,2,106.8,10.0,[東] 金成貴史,2017105433,202403020609,横手特別｜2024年7月14日 | 競馬データベース - netkeiba,2026-05-20T10:52:55.916102,セ,7,488.0,0.0,0,1,11.8,10.0,39.14,0.0781,0,10,39.14,39.14,39.14,0.0781,39.14
4.0,8,12,クリノアルバトロス,58.0,柴田善臣,1:47.0,アタマ,4.5,3.0,[東] 伊藤伸一,2020101983,202403020609,横手特別｜2024年7月14日 | 競馬データベース - netkeiba,2026-05-20T10:52:55.916102,牡,4,508.0,-2.0,0,0,3.0,2.67,36.22,0.25,0,1,36.22,36.22,36.22,0.25,36.22
5.0,3,3,モントブレッチア,56.0,石川裕紀,1:47.1,クビ,6.7,4.0,[東] 斎藤誠,2019106419,202403020609,横手特別｜2024年7月14日 | 競馬データベース - netkeiba,2026-05-20T10:52:55.916102,牝,5,464.0,2.0,0,0,5.6,6.67,38.06,0.1515,0,6,38.06,38.06,38.06,0.1515,38.06
6.0,6,8,エスティメート,58.0,杉原誠人,1:47.2,1,15.0,5.0,[東] 大和田成,2019102648,202403020609,横手特別｜2024年7月14日 | 競馬データベース - netkeiba,2026-05-20T10:52:55.916102,牡,5,464.0,0.0,0,0,9.4,8.0,38.7,0.0962,0,9,38.7,38.7,38.7,0.0962,38.7
7.0,7,10,オメガエリタージュ,58.0,小沢大仁,1:47.3,1/2,213.5,12.0,[西] 辻野泰之,2017104706,202403020609,横手特別｜2024年7月14日 | 競馬データベース - netkeiba,2026-05-20T10:52:55.916102,セ,7,438.0,-2.0,0,0,7.2,6.0,39.06,0.122,0,6,39.06,39.06,39.06,0.122,39.06
8.0,2,2,レリッシュ,53.0,柴田大知,1:47.5,1.1/4,128.6,11.0,[東] 南田美知,2021101385,202403020609,横手特別｜2024年7月14日 | 競馬データベース - netkeiba,2026-05-20T10:52:55.916102,牝,3,476.0,8.0,0,0,9.4,9.0,37.74,0.0962,0,10,37.74,37.74,37.74,0.0962,37.74
9.0,5,5,ホウオウドラッカー,58.0,田辺裕信,1:47.6,クビ,31.6,7.0,[東] 奥村武,2020103605,202403020609,横手特別｜2024年7月14日 | 競馬データベース - netkeiba,2026-05-20T10:52:55.916102,牡,4,508.0,-2.0,0,0,10.0,10.0,37.68,0.0909,0,11,37.68,37.68,37.68,0.0909,37.68
10.0,6,7,レオカクテル,58.0,丸田恭介,1:47.8,1.1/4,19.1,6.0,[東] 萱野浩二,2018106144,202403020609,横手特別｜2024年7月14日 | 競馬データベース - netkeiba,2026-05-20T10:52:55.916102,牡,6,502.0,0.0,0,0,7.6,8.67,37.74,0.1163,0,14,37.74,37.74,37.74,0.1163,37.74
11.0,4,4,シグナルファイアー,56.0,武藤雅,1:48.0,1,72.3,8.0,[東] 水野貴広,2020101228,202403020609,横手特別｜2024年7月14日 | 競馬データベース - netkeiba,2026-05-20T10:52:55.916102,牝,4,486.0,6.0,0,0,8.4,7.33,38.92,0.1064,0,11,38.92,38.92,38.92,0.1064,38.92
12.0,7,9,アドバンスドリーム,58.0,松岡正海,1:48.6,4,92.8,9.0,[西] 森秀行,2019110087,202403020609,横手特別｜2024年7月14日 | 競馬データベース - netkeiba,2026-05-20T10:52:55.916102,牡,5,510.0,-6.0,0,0,2.4,2.33,40.58,0.2941,0,2,40.58,40.58,40.58,0.2941,40.58
1.0,1,1,ウインシュクラン,56.0,丸山元気,2:00.6,,10.0,4.0,[東] 鹿戸雄一,2018101615,202403020610,阿武隈ステークス｜2024年7月14日 | 競馬データベース - netkeiba,2026-05-20T10:53:29.576229,セ,6,462.0,0.0,1,1,7.4,7.33,0.0,0.119,0,15,0.0,0.0,0.0,0.119,0.0
2.0,2,2,ワイドアラジン,55.0,小沢大仁,2:00.7,3/4,20.9,8.0,[西] 奥村豊,2020104550,202403020610,阿武隈ステークス｜2024年7月14日 | 競馬データベース - netkeiba,2026-05-20T10:53:29.576229,牡,4,476.0,2.0,0,1,8.6,10.0,34.7,0.1042,0,6,34.7,34.7,34.7,0.1042,34.7
3.0,8,14,ココクレーター,55.0,戸崎圭太,2:01.0,1.1/2,2.5,1.0,[東] 木村哲也,2020103590,202403020610,阿武隈ステークス｜2024年7月14日 | 競馬データベース - netkeiba,2026-05-20T10:53:29.576229,牝,4,434.0,2.0,0,1,9.2,8.0,34.54,0.098,0,10,34.54,34.54,34.54,0.098,34.54
4.0,6,10,ウインエクレール,53.0,松岡正海,2:01.2,1.1/4,29.2,10.0,[東] 畠山吉宏,2019100215,202403020610,阿武隈ステークス｜2024年7月14日 | 競馬データベース - netkeiba,2026-05-20T10:53:29.576229,牝,5,496.0,8.0,0,0,5.6,4.67,34.4,0.1515,0,3,34.4,34.4,34.4,0.1515,34.4
5.0,3,3,マリネロ,53.0,野中悠太,2:01.2,ハナ,7.9,3.0,[東] 嘉藤貴行,2019100777,202403020610,阿武隈ステークス｜2024年7月14日 | 競馬データベース - netkeiba,2026-05-20T10:53:29.576229,牝,5,430.0,6.0,0,0,6.2,7.0,34.78,0.1389,0,8,34.78,34.78,34.78,0.1389,34.78
6.0,7,11,ゲンパチムサシ,55.0,田辺裕信,2:01.2,ハナ,44.8,12.0,[西] 佐々木晶,2018102832,202403020610,阿武隈ステークス｜2024年7月14日 | 競馬データベース - netkeiba,2026-05-20T10:53:29.576229,牡,6,500.0,-2.0,0,0,10.2,10.33,37.04,0.0893,0,12,37.04,37.04,37.04,0.0893,37.04
7.0,8,13,ドゥラモンド,56.0,石川裕紀,2:01.3,1/2,16.3,6.0,[東] 手塚貴久,2018105078,202403020610,阿武隈ステークス｜2024年7月14日 | 競馬データベース - netkeiba,2026-05-20T10:53:29.576229,牡,6,490.0,-6.0,0,0,4.2,5.0,0.0,0.1923,0,6,0.0,0.0,0.0,0.1923,0.0
8.0,4,5,ダノングロワール,55.0,原優介,2:01.4,3/4,28.3,9.0,[東] 国枝栄,2017105408,202403020610,阿武隈ステークス｜2024年7月14日 | 競馬データベース - netkeiba,2026-05-20T10:53:29.576229,牡,7,500.0,10.0,0,0,6.4,7.0,34.67,0.1351,0,5,34.67,34.67,34.67,0.1351,34.67
9.0,7,12,モカフラワー,53.0,吉田豊,2:01.4,ハナ,17.5,7.0,[東] 相沢郁,2019102220,202403020610,阿武隈ステークス｜2024年7月14日 | 競馬データベース - netkeiba,2026-05-20T10:53:29.576229,牝,5,468.0,4.0,0,0,8.8,9.33,35.62,0.102,0,13,35.62,35.62,35.62,0.102,35.62
10.0,6,9,ヤマニンエンディマ,55.0,内田博幸,2:01.5,クビ,4.0,2.0,[東] 辻哲英,2020105603,202403020610,阿武隈ステークス｜2024年7月14日 | 競馬データベース - netkeiba,2026-05-20T10:53:29.576229,牡,4,506.0,6.0,0,0,8.6,11.0,37.76,0.1042,0,11,37.76,37.76,37.76,0.1042,37.76
11.0,5,8,サザンナイツ,55.0,柴田大知,2:01.6,3/4,68.7,14.0,[東] 林徹,2018104697,202403020610,阿武隈ステークス｜2024年7月14日 | 競馬データベース - netkeiba,2026-05-20T10:53:29.576229,セ,6,438.0,-4.0,0,0,0.0,0.0,0.0,0.0,0,0,0.0,0.0,0.0,0.0,0.0
12.0,5,7,ダイバリオン,56.0,杉原誠人,2:01.6,クビ,14.7,5.0,[東] 池上昌和,2019105383,202403020610,阿武隈ステークス｜2024年7月14日 | 競馬データベース - netkeiba,2026-05-20T10:53:29.576229,牡,5,466.0,-2.0,0,0,6.4,5.67,37.8,0.1351,0,8,37.8,37.8,37.8,0.1351,37.8
13.0,3,4,アスクビックスター,55.0,横山琉人,2:01.7,クビ,35.8,11.0,[西] 矢作芳人,2019106414,202403020610,阿武隈ステークス｜2024年7月14日 | 競馬データベース - netkeiba,2026-05-20T10:53:29.576229,牡,5,480.0,4.0,0,0,9.6,9.67,38.46,0.0943,0,7,38.46,38.46,38.46,0.0943,38.46
14.0,4,6,エターナルヴィテス,52.0,菊沢一樹,2:02.4,4,67.0,13.0,[東] 松山将樹,2016102362,202403020610,阿武隈ステークス｜2024年7月14日 | 競馬データベース - netkeiba,2026-05-20T10:53:29.576229,牡,8,476.0,-6.0,0,0,13.4,12.33,36.84,0.0694,0,15,36.84,36.84,36.84,0.0694,36.84
1.0,2,3,カリボール,57.0,杉原誠人,1:08.8,,37.1,9.0,[西] 西村真幸,2016104668,202403020611,福島テレビオープン｜2024年7月14日 | 競馬データベース - netkeiba,2026-05-20T10:54:11.531676,牡,8,486.0,-8.0,1,1,13.6,14.67,34.52,0.0685,0,16,34.52,34.52,34.52,0.0685,34.52
2.0,2,4,エターナルタイム,55.0,戸崎圭太,1:08.9,3/4,1.6,1.0,[東] 中川公成,2019105439,202403020611,福島テレビオープン｜2024年7月14日 | 競馬データベース - netkeiba,2026-05-20T10:54:11.531676,牝,5,488.0,-2.0,0,1,2.6,2.0,34.44,0.2778,0,1,34.44,34.44,34.44,0.2778,34.44
3.0,1,1,デュガ,57.0,丸山元気,1:08.9,クビ,15.1,6.0,[西] 森秀行,2019110102,202403020611,福島テレビオープン｜2024年7月14日 | 競馬データベース - netkeiba,2026-05-20T10:54:11.531676,牡,5,496.0,-14.0,0,1,4.8,5.67,34.02,0.1724,0,4,34.02,34.02,34.02,0.1724,34.02
4.0,6,11,ブーケファロス,57.0,菅原明良,1:09.0,クビ,6.1,2.0,[東] 清水英克,2020101419,202403020611,福島テレビオープン｜2024年7月14日 | 競馬データベース - netkeiba,2026-05-20T10:54:11.531676,牡,4,444.0,-4.0,0,0,9.6,13.0,33.44,0.0943,0,16,33.44,33.44,33.44,0.0943,33.44
5.0,7,14,サンライズオネスト,58.0,吉田豊,1:09.0,アタマ,9.7,3.0,[西] 河内洋,2017106720,202403020611,福島テレビオープン｜2024年7月14日 | 競馬データベース - netkeiba,2026-05-20T10:54:11.531676,牡,7,472.0,-8.0,0,0,10.2,13.33,33.86,0.0893,0,16,33.86,33.86,33.86,0.0893,33.86
6.0,4,7,トーセンローリエ,55.0,横山琉人,1:09.4,2.1/2,15.0,5.0,[東] 小笠倫弘,2020102502,202403020611,福島テレビオープン｜2024年7月14日 | 競馬データベース - netkeiba,2026-05-20T10:54:11.531676,牝,4,444.0,-2.0,0,0,9.4,9.33,34.54,0.0962,0,12,34.54,34.54,34.54,0.0962,34.54
7.0,5,9,バンデルオーラ,57.0,菊沢一樹,1:09.4,クビ,56.4,12.0,[西] 牧浦充徳,2019104915,202403020611,福島テレビオープン｜2024年7月14日 | 競馬データベース - netkeiba,2026-05-20T10:54:11.531676,牡,5,472.0,0.0,0,0,8.0,9.67,35.28,0.1111,0,13,35.28,35.28,35.28,0.1111,35.28
8.0,3,6,フレッチア,57.0,石川裕紀,1:09.6,1,30.1,8.0,[東] 木村哲也,2015104699,202403020611,福島テレビオープン｜2024年7月14日 | 競馬データベース - netkeiba,2026-05-20T10:54:11.531676,牡,9,500.0,10.0,0,0,4.4,5.0,0.0,0.1852,0,3,0.0,0.0,0.0,0.1852,0.0
9.0,1,2,サトノアイ,55.0,丸田恭介,1:09.6,アタマ,139.6,14.0,[東] 森一誠,2018106504,202403020611,福島テレビオープン｜2024年7月14日 | 競馬データベース - netkeiba,2026-05-20T10:54:11.531676,牝,6,448.0,4.0,0,0,11.8,11.0,34.66,0.0781,0,9,34.66,34.66,34.66,0.0781,34.66
10.0,8,16,チェアリングソング,57.0,原優介,1:09.6,クビ,161.4,15.0,[東] 青木孝文,2017103295,202403020611,福島テレビオープン｜2024年7月14日 | 競馬データベース - netkeiba,2026-05-20T10:54:11.531676,セ,7,468.0,-2.0,0,0,7.6,8.67,38.58,0.1163,0,11,38.58,38.58,38.58,0.1163,38.58
11.0,5,10,エナジーグラン,57.0,小沢大仁,1:09.6,ハナ,42.8,11.0,[西] 高柳大輔,2019104108,202403020611,福島テレビオープン｜2024年7月14日 | 競馬データベース - netkeiba,2026-05-20T10:54:11.531676,牡,5,476.0,0.0,0,0,9.8,12.67,36.2,0.0926,0,14,36.2,36.2,36.2,0.0926,36.2
12.0,8,15,アビッグチア,55.0,柴田善臣,1:09.7,クビ,13.7,4.0,[東] 水野貴広,2018100040,202403020611,福島テレビオープン｜2024年7月14日 | 競馬データベース - netkeiba,2026-05-20T10:54:11.531676,牝,6,506.0,-4.0,0,0,12.6,11.33,34.66,0.0735,0,16,34.66,34.66,34.66,0.0735,34.66
13.0,4,8,ロードベイリーフ,57.0,田辺裕信,1:09.8,1,42.6,10.0,[西] 森田直行,2017103005,202403020611,福島テレビオープン｜2024年7月14日 | 競馬データベース - netkeiba,2026-05-20T10:54:11.531676,牡,7,498.0,0.0,0,0,8.75,7.33,34.48,0.1026,0,5,34.48,34.48,34.48,0.1026,34.48
14.0,7,13,スリーパーダ,55.0,石橋脩,1:09.9,1/2,26.6,7.0,[西] 斉藤崇史,2019105237,202403020611,福島テレビオープン｜2024年7月14日 | 競馬データベース - netkeiba,2026-05-20T10:54:11.531676,牝,5,426.0,-4.0,0,0,12.4,11.67,34.62,0.0746,0,14,34.62,34.62,34.62,0.0746,34.62
15.0,6,12,ベラジオソノダラブ,57.0,木幡巧也,1:10.2,2,128.2,13.0,[西] 小椋研介,2020102775,202403020611,福島テレビオープン｜2024年7月14日 | 競馬データベース - netkeiba,2026-05-20T10:54:11.531676,牡,4,480.0,8.0,0,0,4.8,5.33,41.06,0.1724,0,3,41.06,41.06,41.06,0.1724,41.06
16.0,3,5,グラスミヤラビ,55.0,佐藤翔馬,1:10.7,2.1/2,205.1,16.0,[東] 杉浦宏昭,2019100438,202403020611,福島テレビオープン｜2024年7月14日 | 競馬データベース - netkeiba,2026-05-20T10:54:11.531676,牝,5,516.0,-2.0,0,0,11.8,13.33,34.46,0.0781,0,16,34.46,34.46,34.46,0.0781,34.46
1.0,3,5,ロジアデレード,55.0,内田博幸,1:46.5,,1.5,1.0,[東] 稲垣幸雄,2021105360,202403020612,3歳以上1勝クラス｜2024年7月14日 | 競馬データベース - netkeiba,2026-05-20T10:55:01.543394,牡,3,490.0,0.0,1,1,5.8,6.0,36.8,0.1471,0,9,36.8,36.8,36.8,0.1471,36.8
2.0,7,13,プレミアペガサス,58.0,戸崎圭太,1:46.8,2,5.3,2.0,[東] 田中博康,2020104020,202403020612,3歳以上1勝クラス｜2024年7月14日 | 競馬データベース - netkeiba,2026-05-20T10:55:01.543394,牡,4,522.0,14.0,0,1,2.2,2.67,38.16,0.3125,0,4,38.16,38.16,38.16,0.3125,38.16
3.0,6,10,ハンデンカイザー,55.0,野中悠太,1:46.9,クビ,24.2,5.0,[東] 牧光二,2021102456,202403020612,3歳以上1勝クラス｜2024年7月14日 | 競馬データベース - netkeiba,2026-05-20T10:55:01.543394,牡,3,506.0,16.0,0,1,7.0,8.33,40.24,0.125,0,2,40.24,40.24,40.24,0.125,40.24
4.0,5,9,ウンガイソウテン,55.0,石川裕紀,1:46.9,ハナ,7.6,3.0,[東] 田村康仁,2021104456,202403020612,3歳以上1勝クラス｜2024年7月14日 | 競馬データベース - netkeiba,2026-05-20T10:55:01.543394,牡,3,480.0,8.0,0,0,6.0,7.0,38.2,0.1429,0,7,38.2,38.2,38.2,0.1429,38.2
5.0,7,12,タイセイアディクト,55.0,石橋脩,1:47.7,5,25.9,6.0,[東] 池上昌和,2021106126,202403020612,3歳以上1勝クラス｜2024年7月14日 | 競馬データベース - netkeiba,2026-05-20T10:55:01.543394,牡,3,488.0,4.0,0,0,4.2,3.33,37.16,0.1923,0,3,37.16,37.16,37.16,0.1923,37.16
6.0,4,6,メッエフアパラ,55.0,吉田豊,1:47.7,ハナ,51.2,9.0,[東] 辻哲英,2021106066,202403020612,3歳以上1勝クラス｜2024年7月14日 | 競馬データベース - netkeiba,2026-05-20T10:55:01.543394,牡,3,462.0,2.0,0,0,4.4,4.67,37.06,0.1852,0,9,37.06,37.06,37.06,0.1852,37.06
7.0,8,15,グロバーテソーロ,55.0,菅原明良,1:47.8,1/2,11.3,4.0,[東] 高木登,2021101147,202403020612,3歳以上1勝クラス｜2024年7月14日 | 競馬データベース - netkeiba,2026-05-20T10:55:01.543394,牡,3,502.0,-2.0,0,0,9.5,9.33,37.65,0.0952,0,9,37.65,37.65,37.65,0.0952,37.65
8.0,6,11,ウッドショック,55.0,佐藤翔馬,1:48.0,3/4,189.7,14.0,[東] 杉浦宏昭,2019106923,202403020612,3歳以上1勝クラス｜2024年7月14日 | 競馬データベース - netkeiba,2026-05-20T10:55:01.543394,牡,5,512.0,-2.0,0,0,6.0,6.67,38.08,0.1429,0,7,38.08,38.08,38.08,0.1429,38.08
9.0,5,8,メジャーレーベル,55.0,杉原誠人,1:48.1,3/4,29.2,7.0,[東] 木村哲也,2021100304,202403020612,3歳以上1勝クラス｜2024年7月14日 | 競馬データベース - netkeiba,2026-05-20T10:55:01.543394,牡,3,436.0,8.0,0,0,7.75,8.0,40.45,0.1143,0,9,40.45,40.45,40.45,0.1143,40.45
10.0,2,3,プルナチャンドラ,55.0,柴田善臣,1:48.2,3/4,35.9,8.0,[東] 小野次郎,2021100329,202403020612,3歳以上1勝クラス｜2024年7月14日 | 競馬データベース - netkeiba,2026-05-20T10:55:01.543394,牡,3,504.0,4.0,0,0,3.6,4.33,37.62,0.2174,0,10,37.62,37.62,37.62,0.2174,37.62
11.0,1,1,ナムラテディー,55.0,石田拓郎,1:48.3,1/2,89.8,12.0,[東] 武市康男,2020101950,202403020612,3歳以上1勝クラス｜2024年7月14日 | 競馬データベース - netkeiba,2026-05-20T10:55:01.543394,牡,4,480.0,-6.0,0,0,5.4,5.0,39.2,0.1562,0,7,39.2,39.2,39.2,0.1562,39.2
12.0,2,2,エアロソニック,55.0,木幡巧也,1:48.6,1.3/4,83.6,11.0,[東] 鈴木慎太,2021100409,202403020612,3歳以上1勝クラス｜2024年7月14日 | 競馬データベース - netkeiba,2026-05-20T10:55:01.543394,牡,3,544.0,8.0,0,0,7.4,9.33,40.34,0.119,0,12,40.34,40.34,40.34,0.119,40.34
13.0,4,7,レッドアウレア,57.0,横山琉人,1:48.7,1/2,134.1,13.0,[東] 尾関知人,2018104857,202403020612,3歳以上1勝クラス｜2024年7月14日 | 競馬データベース - netkeiba,2026-05-20T10:55:01.543394,セ,6,486.0,-12.0,0,0,11.4,10.67,39.66,0.0806,0,12,39.66,39.66,39.66,0.0806,39.66
14.0,8,14,バンブトンプロ,58.0,柴田大知,1:49.7,6,205.5,15.0,[東] 粕谷昌央,2020106562,202403020612,3歳以上1勝クラス｜2024年7月14日 | 競馬データベース - netkeiba,2026-05-20T10:55:01.543394,牡,4,472.0,-8.0,0,0,13.2,14.0,37.96,0.0704,0,16,37.96,37.96,37.96,0.0704,37.96
15.0,3,4,クルル,54.0,大江原比,1:49.8,1/2,72.1,10.0,[東] 高橋文雅,2019106842,202403020612,3歳以上1勝クラス｜2024年7月14日 | 競馬データベース - netkeiba,2026-05-20T10:55:01.543394,牡,5,504.0,4.0,0,0,12.67,10.0,40.73,0.0732,0,10,40.73,40.73,40.73,0.0732,40.73
1.0,5,5,ベルビースタローン,55.0,坂井瑠星,1:10.6,,9.4,4.0,[西] 西村真幸,2022106389,202410030602,2歳未勝利｜2024年7月14日 | 競馬データベース - netkeiba,2026-05-20T10:55:51.366765,牝,2,494.0,4.0,1,1,4.2,4.33,35.36,0.1923,0,1,35.36,35.36,35.36,0.1923,35.36
2.0,2,2,カムイカル,55.0,団野大成,1:10.8,1,2.1,1.0,[西] 福永祐一,2022101611,202410030602,2歳未勝利｜2024年7月14日 | 競馬データベース - netkeiba,2026-05-20T10:55:51.366765,牡,2,440.0,6.0,0,1,7.8,9.67,41.08,0.1136,0,9,41.08,41.08,41.08,0.1136,41.08
3.0,8,9,モンテシート,54.0,田口貫太,1:11.3,3,26.1,7.0,[西] 牧田和弥,2022105108,202410030602,2歳未勝利｜2024年7月14日 | 競馬データベース - netkeiba,2026-05-20T10:55:51.366765,牡,2,480.0,-10.0,0,1,5.8,6.67,33.92,0.1471,0,7,33.92,33.92,33.92,0.1471,33.92
4.0,1,1,テーオーシュターデ,54.0,泉谷楓真,1:11.4,3/4,3.7,2.0,[西] 宮徹,2022107056,202410030602,2歳未勝利｜2024年7月14日 | 競馬データベース - netkeiba,2026-05-20T10:55:51.366765,牝,2,412.0,4.0,0,0,6.4,8.67,40.66,0.1351,0,9,40.66,40.66,40.66,0.1351,40.66
5.0,4,4,スカイブルー,55.0,西村淳也,1:11.8,2.1/2,9.4,5.0,[西] 杉山晴紀,2022100136,202410030602,2歳未勝利｜2024年7月14日 | 競馬データベース - netkeiba,2026-05-20T10:55:51.366765,牡,2,500.0,-2.0,0,0,9.6,10.0,37.3,0.0943,0,13,37.3,37.3,37.3,0.0943,37.3
6.0,8,8,ゴメンネジロー,55.0,幸英明,1:11.8,アタマ,9.5,6.0,[西] 谷潔,2022100819,202410030602,2歳未勝利｜2024年7月14日 | 競馬データベース - netkeiba,2026-05-20T10:55:51.366765,牡,2,454.0,-2.0,0,0,3.6,2.67,37.26,0.2174,0,3,37.26,37.26,37.26,0.2174,37.26
7.0,7,7,ストームレーン,55.0,松山弘平,1:11.9,3/4,7.9,3.0,[西] 緒方努,2022105447,202410030602,2歳未勝利｜2024年7月14日 | 競馬データベース - netkeiba,2026-05-20T10:55:51.366765,牡,2,410.0,-6.0,0,0,7.8,7.67,41.88,0.1136,0,10,41.88,41.88,41.88,0.1136,41.88
8.0,3,3,マサウッドテール,55.0,小崎綾也,1:12.2,1.1/2,78.7,9.0,[西] 河嶋宏樹,2022109054,202410030602,2歳未勝利｜2024年7月14日 | 競馬データベース - netkeiba,2026-05-20T10:55:51.366765,牡,2,440.0,0.0,0,0,3.8,4.33,40.48,0.2083,0,3,40.48,40.48,40.48,0.2083,40.48
9.0,6,6,ダイメイハマダ,53.0,永島まな,1:13.9,10,31.1,8.0,[西] 本田優,2022104001,202410030602,2歳未勝利｜2024年7月14日 | 競馬データベース - netkeiba,2026-05-20T10:55:51.366765,牡,2,448.0,-2.0,0,0,9.0,9.0,41.42,0.1,0,11,41.42,41.42,41.42,0.1,41.42
1.0,1,2,フローラルセント,55.0,松山弘平,1:44.6,,6.5,3.0,[西] 松下武士,2021104857,202410030603,3歳未勝利｜2024年7月14日 | 競馬データベース - netkeiba,2026-05-20T10:56:20.118655,牝,3,456.0,-2.0,1,1,12.0,14.33,39.22,0.0769,0,12,39.22,39.22,39.22,0.0769,39.22
2.0,4,8,ビターメサイア,55.0,酒井学,1:45.3,4,1.8,1.0,[西] 坂口智康,2021103826,202410030603,3歳未勝利｜2024年7月14日 | 競馬データベース - netkeiba,2026-05-20T10:56:20.118655,牝,3,478.0,0.0,0,1,3.33,2.0,38.17,0.2309,0,2,38.17,38.17,38.17,0.2309,38.17
3.0,2,3,ペプチドセーヌ,53.0,永島まな,1:45.5,1.1/4,9.2,4.0,[西] 武英智,2021104761,202410030603,3歳未勝利｜2024年7月14日 | 競馬データベース - netkeiba,2026-05-20T10:56:20.118655,牝,3,442.0,0.0,0,1,7.4,6.0,36.46,0.119,0,9,36.46,36.46,36.46,0.119,36.46
4.0,3,5,アルピニスト,55.0,団野大成,1:45.5,クビ,4.9,2.0,[西] 杉山佳明,2021106296,202410030603,3歳未勝利｜2024年7月14日 | 競馬データベース - netkeiba,2026-05-20T10:56:20.118655,牝,3,464.0,-4.0,0,0,9.4,8.67,38.94,0.0962,0,6,38.94,38.94,38.94,0.0962,38.94
5.0,6,11,ビキニオンザビーチ,52.0,鷲頭虎太,1:46.2,4,27.7,7.0,[西] 池江泰寿,2021105708,202410030603,3歳未勝利｜2024年7月14日 | 競馬データベース - netkeiba,2026-05-20T10:56:20.118655,牝,3,446.0,0.0,0,0,7.25,5.33,38.55,0.1212,0,1,38.55,38.55,38.55,0.1212,38.55
6.0,1,1,フォンローザ,55.0,Ｍ．デム,1:46.5,1.3/4,15.4,5.0,[西] 茶木太樹,2021105818,202410030603,3歳未勝利｜2024年7月14日 | 競馬データベース - netkeiba,2026-05-20T10:56:20.118655,牝,3,442.0,-6.0,0,0,5.6,6.0,39.74,0.1515,0,8,39.74,39.74,39.74,0.1515,39.74
7.0,8,15,ヤマニンラベーラ,55.0,藤懸貴志,1:46.6,3/4,37.6,8.0,[西] 長谷川浩,2021106607,202410030603,3歳未勝利｜2024年7月14日 | 競馬データベース - netkeiba,2026-05-20T10:56:20.118655,牝,3,510.0,6.0,0,0,6.8,6.0,41.64,0.1282,0,8,41.64,41.64,41.64,0.1282,41.64
8.0,6,12,ヒルノセビリア,55.0,太宰啓介,1:46.7,アタマ,21.3,6.0,[西] 昆貢,2021103006,202410030603,3歳未勝利｜2024年7月14日 | 競馬データベース - netkeiba,2026-05-20T10:56:20.118655,牝,3,446.0,2.0,0,0,10.4,11.33,35.96,0.0877,0,14,35.96,35.96,35.96,0.0877,35.96
9.0,4,7,パシュミナ,52.0,柴田裕一,1:46.7,ハナ,127.0,13.0,[西] 河嶋宏樹,2021100291,202410030603,3歳未勝利｜2024年7月14日 | 競馬データベース - netkeiba,2026-05-20T10:56:20.118655,牝,3,446.0,-2.0,0,0,9.8,9.33,41.78,0.0926,0,11,41.78,41.78,41.78,0.0926,41.78
10.0,3,6,ラロマネ,54.0,田口貫太,1:47.0,1.3/4,89.9,11.0,[西] 藤野健太,2021106578,202410030603,3歳未勝利｜2024年7月14日 | 競馬データベース - netkeiba,2026-05-20T10:56:20.118655,牝,3,466.0,0.0,0,0,2.4,3.0,40.5,0.2941,0,3,40.5,40.5,40.5,0.2941,40.5
11.0,7,13,トゥームレイダー,55.0,松若風馬,1:47.2,1.1/4,159.3,14.0,[西] 吉村圭司,2021106677,202410030603,3歳未勝利｜2024年7月14日 | 競馬データベース - netkeiba,2026-05-20T10:56:20.118655,牝,3,436.0,-4.0,0,0,6.8,7.67,40.88,0.1282,0,7,40.88,40.88,40.88,0.1282,40.88
12.0,8,16,セブンスリーローズ,51.0,河原田菜,1:47.3,1/2,110.0,12.0,[西] 飯田祐史,2021102386,202410030603,3歳未勝利｜2024年7月14日 | 競馬データベース - netkeiba,2026-05-20T10:56:20.118655,牝,3,414.0,-14.0,0,0,3.2,3.67,39.94,0.2381,0,4,39.94,39.94,39.94,0.2381,39.94
13.0,7,14,ポアゾンノアール,55.0,幸英明,1:48.0,4,48.6,9.0,[西] 本田優,2021103984,202410030603,3歳未勝利｜2024年7月14日 | 競馬データベース - netkeiba,2026-05-20T10:56:20.118655,牝,3,454.0,0.0,0,0,2.4,3.0,38.9,0.2941,0,6,38.9,38.9,38.9,0.2941,38.9
14.0,5,10,ベノワ,55.0,中井裕二,1:48.3,2,224.6,15.0,[西] 藤野健太,2021103026,202410030603,3歳未勝利｜2024年7月14日 | 競馬データベース - netkeiba,2026-05-20T10:56:20.118655,牝,3,460.0,0.0,0,0,6.0,7.67,40.18,0.1429,0,6,40.18,40.18,40.18,0.1429,40.18
15.0,2,4,リフレクト,55.0,長岡禎仁,1:51.0,大,69.6,10.0,[西] 四位洋文,2021100140,202410030603,3歳未勝利｜2024年7月14日 | 競馬データベース - netkeiba,2026-05-20T10:56:20.118655,牝,3,462.0,0.0,0,0,15.0,15.0,39.1,0.0625,0,15,39.1,39.1,39.1,0.0625,39.1
,5,9,フェリマール,55.0,小崎綾也,,,378.5,16.0,[西] 中尾秀正,2021104171,202410030603,3歳未勝利｜2024年7月14日 | 競馬データベース - netkeiba,2026-05-20T10:56:20.118655,牝,3,456.0,-2.0,0,0,7.0,6.0,40.38,0.125,0,11,40.38,40.38,40.38,0.125,40.38
1.0,4,7,キュクヌス,55.0,松山弘平,2:04.8,,4.9,2.0,[西] 池江泰寿,2021110088,202410030604,3歳未勝利｜2024年7月14日 | 競馬データベース - netkeiba,2026-05-20T10:57:07.328973,牝,3,446.0,4.0,1,1,6.2,7.33,34.14,0.1389,0,4,34.14,34.14,34.14,0.1389,34.14
2.0,6,12,スピードリッチ,57.0,坂井瑠星,2:04.8,ハナ,1.7,1.0,[西] 藤岡健一,2021105438,202410030604,3歳未勝利｜2024年7月14日 | 競馬データベース - netkeiba,2026-05-20T10:57:07.328973,牡,3,482.0,6.0,0,1,5.0,4.67,34.52,0.1667,0,2,34.52,34.52,34.52,0.1667,34.52
3.0,8,16,ホットハートビート,54.0,吉村誠之,2:05.6,5,17.9,4.0,[西] 友道康夫,2021110047,202410030604,3歳未勝利｜2024年7月14日 | 競馬データベース - netkeiba,2026-05-20T10:57:07.328973,牡,3,466.0,-10.0,0,1,6.0,6.0,38.05,0.1429,0,3,38.05,38.05,38.05,0.1429,38.05
4.0,3,6,ハートストロング,56.0,角田大和,2:05.9,1.3/4,92.4,11.0,[西] 笹田和秀,2021102600,202410030604,3歳未勝利｜2024年7月14日 | 競馬データベース - netkeiba,2026-05-20T10:57:07.328973,セ,3,404.0,2.0,0,0,11.0,9.33,37.83,0.0833,0,12,37.83,37.83,37.83,0.0833,37.83
5.0,6,11,ガブリエルアクア,55.0,Ｍ．デム,2:06.1,1.1/2,21.0,6.0,[西] 橋口慎介,2021110163,202410030604,3歳未勝利｜2024年7月14日 | 競馬データベース - netkeiba,2026-05-20T10:57:07.328973,牡,3,452.0,-6.0,0,0,8.2,8.33,38.7,0.1087,0,15,38.7,38.7,38.7,0.1087,38.7
6.0,1,1,クロノネクサス,55.0,幸英明,2:06.2,クビ,57.5,9.0,[西] 斉藤崇史,2021105505,202410030604,3歳未勝利｜2024年7月14日 | 競馬データベース - netkeiba,2026-05-20T10:57:07.328973,牝,3,414.0,2.0,0,0,10.0,11.67,36.58,0.0909,0,17,36.58,36.58,36.58,0.0909,36.58
7.0,2,3,モンサンケコア,54.0,柴田裕一,2:06.4,1.1/4,5.3,3.0,[西] 中竹和也,2021106152,202410030604,3歳未勝利｜2024年7月14日 | 競馬データベース - netkeiba,2026-05-20T10:57:07.328973,牡,3,502.0,2.0,0,0,4.6,4.0,39.38,0.1786,0,1,39.38,39.38,39.38,0.1786,39.38
8.0,1,2,コーンウォリス,57.0,和田竜二,2:06.6,1,19.7,5.0,[西] 平田修,2021107177,202410030604,3歳未勝利｜2024年7月14日 | 競馬データベース - netkeiba,2026-05-20T10:57:07.328973,牡,3,466.0,2.0,0,0,8.8,8.67,41.34,0.102,0,9,41.34,41.34,41.34,0.102,41.34
9.0,7,14,ビカムキング,56.0,西塚洸二,2:06.8,1.1/2,87.3,10.0,[西] 藤原英昭,2021110046,202410030604,3歳未勝利｜2024年7月14日 | 競馬データベース - netkeiba,2026-05-20T10:57:07.328973,牡,3,488.0,-10.0,0,0,3.6,5.0,40.88,0.2174,0,7,40.88,40.88,40.88,0.2174,40.88
10.0,2,4,トラウムビルト,55.0,酒井学,2:06.8,ハナ,40.9,7.0,[西] 中尾秀正,2021104774,202410030604,3歳未勝利｜2024年7月14日 | 競馬データベース - netkeiba,2026-05-20T10:57:07.328973,牝,3,444.0,0.0,0,0,6.6,7.67,40.78,0.1316,0,9,40.78,40.78,40.78,0.1316,40.78
11.0,5,9,ワクワクドリーム,55.0,太宰啓介,2:07.2,2.1/2,285.9,18.0,[西] 宮本博,2021100748,202410030604,3歳未勝利｜2024年7月14日 | 競馬データベース - netkeiba,2026-05-20T10:57:07.328973,牝,3,496.0,-2.0,0,0,3.4,3.67,39.64,0.2273,0,2,39.64,39.64,39.64,0.2273,39.64
12.0,8,17,ルージュプリエール,55.0,小崎綾也,2:07.3,3/4,274.0,17.0,[西] 松永幹夫,2021107233,202410030604,3歳未勝利｜2024年7月14日 | 競馬データベース - netkeiba,2026-05-20T10:57:07.328973,牝,3,418.0,-2.0,0,0,10.2,10.0,39.88,0.0893,0,12,39.88,39.88,39.88,0.0893,39.88
13.0,7,13,ケンオスロ,54.0,鷲頭虎太,2:07.9,3.1/2,204.9,16.0,[西] 千田輝彦,2021100700,202410030604,3歳未勝利｜2024年7月14日 | 競馬データベース - netkeiba,2026-05-20T10:57:07.328973,牡,3,476.0,0.0,0,0,8.4,6.33,39.32,0.1064,0,8,39.32,39.32,39.32,0.1064,39.32
14.0,7,15,ジーティーウィンズ,56.0,田口貫太,2:08.0,1/2,117.7,12.0,[西] 中村直也,2021104582,202410030604,3歳未勝利｜2024年7月14日 | 競馬データベース - netkeiba,2026-05-20T10:57:07.328973,牡,3,462.0,6.0,0,0,2.25,2.5,39.33,0.3077,0,1,39.33,39.33,39.33,0.3077,39.33
15.0,5,10,トンボ,57.0,藤懸貴志,2:10.1,大,192.2,15.0,[西] 本田優,2021100369,202410030604,3歳未勝利｜2024年7月14日 | 競馬データベース - netkeiba,2026-05-20T10:57:07.328973,牡,3,500.0,-2.0,0,0,4.6,5.33,39.26,0.1786,0,5,39.26,39.26,39.26,0.1786,39.26
16.0,4,8,プロミット,57.0,高倉稜,2:10.2,クビ,178.2,14.0,[西] 田中克典,2021100939,202410030604,3歳未勝利｜2024年7月14日 | 競馬データベース - netkeiba,2026-05-20T10:57:07.328973,セ,3,484.0,-4.0,0,0,6.8,5.67,43.26,0.1282,0,5,43.26,43.26,43.26,0.1282,43.26
17.0,8,18,アインハーディ,53.0,永島まな,2:10.3,3/4,53.6,8.0,[西] 高橋康之,2021105044,202410030604,3歳未勝利｜2024年7月14日 | 競馬データベース - netkeiba,2026-05-20T10:57:07.328973,牝,3,436.0,-12.0,0,0,9.6,10.33,43.12,0.0943,0,11,43.12,43.12,43.12,0.0943,43.12
18.0,3,5,スティルザワン,57.0,団野大成,2:10.8,3,131.1,13.0,[西] 野中賢二,2021100193,202410030604,3歳未勝利｜2024年7月14日 | 競馬データベース - netkeiba,2026-05-20T10:57:07.328973,牡,3,442.0,2.0,0,0,4.8,5.33,39.14,0.1724,0,6,39.14,39.14,39.14,0.1724,39.14
1.0,4,4,トップオンザヒル,54.0,田口貫太,2:07.1,,26.9,7.0,[西] 岡田稲男,2022106357,202410030605,2歳新馬｜2024年7月14日 | 競馬データベース - netkeiba,2026-05-20T10:57:59.304408,牡,2,470.0,0.0,1,1,8.6,10.33,39.12,0.1042,0,7,39.12,39.12,39.12,0.1042,39.12
2.0,1,1,センツブラッド,55.0,幸英明,2:07.2,クビ,2.8,2.0,[西] 斉藤崇史,2022101648,202410030605,2歳新馬｜2024年7月14日 | 競馬データベース - netkeiba,2026-05-20T10:57:59.304408,牡,2,450.0,0.0,0,1,7.0,8.67,34.8,0.125,0,10,34.8,34.8,34.8,0.125,34.8
3.0,6,6,アロンディ,55.0,坂井瑠星,2:07.2,クビ,5.6,3.0,[西] 武英智,2022105827,202410030605,2歳新馬｜2024年7月14日 | 競馬データベース - netkeiba,2026-05-20T10:57:59.304408,牡,2,444.0,0.0,0,1,6.8,7.0,34.64,0.1282,0,15,34.64,34.64,34.64,0.1282,34.64
4.0,3,3,ラッキーベイ,55.0,松山弘平,2:07.3,1/2,7.6,4.0,[西] 今野貞一,2022105209,202410030605,2歳新馬｜2024年7月14日 | 競馬データベース - netkeiba,2026-05-20T10:57:59.304408,牡,2,452.0,0.0,0,0,10.8,10.33,37.24,0.0847,0,14,37.24,37.24,37.24,0.0847,37.24
5.0,2,2,グティ,55.0,和田竜二,2:07.4,クビ,2.5,1.0,[西] 友道康夫,2022105036,202410030605,2歳新馬｜2024年7月14日 | 競馬データベース - netkeiba,2026-05-20T10:57:59.304408,牡,2,506.0,0.0,0,0,3.6,3.33,41.32,0.2174,0,3,41.32,41.32,41.32,0.2174,41.32
6.0,5,5,テーオーミリカン,54.0,秋山稔樹,2:07.5,1,8.7,5.0,[西] 宮徹,2022106705,202410030605,2歳新馬｜2024年7月14日 | 競馬データベース - netkeiba,2026-05-20T10:57:59.304408,牡,2,454.0,0.0,0,0,8.4,8.0,37.34,0.1064,0,11,37.34,37.34,37.34,0.1064,37.34
7.0,7,7,メリトーリアス,55.0,西村淳也,2:10.3,大,18.5,6.0,[西] 寺島良,2022105727,202410030605,2歳新馬｜2024年7月14日 | 競馬データベース - netkeiba,2026-05-20T10:57:59.304408,牡,2,508.0,0.0,0,0,7.2,8.0,40.86,0.122,0,10,40.86,40.86,40.86,0.122,40.86
1.0,6,6,ラブアイミー,55.0,松山弘平,1:11.3,,11.0,5.0,[西] 森田直行,2022107258,202410030606,2歳新馬｜2024年7月14日 | 競馬データベース - netkeiba,2026-05-20T10:58:20.429806,牝,2,406.0,0.0,1,1,8.6,9.0,35.58,0.1042,0,12,35.58,35.58,35.58,0.1042,35.58
2.0,5,5,オニマル,55.0,幸英明,1:11.5,1.1/4,1.7,1.0,[西] 西園正都,2022100355,202410030606,2歳新馬｜2024年7月14日 | 競馬データベース - netkeiba,2026-05-20T10:58:20.429806,牡,2,494.0,0.0,0,1,2.0,2.33,40.2,0.3333,0,4,40.2,40.2,40.2,0.3333,40.2
3.0,1,1,ブルーサンセット,55.0,西村淳也,1:11.9,2.1/2,4.0,2.0,[西] 奥村豊,2022104698,202410030606,2歳新馬｜2024年7月14日 | 競馬データベース - netkeiba,2026-05-20T10:58:20.429806,牝,2,446.0,0.0,0,1,7.4,11.0,35.1,0.119,0,17,35.1,35.1,35.1,0.119,35.1
4.0,4,4,ドナポンド,55.0,藤懸貴志,1:12.5,3.1/2,9.1,4.0,[西] 小林真也,2022100696,202410030606,2歳新馬｜2024年7月14日 | 競馬データベース - netkeiba,2026-05-20T10:58:20.429806,牝,2,480.0,0.0,0,0,10.6,11.33,38.86,0.0862,0,12,38.86,38.86,38.86,0.0862,38.86
5.0,2,2,ブレイジングスター,53.0,永島まな,1:12.5,アタマ,7.9,3.0,[西] 高橋康之,2022103644,202410030606,2歳新馬｜2024年7月14日 | 競馬データベース - netkeiba,2026-05-20T10:58:20.429806,牡,2,478.0,0.0,0,0,9.0,8.67,38.5,0.1,0,13,38.5,38.5,38.5,0.1,38.5
6.0,3,3,シュラザック,55.0,国分優作,1:12.7,1.1/4,37.7,7.0,[西] 大根田裕,2022102117,202410030606,2歳新馬｜2024年7月14日 | 競馬データベース - netkeiba,2026-05-20T10:58:20.429806,牡,2,468.0,0.0,0,0,5.2,6.33,36.3,0.1613,0,8,36.3,36.3,36.3,0.1613,36.3
7.0,7,7,シルバーサクラコ,55.0,和田竜二,1:13.5,5,14.7,6.0,[西] 鈴木孝志,2022106148,202410030606,2歳新馬｜2024年7月14日 | 競馬データベース - netkeiba,2026-05-20T10:58:20.429806,牝,2,406.0,0.0,0,0,9.4,10.33,41.36,0.0962,0,9,41.36,41.36,41.36,0.0962,41.36
8.0,8,8,サクラジマ,55.0,森裕太朗,1:17.1,大,78.1,8.0,[東] 高橋文雅,2022109152,202410030606,2歳新馬｜2024年7月14日 | 競馬データベース - netkeiba,2026-05-20T10:58:20.429806,牡,2,440.0,0.0,0,0,9.4,10.67,42.32,0.0962,0,12,42.32,42.32,42.32,0.0962,42.32
1.0,6,10,ピリー,54.0,田口貫太,0:57.7,,3.2,2.0,[西] 西園正都,2021100526,202410030607,3歳未勝利｜2024年7月14日 | 競馬データベース - netkeiba,2026-05-20T10:58:47.681914,牝,3,500.0,-2.0,1,1,13.2,12.33,39.74,0.0704,0,12,39.74,39.74,39.74,0.0704,39.74
2.0,6,9,ハッピーダンス,52.0,吉村誠之,0:57.9,1.1/4,5.9,3.0,[西] 茶木太樹,2021105916,202410030607,3歳未勝利｜2024年7月14日 | 競馬データベース - netkeiba,2026-05-20T10:58:47.681914,牝,3,452.0,-8.0,0,1,8.8,9.0,40.0,0.102,0,9,40.0,40.0,40.0,0.102,40.0
3.0,3,4,グローリーロード,57.0,幸英明,0:58.5,4,18.5,7.0,[西] 西園翔太,2021107348,202410030607,3歳未勝利｜2024年7月14日 | 競馬データベース - netkeiba,2026-05-20T10:58:47.681914,牡,3,456.0,-6.0,0,1,7.0,8.33,40.62,0.125,0,5,40.62,40.62,40.62,0.125,40.62
4.0,1,1,エブリモーメント,57.0,松若風馬,0:58.7,3/4,8.3,4.0,[西] 牧田和弥,2021104649,202410030607,3歳未勝利｜2024年7月14日 | 競馬データベース - netkeiba,2026-05-20T10:58:47.681914,牡,3,484.0,6.0,0,0,8.0,7.33,36.6,0.1111,0,7,36.6,36.6,36.6,0.1111,36.6
5.0,5,7,ポートカルタヘナ,55.0,西村淳也,0:58.9,1.1/2,2.8,1.0,[西] 畑端省吾,2021104615,202410030607,3歳未勝利｜2024年7月14日 | 競馬データベース - netkeiba,2026-05-20T10:58:47.681914,牝,3,476.0,6.0,0,0,5.5,2.5,39.45,0.1538,0,4,39.45,39.45,39.45,0.1538,39.45
6.0,4,6,サイドキック,56.0,西塚洸二,0:59.1,3/4,75.5,11.0,[西] 西園翔太,2021106751,202410030607,3歳未勝利｜2024年7月14日 | 競馬データベース - netkeiba,2026-05-20T10:58:47.681914,牡,3,504.0,0.0,0,0,4.0,1.0,38.96,0.2,0,1,38.96,38.96,38.96,0.2,38.96
7.0,5,8,ツェルニー,52.0,柴田裕一,0:59.2,3/4,66.5,10.0,[西] 坂口智康,2021100916,202410030607,3歳未勝利｜2024年7月14日 | 競馬データベース - netkeiba,2026-05-20T10:58:47.681914,牝,3,438.0,6.0,0,0,6.4,9.0,39.52,0.1351,0,10,39.52,39.52,39.52,0.1351,39.52
8.0,7,11,ヨッシーステージ,56.0,秋山稔樹,0:59.2,クビ,15.9,5.0,[西] 北出成人,2021103576,202410030607,3歳未勝利｜2024年7月14日 | 競馬データベース - netkeiba,2026-05-20T10:58:47.681914,牡,3,476.0,0.0,0,0,8.0,7.0,38.1,0.1111,0,7,38.1,38.1,38.1,0.1111,38.1
9.0,2,2,ドナドナ,55.0,小崎綾也,0:59.6,2.1/2,110.5,12.0,[西] 小崎憲,2021102824,202410030607,3歳未勝利｜2024年7月14日 | 競馬データベース - netkeiba,2026-05-20T10:58:47.681914,牝,3,408.0,4.0,0,0,14.0,14.0,37.3,0.0667,0,15,37.3,37.3,37.3,0.0667,37.3
10.0,3,3,ヴェルヴ,57.0,川須栄彦,0:59.7,1/2,197.2,14.0,[西] 河嶋宏樹,2021104795,202410030607,3歳未勝利｜2024年7月14日 | 競馬データベース - netkeiba,2026-05-20T10:58:47.681914,牡,3,494.0,0.0,0,0,12.4,11.0,41.22,0.0746,0,7,41.22,41.22,41.22,0.0746,41.22
11.0,8,14,ペシュブロンシュ,57.0,国分恭介,0:59.7,ハナ,25.4,9.0,[西] 吉田直弘,2021102052,202410030607,3歳未勝利｜2024年7月14日 | 競馬データベース - netkeiba,2026-05-20T10:58:47.681914,牡,3,488.0,-14.0,0,0,6.4,8.67,37.56,0.1351,0,11,37.56,37.56,37.56,0.1351,37.56
12.0,7,12,ランスロット,55.0,永島まな,1:00.7,6,18.5,6.0,[西] 吉岡辰弥,2021100901,202410030607,3歳未勝利｜2024年7月14日 | 競馬データベース - netkeiba,2026-05-20T10:58:47.681914,牡,3,486.0,4.0,0,0,8.75,8.0,37.45,0.1026,0,13,37.45,37.45,37.45,0.1026,37.45
13.0,8,13,セクシーガール,52.0,鷲頭虎太,1:01.4,4,122.5,13.0,[西] 大根田裕,2021102697,202410030607,3歳未勝利｜2024年7月14日 | 競馬データベース - netkeiba,2026-05-20T10:58:47.681914,牝,3,464.0,0.0,0,0,4.5,4.5,39.8,0.1818,0,5,39.8,39.8,39.8,0.1818,39.8
14.0,4,5,ナナン,56.0,泉谷楓真,1:01.5,1/2,20.9,8.0,[西] 石橋守,2021101146,202410030607,3歳未勝利｜2024年7月14日 | 競馬データベース - netkeiba,2026-05-20T10:58:47.681914,牡,3,474.0,0.0,0,0,2.4,2.0,39.72,0.2941,0,2,39.72,39.72,39.72,0.2941,39.72
1.0,7,7,ロードトレゾール,52.0,吉村誠之,1:09.8,,1.8,1.0,[西] 清水久詞,2021100144,202410030608,3歳以上1勝クラス｜2024年7月14日 | 競馬データベース - netkeiba,2026-05-20T10:59:24.776818,牡,3,524.0,0.0,1,1,7.0,6.67,36.84,0.125,0,2,36.84,36.84,36.84,0.125,36.84
2.0,4,4,ソノママソノママ,56.0,松山弘平,1:09.9,クビ,4.5,3.0,[西] 奥村豊,2020101517,202410030608,3歳以上1勝クラス｜2024年7月14日 | 競馬データベース - netkeiba,2026-05-20T10:59:24.776818,牝,4,446.0,2.0,0,1,7.6,7.67,34.52,0.1163,0,12,34.52,34.52,34.52,0.1163,34.52
3.0,3,3,ニシノトキメキ,55.0,秋山稔樹,1:10.1,1.1/2,14.5,4.0,[西] 北出成人,2020100236,202410030608,3歳以上1勝クラス｜2024年7月14日 | 競馬データベース - netkeiba,2026-05-20T10:59:24.776818,牝,4,474.0,2.0,0,1,8.0,9.67,34.1,0.1111,0,3,34.1,34.1,34.1,0.1111,34.1
4.0,1,1,バーニングパワー,56.0,川須栄彦,1:10.4,1.1/2,21.0,6.0,[西] 鮫島一歩,2018103200,202410030608,3歳以上1勝クラス｜2024年7月14日 | 競馬データベース - netkeiba,2026-05-20T10:59:24.776818,牝,6,484.0,0.0,0,0,9.0,11.0,35.44,0.1,0,18,35.44,35.44,35.44,0.1,35.44
5.0,8,8,メイショウヤマモモ,53.0,Ｍ．デム,1:10.8,2.1/2,3.6,2.0,[西] 高橋亮,2021103075,202410030608,3歳以上1勝クラス｜2024年7月14日 | 競馬データベース - netkeiba,2026-05-20T10:59:24.776818,牝,3,458.0,4.0,0,0,12.2,12.67,37.4,0.0758,0,12,37.4,37.4,37.4,0.0758,37.4
6.0,2,2,ピースフルナイト,54.0,永島まな,1:10.9,クビ,69.9,8.0,[西] 高野友和,2020106821,202410030608,3歳以上1勝クラス｜2024年7月14日 | 競馬データベース - netkeiba,2026-05-20T10:59:24.776818,牝,4,404.0,0.0,0,0,8.6,7.33,33.92,0.1042,0,12,33.92,33.92,33.92,0.1042,33.92
7.0,6,6,メリオルヴィータ,56.0,幸英明,1:11.2,2,78.8,9.0,[西] 小椋研介,2020102591,202410030608,3歳以上1勝クラス｜2024年7月14日 | 競馬データベース - netkeiba,2026-05-20T10:59:24.776818,牝,4,488.0,-2.0,0,0,10.8,9.33,37.58,0.0847,0,13,37.58,37.58,37.58,0.0847,37.58
8.0,5,5,ハイクライテリア,58.0,国分優作,1:12.7,9,48.0,7.0,[西] 羽月友彦,2020102910,202410030608,3歳以上1勝クラス｜2024年7月14日 | 競馬データベース - netkeiba,2026-05-20T10:59:24.776818,セ,4,468.0,8.0,0,0,7.6,6.33,36.7,0.1163,0,4,36.7,36.7,36.7,0.1163,36.7
9.0,8,9,ミキノクラップス,54.0,田口貫太,1:12.9,1.1/4,18.6,5.0,[西] 大橋勇樹,2021102585,202410030608,3歳以上1勝クラス｜2024年7月14日 | 競馬データベース - netkeiba,2026-05-20T10:59:24.776818,牡,3,450.0,-4.0,0,0,6.5,6.67,37.0,0.1333,0,9,37.0,37.0,37.0,0.1333,37.0
1.0,3,3,ハイディージェン,55.0,和田竜二,1:49.8,,5.1,3.0,[西] 森田直行,2021103821,202410030609,青島特別｜2024年7月14日 | 競馬データベース - netkeiba,2026-05-20T10:59:48.066051,牡,3,482.0,8.0,1,1,8.0,9.33,35.55,0.1111,0,8,35.55,35.55,35.55,0.1111,35.55
2.0,5,5,サスケ,58.0,団野大成,1:50.0,1.1/4,16.4,5.0,[西] 西村真幸,2020106680,202410030609,青島特別｜2024年7月14日 | 競馬データベース - netkeiba,2026-05-20T10:59:48.066051,牡,4,470.0,-4.0,0,1,3.5,4.5,35.4,0.2222,0,6,35.4,35.4,35.4,0.2222,35.4
3.0,7,7,エコロマーズ,55.0,坂井瑠星,1:50.5,3,2.8,2.0,[西] 牧浦充徳,2021102016,202410030609,青島特別｜2024年7月14日 | 競馬データベース - netkeiba,2026-05-20T10:59:48.066051,牡,3,490.0,0.0,0,1,11.2,10.33,38.8,0.082,0,7,38.8,38.8,38.8,0.082,38.8
4.0,1,1,シンドリームシン,55.0,Ｍ．デム,1:50.6,3/4,18.0,6.0,[西] 武幸四郎,2021105382,202410030609,青島特別｜2024年7月14日 | 競馬データベース - netkeiba,2026-05-20T10:59:48.066051,牡,3,484.0,-10.0,0,0,3.2,2.67,34.38,0.2381,0,2,34.38,34.38,34.38,0.2381,34.38
5.0,4,4,ジャスティンガルフ,55.0,松山弘平,1:50.6,ハナ,2.8,1.0,[西] 安田翔伍,2021103255,202410030609,青島特別｜2024年7月14日 | 競馬データベース - netkeiba,2026-05-20T10:59:48.066051,牡,3,508.0,18.0,0,0,6.8,6.67,34.62,0.1282,0,6,34.62,34.62,34.62,0.1282,34.62
6.0,8,10,ペネトレイトゴー,58.0,田口貫太,1:51.0,2.1/2,19.4,7.0,[西] 森秀行,2020101916,202410030609,青島特別｜2024年7月14日 | 競馬データベース - netkeiba,2026-05-20T10:59:48.066051,セ,4,432.0,-2.0,0,0,5.4,4.33,35.56,0.1562,0,4,35.56,35.56,35.56,0.1562,35.56
7.0,7,8,テイエムシップ,58.0,鮫島良太,1:51.1,1/2,44.7,9.0,[西] 河嶋宏樹,2019107031,202410030609,青島特別｜2024年7月14日 | 競馬データベース - netkeiba,2026-05-20T10:59:48.066051,牡,5,518.0,-8.0,0,0,5.0,5.33,38.7,0.1667,0,9,38.7,38.7,38.7,0.1667,38.7
8.0,6,6,アンテロース,58.0,幸英明,1:51.1,ハナ,21.6,8.0,[西] 岡田稲男,2020100678,202410030609,青島特別｜2024年7月14日 | 競馬データベース - netkeiba,2026-05-20T10:59:48.066051,牡,4,444.0,6.0,0,0,8.0,10.33,35.78,0.1111,0,13,35.78,35.78,35.78,0.1111,35.78
9.0,2,2,ダノンバビル,58.0,西村淳也,1:51.2,クビ,45.2,10.0,[西] 中内田充,2020100173,202410030609,青島特別｜2024年7月14日 | 競馬データベース - netkeiba,2026-05-20T10:59:48.066051,セ,4,478.0,-4.0,0,0,7.2,10.0,35.96,0.122,0,9,35.96,35.96,35.96,0.122,35.96
10.0,8,9,レディントン,55.0,松若風馬,1:51.2,クビ,10.5,4.0,[西] 杉山晴紀,2021105926,202410030609,青島特別｜2024年7月14日 | 競馬データベース - netkeiba,2026-05-20T10:59:48.066051,牡,3,480.0,4.0,0,0,8.2,12.0,36.7,0.1087,0,14,36.7,36.7,36.7,0.1087,36.7
1.0,4,6,ライジングラパス,56.0,松若風馬,1:43.3,,21.8,9.0,[西] 宮本博,2020109096,202410030610,西部日刊スポーツ杯｜2024年7月14日 | 競馬データベース - netkeiba,2026-05-20T11:00:19.166986,牝,4,430.0,4.0,1,1,11.0,14.0,38.06,0.0833,0,13,38.06,38.06,38.06,0.0833,38.06
2.0,7,12,カマチョクイン,56.0,Ｍ．デム,1:43.6,1.3/4,5.2,3.0,[西] 橋口慎介,2020105950,202410030610,西部日刊スポーツ杯｜2024年7月14日 | 競馬データベース - netkeiba,2026-05-20T11:00:19.166986,牝,4,468.0,20.0,0,1,7.4,9.0,39.5,0.119,0,9,39.5,39.5,39.5,0.119,39.5
3.0,4,7,ミヤジレガリア,56.0,幸英明,1:43.6,クビ,4.8,2.0,[西] 鈴木孝志,2020100996,202410030610,西部日刊スポーツ杯｜2024年7月14日 | 競馬データベース - netkeiba,2026-05-20T11:00:19.166986,牝,4,506.0,6.0,0,1,9.8,10.33,40.84,0.0926,0,16,40.84,40.84,40.84,0.0926,40.84
4.0,5,8,タガノアレハンドラ,56.0,国分恭介,1:43.9,1.3/4,40.3,13.0,[西] 西園翔太,2020105552,202410030610,西部日刊スポーツ杯｜2024年7月14日 | 競馬データベース - netkeiba,2026-05-20T11:00:19.166986,牝,4,492.0,-2.0,0,0,7.2,8.0,38.48,0.122,0,10,38.48,38.48,38.48,0.122,38.48
5.0,7,13,ランスオブサターン,56.0,酒井学,1:44.0,1/2,25.2,11.0,[西] 本田優,2020104772,202410030610,西部日刊スポーツ杯｜2024年7月14日 | 競馬データベース - netkeiba,2026-05-20T11:00:19.166986,牝,4,444.0,-4.0,0,0,10.8,10.33,36.9,0.0847,0,7,36.9,36.9,36.9,0.0847,36.9
6.0,8,14,ジャミーレ,56.0,坂井瑠星,1:44.0,ハナ,4.1,1.0,[西] 斉藤崇史,2020103412,202410030610,西部日刊スポーツ杯｜2024年7月14日 | 競馬データベース - netkeiba,2026-05-20T11:00:19.166986,牝,4,494.0,18.0,0,0,3.6,4.33,36.84,0.2174,0,6,36.84,36.84,36.84,0.2174,36.84
7.0,2,2,スタティスティクス,56.0,田口貫太,1:44.3,1.3/4,21.0,8.0,[西] 石坂公一,2019104825,202410030610,西部日刊スポーツ杯｜2024年7月14日 | 競馬データベース - netkeiba,2026-05-20T11:00:19.166986,牝,5,440.0,-12.0,0,0,8.0,9.67,37.3,0.1111,0,15,37.3,37.3,37.3,0.1111,37.3
8.0,3,4,ピジョンブラッド,56.0,西村淳也,1:44.4,1,22.7,10.0,[西] 荒川義之,2019100625,202410030610,西部日刊スポーツ杯｜2024年7月14日 | 競馬データベース - netkeiba,2026-05-20T11:00:19.166986,牝,5,506.0,-4.0,0,0,6.6,5.0,38.32,0.1316,0,1,38.32,38.32,38.32,0.1316,38.32
9.0,6,11,エールミネルヴァ,56.0,和田竜二,1:44.5,1/2,16.7,7.0,[西] 橋口慎介,2020102680,202410030610,西部日刊スポーツ杯｜2024年7月14日 | 競馬データベース - netkeiba,2026-05-20T11:00:19.166986,牝,4,472.0,2.0,0,0,3.2,2.67,40.5,0.2381,0,3,40.5,40.5,40.5,0.2381,40.5
10.0,1,1,エンプレスペイ,56.0,永島まな,1:44.5,アタマ,33.9,12.0,[西] 小栗実,2020103779,202410030610,西部日刊スポーツ杯｜2024年7月14日 | 競馬データベース - netkeiba,2026-05-20T11:00:19.166986,牝,4,452.0,12.0,0,0,10.6,12.0,36.16,0.0862,0,13,36.16,36.16,36.16,0.0862,36.16
11.0,6,10,テレパシー,56.0,団野大成,1:44.8,1.3/4,10.7,5.0,[西] 石坂公一,2020104205,202410030610,西部日刊スポーツ杯｜2024年7月14日 | 競馬データベース - netkeiba,2026-05-20T11:00:19.166986,牝,4,512.0,0.0,0,0,9.2,10.33,37.84,0.098,0,11,37.84,37.84,37.84,0.098,37.84
12.0,5,9,メイショウポペット,56.0,角田大和,1:45.1,1.1/2,14.6,6.0,[西] 角田晃一,2020106896,202410030610,西部日刊スポーツ杯｜2024年7月14日 | 競馬データベース - netkeiba,2026-05-20T11:00:19.166986,牝,4,486.0,2.0,0,0,9.4,9.0,37.8,0.0962,0,10,37.8,37.8,37.8,0.0962,37.8
13.0,2,3,ヴォードヴィル,56.0,柴田裕一,1:45.1,ハナ,197.5,15.0,[西] 中竹和也,2020105872,202410030610,西部日刊スポーツ杯｜2024年7月14日 | 競馬データベース - netkeiba,2026-05-20T11:00:19.166986,牝,4,462.0,2.0,0,0,12.2,12.33,38.54,0.0758,0,12,38.54,38.54,38.54,0.0758,38.54
14.0,8,15,ルショコラ,56.0,泉谷楓真,1:45.3,1.1/4,44.0,14.0,[西] 吉田直弘,2019100786,202410030610,西部日刊スポーツ杯｜2024年7月14日 | 競馬データベース - netkeiba,2026-05-20T11:00:19.166986,牝,5,482.0,6.0,0,0,7.2,6.67,38.14,0.122,0,14,38.14,38.14,38.14,0.122,38.14
15.0,3,5,ウインメイフラワー,56.0,松山弘平,1:45.3,アタマ,7.5,4.0,[西] 梅田智之,2019101930,202410030610,西部日刊スポーツ杯｜2024年7月14日 | 競馬データベース - netkeiba,2026-05-20T11:00:19.166986,牝,5,490.0,2.0,0,0,10.4,10.0,38.0,0.0877,0,7,38.0,38.0,38.0,0.0877,38.0
1.0,3,5,レッドヒルシューズ,56.0,松山弘平,1:09.4,,7.6,4.0,[西] 武英智,2020101897,202410030611,佐世保ステークス｜2024年7月14日 | 競馬データベース - netkeiba,2026-05-20T11:01:06.575325,牝,4,452.0,0.0,1,1,9.8,12.33,34.86,0.0926,0,14,34.86,34.86,34.86,0.0926,34.86
2.0,7,13,タツダイヤモンド,58.0,和田竜二,1:09.8,2.1/2,5.7,3.0,[西] 鮫島一歩,2020104613,202410030611,佐世保ステークス｜2024年7月14日 | 競馬データベース - netkeiba,2026-05-20T11:01:06.575325,牡,4,478.0,-12.0,0,1,13.6,14.67,34.82,0.0685,0,14,34.82,34.82,34.82,0.0685,34.82
3.0,6,12,ロードラスター,58.0,西村淳也,1:09.9,クビ,26.0,9.0,[西] 千田輝彦,2018102585,202410030611,佐世保ステークス｜2024年7月14日 | 競馬データベース - netkeiba,2026-05-20T11:01:06.575325,牡,6,514.0,-8.0,0,1,10.6,9.0,34.12,0.0862,0,12,34.12,34.12,34.12,0.0862,34.12
4.0,1,2,アドマイヤラヴィ,56.0,坂井瑠星,1:09.9,アタマ,4.3,1.0,[西] 友道康夫,2019105044,202410030611,佐世保ステークス｜2024年7月14日 | 競馬データベース - netkeiba,2026-05-20T11:01:06.575325,牝,5,466.0,6.0,0,0,9.0,12.0,34.78,0.1,0,18,34.78,34.78,34.78,0.1,34.78
5.0,8,17,サウンドブライアン,58.0,松若風馬,1:09.9,アタマ,26.0,10.0,[西] 村山明,2018103902,202410030611,佐世保ステークス｜2024年7月14日 | 競馬データベース - netkeiba,2026-05-20T11:01:06.575325,牡,6,488.0,2.0,0,0,11.8,11.33,43.7,0.0781,0,8,43.7,43.7,43.7,0.0781,43.7
6.0,3,6,プロスペリダード,56.0,団野大成,1:09.9,アタマ,4.9,2.0,[西] 西園翔太,2020101792,202410030611,佐世保ステークス｜2024年7月14日 | 競馬データベース - netkeiba,2026-05-20T11:01:06.575325,牝,4,446.0,0.0,0,0,12.2,13.0,35.46,0.0758,0,15,35.46,35.46,35.46,0.0758,35.46
7.0,5,9,メイショウエニシア,56.0,酒井学,1:10.0,3/4,20.9,8.0,[西] 本田優,2018102491,202410030611,佐世保ステークス｜2024年7月14日 | 競馬データベース - netkeiba,2026-05-20T11:01:06.575325,牝,6,452.0,-10.0,0,0,12.8,14.67,36.26,0.0725,0,12,36.26,36.26,36.26,0.0725,36.26
8.0,5,10,アスクビギンアゲン,58.0,川須栄彦,1:10.0,ハナ,57.5,15.0,[西] 梅田智之,2019101079,202410030611,佐世保ステークス｜2024年7月14日 | 競馬データベース - netkeiba,2026-05-20T11:01:06.575325,牡,5,566.0,-2.0,0,0,12.0,13.33,34.32,0.0769,0,14,34.32,34.32,34.32,0.0769,34.32
9.0,1,1,メイショウツツジ,56.0,角田大和,1:10.0,ハナ,56.6,14.0,[西] 木原一良,2018106389,202410030611,佐世保ステークス｜2024年7月14日 | 競馬データベース - netkeiba,2026-05-20T11:01:06.575325,牝,6,442.0,8.0,0,0,12.0,12.33,35.46,0.0769,0,11,35.46,35.46,35.46,0.0769,35.46
10.0,8,16,チュウワノキセキ,58.0,幸英明,1:10.1,クビ,63.4,16.0,[西] 大久保龍,2017105574,202410030611,佐世保ステークス｜2024年7月14日 | 競馬データベース - netkeiba,2026-05-20T11:01:06.575325,セ,7,476.0,-2.0,0,0,2.6,3.67,39.72,0.2778,0,4,39.72,39.72,39.72,0.2778,39.72
11.0,4,7,ヒルノローザンヌ,56.0,田口貫太,1:10.1,クビ,34.8,13.0,[西] 西村真幸,2019100581,202410030611,佐世保ステークス｜2024年7月14日 | 競馬データベース - netkeiba,2026-05-20T11:01:06.575325,牝,5,488.0,-2.0,0,0,7.0,10.0,35.3,0.125,0,2,35.3,35.3,35.3,0.125,35.3
12.0,4,8,フロムダスク,58.0,永島まな,1:10.2,クビ,18.8,7.0,[西] 森秀行,2020110133,202410030611,佐世保ステークス｜2024年7月14日 | 競馬データベース - netkeiba,2026-05-20T11:01:06.575325,牡,4,504.0,-2.0,0,0,9.2,9.67,34.0,0.098,0,5,34.0,34.0,34.0,0.098,34.0
13.0,2,3,ハギノメーテル,56.0,小崎綾也,1:10.2,クビ,118.5,17.0,[西] 寺島良,2019100653,202410030611,佐世保ステークス｜2024年7月14日 | 競馬データベース - netkeiba,2026-05-20T11:01:06.575325,牝,5,484.0,-6.0,0,0,11.6,11.67,35.68,0.0794,0,14,35.68,35.68,35.68,0.0794,35.68
14.0,7,14,ビアイ,56.0,国分優作,1:10.3,クビ,34.1,12.0,[西] 畑端省吾,2017106264,202410030611,佐世保ステークス｜2024年7月14日 | 競馬データベース - netkeiba,2026-05-20T11:01:06.575325,牝,7,518.0,-6.0,0,0,12.6,14.33,36.64,0.0735,0,15,36.64,36.64,36.64,0.0735,36.64
15.0,8,18,ジュストコル,58.0,Ｍ．デム,1:10.5,1.1/4,8.6,5.0,[西] 大久保龍,2018110001,202410030611,佐世保ステークス｜2024年7月14日 | 競馬データベース - netkeiba,2026-05-20T11:01:06.575325,牡,6,504.0,-2.0,0,0,8.4,7.0,36.64,0.1064,0,11,36.64,36.64,36.64,0.1064,36.64
16.0,7,15,ダンツイノーバ,56.0,荻野極,1:10.5,アタマ,26.5,11.0,[西] 谷潔,2017103020,202410030611,佐世保ステークス｜2024年7月14日 | 競馬データベース - netkeiba,2026-05-20T11:01:06.575325,牝,7,462.0,-10.0,0,0,10.4,15.0,34.74,0.0877,0,17,34.74,34.74,34.74,0.0877,34.74
17.0,2,4,ハギノモーリス,58.0,藤懸貴志,1:10.6,3/4,16.8,6.0,[西] 高野友和,2019100652,202410030611,佐世保ステークス｜2024年7月14日 | 競馬データベース - netkeiba,2026-05-20T11:01:06.575325,牡,5,484.0,-6.0,0,0,12.2,13.33,35.76,0.0758,0,14,35.76,35.76,35.76,0.0758,35.76
18.0,6,11,スタードラマー,58.0,小牧太,1:11.3,4,152.1,18.0,[西] 笹田和秀,2020102238,202410030611,佐世保ステークス｜2024年7月14日 | 競馬データベース - netkeiba,2026-05-20T11:01:06.575325,牡,4,462.0,2.0,0,0,7.0,8.33,39.02,0.125,0,12,39.02,39.02,39.02,0.125,39.02
1.0,1,2,バガリーロータス,50.0,河原田菜,1:43.0,,5.0,3.0,[西] 石坂公一,2021101602,202410030612,3歳以上1勝クラス｜2024年7月14日 | 競馬データベース - netkeiba,2026-05-20T11:01:58.136816,牝,3,444.0,-8.0,1,1,5.4,7.33,41.46,0.1562,0,9,41.46,41.46,41.46,0.1562,41.46
2.0,4,7,ジーベック,55.0,坂井瑠星,1:43.3,2,6.0,4.0,[西] 矢作芳人,2021103242,202410030612,3歳以上1勝クラス｜2024年7月14日 | 競馬データベース - netkeiba,2026-05-20T11:01:58.136816,牡,3,452.0,-8.0,0,1,8.2,7.67,36.72,0.1087,0,5,36.72,36.72,36.72,0.1087,36.72
3.0,1,1,グーヴェルナイユ,55.0,西村淳也,1:43.3,アタマ,21.4,6.0,[西] 武幸四郎,2021106612,202410030612,3歳以上1勝クラス｜2024年7月14日 | 競馬データベース - netkeiba,2026-05-20T11:01:58.136816,牡,3,458.0,-2.0,0,1,2.4,3.0,38.8,0.2941,0,5,38.8,38.8,38.8,0.2941,38.8
4.0,2,4,メイショウクーガー,58.0,中井裕二,1:43.7,2,3.2,1.0,[西] 中内田充,2020106205,202410030612,3歳以上1勝クラス｜2024年7月14日 | 競馬データベース - netkeiba,2026-05-20T11:01:58.136816,牡,4,478.0,-8.0,0,0,4.0,3.67,38.36,0.2,0,4,38.36,38.36,38.36,0.2,38.36
5.0,6,11,サトノルクソン,57.0,西塚洸二,1:44.3,3.1/2,29.6,8.0,[西] 藤原英昭,2020103378,202410030612,3歳以上1勝クラス｜2024年7月14日 | 競馬データベース - netkeiba,2026-05-20T11:01:58.136816,牡,4,476.0,0.0,0,0,7.4,8.67,40.64,0.119,0,11,40.64,40.64,40.64,0.119,40.64
6.0,7,14,ペプチドヒナタ,52.0,吉村誠之,1:44.6,2,73.2,12.0,[西] 武英智,2021101240,202410030612,3歳以上1勝クラス｜2024年7月14日 | 競馬データベース - netkeiba,2026-05-20T11:01:58.136816,牡,3,474.0,2.0,0,0,5.2,7.0,39.64,0.1613,0,11,39.64,39.64,39.64,0.1613,39.64
7.0,3,5,ニホンピロペリー,58.0,和田竜二,1:44.6,アタマ,110.4,13.0,[西] 大橋勇樹,2019106426,202410030612,3歳以上1勝クラス｜2024年7月14日 | 競馬データベース - netkeiba,2026-05-20T11:01:58.136816,牡,5,524.0,8.0,0,0,4.0,4.67,39.26,0.2,0,7,39.26,39.26,39.26,0.2,39.26
8.0,5,10,ストレングス,55.0,松山弘平,1:44.7,クビ,4.2,2.0,[西] 寺島良,2021106658,202410030612,3歳以上1勝クラス｜2024年7月14日 | 競馬データベース - netkeiba,2026-05-20T11:01:58.136816,牡,3,468.0,-2.0,0,0,6.8,6.67,36.6,0.1282,0,13,36.6,36.6,36.6,0.1282,36.6
9.0,5,9,ソウルユニバンス,58.0,国分優作,1:44.9,1.1/4,177.5,15.0,[西] 平田修,2017105358,202410030612,3歳以上1勝クラス｜2024年7月14日 | 競馬データベース - netkeiba,2026-05-20T11:01:58.136816,セ,7,498.0,0.0,0,0,4.6,4.67,40.64,0.1786,0,4,40.64,40.64,40.64,0.1786,40.64
10.0,6,12,アルベリック,52.0,柴田裕一,1:45.1,1.1/4,7.2,5.0,[西] 中竹和也,2021101554,202410030612,3歳以上1勝クラス｜2024年7月14日 | 競馬データベース - netkeiba,2026-05-20T11:01:58.136816,牡,3,476.0,0.0,0,0,7.0,5.67,35.68,0.125,0,6,35.68,35.68,35.68,0.125,35.68
11.0,4,8,ウインバリオス,58.0,Ｍ．デム,1:45.2,クビ,42.9,9.0,[西] 吉田直弘,2019100195,202410030612,3歳以上1勝クラス｜2024年7月14日 | 競馬データベース - netkeiba,2026-05-20T11:01:58.136816,牡,5,472.0,-2.0,0,0,7.6,6.67,38.82,0.1163,0,6,38.82,38.82,38.82,0.1163,38.82
12.0,2,3,メイショウニタボウ,57.0,角田大和,1:45.4,1.1/4,315.9,16.0,[西] 飯田祐史,2017102927,202410030612,3歳以上1勝クラス｜2024年7月14日 | 競馬データベース - netkeiba,2026-05-20T11:01:58.136816,牡,7,502.0,-16.0,0,0,9.0,8.67,39.68,0.1,0,8,39.68,39.68,39.68,0.1,39.68
13.0,8,15,ガウロン,58.0,幸英明,1:45.7,1.3/4,29.4,7.0,[西] 大根田裕,2020105873,202410030612,3歳以上1勝クラス｜2024年7月14日 | 競馬データベース - netkeiba,2026-05-20T11:01:58.136816,牡,4,532.0,8.0,0,0,9.8,8.33,41.1,0.0926,0,8,41.1,41.1,41.1,0.0926,41.1
14.0,7,13,ペロ,55.0,長岡禎仁,1:45.7,アタマ,69.8,10.0,[西] 橋口慎介,2021103283,202410030612,3歳以上1勝クラス｜2024年7月14日 | 競馬データベース - netkeiba,2026-05-20T11:01:58.136816,牡,3,484.0,-12.0,0,0,6.2,7.67,37.3,0.1389,0,14,37.3,37.3,37.3,0.1389,37.3
15.0,8,16,リンゴ,55.0,松若風馬,1:46.0,2,71.4,11.0,[西] 梅田智之,2021103900,202410030612,3歳以上1勝クラス｜2024年7月14日 | 競馬データベース - netkeiba,2026-05-20T11:01:58.136816,牡,3,522.0,2.0,0,0,8.0,11.0,38.88,0.1111,0,10,38.88,38.88,38.88,0.1111,38.88
16.0,3,6,ミッキーキング,57.0,田口貫太,1:51.1,大,156.4,14.0,[西] 音無秀孝,2019105460,202410030612,3歳以上1勝クラス｜2024年7月14日 | 競馬データベース - netkeiba,2026-05-20T11:01:58.136816,セ,5,466.0,-4.0,0,0,9.5,16.0,40.35,0.0952,0,16,40.35,40.35,40.35,0.0952,40.35
1.0,5,5,ポッドベイダー,55.0,佐々木大,1:08.8,,1.2,1.0,[東] 上原佑紀,2022105244,202401010101,2歳未勝利｜2024年7月20日 | 競馬データベース - netkeiba,2026-05-20T11:03:01.905409,牡,2,462.0,-2.0,1,1,4.8,4.0,35.46,0.1724,0,4,35.46,35.46,35.46,0.1724,35.46
2.0,2,2,ニシノクードクール,55.0,武藤雅,1:09.1,1.3/4,10.2,4.0,[東] 武藤善則,2022106999,202401010101,2歳未勝利｜2024年7月20日 | 競馬データベース - netkeiba,2026-05-20T11:03:01.905409,牝,2,452.0,-2.0,0,1,8.6,12.33,36.7,0.1042,0,15,36.7,36.7,36.7,0.1042,36.7
3.0,3,3,ロードヴェルト,55.0,横山武史,1:09.4,1.3/4,7.9,3.0,[西] 牧浦充徳,2022100639,202401010101,2歳未勝利｜2024年7月20日 | 競馬データベース - netkeiba,2026-05-20T11:03:01.905409,牡,2,416.0,6.0,0,1,6.4,6.67,34.96,0.1351,0,9,34.96,34.96,34.96,0.1351,34.96
4.0,1,1,ルージュアマリア,55.0,永野猛蔵,1:10.0,3.1/2,5.9,2.0,[東] 黒岩陽一,2022105762,202401010101,2歳未勝利｜2024年7月20日 | 競馬データベース - netkeiba,2026-05-20T11:03:01.905409,牝,2,410.0,6.0,0,0,5.2,6.0,39.8,0.1613,0,8,39.8,39.8,39.8,0.1613,39.8
5.0,4,4,ロードヴァルカン,54.0,角田大河,1:10.1,クビ,21.3,5.0,[西] 中村直也,2022100660,202401010101,2歳未勝利｜2024年7月20日 | 競馬データベース - netkeiba,2026-05-20T11:03:01.905409,牡,2,438.0,-2.0,0,0,4.2,4.67,36.8,0.1923,0,8,36.8,36.8,36.8,0.1923,36.8
1.0,2,2,タミゼ,55.0,北村友一,0:59.5,,3.9,2.0,[西] 平田修,2021100650,202401010102,3歳未勝利｜2024年7月20日 | 競馬データベース - netkeiba,2026-05-20T11:03:15.918993,牝,3,474.0,-2.0,1,1,9.4,10.67,35.76,0.0962,0,9,35.76,35.76,35.76,0.0962,35.76
2.0,5,6,タマモアルタイル,57.0,武豊,1:00.0,3,9.4,6.0,[東] 水野貴広,2021101558,202401010102,3歳未勝利｜2024年7月20日 | 競馬データベース - netkeiba,2026-05-20T11:03:15.918993,牡,3,494.0,4.0,0,1,0.0,0.0,0.0,0.0,0,0,0.0,0.0,0.0,0.0,0.0
3.0,6,8,ウィスピースノー,54.0,角田大河,1:00.1,クビ,44.4,9.0,[西] 今野貞一,2021100648,202401010102,3歳未勝利｜2024年7月20日 | 競馬データベース - netkeiba,2026-05-20T11:03:15.918993,牝,3,434.0,0.0,0,1,4.4,5.0,40.56,0.1852,0,4,40.56,40.56,40.56,0.1852,40.56
4.0,6,7,スキーサンダー,52.0,小林勝太,1:00.1,クビ,3.9,1.0,[東] 辻哲英,2021101653,202401010102,3歳未勝利｜2024年7月20日 | 競馬データベース - netkeiba,2026-05-20T11:03:15.918993,牝,3,474.0,-2.0,0,0,6.8,6.33,39.58,0.1282,0,6,39.58,39.58,39.58,0.1282,39.58
5.0,7,10,ゴールドタリスマン,55.0,武藤雅,1:00.2,クビ,90.0,10.0,[東] 稲垣幸雄,2021100728,202401010102,3歳未勝利｜2024年7月20日 | 競馬データベース - netkeiba,2026-05-20T11:03:15.918993,牝,3,424.0,8.0,0,0,5.0,4.5,41.33,0.1667,0,6,41.33,41.33,41.33,0.1667,41.33
6.0,3,3,コパマエチャン,52.0,長浜鴻緒,1:00.2,アタマ,16.0,8.0,[東] 大和田成,2021104459,202401010102,3歳未勝利｜2024年7月20日 | 競馬データベース - netkeiba,2026-05-20T11:03:15.918993,牝,3,476.0,0.0,0,0,10.6,11.0,41.14,0.0862,0,11,41.14,41.14,41.14,0.0862,41.14
7.0,4,4,スリーボビー,57.0,永野猛蔵,1:00.2,クビ,14.1,7.0,[東] 伊藤圭三,2021103742,202401010102,3歳未勝利｜2024年7月20日 | 競馬データベース - netkeiba,2026-05-20T11:03:15.918993,牡,3,482.0,-4.0,0,0,2.6,3.33,38.44,0.2778,0,4,38.44,38.44,38.44,0.2778,38.44
8.0,8,12,メトゥス,57.0,佐々木大,1:00.4,1,6.1,4.0,[東] 堀内岳志,2021101803,202401010102,3歳未勝利｜2024年7月20日 | 競馬データベース - netkeiba,2026-05-20T11:03:15.918993,牡,3,458.0,6.0,0,0,6.4,6.0,40.58,0.1351,0,6,40.58,40.58,40.58,0.1351,40.58
9.0,7,9,ブートストラップ,54.0,川端海翼,1:01.1,4,167.0,11.0,[東] 本間忍,2021103998,202401010102,3歳未勝利｜2024年7月20日 | 競馬データベース - netkeiba,2026-05-20T11:03:15.918993,セ,3,486.0,-6.0,0,0,10.67,10.67,41.6,0.0857,0,10,41.6,41.6,41.6,0.0857,41.6
10.0,8,11,クミンフレイバー,55.0,鮫島克駿,1:01.2,1/2,8.2,5.0,[東] 松永康利,2021107237,202401010102,3歳未勝利｜2024年7月20日 | 競馬データベース - netkeiba,2026-05-20T11:03:15.918993,牝,3,438.0,4.0,0,0,9.2,8.67,39.48,0.098,0,5,39.48,39.48,39.48,0.098,39.48
11.0,1,1,ロマンスヒコー,57.0,大野拓弥,1:01.4,1.1/4,172.5,12.0,[東] 佐藤吉勝,2021102364,202401010102,3歳未勝利｜2024年7月20日 | 競馬データベース - netkeiba,2026-05-20T11:03:15.918993,牡,3,444.0,-8.0,0,0,10.25,9.5,41.27,0.0889,0,12,41.27,41.27,41.27,0.0889,41.27
12.0,5,5,タイセイフォルテ,57.0,横山武史,1:01.8,2.1/2,5.7,3.0,[西] 西村真幸,2021105345,202401010102,3歳未勝利｜2024年7月20日 | 競馬データベース - netkeiba,2026-05-20T11:03:15.918993,牡,3,486.0,0.0,0,0,4.4,4.33,38.46,0.1852,0,1,38.46,38.46,38.46,0.1852,38.46
1.0,3,4,メイショウソムリエ,57.0,武豊,1:46.9,,3.6,2.0,[東] 蛯名正義,2021102980,202401010103,3歳未勝利｜2024年7月20日 | 競馬データベース - netkeiba,2026-05-20T11:03:48.757300,牡,3,522.0,14.0,1,1,3.6,1.33,38.0,0.2174,0,1,38.0,38.0,38.0,0.2174,38.0
2.0,5,7,リアルペガサス,57.0,菱田裕二,1:47.6,4,10.0,6.0,[西] 大橋勇樹,2021103316,202401010103,3歳未勝利｜2024年7月20日 | 競馬データベース - netkeiba,2026-05-20T11:03:48.757300,牡,3,456.0,0.0,0,1,8.0,8.0,38.72,0.1111,0,9,38.72,38.72,38.72,0.1111,38.72
3.0,4,6,クラウンクーロン,57.0,丹内祐次,1:47.8,1.1/4,6.8,4.0,[東] 牧光二,2021101266,202401010103,3歳未勝利｜2024年7月20日 | 競馬データベース - netkeiba,2026-05-20T11:03:48.757300,牡,3,442.0,-6.0,0,1,7.8,6.67,42.06,0.1136,0,10,42.06,42.06,42.06,0.1136,42.06
4.0,3,3,エナアニマル,57.0,横山和生,1:47.8,アタマ,9.7,5.0,[西] 吉田直弘,2021109073,202401010103,3歳未勝利｜2024年7月20日 | 競馬データベース - netkeiba,2026-05-20T11:03:48.757300,牡,3,450.0,8.0,0,0,2.0,2.0,40.15,0.3333,0,3,40.15,40.15,40.15,0.3333,40.15
5.0,1,1,ハテナビト,54.0,長浜鴻緒,1:48.1,1.3/4,31.9,7.0,[西] 吉岡辰弥,2021103371,202401010103,3歳未勝利｜2024年7月20日 | 競馬データベース - netkeiba,2026-05-20T11:03:48.757300,牡,3,462.0,-4.0,0,0,5.8,7.33,40.3,0.1471,0,8,40.3,40.3,40.3,0.1471,40.3
6.0,6,9,ポップスター,57.0,武藤雅,1:48.3,1.1/4,214.5,12.0,[東] 南田美知,2021100179,202401010103,3歳未勝利｜2024年7月20日 | 競馬データベース - netkeiba,2026-05-20T11:03:48.757300,牡,3,510.0,-10.0,0,0,6.8,9.0,37.5,0.1282,0,7,37.5,37.5,37.5,0.1282,37.5
7.0,8,14,ナムラミック,57.0,鮫島克駿,1:48.7,2,106.0,10.0,[西] 村山明,2021102630,202401010103,3歳未勝利｜2024年7月20日 | 競馬データベース - netkeiba,2026-05-20T11:03:48.757300,牡,3,484.0,4.0,0,0,6.0,6.67,38.8,0.1429,0,8,38.8,38.8,38.8,0.1429,38.8
8.0,4,5,ニースライト,55.0,柴田善臣,1:48.7,クビ,80.5,9.0,[東] 粕谷昌央,2021102898,202401010103,3歳未勝利｜2024年7月20日 | 競馬データベース - netkeiba,2026-05-20T11:03:48.757300,牝,3,472.0,-4.0,0,0,6.6,7.67,41.06,0.1316,0,9,41.06,41.06,41.06,0.1316,41.06
9.0,2,2,ワカミヤノミコト,54.0,小林勝太,1:48.8,3/4,257.8,13.0,[東] 稲垣幸雄,2021101030,202401010103,3歳未勝利｜2024年7月20日 | 競馬データベース - netkeiba,2026-05-20T11:03:48.757300,牡,3,472.0,0.0,0,0,5.6,6.33,40.02,0.1515,0,9,40.02,40.02,40.02,0.1515,40.02
10.0,5,8,スターゲット,57.0,横山武史,1:49.3,3,2.5,1.0,[東] 中舘英二,2021104392,202401010103,3歳未勝利｜2024年7月20日 | 競馬データベース - netkeiba,2026-05-20T11:03:48.757300,牡,3,458.0,0.0,0,0,10.6,10.33,40.4,0.0862,0,10,40.4,40.4,40.4,0.0862,40.4
11.0,7,11,プラチナバンド,57.0,永野猛蔵,1:49.4,1/2,59.8,8.0,[東] 新開幸一,2021100045,202401010103,3歳未勝利｜2024年7月20日 | 競馬データベース - netkeiba,2026-05-20T11:03:48.757300,牡,3,506.0,-2.0,0,0,3.25,3.5,39.1,0.2353,0,4,39.1,39.1,39.1,0.2353,39.1
12.0,8,13,クリノアイリス,55.0,古川吉洋,1:49.5,3/4,333.6,14.0,[西] 谷潔,2021102262,202401010103,3歳未勝利｜2024年7月20日 | 競馬データベース - netkeiba,2026-05-20T11:03:48.757300,牝,3,444.0,-12.0,0,0,7.6,4.67,40.9,0.1163,0,1,40.9,40.9,40.9,0.1163,40.9
13.0,6,10,アオレレ,57.0,佐々木大,1:50.2,4,140.2,11.0,[西] 鈴木孝志,2021100298,202401010103,3歳未勝利｜2024年7月20日 | 競馬データベース - netkeiba,2026-05-20T11:03:48.757300,牡,3,430.0,-2.0,0,0,5.4,5.33,39.08,0.1562,0,3,39.08,39.08,39.08,0.1562,39.08
14.0,7,12,ミッキースターダム,57.0,浜中俊,1:50.4,3/4,6.8,3.0,[西] 音無秀孝,2021105765,202401010103,3歳未勝利｜2024年7月20日 | 競馬データベース - netkeiba,2026-05-20T11:03:48.757300,牡,3,450.0,-6.0,0,0,9.0,5.67,34.82,0.1,0,3,34.82,34.82,34.82,0.1,34.82
1.0,5,8,アリーバ,55.0,浜中俊,1:28.6,,5.0,4.0,[西] 田中克典,2021105390,202401010104,3歳未勝利｜2024年7月20日 | 競馬データベース - netkeiba,2026-05-20T11:04:25.315362,牝,3,424.0,6.0,1,1,10.0,8.5,39.0,0.0909,0,5,39.0,39.0,39.0,0.0909,39.0
2.0,3,4,カーモス,52.0,長浜鴻緒,1:28.6,クビ,40.4,11.0,[西] 高橋義忠,2021105033,202401010104,3歳未勝利｜2024年7月20日 | 競馬データベース - netkeiba,2026-05-20T11:04:25.315362,牝,3,428.0,2.0,0,1,10.2,10.0,41.34,0.0893,0,12,41.34,41.34,41.34,0.0893,41.34
3.0,6,10,ユメカウツツカ,52.0,小林勝太,1:28.7,1/2,28.2,9.0,[西] 小栗実,2021103861,202401010104,3歳未勝利｜2024年7月20日 | 競馬データベース - netkeiba,2026-05-20T11:04:25.315362,牝,3,392.0,10.0,0,1,7.4,8.0,39.0,0.119,0,11,39.0,39.0,39.0,0.119,39.0
4.0,4,5,アウストラリス,54.0,角田大河,1:28.9,1.1/4,22.8,8.0,[東] 高橋文雅,2021103030,202401010104,3歳未勝利｜2024年7月20日 | 競馬データベース - netkeiba,2026-05-20T11:04:25.315362,牝,3,422.0,-4.0,0,0,6.0,5.67,40.0,0.1429,0,5,40.0,40.0,40.0,0.1429,40.0
5.0,4,6,ツキガキレイデスネ,55.0,永野猛蔵,1:29.0,1/2,18.2,7.0,[東] 小島茂之,2021103328,202401010104,3歳未勝利｜2024年7月20日 | 競馬データベース - netkeiba,2026-05-20T11:04:25.315362,牝,3,456.0,4.0,0,0,5.6,7.0,41.48,0.1515,0,4,41.48,41.48,41.48,0.1515,41.48
6.0,8,14,ディアアリーチェ,55.0,鮫島克駿,1:29.1,1/2,4.3,1.0,[西] 武幸四郎,2021105655,202401010104,3歳未勝利｜2024年7月20日 | 競馬データベース - netkeiba,2026-05-20T11:04:25.315362,牝,3,450.0,-4.0,0,0,7.6,4.67,36.94,0.1163,0,6,36.94,36.94,36.94,0.1163,36.94
7.0,5,7,タイプフェイス,55.0,大野拓弥,1:29.1,ハナ,39.3,10.0,[東] 小手川準,2021105091,202401010104,3歳未勝利｜2024年7月20日 | 競馬データベース - netkeiba,2026-05-20T11:04:25.315362,牝,3,442.0,8.0,0,0,9.8,8.0,41.68,0.0926,0,10,41.68,41.68,41.68,0.0926,41.68
8.0,6,9,カウネウス,55.0,丹内祐次,1:29.1,ハナ,18.2,6.0,[東] 宗像義忠,2021105487,202401010104,3歳未勝利｜2024年7月20日 | 競馬データベース - netkeiba,2026-05-20T11:04:25.315362,牝,3,446.0,2.0,0,0,2.2,2.0,38.06,0.3125,0,3,38.06,38.06,38.06,0.3125,38.06
9.0,7,11,セントオブシン,55.0,亀田温心,1:29.2,クビ,53.5,12.0,[西] 高野友和,2021100146,202401010104,3歳未勝利｜2024年7月20日 | 競馬データベース - netkeiba,2026-05-20T11:04:25.315362,牝,3,426.0,-4.0,0,0,4.2,5.67,39.82,0.1923,0,2,39.82,39.82,39.82,0.1923,39.82
10.0,8,13,ラーリア,55.0,横山武史,1:29.2,アタマ,4.8,3.0,[東] 大竹正博,2021101206,202401010104,3歳未勝利｜2024年7月20日 | 競馬データベース - netkeiba,2026-05-20T11:04:25.315362,牝,3,396.0,-6.0,0,0,5.8,6.33,41.12,0.1471,0,5,41.12,41.12,41.12,0.1471,41.12
11.0,2,2,チャルドーニ,55.0,富田暁,1:29.3,3/4,4.4,2.0,[東] 林徹,2021104946,202401010104,3歳未勝利｜2024年7月20日 | 競馬データベース - netkeiba,2026-05-20T11:04:25.315362,牝,3,464.0,-2.0,0,0,4.8,3.67,39.12,0.1724,0,1,39.12,39.12,39.12,0.1724,39.12
12.0,7,12,ウーロン,55.0,横山和生,1:29.8,3,8.5,5.0,[東] 上原佑紀,2021101649,202401010104,3歳未勝利｜2024年7月20日 | 競馬データベース - netkeiba,2026-05-20T11:04:25.315362,牝,3,480.0,10.0,0,0,7.4,6.67,40.02,0.119,0,8,40.02,40.02,40.02,0.119,40.02
13.0,3,3,シャイニーマンボ,52.0,川端海翼,1:29.9,クビ,166.7,14.0,[西] 羽月友彦,2021102467,202401010104,3歳未勝利｜2024年7月20日 | 競馬データベース - netkeiba,2026-05-20T11:04:25.315362,牝,3,470.0,22.0,0,0,0.0,0.0,0.0,0.0,0,0,0.0,0.0,0.0,0.0,0.0
14.0,1,1,アオイフォール,55.0,小林凌大,1:31.1,7,104.7,13.0,[東] 牧光二,2021107002,202401010104,3歳未勝利｜2024年7月20日 | 競馬データベース - netkeiba,2026-05-20T11:04:25.315362,牝,3,454.0,-4.0,0,0,6.8,5.33,41.6,0.1282,0,2,41.6,41.6,41.6,0.1282,41.6
1.0,3,4,ナチュラルライズ,55.0,横山武史,1:45.7,,3.0,1.0,[東] 伊藤圭三,2022103795,202401010105,2歳新馬｜2024年7月20日 | 競馬データベース - netkeiba,2026-05-20T11:04:56.341381,牡,2,476.0,0.0,1,1,5.8,8.67,38.88,0.1471,0,8,38.88,38.88,38.88,0.1471,38.88
2.0,6,10,ベルベルコンパス,55.0,北村友一,1:46.7,6,5.3,3.0,[西] 小栗実,2022103059,202401010105,2歳新馬｜2024年7月20日 | 競馬データベース - netkeiba,2026-05-20T11:04:56.341381,牡,2,522.0,0.0,0,1,6.0,6.33,37.52,0.1429,0,1,37.52,37.52,37.52,0.1429,37.52
3.0,1,1,ジーティートゥルー,55.0,大野拓弥,1:49.0,大,21.5,8.0,[東] 田島俊明,2022105487,202401010105,2歳新馬｜2024年7月20日 | 競馬データベース - netkeiba,2026-05-20T11:04:56.341381,牡,2,452.0,0.0,0,1,4.0,4.0,40.0,0.2,0,7,40.0,40.0,40.0,0.2,40.0
4.0,2,2,ソラノキャンバス,52.0,長浜鴻緒,1:49.0,クビ,46.3,10.0,[東] 武井亮,2022100083,202401010105,2歳新馬｜2024年7月20日 | 競馬データベース - netkeiba,2026-05-20T11:04:56.341381,牡,2,430.0,0.0,0,0,9.0,10.33,38.6,0.1,0,15,38.6,38.6,38.6,0.1,38.6
5.0,4,5,アローオブライト,55.0,藤岡佑介,1:49.3,1.1/2,14.4,7.0,[西] 渡辺薫彦,2022104604,202401010105,2歳新馬｜2024年7月20日 | 競馬データベース - netkeiba,2026-05-20T11:04:56.341381,牡,2,468.0,0.0,0,0,4.4,5.33,37.66,0.1852,0,10,37.66,37.66,37.66,0.1852,37.66
6.0,4,6,モレポブラーノ,55.0,鮫島克駿,1:49.5,1.1/2,9.2,5.0,[西] 庄野靖志,2022105443,202401010105,2歳新馬｜2024年7月20日 | 競馬データベース - netkeiba,2026-05-20T11:04:56.341381,牡,2,516.0,0.0,0,0,7.6,8.67,38.88,0.1163,0,14,38.88,38.88,38.88,0.1163,38.88
7.0,6,9,ハヤテノツバサ,55.0,永野猛蔵,1:49.9,2.1/2,11.6,6.0,[西] 杉山佳明,2022100194,202401010105,2歳新馬｜2024年7月20日 | 競馬データベース - netkeiba,2026-05-20T11:04:56.341381,牡,2,496.0,0.0,0,0,4.6,2.0,36.48,0.1786,0,1,36.48,36.48,36.48,0.1786,36.48
8.0,5,7,ヴァカンツァ,54.0,角田大河,1:50.3,2,66.7,12.0,[西] 高橋亮,2022100416,202401010105,2歳新馬｜2024年7月20日 | 競馬データベース - netkeiba,2026-05-20T11:04:56.341381,牝,2,480.0,0.0,0,0,7.4,7.33,38.5,0.119,0,8,38.5,38.5,38.5,0.119,38.5
9.0,8,13,イフウドウドウ,55.0,武豊,1:50.5,1.1/2,5.3,2.0,[西] 角田晃一,2022100126,202401010105,2歳新馬｜2024年7月20日 | 競馬データベース - netkeiba,2026-05-20T11:04:56.341381,牡,2,516.0,0.0,0,0,5.2,4.33,38.48,0.1613,0,4,38.48,38.48,38.48,0.1613,38.48
10.0,7,11,プライベートアイズ,55.0,横山和生,1:50.9,2.1/2,7.4,4.0,[西] 昆貢,2022101572,202401010105,2歳新馬｜2024年7月20日 | 競馬データベース - netkeiba,2026-05-20T11:04:56.341381,牡,2,496.0,0.0,0,0,4.8,6.67,37.22,0.1724,0,11,37.22,37.22,37.22,0.1724,37.22
11.0,7,12,コパノキュラソー,55.0,古川吉洋,1:51.0,クビ,136.6,14.0,[西] 宮徹,2022104085,202401010105,2歳新馬｜2024年7月20日 | 競馬データベース - netkeiba,2026-05-20T11:04:56.341381,牡,2,508.0,0.0,0,0,0.0,0.0,0.0,0.0,0,0,0.0,0.0,0.0,0.0,0.0
12.0,8,14,キタノチャンス,55.0,黛弘人,1:52.6,10,133.0,13.0,[東] 石栗龍彦,2022100934,202401010105,2歳新馬｜2024年7月20日 | 競馬データベース - netkeiba,2026-05-20T11:04:56.341381,牝,2,472.0,0.0,0,0,1.6,1.33,38.78,0.3846,0,1,38.78,38.78,38.78,0.3846,38.78
13.0,5,8,ガストフロント,55.0,武藤雅,1:53.4,5,51.3,11.0,[東] 水野貴広,2022103029,202401010105,2歳新馬｜2024年7月20日 | 競馬データベース - netkeiba,2026-05-20T11:04:56.341381,牡,2,442.0,0.0,0,0,9.4,12.0,38.56,0.0962,0,11,38.56,38.56,38.56,0.0962,38.56
14.0,3,3,ガイラルディア,55.0,池添謙一,1:55.5,大,36.4,9.0,[西] 藤野健太,2022103623,202401010105,2歳新馬｜2024年7月20日 | 競馬データベース - netkeiba,2026-05-20T11:04:56.341381,牝,2,456.0,0.0,0,0,4.2,6.33,38.68,0.1923,0,6,38.68,38.68,38.68,0.1923,38.68
1.0,7,12,オメガインペリアル,57.0,藤岡佑介,1:48.7,,2.3,1.0,[西] 安田翔伍,2021110078,202401010106,3歳未勝利｜2024年7月20日 | 競馬データベース - netkeiba,2026-05-20T11:05:37.584679,牡,3,460.0,4.0,1,1,6.0,4.33,35.07,0.1429,0,4,35.07,35.07,35.07,0.1429,35.07
2.0,1,1,マイネルバーテクス,57.0,丹内祐次,1:49.0,2,4.9,2.0,[東] 水野貴広,2021106827,202401010106,3歳未勝利｜2024年7月20日 | 競馬データベース - netkeiba,2026-05-20T11:05:37.584679,牡,3,484.0,-14.0,0,1,7.6,7.0,35.74,0.1163,0,4,35.74,35.74,35.74,0.1163,35.74
3.0,4,5,サトノアライヴ,57.0,佐々木大,1:49.1,クビ,32.6,9.0,[西] 須貝尚介,2021105534,202401010106,3歳未勝利｜2024年7月20日 | 競馬データベース - netkeiba,2026-05-20T11:05:37.584679,牡,3,436.0,0.0,0,1,8.2,7.67,39.52,0.1087,0,7,39.52,39.52,39.52,0.1087,39.52
4.0,2,2,モズイージス,57.0,岩田康誠,1:49.3,1.1/4,10.1,4.0,[西] 松下武士,2021102151,202401010106,3歳未勝利｜2024年7月20日 | 競馬データベース - netkeiba,2026-05-20T11:05:37.584679,牡,3,462.0,-2.0,0,0,7.0,8.33,37.88,0.125,0,6,37.88,37.88,37.88,0.125,37.88
5.0,6,9,マリエッティ,52.0,川端海翼,1:49.4,1/2,14.1,7.0,[西] 庄野靖志,2021104643,202401010106,3歳未勝利｜2024年7月20日 | 競馬データベース - netkeiba,2026-05-20T11:05:37.584679,牝,3,424.0,8.0,0,0,5.8,7.67,39.2,0.1471,0,6,39.2,39.2,39.2,0.1471,39.2
6.0,4,6,テイクノーティス,57.0,横山和生,1:49.5,1/2,10.4,5.0,[東] 伊坂重信,2021104776,202401010106,3歳未勝利｜2024年7月20日 | 競馬データベース - netkeiba,2026-05-20T11:05:37.584679,牡,3,446.0,6.0,0,0,8.0,9.33,39.86,0.1111,0,11,39.86,39.86,39.86,0.1111,39.86
7.0,8,14,ゴールデンスロープ,54.0,長浜鴻緒,1:49.5,クビ,59.2,10.0,[東] 小笠倫弘,2021102482,202401010106,3歳未勝利｜2024年7月20日 | 競馬データベース - netkeiba,2026-05-20T11:05:37.584679,牡,3,428.0,-2.0,0,0,2.6,3.33,0.0,0.2778,0,2,0.0,0.0,0.0,0.2778,0.0
8.0,5,7,キングブルー,57.0,菱田裕二,1:49.6,1/2,21.0,8.0,[西] 四位洋文,2021104176,202401010106,3歳未勝利｜2024年7月20日 | 競馬データベース - netkeiba,2026-05-20T11:05:37.584679,牡,3,480.0,0.0,0,0,3.4,2.33,37.06,0.2273,0,1,37.06,37.06,37.06,0.2273,37.06
9.0,3,3,グローリアミノル,57.0,大野拓弥,1:49.7,1/2,6.8,3.0,[東] 中舘英二,2021104432,202401010106,3歳未勝利｜2024年7月20日 | 競馬データベース - netkeiba,2026-05-20T11:05:37.584679,牡,3,456.0,-4.0,0,0,8.0,12.33,38.14,0.1111,0,14,38.14,38.14,38.14,0.1111,38.14
10.0,6,10,アイビーブリッツ,56.0,角田大河,1:50.0,1.1/2,10.9,6.0,[西] 吉村圭司,2021106946,202401010106,3歳未勝利｜2024年7月20日 | 競馬データベース - netkeiba,2026-05-20T11:05:37.584679,牡,3,444.0,0.0,0,0,5.0,5.33,40.58,0.1667,0,10,40.58,40.58,40.58,0.1667,40.58
11.0,5,8,グランドフューチャ,54.0,小林勝太,1:50.6,3.1/2,152.9,12.0,[西] 鈴木孝志,2021100732,202401010106,3歳未勝利｜2024年7月20日 | 競馬データベース - netkeiba,2026-05-20T11:05:37.584679,牡,3,470.0,0.0,0,0,10.2,9.33,42.28,0.0893,0,6,42.28,42.28,42.28,0.0893,42.28
12.0,3,4,ライムストリート,57.0,古川吉洋,1:50.8,1.1/2,312.1,14.0,[東] 的場均,2021100931,202401010106,3歳未勝利｜2024年7月20日 | 競馬データベース - netkeiba,2026-05-20T11:05:37.584679,牡,3,474.0,-12.0,0,0,12.8,12.0,37.6,0.0725,0,9,37.6,37.6,37.6,0.0725,37.6
13.0,8,13,ダンツタロン,57.0,柴田善臣,1:51.4,3.1/2,143.7,11.0,[西] 本田優,2021104578,202401010106,3歳未勝利｜2024年7月20日 | 競馬データベース - netkeiba,2026-05-20T11:05:37.584679,牡,3,482.0,-4.0,0,0,4.0,5.33,40.76,0.2,0,11,40.76,40.76,40.76,0.2,40.76
14.0,7,11,クリノタンザナイト,57.0,亀田温心,1:51.5,1/2,244.8,13.0,[西] 荒川義之,2021101227,202401010106,3歳未勝利｜2024年7月20日 | 競馬データベース - netkeiba,2026-05-20T11:05:37.584679,牡,3,458.0,2.0,0,0,8.6,5.33,39.44,0.1042,0,11,39.44,39.44,39.44,0.1042,39.44
1.0,3,3,バシレウスシチー,58.0,菱田裕二,1:08.7,,5.2,4.0,[西] 岡田稲男,2019101643,202401010107,3歳以上1勝クラス｜2024年7月20日 | 競馬データベース - netkeiba,2026-05-20T11:06:06.958557,牡,5,446.0,-6.0,1,1,9.0,8.33,34.56,0.1,0,4,34.56,34.56,34.56,0.1,34.56
2.0,7,8,ハレアカラフラ,56.0,武豊,1:08.8,1/2,4.8,3.0,[西] 音無秀孝,2020103292,202401010107,3歳以上1勝クラス｜2024年7月20日 | 競馬データベース - netkeiba,2026-05-20T11:06:06.958557,牝,4,478.0,20.0,0,1,11.6,10.0,36.96,0.0794,0,16,36.96,36.96,36.96,0.0794,36.96
3.0,4,4,ソングフォーユー,56.0,大野拓弥,1:09.0,1.1/4,17.4,6.0,[東] 上原博之,2019101133,202401010107,3歳以上1勝クラス｜2024年7月20日 | 競馬データベース - netkeiba,2026-05-20T11:06:06.958557,牝,5,462.0,2.0,0,1,0.0,0.0,0.0,0.0,0,0,0.0,0.0,0.0,0.0,0.0
4.0,8,10,アポロルタ,53.0,小林勝太,1:09.1,3/4,29.2,10.0,[東] 村田一誠,2019106637,202401010107,3歳以上1勝クラス｜2024年7月20日 | 競馬データベース - netkeiba,2026-05-20T11:06:06.958557,牝,5,450.0,-2.0,0,0,11.4,11.0,35.26,0.0806,0,12,35.26,35.26,35.26,0.0806,35.26
5.0,6,6,シアター,53.0,鮫島克駿,1:09.1,クビ,3.5,1.0,[西] 茶木太樹,2021103299,202401010107,3歳以上1勝クラス｜2024年7月20日 | 競馬データベース - netkeiba,2026-05-20T11:06:06.958557,牝,3,432.0,0.0,0,0,7.6,8.67,35.44,0.1163,0,7,35.44,35.44,35.44,0.1163,35.44
6.0,2,2,ゴルデールスカー,58.0,池添謙一,1:09.2,3/4,104.4,11.0,[西] 大久保龍,2020103625,202401010107,3歳以上1勝クラス｜2024年7月20日 | 競馬データベース - netkeiba,2026-05-20T11:06:06.958557,牡,4,468.0,-4.0,0,0,4.8,3.0,38.02,0.1724,0,1,38.02,38.02,38.02,0.1724,38.02
7.0,6,7,セイウンサニー,53.0,永野猛蔵,1:09.2,ハナ,18.4,7.0,[東] 伊坂重信,2021103118,202401010107,3歳以上1勝クラス｜2024年7月20日 | 競馬データベース - netkeiba,2026-05-20T11:06:06.958557,牝,3,448.0,-4.0,0,0,12.4,10.67,39.22,0.0746,0,11,39.22,39.22,39.22,0.0746,39.22
8.0,1,1,サンポーニャ,53.0,長浜鴻緒,1:09.3,クビ,4.5,2.0,[西] 池江泰寿,2020102050,202401010107,3歳以上1勝クラス｜2024年7月20日 | 競馬データベース - netkeiba,2026-05-20T11:06:06.958557,牝,4,450.0,16.0,0,0,8.8,11.67,37.4,0.102,0,16,37.4,37.4,37.4,0.102,37.4
9.0,5,5,ペプチドシュチク,55.0,富田暁,1:09.3,クビ,9.1,5.0,[西] 武英智,2021102735,202401010107,3歳以上1勝クラス｜2024年7月20日 | 競馬データベース - netkeiba,2026-05-20T11:06:06.958557,牡,3,488.0,4.0,0,0,5.2,4.67,38.12,0.1613,0,12,38.12,38.12,38.12,0.1613,38.12
10.0,8,11,シルバーダイヤ,55.0,角田大河,1:09.4,クビ,21.3,8.0,[東] 小野次郎,2020100289,202401010107,3歳以上1勝クラス｜2024年7月20日 | 競馬データベース - netkeiba,2026-05-20T11:06:06.958557,牝,4,454.0,-4.0,0,0,10.0,10.33,41.14,0.0909,0,12,41.14,41.14,41.14,0.0909,41.14
11.0,7,9,セイウンティーダ,53.0,丹内祐次,1:09.6,1.1/4,22.8,9.0,[東] 松山将樹,2021100243,202401010107,3歳以上1勝クラス｜2024年7月20日 | 競馬データベース - netkeiba,2026-05-20T11:06:06.958557,牝,3,430.0,14.0,0,0,9.8,10.67,35.32,0.0926,0,18,35.32,35.32,35.32,0.0926,35.32
1.0,8,8,リフレクトザムーン,50.0,小林勝太,1:46.5,,6.8,4.0,[東] 尾形和幸,2021104635,202401010108,3歳以上1勝クラス｜2024年7月20日 | 競馬データベース - netkeiba,2026-05-20T11:06:33.174201,牝,3,446.0,-12.0,1,1,6.4,6.0,38.38,0.1351,0,5,38.38,38.38,38.38,0.1351,38.38
2.0,7,7,フェルンマンボ,56.0,横山武史,1:46.8,2,3.7,3.0,[西] 辻野泰之,2019105975,202401010108,3歳以上1勝クラス｜2024年7月20日 | 競馬データベース - netkeiba,2026-05-20T11:06:33.174201,牝,5,474.0,4.0,0,1,5.8,5.67,38.04,0.1471,0,6,38.04,38.04,38.04,0.1471,38.04
3.0,6,6,イッツオンリーユー,56.0,佐々木大,1:46.9,クビ,3.5,2.0,[東] 矢嶋大樹,2020102542,202401010108,3歳以上1勝クラス｜2024年7月20日 | 競馬データベース - netkeiba,2026-05-20T11:06:33.174201,牝,4,474.0,0.0,0,1,5.8,7.33,39.56,0.1471,0,12,39.56,39.56,39.56,0.1471,39.56
4.0,2,2,タマモプルメリア,52.0,角田大河,1:47.8,5,2.6,1.0,[西] 大橋勇樹,2021103593,202401010108,3歳以上1勝クラス｜2024年7月20日 | 競馬データベース - netkeiba,2026-05-20T11:06:33.174201,牝,3,450.0,-4.0,0,0,8.0,10.0,37.7,0.1111,0,11,37.7,37.7,37.7,0.1111,37.7
5.0,5,5,ドレミファニー,56.0,横山和生,1:48.3,3,18.8,6.0,[東] 西田雄一,2020104855,202401010108,3歳以上1勝クラス｜2024年7月20日 | 競馬データベース - netkeiba,2026-05-20T11:06:33.174201,牝,4,512.0,12.0,0,0,8.2,7.33,38.3,0.1087,0,9,38.3,38.3,38.3,0.1087,38.3
6.0,8,9,チョッピー,56.0,永野猛蔵,1:48.4,1/2,28.8,7.0,[西] 北出成人,2019106107,202401010108,3歳以上1勝クラス｜2024年7月20日 | 競馬データベース - netkeiba,2026-05-20T11:06:33.174201,牝,5,470.0,4.0,0,0,5.0,3.33,41.74,0.1667,0,2,41.74,41.74,41.74,0.1667,41.74
7.0,4,4,シュライフェ,56.0,黛弘人,1:49.7,8,87.9,9.0,[東] 和田雄二,2020103903,202401010108,3歳以上1勝クラス｜2024年7月20日 | 競馬データベース - netkeiba,2026-05-20T11:06:33.174201,牝,4,498.0,12.0,0,0,8.6,8.0,41.58,0.1042,0,9,41.58,41.58,41.58,0.1042,41.58
8.0,1,1,ポマール,53.0,丹内祐次,1:50.2,3,39.6,8.0,[西] 小栗実,2021105972,202401010108,3歳以上1勝クラス｜2024年7月20日 | 競馬データベース - netkeiba,2026-05-20T11:06:33.174201,牝,3,452.0,4.0,0,0,11.0,13.0,37.52,0.0833,0,18,37.52,37.52,37.52,0.0833,37.52
9.0,3,3,アイスリンディ,53.0,亀田温心,1:51.7,9,17.7,5.0,[西] 高柳大輔,2021103575,202401010108,3歳以上1勝クラス｜2024年7月20日 | 競馬データベース - netkeiba,2026-05-20T11:06:33.174201,牝,3,446.0,-8.0,0,0,6.0,3.33,37.36,0.1429,0,1,37.36,37.36,37.36,0.1429,37.36
1.0,5,5,ミヤビブレイブ,56.0,横山和生,1:47.4,,17.1,6.0,[東] 小島茂之,2020104259,202401010109,北辰特別｜2024年7月20日 | 競馬データベース - netkeiba,2026-05-20T11:06:48.918719,牝,4,468.0,-4.0,1,1,9.2,8.67,36.66,0.098,0,14,36.66,36.66,36.66,0.098,36.66
2.0,7,8,セイウンパシュート,58.0,永野猛蔵,1:47.6,1.1/4,5.0,3.0,[東] 上原博之,2020100233,202401010109,北辰特別｜2024年7月20日 | 競馬データベース - netkeiba,2026-05-20T11:06:48.918719,牡,4,470.0,-4.0,0,1,11.4,12.67,35.84,0.0806,0,9,35.84,35.84,35.84,0.0806,35.84
3.0,6,6,アドミラルシップ,55.0,武豊,1:47.7,クビ,2.7,1.0,[東] 相沢郁,2021102708,202401010109,北辰特別｜2024年7月20日 | 競馬データベース - netkeiba,2026-05-20T11:06:48.918719,牡,3,472.0,12.0,0,1,7.2,6.67,34.7,0.122,0,7,34.7,34.7,34.7,0.122,34.7
4.0,2,2,マイバラード,58.0,丹内祐次,1:47.9,1.1/2,22.4,7.0,[東] 松永康利,2020100621,202401010109,北辰特別｜2024年7月20日 | 競馬データベース - netkeiba,2026-05-20T11:06:48.918719,牡,4,468.0,0.0,0,0,8.6,8.33,35.6,0.1042,0,11,35.6,35.6,35.6,0.1042,35.6
5.0,8,9,スノーブリザード,55.0,鮫島克駿,1:48.2,1.3/4,49.0,8.0,[西] 畑端省吾,2021107138,202401010109,北辰特別｜2024年7月20日 | 競馬データベース - netkeiba,2026-05-20T11:06:48.918719,牡,3,494.0,-6.0,0,0,7.0,7.0,36.62,0.125,0,6,36.62,36.62,36.62,0.125,36.62
6.0,1,1,バロックダンス,56.0,大野拓弥,1:48.2,ハナ,81.2,9.0,[東] 小手川準,2020103094,202401010109,北辰特別｜2024年7月20日 | 競馬データベース - netkeiba,2026-05-20T11:06:48.918719,牝,4,472.0,3.0,0,0,9.6,11.33,35.76,0.0943,0,10,35.76,35.76,35.76,0.0943,35.76
7.0,7,7,ユイノオトコヤマ,58.0,黛弘人,1:48.3,3/4,138.2,10.0,[東] 深山雅史,2020104734,202401010109,北辰特別｜2024年7月20日 | 競馬データベース - netkeiba,2026-05-20T11:06:48.918719,牡,4,470.0,0.0,0,0,4.2,4.33,40.8,0.1923,0,5,40.8,40.8,40.8,0.1923,40.8
8.0,3,3,ヴァルドルチャ,55.0,北村友一,1:48.9,3.1/2,7.8,5.0,[東] 田中博康,2021103000,202401010109,北辰特別｜2024年7月20日 | 競馬データベース - netkeiba,2026-05-20T11:06:48.918719,牡,3,446.0,0.0,0,0,7.6,11.67,39.02,0.1163,0,9,39.02,39.02,39.02,0.1163,39.02
9.0,8,10,シルバーカレッジ,55.0,浜中俊,1:48.9,アタマ,7.6,4.0,[西] 武幸四郎,2021105570,202401010109,北辰特別｜2024年7月20日 | 競馬データベース - netkeiba,2026-05-20T11:06:48.918719,牡,3,494.0,-6.0,0,0,3.6,5.0,35.52,0.2174,0,3,35.52,35.52,35.52,0.2174,35.52
10.0,4,4,ブルーアイドガール,53.0,藤岡佑介,2:00.2,大,3.5,2.0,[西] 吉岡辰弥,2021104998,202401010109,北辰特別｜2024年7月20日 | 競馬データベース - netkeiba,2026-05-20T11:06:48.918719,牝,3,442.0,2.0,0,0,1.6,1.33,34.42,0.3846,0,1,34.42,34.42,34.42,0.3846,34.42
1.0,3,3,ナックイルシーブ,58.0,大野拓弥,1:59.6,,18.2,6.0,[東] 杉浦宏昭,2018105521,202401010110,釧路湿原特別｜2024年7月20日 | 競馬データベース - netkeiba,2026-05-20T11:07:15.174075,牡,6,516.0,0.0,1,1,8.8,12.33,36.5,0.102,0,14,36.5,36.5,36.5,0.102,36.5
2.0,6,9,ブラックヴァール,56.0,横山和生,1:59.6,アタマ,5.4,4.0,[東] 菊川正達,2020100742,202401010110,釧路湿原特別｜2024年7月20日 | 競馬データベース - netkeiba,2026-05-20T11:07:15.174075,牝,4,450.0,-6.0,0,1,5.0,7.0,36.02,0.1667,0,7,36.02,36.02,36.02,0.1667,36.02
3.0,8,12,ギャンブルルーム,55.0,鮫島克駿,1:59.7,1/2,4.3,2.0,[西] 大久保龍,2021105559,202401010110,釧路湿原特別｜2024年7月20日 | 競馬データベース - netkeiba,2026-05-20T11:07:15.174075,牡,3,496.0,10.0,0,1,7.6,4.67,37.32,0.1163,0,1,37.32,37.32,37.32,0.1163,37.32
4.0,8,13,ドラゴンヘッド,58.0,武藤雅,1:59.7,ハナ,22.3,7.0,[東] 武藤善則,2020100495,202401010110,釧路湿原特別｜2024年7月20日 | 競馬データベース - netkeiba,2026-05-20T11:07:15.174075,牡,4,452.0,6.0,0,0,7.8,7.67,34.3,0.1136,0,4,34.3,34.3,34.3,0.1136,34.3
5.0,7,10,シャドウソニック,58.0,北村友一,1:59.9,1.1/2,51.2,8.0,[西] 辻野泰之,2020102874,202401010110,釧路湿原特別｜2024年7月20日 | 競馬データベース - netkeiba,2026-05-20T11:07:15.174075,牡,4,494.0,-14.0,0,0,10.2,12.0,35.32,0.0893,0,16,35.32,35.32,35.32,0.0893,35.32
6.0,1,1,リミットバスター,58.0,横山武史,1:59.9,ハナ,4.4,3.0,[西] 杉山晴紀,2020101537,202401010110,釧路湿原特別｜2024年7月20日 | 競馬データベース - netkeiba,2026-05-20T11:07:15.174075,牡,4,512.0,4.0,0,0,6.4,8.0,36.84,0.1351,0,10,36.84,36.84,36.84,0.1351,36.84
7.0,2,2,マイノワール,55.0,武豊,2:00.0,1/2,3.1,1.0,[西] 笹田和秀,2021104411,202401010110,釧路湿原特別｜2024年7月20日 | 競馬データベース - netkeiba,2026-05-20T11:07:15.174075,牡,3,478.0,-6.0,0,0,3.2,3.67,36.38,0.2381,0,1,36.38,36.38,36.38,0.2381,36.38
8.0,5,7,ホウオウプレミア,58.0,岩田康誠,2:00.0,ハナ,9.5,5.0,[東] 奥村武,2019105041,202401010110,釧路湿原特別｜2024年7月20日 | 競馬データベース - netkeiba,2026-05-20T11:07:15.174075,牡,5,480.0,-8.0,0,0,3.8,4.0,35.84,0.2083,0,6,35.84,35.84,35.84,0.2083,35.84
9.0,6,8,タイラーテソーロ,58.0,丹内祐次,2:00.2,1,102.9,13.0,[東] 栗田徹,2019102384,202401010110,釧路湿原特別｜2024年7月20日 | 競馬データベース - netkeiba,2026-05-20T11:07:15.174075,牡,5,474.0,0.0,0,0,10.6,11.0,40.86,0.0862,0,11,40.86,40.86,40.86,0.0862,40.86
10.0,7,11,キングロコマイカイ,58.0,角田大河,2:00.6,2.1/2,63.4,11.0,[西] 畑端省吾,2019103829,202401010110,釧路湿原特別｜2024年7月20日 | 競馬データベース - netkeiba,2026-05-20T11:07:15.174075,牡,5,508.0,14.0,0,0,9.8,9.0,37.3,0.0926,0,6,37.3,37.3,37.3,0.0926,37.3
11.0,4,4,バンフィエルド,58.0,佐々木大,2:01.3,4,73.3,12.0,[西] 緒方努,2019104531,202401010110,釧路湿原特別｜2024年7月20日 | 競馬データベース - netkeiba,2026-05-20T11:07:15.174075,牡,5,430.0,-4.0,0,0,7.6,8.33,35.22,0.1163,0,9,35.22,35.22,35.22,0.1163,35.22
12.0,4,5,スプリングノヴァ,53.0,亀田温心,2:01.6,1.3/4,60.7,9.0,[西] 鮫島一歩,2021104318,202401010110,釧路湿原特別｜2024年7月20日 | 競馬データベース - netkeiba,2026-05-20T11:07:15.174075,牝,3,402.0,-4.0,0,0,12.2,12.67,36.26,0.0758,0,15,36.26,36.26,36.26,0.0758,36.26
13.0,5,6,アナレンマ,58.0,菱田裕二,2:01.6,ハナ,63.3,10.0,[西] 藤原英昭,2018105462,202401010110,釧路湿原特別｜2024年7月20日 | 競馬データベース - netkeiba,2026-05-20T11:07:15.174075,セ,6,448.0,-4.0,0,0,8.8,9.33,35.42,0.102,0,11,35.42,35.42,35.42,0.102,35.42
1.0,8,16,エイシンフェンサー,56.0,川又賢治,1:08.3,,4.5,1.0,[西] 吉村圭司,2020100105,202401010111,TVh賞｜2024年7月20日 | 競馬データベース - netkeiba,2026-05-20T11:07:45.349094,牝,4,476.0,-4.0,1,1,7.6,7.0,34.17,0.1163,0,11,34.17,34.17,34.17,0.1163,34.17
2.0,8,15,マイネルレノン,58.0,丹内祐次,1:08.4,1/2,22.4,10.0,[西] 宮徹,2019100751,202401010111,TVh賞｜2024年7月20日 | 競馬データベース - netkeiba,2026-05-20T11:07:45.349094,牡,5,474.0,-12.0,0,1,8.2,5.33,34.16,0.1087,0,4,34.16,34.16,34.16,0.1087,34.16
3.0,1,1,ブッシュガーデン,56.0,富田暁,1:08.4,アタマ,10.9,7.0,[東] 武井亮,2019109094,202401010111,TVh賞｜2024年7月20日 | 競馬データベース - netkeiba,2026-05-20T11:07:45.349094,牝,5,466.0,4.0,0,1,8.2,6.0,34.68,0.1087,0,9,34.68,34.68,34.68,0.1087,34.68
4.0,7,14,ラキエータ,56.0,武豊,1:08.5,1/2,16.3,8.0,[西] 音無秀孝,2019104525,202401010111,TVh賞｜2024年7月20日 | 競馬データベース - netkeiba,2026-05-20T11:07:45.349094,牝,5,426.0,-6.0,0,0,7.8,6.67,34.18,0.1136,0,6,34.18,34.18,34.18,0.1136,34.18
5.0,2,3,トーセンサンダー,58.0,大野拓弥,1:08.5,アタマ,8.2,4.0,[東] 杉浦宏昭,2019104386,202401010111,TVh賞｜2024年7月20日 | 競馬データベース - netkeiba,2026-05-20T11:07:45.349094,牡,5,480.0,0.0,0,0,5.0,4.67,37.68,0.1667,0,5,37.68,37.68,37.68,0.1667,37.68
6.0,6,11,オードゥメール,56.0,藤岡佑介,1:08.5,クビ,9.2,5.0,[東] 斎藤誠,2019103010,202401010111,TVh賞｜2024年7月20日 | 競馬データベース - netkeiba,2026-05-20T11:07:45.349094,牝,5,480.0,-2.0,0,0,8.8,5.67,34.22,0.102,0,1,34.22,34.22,34.22,0.102,34.22
7.0,5,10,アドヴァイス,56.0,岩田康誠,1:08.6,クビ,17.0,9.0,[西] 中村直也,2019102041,202401010111,TVh賞｜2024年7月20日 | 競馬データベース - netkeiba,2026-05-20T11:07:45.349094,牝,5,500.0,-2.0,0,0,8.8,8.0,35.84,0.102,0,5,35.84,35.84,35.84,0.102,35.84
8.0,5,9,ドナベティ,53.0,鮫島克駿,1:08.6,ハナ,9.6,6.0,[西] 矢作芳人,2021100210,202401010111,TVh賞｜2024年7月20日 | 競馬データベース - netkeiba,2026-05-20T11:07:45.349094,牝,3,422.0,-2.0,0,0,10.8,9.33,34.36,0.0847,0,11,34.36,34.36,34.36,0.0847,34.36
9.0,6,12,サトノグレイト,58.0,池添謙一,1:08.6,アタマ,49.3,12.0,[西] 中竹和也,2020102971,202401010111,TVh賞｜2024年7月20日 | 競馬データベース - netkeiba,2026-05-20T11:07:45.349094,セ,4,492.0,4.0,0,0,11.8,14.67,36.9,0.0781,0,18,36.9,36.9,36.9,0.0781,36.9
10.0,4,8,オウバイトウリ,53.0,浜中俊,1:08.7,クビ,6.8,3.0,[西] 武幸四郎,2021105606,202401010111,TVh賞｜2024年7月20日 | 競馬データベース - netkeiba,2026-05-20T11:07:45.349094,牝,3,460.0,-10.0,0,0,7.2,8.33,35.98,0.122,0,9,35.98,35.98,35.98,0.122,35.98
11.0,2,4,アバンチュリエ,58.0,柴田善臣,1:08.7,クビ,36.3,11.0,[東] 大竹正博,2019105347,202401010111,TVh賞｜2024年7月20日 | 競馬データベース - netkeiba,2026-05-20T11:07:45.349094,セ,5,466.0,0.0,0,0,5.0,4.33,40.66,0.1667,0,5,40.66,40.66,40.66,0.1667,40.66
12.0,4,7,タツリュウオー,56.0,古川吉洋,1:08.8,クビ,123.1,16.0,[西] 藤野健太,2018102649,202401010111,TVh賞｜2024年7月20日 | 競馬データベース - netkeiba,2026-05-20T11:07:45.349094,牝,6,470.0,0.0,0,0,9.6,12.0,34.46,0.0943,0,12,34.46,34.46,34.46,0.0943,34.46
13.0,7,13,グットディール,58.0,佐々木大,1:08.8,アタマ,63.3,13.0,[西] 須貝尚介,2019105446,202401010111,TVh賞｜2024年7月20日 | 競馬データベース - netkeiba,2026-05-20T11:07:45.349094,セ,5,494.0,-6.0,0,0,8.2,9.67,38.68,0.1087,0,15,38.68,38.68,38.68,0.1087,38.68
14.0,1,2,プライムライン,58.0,北村友一,1:08.9,3/4,83.6,14.0,[西] 田中克典,2017100403,202401010111,TVh賞｜2024年7月20日 | 競馬データベース - netkeiba,2026-05-20T11:07:45.349094,セ,7,450.0,4.0,0,0,2.6,3.67,40.36,0.2778,0,4,40.36,40.36,40.36,0.2778,40.36
15.0,3,5,ドーバーホーク,58.0,横山武史,1:08.9,アタマ,5.0,2.0,[東] 清水英克,2020105365,202401010111,TVh賞｜2024年7月20日 | 競馬データベース - netkeiba,2026-05-20T11:07:45.349094,牡,4,482.0,2.0,0,0,8.2,5.67,35.33,0.1087,0,3,35.33,35.33,35.33,0.1087,35.33
16.0,3,6,ジャスティンエース,58.0,菱田裕二,1:09.5,3.1/2,94.9,15.0,[西] 杉山晴紀,2019105146,202401010111,TVh賞｜2024年7月20日 | 競馬データベース - netkeiba,2026-05-20T11:07:45.349094,牡,5,468.0,-2.0,0,0,14.6,16.0,35.76,0.0641,0,16,35.76,35.76,35.76,0.0641,35.76
1.0,6,8,トリグラフ,58.0,永野猛蔵,1:46.8,,35.4,9.0,[東] 松山将樹,2019103410,202401010112,3歳以上1勝クラス｜2024年7月20日 | 競馬データベース - netkeiba,2026-05-20T11:08:30.423502,牡,5,454.0,-2.0,1,1,6.4,7.67,39.68,0.1351,0,12,39.68,39.68,39.68,0.1351,39.68
2.0,5,5,カルパ,55.0,武豊,1:47.3,3.1/2,5.7,4.0,[西] 須貝尚介,2021105736,202401010112,3歳以上1勝クラス｜2024年7月20日 | 競馬データベース - netkeiba,2026-05-20T11:08:30.423502,牡,3,434.0,-2.0,0,1,5.0,4.33,36.42,0.1667,0,6,36.42,36.42,36.42,0.1667,36.42
3.0,7,10,コスモオピニオン,58.0,丹内祐次,1:47.3,ハナ,3.5,1.0,[東] 黒岩陽一,2020101258,202401010112,3歳以上1勝クラス｜2024年7月20日 | 競馬データベース - netkeiba,2026-05-20T11:08:30.423502,牡,4,496.0,-2.0,0,1,6.0,6.0,35.12,0.1429,0,8,35.12,35.12,35.12,0.1429,35.12
4.0,3,3,ズバットマサムネ,55.0,浜中俊,1:47.4,クビ,7.8,5.0,[西] 杉山佳明,2021105711,202401010112,3歳以上1勝クラス｜2024年7月20日 | 競馬データベース - netkeiba,2026-05-20T11:08:30.423502,牡,3,492.0,2.0,0,0,8.2,7.67,36.62,0.1087,0,12,36.62,36.62,36.62,0.1087,36.62
5.0,2,2,ヤマニンクイッカー,58.0,横山武史,1:47.6,1.1/4,5.3,3.0,[東] 田島俊明,2019102777,202401010112,3歳以上1勝クラス｜2024年7月20日 | 競馬データベース - netkeiba,2026-05-20T11:08:30.423502,牡,5,472.0,2.0,0,0,10.5,9.5,39.7,0.087,0,6,39.7,39.7,39.7,0.087,39.7
6.0,4,4,ダノンペドロ,58.0,佐々木大,1:47.8,1.1/2,15.5,7.0,[西] 寺島良,2020103453,202401010112,3歳以上1勝クラス｜2024年7月20日 | 競馬データベース - netkeiba,2026-05-20T11:08:30.423502,セ,4,484.0,2.0,0,0,8.4,10.0,39.96,0.1064,0,12,39.96,39.96,39.96,0.1064,39.96
7.0,8,11,カリフォルニア,55.0,小林凌大,1:47.9,クビ,4.2,2.0,[東] 伊藤圭三,2021103728,202401010112,3歳以上1勝クラス｜2024年7月20日 | 競馬データベース - netkeiba,2026-05-20T11:08:30.423502,牡,3,486.0,6.0,0,0,7.8,9.67,38.82,0.1136,0,12,38.82,38.82,38.82,0.1136,38.82
8.0,6,7,ジェンマ,52.0,小林勝太,1:48.0,1/2,11.1,6.0,[東] 尾形和幸,2021101210,202401010112,3歳以上1勝クラス｜2024年7月20日 | 競馬データベース - netkeiba,2026-05-20T11:08:30.423502,牡,3,472.0,-4.0,0,0,0.0,0.0,0.0,0.0,0,0,0.0,0.0,0.0,0.0,0.0
9.0,1,1,アスクメークシェア,58.0,古川吉洋,1:49.0,6,180.2,11.0,[西] 河内洋,2020101029,202401010112,3歳以上1勝クラス｜2024年7月20日 | 競馬データベース - netkeiba,2026-05-20T11:08:30.423502,牡,4,474.0,2.0,0,0,11.4,8.67,35.56,0.0806,0,11,35.56,35.56,35.56,0.0806,35.56
10.0,5,6,タイセイラファーガ,58.0,菱田裕二,1:50.1,7,135.7,10.0,[西] 高橋義忠,2020106005,202401010112,3歳以上1勝クラス｜2024年7月20日 | 競馬データベース - netkeiba,2026-05-20T11:08:30.423502,牡,4,528.0,42.0,0,0,6.6,9.33,40.08,0.1316,0,10,40.08,40.08,40.08,0.1316,40.08
11.0,8,12,シェアホルダーズ,54.0,角田大河,1:50.2,クビ,20.9,8.0,[西] 松永幹夫,2021101250,202401010112,3歳以上1勝クラス｜2024年7月20日 | 競馬データベース - netkeiba,2026-05-20T11:08:30.423502,牡,3,496.0,20.0,0,0,10.6,12.0,37.97,0.0862,0,10,37.97,37.97,37.97,0.0862,37.97
,7,9,ポルポラジール,55.0,藤岡佑介,,,,,[西] 新谷功一,2021102993,202401010112,3歳以上1勝クラス｜2024年7月20日 | 競馬データベース - netkeiba,2026-05-20T11:08:30.423502,牡,3,504.0,-6.0,0,0,7.8,7.67,37.2,0.1136,0,14,37.2,37.2,37.2,0.1136,37.2
1.0,8,12,アイビーヒメチャン,55.0,木幡巧也,1:09.4,,2.4,1.0,[東] 牧光二,2022103959,202403020701,2歳未勝利｜2024年7月20日 | 競馬データベース - netkeiba,2026-05-20T11:08:54.105395,牝,2,456.0,0.0,1,1,5.6,7.0,37.24,0.1515,0,9,37.24,37.24,37.24,0.1515,37.24
2.0,4,5,リトルサムシング,55.0,戸崎圭太,1:09.5,クビ,5.2,3.0,[西] 野中賢二,2022105636,202403020701,2歳未勝利｜2024年7月20日 | 競馬データベース - netkeiba,2026-05-20T11:08:54.105395,牡,2,482.0,0.0,0,1,6.2,7.33,40.42,0.1389,0,7,40.42,40.42,40.42,0.1389,40.42
3.0,1,1,クニノハッピー,55.0,内田博幸,1:09.6,3/4,5.3,4.0,[東] 田中剛,2022105990,202403020701,2歳未勝利｜2024年7月20日 | 競馬データベース - netkeiba,2026-05-20T11:08:54.105395,牡,2,470.0,2.0,0,1,7.0,8.67,38.32,0.125,0,15,38.32,38.32,38.32,0.125,38.32
4.0,3,3,バム,55.0,岩部純二,1:10.3,4,40.2,6.0,[東] 奥平雅士,2022103327,202403020701,2歳未勝利｜2024年7月20日 | 競馬データベース - netkeiba,2026-05-20T11:08:54.105395,牡,2,434.0,-4.0,0,0,9.4,11.33,37.82,0.0962,0,9,37.82,37.82,37.82,0.0962,37.82
5.0,7,10,デルタウェーブ,54.0,原優介,1:10.4,1/2,3.5,2.0,[西] 西園翔太,2022104146,202403020701,2歳未勝利｜2024年7月20日 | 競馬データベース - netkeiba,2026-05-20T11:08:54.105395,牝,2,454.0,-2.0,0,0,9.2,9.0,40.78,0.098,0,9,40.78,40.78,40.78,0.098,40.78
6.0,4,4,ブルーオブウインド,55.0,吉田豊,1:10.5,クビ,55.0,7.0,[東] 的場均,2022106405,202403020701,2歳未勝利｜2024年7月20日 | 競馬データベース - netkeiba,2026-05-20T11:08:54.105395,牝,2,408.0,2.0,0,0,0.0,0.0,0.0,0.0,0,0,0.0,0.0,0.0,0.0,0.0
7.0,6,8,リネンドライブ,55.0,柴田大知,1:10.5,クビ,218.8,13.0,[東] 南田美知,2022101185,202403020701,2歳未勝利｜2024年7月20日 | 競馬データベース - netkeiba,2026-05-20T11:08:54.105395,セ,2,464.0,-2.0,0,0,5.8,7.33,39.66,0.1471,0,9,39.66,39.66,39.66,0.1471,39.66
8.0,6,9,ニシノケンタマン,55.0,野中悠太,1:10.5,クビ,63.1,9.0,[東] 深山雅史,2022106427,202403020701,2歳未勝利｜2024年7月20日 | 競馬データベース - netkeiba,2026-05-20T11:08:54.105395,牡,2,444.0,-12.0,0,0,6.4,6.67,37.1,0.1351,0,5,37.1,37.1,37.1,0.1351,37.1
9.0,2,2,ビップジェシー,55.0,菊沢一樹,1:10.6,クビ,59.7,8.0,[東] 田島俊明,2022103776,202403020701,2歳未勝利｜2024年7月20日 | 競馬データベース - netkeiba,2026-05-20T11:08:54.105395,牝,2,410.0,-2.0,0,0,8.6,6.67,40.56,0.1042,0,5,40.56,40.56,40.56,0.1042,40.56
10.0,5,7,ナックトライアンフ,52.0,佐藤翔馬,1:10.6,クビ,112.4,11.0,[東] 杉浦宏昭,2022102362,202403020701,2歳未勝利｜2024年7月20日 | 競馬データベース - netkeiba,2026-05-20T11:08:54.105395,牡,2,472.0,-4.0,0,0,9.4,9.0,38.68,0.0962,0,11,38.68,38.68,38.68,0.0962,38.68
11.0,5,6,アニーブレイク,51.0,大江原比,1:10.8,3/4,70.8,10.0,[東] 田島俊明,2022103824,202403020701,2歳未勝利｜2024年7月20日 | 競馬データベース - netkeiba,2026-05-20T11:08:54.105395,牝,2,440.0,-2.0,0,0,9.5,11.5,42.88,0.0952,0,11,42.88,42.88,42.88,0.0952,42.88
12.0,8,13,ダテヒリュウ,55.0,石橋脩,1:11.0,1.1/2,12.6,5.0,[西] 西園正都,2022100447,202403020701,2歳未勝利｜2024年7月20日 | 競馬データベース - netkeiba,2026-05-20T11:08:54.105395,牡,2,496.0,0.0,0,0,5.0,4.67,39.7,0.1667,0,7,39.7,39.7,39.7,0.1667,39.7
13.0,7,11,カイトヴィント,55.0,丸山元気,1:12.1,7,113.1,12.0,[東] 和田雄二,2022102991,202403020701,2歳未勝利｜2024年7月20日 | 競馬データベース - netkeiba,2026-05-20T11:08:54.105395,牡,2,456.0,-8.0,0,0,8.0,8.0,39.78,0.1111,0,5,39.78,39.78,39.78,0.1111,39.78
1.0,1,2,ソルエパトリオット,54.0,横山琉人,1:50.0,,28.0,8.0,[東] 尾形和幸,2022103416,202403020702,2歳未勝利｜2024年7月20日 | 競馬データベース - netkeiba,2026-05-20T11:09:25.735962,牡,2,392.0,-2.0,1,1,3.2,3.0,39.94,0.2381,0,2,39.94,39.94,39.94,0.2381,39.94
2.0,3,5,マイネルゼウス,55.0,石川裕紀,1:50.0,クビ,45.8,9.0,[東] 奥村武,2022106828,202403020702,2歳未勝利｜2024年7月20日 | 競馬データベース - netkeiba,2026-05-20T11:09:25.735962,牡,2,400.0,0.0,0,1,6.2,4.67,35.94,0.1389,0,4,35.94,35.94,35.94,0.1389,35.94
3.0,2,4,ナクライト,55.0,戸崎圭太,1:50.0,ハナ,1.7,1.0,[東] 国枝栄,2022104847,202403020702,2歳未勝利｜2024年7月20日 | 競馬データベース - netkeiba,2026-05-20T11:09:25.735962,牡,2,500.0,4.0,0,1,4.6,5.33,36.46,0.1786,0,8,36.46,36.46,36.46,0.1786,36.46
4.0,4,8,マキャベリー,55.0,菅原明良,1:50.2,1.1/4,5.6,2.0,[東] 黒岩陽一,2022100322,202403020702,2歳未勝利｜2024年7月20日 | 競馬データベース - netkeiba,2026-05-20T11:09:25.735962,牝,2,460.0,2.0,0,0,7.0,7.33,40.32,0.125,0,6,40.32,40.32,40.32,0.125,40.32
5.0,2,3,ホリーアン,55.0,丸田恭介,1:50.5,1.1/2,107.8,11.0,[東] 萱野浩二,2022106065,202403020702,2歳未勝利｜2024年7月20日 | 競馬データベース - netkeiba,2026-05-20T11:09:25.735962,牝,2,420.0,4.0,0,0,10.6,11.67,34.06,0.0862,0,15,34.06,34.06,34.06,0.0862,34.06
6.0,7,14,ジェットブレード,54.0,原優介,1:50.8,1.3/4,26.1,7.0,[東] 青木孝文,2022103522,202403020702,2歳未勝利｜2024年7月20日 | 競馬データベース - netkeiba,2026-05-20T11:09:25.735962,牡,2,460.0,4.0,0,0,6.0,6.67,34.62,0.1429,0,6,34.62,34.62,34.62,0.1429,34.62
7.0,5,10,ミッドセンチュリー,55.0,嶋田純次,1:51.2,2.1/2,216.1,13.0,[東] 松山将樹,2022103308,202403020702,2歳未勝利｜2024年7月20日 | 競馬データベース - netkeiba,2026-05-20T11:09:25.735962,牡,2,436.0,-2.0,0,0,4.4,6.0,35.14,0.1852,0,4,35.14,35.14,35.14,0.1852,35.14
8.0,8,15,ショウナンバージ,55.0,吉田豊,1:51.2,クビ,6.9,3.0,[東] 稲垣幸雄,2022105880,202403020702,2歳未勝利｜2024年7月20日 | 競馬データベース - netkeiba,2026-05-20T11:09:25.735962,牝,2,408.0,-8.0,0,0,6.0,6.0,40.16,0.1429,0,5,40.16,40.16,40.16,0.1429,40.16
9.0,1,1,タッセル,55.0,松岡正海,1:51.3,3/4,17.9,6.0,[東] 菊川正達,2022106801,202403020702,2歳未勝利｜2024年7月20日 | 競馬データベース - netkeiba,2026-05-20T11:09:25.735962,牡,2,458.0,4.0,0,0,5.0,6.0,39.36,0.1667,0,7,39.36,39.36,39.36,0.1667,39.36
10.0,8,16,コスモフィネス,55.0,野中悠太,1:51.3,ハナ,314.5,16.0,[東] 黒岩陽一,2022101084,202403020702,2歳未勝利｜2024年7月20日 | 競馬データベース - netkeiba,2026-05-20T11:09:25.735962,牝,2,424.0,12.0,0,0,5.4,5.0,41.86,0.1562,0,9,41.86,41.86,41.86,0.1562,41.86
11.0,3,6,ウィルポリス,55.0,岩部純二,1:51.5,3/4,211.5,12.0,[東] 佐藤吉勝,2022107216,202403020702,2歳未勝利｜2024年7月20日 | 競馬データベース - netkeiba,2026-05-20T11:09:25.735962,牝,2,422.0,-2.0,0,0,8.4,9.0,40.1,0.1064,0,8,40.1,40.1,40.1,0.1064,40.1
12.0,6,11,フレイザーテソーロ,55.0,木幡巧也,1:51.6,1/2,74.3,10.0,[東] 菊川正達,2022102268,202403020702,2歳未勝利｜2024年7月20日 | 競馬データベース - netkeiba,2026-05-20T11:09:25.735962,牝,2,418.0,-4.0,0,0,13.5,14.33,39.67,0.069,0,16,39.67,39.67,39.67,0.069,39.67
13.0,4,7,ブリオンアヴニール,55.0,菊沢一樹,1:51.7,3/4,256.6,14.0,[東] 武市康男,2022106208,202403020702,2歳未勝利｜2024年7月20日 | 競馬データベース - netkeiba,2026-05-20T11:09:25.735962,牡,2,456.0,-2.0,0,0,7.0,8.0,42.2,0.125,0,7,42.2,42.2,42.2,0.125,42.2
14.0,5,9,キャノンビーチ,55.0,石橋脩,1:52.0,1.3/4,15.2,5.0,[東] 武市康男,2022106769,202403020702,2歳未勝利｜2024年7月20日 | 競馬データベース - netkeiba,2026-05-20T11:09:25.735962,牝,2,426.0,-4.0,0,0,10.0,10.0,37.15,0.0909,0,14,37.15,37.15,37.15,0.0909,37.15
15.0,6,12,ココマドンナ,55.0,原田和真,1:52.0,クビ,308.6,15.0,[東] 南田美知,2022100240,202403020702,2歳未勝利｜2024年7月20日 | 競馬データベース - netkeiba,2026-05-20T11:09:25.735962,牝,2,400.0,-2.0,0,0,6.0,6.0,38.44,0.1429,0,6,38.44,38.44,38.44,0.1429,38.44
16.0,7,13,テイオームサシ,55.0,三浦皇成,1:52.8,5,9.0,4.0,[東] 斎藤誠,2022101936,202403020702,2歳未勝利｜2024年7月20日 | 競馬データベース - netkeiba,2026-05-20T11:09:25.735962,牡,2,478.0,10.0,0,0,6.8,6.67,38.66,0.1282,0,6,38.66,38.66,38.66,0.1282,38.66
1.0,3,6,ドルフィンスルー,55.0,戸崎圭太,2:01.8,,3.7,2.0,[東] 木村哲也,2021105401,202403020703,3歳未勝利｜2024年7月20日 | 競馬データベース - netkeiba,2026-05-20T11:09:54.296002,牝,3,434.0,-14.0,1,1,6.5,6.33,35.9,0.1333,0,15,35.9,35.9,35.9,0.1333,35.9
2.0,1,1,アイヲコメテ,55.0,丸田恭介,2:01.9,1/2,187.0,14.0,[東] 奥村武,2021102780,202403020703,3歳未勝利｜2024年7月20日 | 競馬データベース - netkeiba,2026-05-20T11:09:54.296002,牝,3,478.0,0.0,0,1,4.0,5.67,40.54,0.2,0,5,40.54,40.54,40.54,0.2,40.54
3.0,5,10,アオイメルスイ,55.0,杉原誠人,2:01.9,クビ,9.2,5.0,[東] 伊藤大士,2021100574,202403020703,3歳未勝利｜2024年7月20日 | 競馬データベース - netkeiba,2026-05-20T11:09:54.296002,牝,3,422.0,0.0,0,1,6.2,6.33,42.04,0.1389,0,7,42.04,42.04,42.04,0.1389,42.04
4.0,6,11,ショウナンナツゾラ,55.0,石橋脩,2:02.1,3/4,6.5,3.0,[東] 武市康男,2021101231,202403020703,3歳未勝利｜2024年7月20日 | 競馬データベース - netkeiba,2026-05-20T11:09:54.296002,牝,3,426.0,6.0,0,0,7.8,6.0,40.88,0.1136,0,4,40.88,40.88,40.88,0.1136,40.88
5.0,8,16,ペーシュメルバ,55.0,柴田大知,2:02.4,2,87.7,10.0,[東] 尾関知人,2021106828,202403020703,3歳未勝利｜2024年7月20日 | 競馬データベース - netkeiba,2026-05-20T11:09:54.296002,牝,3,428.0,-4.0,0,0,5.8,5.67,40.34,0.1471,0,5,40.34,40.34,40.34,0.1471,40.34
6.0,4,7,サトノルチル,55.0,菅原明良,2:02.4,アタマ,2.8,1.0,[東] 古賀慎明,2021105959,202403020703,3歳未勝利｜2024年7月20日 | 競馬データベース - netkeiba,2026-05-20T11:09:54.296002,牝,3,424.0,0.0,0,0,3.5,4.0,36.28,0.2222,0,6,36.28,36.28,36.28,0.2222,36.28
7.0,6,12,ラルンエベール,54.0,原優介,2:02.4,ハナ,8.5,4.0,[東] 田島俊明,2021106681,202403020703,3歳未勝利｜2024年7月20日 | 競馬データベース - netkeiba,2026-05-20T11:09:54.296002,牝,3,426.0,0.0,0,0,6.8,6.33,35.0,0.1282,0,7,35.0,35.0,35.0,0.1282,35.0
8.0,7,14,ワープエンジン,53.0,小林脩斗,2:02.4,ハナ,104.1,12.0,[東] 青木孝文,2021102579,202403020703,3歳未勝利｜2024年7月20日 | 競馬データベース - netkeiba,2026-05-20T11:09:54.296002,牝,3,466.0,2.0,0,0,7.6,8.33,41.0,0.1163,0,6,41.0,41.0,41.0,0.1163,41.0
9.0,8,15,リュウノタブーク,55.0,江田照男,2:02.6,1,12.0,6.0,[東] 伊藤伸一,2021104365,202403020703,3歳未勝利｜2024年7月20日 | 競馬データベース - netkeiba,2026-05-20T11:09:54.296002,牝,3,428.0,-8.0,0,0,11.4,10.33,36.8,0.0806,0,12,36.8,36.8,36.8,0.0806,36.8
10.0,7,13,レディアマゾネス,52.0,石田拓郎,2:02.7,1,93.0,11.0,[東] 尾形和幸,2021102353,202403020703,3歳未勝利｜2024年7月20日 | 競馬データベース - netkeiba,2026-05-20T11:09:54.296002,牝,3,432.0,2.0,0,0,13.4,14.0,40.88,0.0694,0,14,40.88,40.88,40.88,0.0694,40.88
11.0,5,9,マーシャリアーナ,54.0,横山琉人,2:02.8,1/2,27.6,8.0,[東] 黒岩陽一,2021104975,202403020703,3歳未勝利｜2024年7月20日 | 競馬データベース - netkeiba,2026-05-20T11:09:54.296002,牝,3,388.0,4.0,0,0,8.4,8.67,38.36,0.1064,0,11,38.36,38.36,38.36,0.1064,38.36
12.0,2,3,クーデメイン,55.0,石川裕紀,2:02.8,クビ,12.3,7.0,[東] 矢嶋大樹,2021105507,202403020703,3歳未勝利｜2024年7月20日 | 競馬データベース - netkeiba,2026-05-20T11:09:54.296002,牝,3,486.0,-2.0,0,0,9.8,8.0,37.42,0.0926,0,12,37.42,37.42,37.42,0.0926,37.42
13.0,4,8,ネクストヒロイン,51.0,大江原比,2:03.0,1.1/4,134.0,13.0,[東] 戸田博文,2021100070,202403020703,3歳未勝利｜2024年7月20日 | 競馬データベース - netkeiba,2026-05-20T11:09:54.296002,牝,3,412.0,2.0,0,0,12.0,12.0,38.06,0.0769,0,11,38.06,38.06,38.06,0.0769,38.06
14.0,3,5,リヴァイデント,55.0,菊沢一樹,2:03.7,4,79.5,9.0,[東] 畠山吉宏,2021103490,202403020703,3歳未勝利｜2024年7月20日 | 競馬データベース - netkeiba,2026-05-20T11:09:54.296002,牝,3,428.0,0.0,0,0,2.0,2.67,39.48,0.3333,0,3,39.48,39.48,39.48,0.3333,39.48
15.0,2,4,エポニーヌ,52.0,佐藤翔馬,2:06.4,大,241.9,15.0,[東] 奥平雅士,2021105991,202403020703,3歳未勝利｜2024年7月20日 | 競馬データベース - netkeiba,2026-05-20T11:09:54.296002,牝,3,492.0,0.0,0,0,9.4,9.67,39.6,0.0962,0,9,39.6,39.6,39.6,0.0962,39.6
16.0,1,2,アースヒロイン,55.0,野中悠太,2:08.2,大,425.3,16.0,[東] 蛯名利弘,2021107294,202403020703,3歳未勝利｜2024年7月20日 | 競馬データベース - netkeiba,2026-05-20T11:09:54.296002,牝,3,442.0,4.0,0,0,4.8,6.0,40.34,0.1724,0,4,40.34,40.34,40.34,0.1724,40.34
1.0,8,15,レッドライトニング,57.0,吉田豊,1:46.4,,37.9,9.0,[東] 鹿戸雄一,2021102200,202403020704,3歳未勝利｜2024年7月20日 | 競馬データベース - netkeiba,2026-05-20T11:10:39.614076,牡,3,460.0,-4.0,1,1,4.6,4.33,37.08,0.1786,0,2,37.08,37.08,37.08,0.1786,37.08
2.0,6,11,コスモフレディ,57.0,戸崎圭太,1:46.9,3,3.2,2.0,[東] 水野貴広,2021100730,202403020704,3歳未勝利｜2024年7月20日 | 競馬データベース - netkeiba,2026-05-20T11:10:39.614076,牡,3,456.0,0.0,0,1,6.0,5.0,40.04,0.1429,0,8,40.04,40.04,40.04,0.1429,40.04
3.0,7,13,サウンドロックス,57.0,野中悠太,1:47.0,1/2,18.6,7.0,[東] 根本康広,2021110155,202403020704,3歳未勝利｜2024年7月20日 | 競馬データベース - netkeiba,2026-05-20T11:10:39.614076,牡,3,446.0,-4.0,0,1,7.4,6.0,40.06,0.119,0,5,40.06,40.06,40.06,0.119,40.06
4.0,7,12,ゴールデンオスカー,57.0,石川裕紀,1:47.1,クビ,2.4,1.0,[東] 堀内岳志,2021101235,202403020704,3歳未勝利｜2024年7月20日 | 競馬データベース - netkeiba,2026-05-20T11:10:39.614076,牡,3,484.0,-6.0,0,0,10.0,12.67,36.68,0.0909,0,15,36.68,36.68,36.68,0.0909,36.68
5.0,2,2,スズノアムール,55.0,柴田大知,1:47.2,3/4,22.7,8.0,[東] 深山雅史,2021104499,202403020704,3歳未勝利｜2024年7月20日 | 競馬データベース - netkeiba,2026-05-20T11:10:39.614076,牝,3,446.0,-4.0,0,0,4.6,3.67,39.12,0.1786,0,2,39.12,39.12,39.12,0.1786,39.12
6.0,2,3,スオードカット,56.0,横山琉人,1:47.6,2.1/2,13.0,5.0,[東] 斎藤誠,2021100716,202403020704,3歳未勝利｜2024年7月20日 | 競馬データベース - netkeiba,2026-05-20T11:10:39.614076,牡,3,468.0,6.0,0,0,3.6,3.0,38.78,0.2174,0,3,38.78,38.78,38.78,0.2174,38.78
7.0,4,7,マルチライセンス,57.0,三浦皇成,1:47.7,3/4,52.9,10.0,[東] 高柳瑞樹,2021105673,202403020704,3歳未勝利｜2024年7月20日 | 競馬データベース - netkeiba,2026-05-20T11:10:39.614076,セ,3,452.0,-2.0,0,0,10.8,10.67,39.98,0.0847,0,13,39.98,39.98,39.98,0.0847,39.98
8.0,4,6,ジェイエルジェティ,55.0,田辺裕信,1:47.7,アタマ,15.1,6.0,[東] 小西一男,2021101833,202403020704,3歳未勝利｜2024年7月20日 | 競馬データベース - netkeiba,2026-05-20T11:10:39.614076,牝,3,514.0,0.0,0,0,8.2,10.67,39.8,0.1087,0,16,39.8,39.8,39.8,0.1087,39.8
9.0,3,5,ヴィーリヤ,55.0,内田博幸,1:48.3,3.1/2,8.1,3.0,[東] 辻哲英,2021107328,202403020704,3歳未勝利｜2024年7月20日 | 競馬データベース - netkeiba,2026-05-20T11:10:39.614076,牝,3,524.0,-2.0,0,0,3.6,3.33,38.9,0.2174,0,2,38.9,38.9,38.9,0.2174,38.9
10.0,3,4,ダイゴリュウジン,57.0,菅原明良,1:48.4,1/2,11.2,4.0,[東] 清水英克,2021106959,202403020704,3歳未勝利｜2024年7月20日 | 競馬データベース - netkeiba,2026-05-20T11:10:39.614076,牡,3,464.0,0.0,0,0,4.4,6.0,41.5,0.1852,0,9,41.5,41.5,41.5,0.1852,41.5
11.0,5,9,サブリエ,51.0,大江原比,1:48.9,3,343.8,15.0,[東] 戸田博文,2021100249,202403020704,3歳未勝利｜2024年7月20日 | 競馬データベース - netkeiba,2026-05-20T11:10:39.614076,牝,3,430.0,-12.0,0,0,9.25,9.0,41.1,0.0976,0,7,41.1,41.1,41.1,0.0976,41.1
12.0,5,8,カミノケンシン,55.0,小林脩斗,1:49.1,1,315.3,14.0,[東] 奥平雅士,2021109071,202403020704,3歳未勝利｜2024年7月20日 | 競馬データベース - netkeiba,2026-05-20T11:10:39.614076,牡,3,484.0,6.0,0,0,8.0,9.0,40.98,0.1111,0,11,40.98,40.98,40.98,0.1111,40.98
13.0,1,1,マンマミーア,55.0,藤田菜七,1:49.8,4,71.0,11.0,[東] 深山雅史,2021103317,202403020704,3歳未勝利｜2024年7月20日 | 競馬データベース - netkeiba,2026-05-20T11:10:39.614076,牡,3,458.0,2.0,0,0,10.4,10.0,38.22,0.0877,0,9,38.22,38.22,38.22,0.0877,38.22
14.0,8,14,ヤマタケプレーダ,57.0,菊沢一樹,1:52.4,大,212.9,13.0,[東] 矢野英一,2021102485,202403020704,3歳未勝利｜2024年7月20日 | 競馬データベース - netkeiba,2026-05-20T11:10:39.614076,セ,3,482.0,4.0,0,0,8.6,10.0,41.68,0.1042,0,9,41.68,41.68,41.68,0.1042,41.68
15.0,6,10,ゲンパチマッケン,54.0,石田拓郎,1:54.5,大,134.5,12.0,[東] 西田雄一,2021102649,202403020704,3歳未勝利｜2024年7月20日 | 競馬データベース - netkeiba,2026-05-20T11:10:39.614076,牡,3,506.0,0.0,0,0,15.0,15.0,43.9,0.0625,0,15,43.9,43.9,43.9,0.0625,43.9
1.0,7,7,ピコチャンブラック,55.0,石橋脩,2:03.6,,1.7,1.0,[東] 上原佑紀,2022101745,202403020705,2歳新馬｜2024年7月20日 | 競馬データベース - netkeiba,2026-05-20T11:11:20.978708,牡,2,472.0,0.0,1,1,7.0,10.67,35.98,0.125,0,18,35.98,35.98,35.98,0.125,35.98
2.0,1,1,ヴィジョンメーカー,55.0,丸山元気,2:04.7,7,7.8,3.0,[東] 林徹,2022104884,202403020705,2歳新馬｜2024年7月20日 | 競馬データベース - netkeiba,2026-05-20T11:11:20.978708,牡,2,512.0,0.0,0,1,3.6,3.67,35.16,0.2174,0,2,35.16,35.16,35.16,0.2174,35.16
3.0,4,4,レッドベルダンス,55.0,戸崎圭太,2:04.8,3/4,3.2,2.0,[東] 手塚貴久,2022104897,202403020705,2歳新馬｜2024年7月20日 | 競馬データベース - netkeiba,2026-05-20T11:11:20.978708,牡,2,448.0,0.0,0,1,5.6,5.0,36.38,0.1515,0,1,36.38,36.38,36.38,0.1515,36.38
4.0,2,2,マイネルボス,55.0,柴田大知,2:04.9,クビ,29.1,7.0,[東] 伊藤大士,2022106770,202403020705,2歳新馬｜2024年7月20日 | 競馬データベース - netkeiba,2026-05-20T11:11:20.978708,牡,2,436.0,0.0,0,0,7.6,5.67,36.44,0.1163,0,5,36.44,36.44,36.44,0.1163,36.44
5.0,5,5,マイネルトラオム,55.0,松岡正海,2:05.2,1.3/4,84.1,10.0,[東] 深山雅史,2022100979,202403020705,2歳新馬｜2024年7月20日 | 競馬データベース - netkeiba,2026-05-20T11:11:20.978708,牡,2,448.0,0.0,0,0,8.25,6.33,40.43,0.1081,0,6,40.43,40.43,40.43,0.1081,40.43
6.0,3,3,オンザバサラ,55.0,三浦皇成,2:05.3,3/4,28.1,6.0,[東] 大和田成,2022105377,202403020705,2歳新馬｜2024年7月20日 | 競馬データベース - netkeiba,2026-05-20T11:11:20.978708,牡,2,468.0,0.0,0,0,4.0,4.0,40.06,0.2,0,7,40.06,40.06,40.06,0.2,40.06
7.0,6,6,ダテミカヅキ,54.0,原優介,2:05.4,1,33.9,9.0,[西] 西園翔太,2022102699,202403020705,2歳新馬｜2024年7月20日 | 競馬データベース - netkeiba,2026-05-20T11:11:20.978708,牡,2,460.0,0.0,0,0,5.33,5.33,37.07,0.158,0,1,37.07,37.07,37.07,0.158,37.07
8.0,8,10,ファイアリーホット,55.0,菅原明良,2:05.6,1,27.7,5.0,[東] 和田勇介,2022105341,202403020705,2歳新馬｜2024年7月20日 | 競馬データベース - netkeiba,2026-05-20T11:11:20.978708,牡,2,432.0,0.0,0,0,6.4,9.0,42.24,0.1351,0,12,42.24,42.24,42.24,0.1351,42.24
9.0,8,9,マーレリアン,55.0,石川裕紀,2:05.8,1.1/4,15.2,4.0,[東] 萱野浩二,2022104422,202403020705,2歳新馬｜2024年7月20日 | 競馬データベース - netkeiba,2026-05-20T11:11:20.978708,牝,2,492.0,0.0,0,0,6.6,6.33,42.16,0.1316,0,6,42.16,42.16,42.16,0.1316,42.16
10.0,7,8,マルセルテソーロ,55.0,木幡巧也,2:06.6,5,30.6,8.0,[東] 嘉藤貴行,2022102262,202403020705,2歳新馬｜2024年7月20日 | 競馬データベース - netkeiba,2026-05-20T11:11:20.978708,牡,2,476.0,0.0,0,0,0.0,0.0,0.0,0.0,0,0,0.0,0.0,0.0,0.0,0.0
1.0,7,10,ミーントゥビー,55.0,松岡正海,1:10.6,,3.2,1.0,[東] 堀内岳志,2022105317,202403020706,2歳新馬｜2024年7月20日 | 競馬データベース - netkeiba,2026-05-20T11:11:51.121239,牝,2,434.0,0.0,1,1,6.2,3.67,33.86,0.1389,0,3,33.86,33.86,33.86,0.1389,33.86
2.0,5,7,キープサインオン,55.0,三浦皇成,1:10.6,1/2,3.8,3.0,[東] 加藤征弘,2022103556,202403020706,2歳新馬｜2024年7月20日 | 競馬データベース - netkeiba,2026-05-20T11:11:51.121239,牡,2,472.0,0.0,0,1,8.0,8.33,35.78,0.1111,0,16,35.78,35.78,35.78,0.1111,35.78
3.0,7,11,メイリー,55.0,吉田豊,1:11.1,2.1/2,14.3,5.0,[東] 鈴木慎太,2022106741,202403020706,2歳新馬｜2024年7月20日 | 競馬データベース - netkeiba,2026-05-20T11:11:51.121239,牝,2,438.0,0.0,0,1,7.6,7.67,34.54,0.1163,0,12,34.54,34.54,34.54,0.1163,34.54
4.0,8,12,マホウショウジョ,51.0,大江原比,1:12.0,5,59.5,10.0,[東] 奥平雅士,2022104291,202403020706,2歳新馬｜2024年7月20日 | 競馬データベース - netkeiba,2026-05-20T11:11:51.121239,牝,2,400.0,0.0,0,0,8.4,9.0,41.2,0.1064,0,9,41.2,41.2,41.2,0.1064,41.2
5.0,2,2,スカイダイバー,55.0,菅原明良,1:12.2,1.1/4,27.6,7.0,[東] 宗像義忠,2022104122,202403020706,2歳新馬｜2024年7月20日 | 競馬データベース - netkeiba,2026-05-20T11:11:51.121239,牝,2,446.0,0.0,0,0,7.6,8.67,36.22,0.1163,0,6,36.22,36.22,36.22,0.1163,36.22
6.0,3,3,フクシマジンロッソ,55.0,杉原誠人,1:12.2,ハナ,103.0,12.0,[東] 石毛善彦,2022102585,202403020706,2歳新馬｜2024年7月20日 | 競馬データベース - netkeiba,2026-05-20T11:11:51.121239,牡,2,432.0,0.0,0,0,5.2,6.33,40.94,0.1613,0,6,40.94,40.94,40.94,0.1613,40.94
7.0,6,8,アブラカタブラ,55.0,岩部純二,1:12.5,2,19.4,6.0,[東] 武市康男,2022103331,202403020706,2歳新馬｜2024年7月20日 | 競馬データベース - netkeiba,2026-05-20T11:11:51.121239,牡,2,458.0,0.0,0,0,0.0,0.0,0.0,0.0,0,0,0.0,0.0,0.0,0.0,0.0
8.0,5,6,チートメジャー,52.0,石神深道,1:12.6,3/4,63.2,11.0,[東] 武井亮,2022100734,202403020706,2歳新馬｜2024年7月20日 | 競馬データベース - netkeiba,2026-05-20T11:11:51.121239,牡,2,474.0,0.0,0,0,13.2,12.67,42.7,0.0704,0,11,42.7,42.7,42.7,0.0704,42.7
9.0,4,4,アンティジャミーラ,55.0,石川裕紀,1:12.7,アタマ,7.8,4.0,[東] 中川公成,2022104978,202403020706,2歳新馬｜2024年7月20日 | 競馬データベース - netkeiba,2026-05-20T11:11:51.121239,牝,2,454.0,0.0,0,0,5.2,6.0,41.22,0.1613,0,4,41.22,41.22,41.22,0.1613,41.22
10.0,4,5,プライムクオリティ,54.0,原優介,1:12.8,1/2,29.8,8.0,[西] 西園翔太,2022102863,202403020706,2歳新馬｜2024年7月20日 | 競馬データベース - netkeiba,2026-05-20T11:11:51.121239,牡,2,466.0,0.0,0,0,5.2,6.33,40.72,0.1613,0,5,40.72,40.72,40.72,0.1613,40.72
11.0,6,9,セントアイヴスベイ,55.0,木幡巧也,1:12.8,クビ,30.7,9.0,[東] 岩戸孝樹,2022101646,202403020706,2歳新馬｜2024年7月20日 | 競馬データベース - netkeiba,2026-05-20T11:11:51.121239,牡,2,502.0,0.0,0,0,11.0,11.0,37.7,0.0833,0,11,37.7,37.7,37.7,0.0833,37.7
12.0,8,13,フミエ,55.0,木幡初也,1:13.4,3.1/2,114.8,13.0,[東] 西田雄一,2022106578,202403020706,2歳新馬｜2024年7月20日 | 競馬データベース - netkeiba,2026-05-20T11:11:51.121239,牝,2,446.0,0.0,0,0,5.6,6.33,40.14,0.1515,0,8,40.14,40.14,40.14,0.1515,40.14
13.0,1,1,ハニーアイリー,55.0,戸崎圭太,1:13.4,クビ,3.5,2.0,[東] 矢野英一,2022103036,202403020706,2歳新馬｜2024年7月20日 | 競馬データベース - netkeiba,2026-05-20T11:11:51.121239,牝,2,468.0,0.0,0,0,9.2,9.33,35.3,0.098,0,14,35.3,35.3,35.3,0.098,35.3
1.0,1,1,ムチャスグラシアス,55.0,石橋脩,1:10.1,,7.9,5.0,[東] 菊川正達,2021104217,202403020707,3歳未勝利｜2024年7月20日 | 競馬データベース - netkeiba,2026-05-20T11:12:26.932534,牝,3,434.0,-4.0,1,1,9.2,12.67,35.4,0.098,0,12,35.4,35.4,35.4,0.098,35.4
2.0,3,6,デルマヴェーダ,57.0,菊沢一樹,1:10.4,1.3/4,11.6,6.0,[東] 菊沢隆徳,2021101986,202403020707,3歳未勝利｜2024年7月20日 | 競馬データベース - netkeiba,2026-05-20T11:12:26.932534,牡,3,472.0,-2.0,0,1,6.2,8.0,40.92,0.1389,0,9,40.92,40.92,40.92,0.1389,40.92
3.0,8,15,ランドエース,55.0,松若風馬,1:10.4,クビ,90.6,13.0,[東] 武藤善則,2021100485,202403020707,3歳未勝利｜2024年7月20日 | 競馬データベース - netkeiba,2026-05-20T11:12:26.932534,牝,3,416.0,8.0,0,1,8.5,7.0,41.2,0.1053,0,8,41.2,41.2,41.2,0.1053,41.2
4.0,5,9,ジーティーノーブル,55.0,丸田恭介,1:10.5,クビ,5.2,3.0,[東] 宗像義忠,2021100615,202403020707,3歳未勝利｜2024年7月20日 | 競馬データベース - netkeiba,2026-05-20T11:12:26.932534,牝,3,424.0,12.0,0,0,5.4,6.33,40.06,0.1562,0,5,40.06,40.06,40.06,0.1562,40.06
5.0,2,4,コスモホライズン,57.0,丸山元気,1:10.7,1.1/4,24.1,7.0,[東] 宗像義忠,2021100215,202403020707,3歳未勝利｜2024年7月20日 | 競馬データベース - netkeiba,2026-05-20T11:12:26.932534,牡,3,476.0,8.0,0,0,4.6,2.0,39.82,0.1786,0,1,39.82,39.82,39.82,0.1786,39.82
6.0,4,8,ロジスクリーン,52.0,石田拓郎,1:10.7,ハナ,60.8,11.0,[東] 新開幸一,2021101373,202403020707,3歳未勝利｜2024年7月20日 | 競馬データベース - netkeiba,2026-05-20T11:12:26.932534,牝,3,408.0,-2.0,0,0,6.6,5.67,40.52,0.1316,0,4,40.52,40.52,40.52,0.1316,40.52
7.0,1,2,サトノジール,51.0,大江原比,1:10.7,クビ,3.8,2.0,[東] 蛯名正義,2021105533,202403020707,3歳未勝利｜2024年7月20日 | 競馬データベース - netkeiba,2026-05-20T11:12:26.932534,牝,3,410.0,0.0,0,0,7.0,10.33,37.04,0.125,0,12,37.04,37.04,37.04,0.125,37.04
8.0,6,11,ジュビランス,55.0,杉原誠人,1:10.8,クビ,7.1,4.0,[東] 木村哲也,2021105961,202403020707,3歳未勝利｜2024年7月20日 | 競馬データベース - netkeiba,2026-05-20T11:12:26.932534,牝,3,456.0,10.0,0,0,3.8,3.67,41.06,0.2083,0,4,41.06,41.06,41.06,0.2083,41.06
9.0,8,16,トーマステソーロ,57.0,木幡巧也,1:10.9,3/4,46.4,10.0,[東] 栗田徹,2021102283,202403020707,3歳未勝利｜2024年7月20日 | 競馬データベース - netkeiba,2026-05-20T11:12:26.932534,牡,3,430.0,-6.0,0,0,0.0,0.0,0.0,0.0,0,0,0.0,0.0,0.0,0.0,0.0
10.0,7,13,スプレムータ,57.0,内田博幸,1:10.9,クビ,45.8,9.0,[東] 松山将樹,2021104540,202403020707,3歳未勝利｜2024年7月20日 | 競馬データベース - netkeiba,2026-05-20T11:12:26.932534,牡,3,454.0,-4.0,0,0,9.6,9.67,42.46,0.0943,0,10,42.46,42.46,42.46,0.0943,42.46
11.0,6,12,スマイルコレクター,55.0,石川裕紀,1:11.0,1/2,3.7,1.0,[東] 斎藤誠,2021105031,202403020707,3歳未勝利｜2024年7月20日 | 競馬データベース - netkeiba,2026-05-20T11:12:26.932534,牝,3,450.0,4.0,0,0,6.75,5.0,38.3,0.129,0,6,38.3,38.3,38.3,0.129,38.3
12.0,4,7,ティファニジェンヌ,54.0,原優介,1:11.2,1.1/4,83.5,12.0,[東] 和田勇介,2021103261,202403020707,3歳未勝利｜2024年7月20日 | 競馬データベース - netkeiba,2026-05-20T11:12:26.932534,牝,3,454.0,0.0,0,0,6.0,6.67,39.1,0.1429,0,6,39.1,39.1,39.1,0.1429,39.1
13.0,5,10,サンディビーチ,57.0,柴田大知,1:11.6,2,24.7,8.0,[東] 伊藤大士,2021106443,202403020707,3歳未勝利｜2024年7月20日 | 競馬データベース - netkeiba,2026-05-20T11:12:26.932534,牡,3,466.0,-4.0,0,0,10.0,8.33,41.04,0.0909,0,7,41.04,41.04,41.04,0.0909,41.04
14.0,7,14,エターナルローズ,53.0,藤田菜七,1:11.8,1.1/2,176.1,15.0,[東] 鈴木伸尋,2021102846,202403020707,3歳未勝利｜2024年7月20日 | 競馬データベース - netkeiba,2026-05-20T11:12:26.932534,牝,3,436.0,2.0,0,0,12.8,13.33,38.8,0.0725,0,14,38.8,38.8,38.8,0.0725,38.8
15.0,2,3,エデバリ,53.0,小林脩斗,1:12.6,5,126.5,14.0,[東] 加藤和宏,2021103815,202403020707,3歳未勝利｜2024年7月20日 | 競馬データベース - netkeiba,2026-05-20T11:12:26.932534,牝,3,454.0,0.0,0,0,3.4,4.67,39.94,0.2273,0,4,39.94,39.94,39.94,0.2273,39.94
,3,5,ダイシンネイビー,57.0,戸崎圭太,,,,,[東] 戸田博文,2021106551,202403020707,3歳未勝利｜2024年7月20日 | 競馬データベース - netkeiba,2026-05-20T11:12:26.932534,牡,3,484.0,-6.0,0,0,11.2,12.0,40.43,0.082,0,10,40.43,40.43,40.43,0.082,40.43
1.0,5,9,ノーブルマルシェ,56.0,木幡巧也,1:46.5,,121.7,10.0,[東] 久保田貴,2020104636,202403020708,3歳以上1勝クラス｜2024年7月20日 | 競馬データベース - netkeiba,2026-05-20T11:13:07.110478,牝,4,458.0,-2.0,1,1,10.8,9.67,41.26,0.0847,0,8,41.26,41.26,41.26,0.0847,41.26
2.0,7,13,バロネッサ,53.0,戸崎圭太,1:46.8,1.3/4,1.6,1.0,[東] 田中博康,2021105788,202403020708,3歳以上1勝クラス｜2024年7月20日 | 競馬データベース - netkeiba,2026-05-20T11:13:07.110478,牝,3,502.0,-2.0,0,1,10.2,11.0,36.0,0.0893,0,16,36.0,36.0,36.0,0.0893,36.0
3.0,6,10,ゲンパチエトワール,51.0,小林脩斗,1:47.2,2.1/2,9.6,3.0,[東] 西田雄一,2021100412,202403020708,3歳以上1勝クラス｜2024年7月20日 | 競馬データベース - netkeiba,2026-05-20T11:13:07.110478,牝,3,450.0,-6.0,0,1,3.8,2.67,38.78,0.2083,0,3,38.78,38.78,38.78,0.2083,38.78
4.0,3,4,カフェアローロ,53.0,内田博幸,1:47.2,ハナ,6.2,2.0,[東] 古賀慎明,2021100469,202403020708,3歳以上1勝クラス｜2024年7月20日 | 競馬データベース - netkeiba,2026-05-20T11:13:07.110478,牝,3,480.0,-8.0,0,0,8.6,8.67,37.48,0.1042,0,6,37.48,37.48,37.48,0.1042,37.48
5.0,4,7,ツインビスケッツ,53.0,石田拓郎,1:47.2,クビ,18.1,7.0,[東] 新開幸一,2020102949,202403020708,3歳以上1勝クラス｜2024年7月20日 | 競馬データベース - netkeiba,2026-05-20T11:13:07.110478,牝,4,460.0,-8.0,0,0,10.0,10.33,39.58,0.0909,0,7,39.58,39.58,39.58,0.0909,39.58
6.0,2,3,デイズオブドリーム,54.0,藤田菜七,1:47.3,クビ,131.9,11.0,[東] 加藤征弘,2020103079,202403020708,3歳以上1勝クラス｜2024年7月20日 | 競馬データベース - netkeiba,2026-05-20T11:13:07.110478,牝,4,420.0,0.0,0,0,10.2,11.0,39.92,0.0893,0,14,39.92,39.92,39.92,0.0893,39.92
7.0,6,11,ブエナディオサ,56.0,野中悠太,1:47.4,1/2,276.9,14.0,[東] 奥平雅士,2019106938,202403020708,3歳以上1勝クラス｜2024年7月20日 | 競馬データベース - netkeiba,2026-05-20T11:13:07.110478,牝,5,448.0,-8.0,0,0,8.4,9.33,37.34,0.1064,0,12,37.34,37.34,37.34,0.1064,37.34
8.0,8,14,サンセットブライト,52.0,横山琉人,1:47.6,1.1/4,14.9,5.0,[東] 相沢郁,2021102753,202403020708,3歳以上1勝クラス｜2024年7月20日 | 競馬データベース - netkeiba,2026-05-20T11:13:07.110478,牝,3,508.0,14.0,0,0,7.4,8.67,37.96,0.119,0,6,37.96,37.96,37.96,0.119,37.96
9.0,1,1,ソウキュウ,53.0,丸山元気,1:47.6,クビ,34.6,9.0,[東] 高木登,2021106800,202403020708,3歳以上1勝クラス｜2024年7月20日 | 競馬データベース - netkeiba,2026-05-20T11:13:07.110478,牝,3,474.0,-2.0,0,0,9.6,12.33,40.36,0.0943,0,9,40.36,40.36,40.36,0.0943,40.36
10.0,3,5,エスジースパークル,56.0,三浦皇成,1:47.7,クビ,15.4,6.0,[東] 鈴木慎太,2020100130,202403020708,3歳以上1勝クラス｜2024年7月20日 | 競馬データベース - netkeiba,2026-05-20T11:13:07.110478,牝,4,458.0,-2.0,0,0,9.6,9.0,41.48,0.0943,0,6,41.48,41.48,41.48,0.0943,41.48
11.0,8,15,フラーハ,53.0,石川裕紀,1:47.8,1/2,9.6,4.0,[東] 嘉藤貴行,2021106734,202403020708,3歳以上1勝クラス｜2024年7月20日 | 競馬データベース - netkeiba,2026-05-20T11:13:07.110478,牝,3,480.0,2.0,0,0,8.0,10.33,38.02,0.1111,0,13,38.02,38.02,38.02,0.1111,38.02
12.0,4,6,ターコイズデュー,56.0,柴田大知,1:48.0,1.1/4,33.7,8.0,[東] 畠山吉宏,2020101377,202403020708,3歳以上1勝クラス｜2024年7月20日 | 競馬データベース - netkeiba,2026-05-20T11:13:07.110478,牝,4,508.0,10.0,0,0,5.2,5.0,40.26,0.1613,0,13,40.26,40.26,40.26,0.1613,40.26
13.0,7,12,ルルディルッカ,50.0,石神深道,1:49.0,6,147.5,12.0,[東] 菊川正達,2021102391,202403020708,3歳以上1勝クラス｜2024年7月20日 | 競馬データベース - netkeiba,2026-05-20T11:13:07.110478,牝,3,434.0,0.0,0,0,12.2,12.0,39.32,0.0758,0,14,39.32,39.32,39.32,0.0758,39.32
14.0,2,2,クリノキューチャン,52.0,大江原比,1:49.3,2,340.0,15.0,[東] 天間昭一,2019106815,202403020708,3歳以上1勝クラス｜2024年7月20日 | 競馬データベース - netkeiba,2026-05-20T11:13:07.110478,牝,5,484.0,-2.0,0,0,3.0,3.33,39.64,0.25,0,2,39.64,39.64,39.64,0.25,39.64
15.0,5,8,ヌマ,56.0,木幡初也,1:49.4,1/2,238.4,13.0,[東] 竹内正洋,2019100570,202403020708,3歳以上1勝クラス｜2024年7月20日 | 競馬データベース - netkeiba,2026-05-20T11:13:07.110478,牝,5,454.0,4.0,0,0,11.2,10.33,38.02,0.082,0,9,38.02,38.02,38.02,0.082,38.02
1.0,2,2,クオレス,53.0,木幡巧也,1:08.7,,2.1,1.0,[東] 牧光二,2021103667,202403020709,南相馬特別｜2024年7月20日 | 競馬データベース - netkeiba,2026-05-20T11:13:48.505076,牝,3,476.0,0.0,1,1,10.6,10.67,38.12,0.0862,0,12,38.12,38.12,38.12,0.0862,38.12
2.0,6,10,ステークホルダー,58.0,戸崎圭太,1:08.9,1.1/2,4.6,3.0,[東] 斎藤誠,2020103962,202403020709,南相馬特別｜2024年7月20日 | 競馬データベース - netkeiba,2026-05-20T11:13:48.505076,牡,4,458.0,2.0,0,1,11.6,10.33,34.1,0.0794,0,11,34.1,34.1,34.1,0.0794,34.1
3.0,8,13,ライクアフラワー,58.0,三浦皇成,1:09.0,クビ,4.5,2.0,[東] 松永康利,2020101992,202403020709,南相馬特別｜2024年7月20日 | 競馬データベース - netkeiba,2026-05-20T11:13:48.505076,牡,4,496.0,-6.0,0,1,6.8,7.0,34.06,0.1282,0,8,34.06,34.06,34.06,0.1282,34.06
4.0,4,6,テンプーシャオン,58.0,松若風馬,1:09.3,2,20.3,6.0,[東] 和田勇介,2020102767,202403020709,南相馬特別｜2024年7月20日 | 競馬データベース - netkeiba,2026-05-20T11:13:48.505076,牡,4,430.0,-12.0,0,0,9.0,7.33,36.52,0.1,0,7,36.52,36.52,36.52,0.1,36.52
5.0,8,14,レザンノワール,55.0,菊沢一樹,1:09.3,ハナ,6.9,4.0,[東] 伊藤圭三,2021104665,202403020709,南相馬特別｜2024年7月20日 | 競馬データベース - netkeiba,2026-05-20T11:13:48.505076,牡,3,460.0,-2.0,0,0,6.6,6.33,34.1,0.1316,0,4,34.1,34.1,34.1,0.1316,34.1
6.0,1,1,グラニットピーク,58.0,杉原誠人,1:09.3,アタマ,52.8,9.0,[東] 森一誠,2020103507,202403020709,南相馬特別｜2024年7月20日 | 競馬データベース - netkeiba,2026-05-20T11:13:48.505076,セ,4,488.0,-6.0,0,0,5.8,5.33,36.4,0.1471,0,9,36.4,36.4,36.4,0.1471,36.4
7.0,5,8,バーミリオンクリフ,58.0,丸山元気,1:09.4,1/2,26.3,7.0,[東] 金成貴史,2019105566,202403020709,南相馬特別｜2024年7月20日 | 競馬データベース - netkeiba,2026-05-20T11:13:48.505076,牡,5,480.0,0.0,0,0,2.4,2.33,40.84,0.2941,0,2,40.84,40.84,40.84,0.2941,40.84
8.0,7,11,ブラヴィーノ,58.0,石川裕紀,1:09.8,2.1/2,110.8,10.0,[東] 天間昭一,2019110122,202403020709,南相馬特別｜2024年7月20日 | 競馬データベース - netkeiba,2026-05-20T11:13:48.505076,牡,5,454.0,-16.0,0,0,13.2,15.0,35.36,0.0704,0,13,35.36,35.36,35.36,0.0704,35.36
9.0,3,3,オセアエクスプレス,55.0,内田博幸,1:10.0,1,19.3,5.0,[東] 菊川正達,2021104145,202403020709,南相馬特別｜2024年7月20日 | 競馬データベース - netkeiba,2026-05-20T11:13:48.505076,牡,3,474.0,2.0,0,0,9.8,6.33,36.32,0.0926,0,12,36.32,36.32,36.32,0.0926,36.32
10.0,7,12,デフィデリ,58.0,石橋脩,1:10.4,2.1/2,43.0,8.0,[東] 南田美知,2019101562,202403020709,南相馬特別｜2024年7月20日 | 競馬データベース - netkeiba,2026-05-20T11:13:48.505076,牡,5,464.0,-10.0,0,0,8.8,9.0,42.86,0.102,0,9,42.86,42.86,42.86,0.102,42.86
11.0,4,5,ハッピーサプライズ,55.0,吉田豊,1:10.5,アタマ,156.6,11.0,[東] 佐藤吉勝,2021106395,202403020709,南相馬特別｜2024年7月20日 | 競馬データベース - netkeiba,2026-05-20T11:13:48.505076,牡,3,446.0,6.0,0,0,8.2,8.33,34.34,0.1087,0,8,34.34,34.34,34.34,0.1087,34.34
12.0,5,7,キャッチザロマンス,56.0,野中悠太,1:10.7,1.1/2,248.5,14.0,[東] 小西一男,2020102835,202403020709,南相馬特別｜2024年7月20日 | 競馬データベース - netkeiba,2026-05-20T11:13:48.505076,牝,4,400.0,0.0,0,0,9.5,8.5,41.05,0.0952,0,7,41.05,41.05,41.05,0.0952,41.05
13.0,3,4,レイレフア,56.0,藤田菜七,1:10.8,クビ,202.4,13.0,[東] 根本康広,2020103883,202403020709,南相馬特別｜2024年7月20日 | 競馬データベース - netkeiba,2026-05-20T11:13:48.505076,牝,4,444.0,10.0,0,0,0.0,0.0,0.0,0.0,0,0,0.0,0.0,0.0,0.0,0.0
14.0,6,9,ミツカネムーン,56.0,江田照男,1:10.8,クビ,167.9,12.0,[東] 清水英克,2019103790,202403020709,南相馬特別｜2024年7月20日 | 競馬データベース - netkeiba,2026-05-20T11:13:48.505076,牝,5,450.0,-2.0,0,0,9.4,9.67,38.56,0.0962,0,9,38.56,38.56,38.56,0.0962,38.56
1.0,6,12,レガーロデルシエロ,55.0,戸崎圭太,1:48.0,,2.6,1.0,[東] 栗田徹,2021105661,202403020710,白河特別｜2024年7月20日 | 競馬データベース - netkeiba,2026-05-20T11:14:23.448068,牡,3,510.0,0.0,1,1,5.6,5.0,34.96,0.1515,0,3,34.96,34.96,34.96,0.1515,34.96
2.0,7,14,ワザモノ,58.0,菅原明良,1:48.0,クビ,41.8,10.0,[東] 尾関知人,2018103560,202403020710,白河特別｜2024年7月20日 | 競馬データベース - netkeiba,2026-05-20T11:14:23.448068,牡,6,494.0,-2.0,0,1,6.4,5.67,34.98,0.1351,0,7,34.98,34.98,34.98,0.1351,34.98
3.0,7,13,エレクトリックブギ,55.0,三浦皇成,1:48.1,クビ,4.7,3.0,[東] 鹿戸雄一,2021104995,202403020710,白河特別｜2024年7月20日 | 競馬データベース - netkeiba,2026-05-20T11:14:23.448068,牡,3,432.0,2.0,0,1,10.2,10.67,37.38,0.0893,0,15,37.38,37.38,37.38,0.0893,37.38
4.0,3,5,グラニット,58.0,嶋田純次,1:48.1,アタマ,8.5,4.0,[東] 大和田成,2020100810,202403020710,白河特別｜2024年7月20日 | 競馬データベース - netkeiba,2026-05-20T11:14:23.448068,牡,4,458.0,2.0,0,0,7.6,6.0,35.24,0.1163,0,7,35.24,35.24,35.24,0.1163,35.24
5.0,5,9,ニシノコウフク,56.0,田辺裕信,1:48.2,3/4,3.9,2.0,[東] 伊藤大士,2020105496,202403020710,白河特別｜2024年7月20日 | 競馬データベース - netkeiba,2026-05-20T11:14:23.448068,牝,4,464.0,2.0,0,0,8.8,10.67,35.32,0.102,0,13,35.32,35.32,35.32,0.102,35.32
6.0,8,16,レゾンドゥスリール,58.0,松若風馬,1:48.3,アタマ,104.4,13.0,[西] 辻野泰之,2018105392,202403020710,白河特別｜2024年7月20日 | 競馬データベース - netkeiba,2026-05-20T11:14:23.448068,セ,6,454.0,2.0,0,0,4.6,5.67,39.48,0.1786,0,4,39.48,39.48,39.48,0.1786,39.48
7.0,1,1,マスキュリン,56.0,丸山元気,1:48.3,クビ,24.8,7.0,[西] 新谷功一,2020105615,202403020710,白河特別｜2024年7月20日 | 競馬データベース - netkeiba,2026-05-20T11:14:23.448068,牝,4,438.0,-4.0,0,0,9.8,11.0,37.56,0.0926,0,11,37.56,37.56,37.56,0.0926,37.56
8.0,5,10,ピンキープロミス,58.0,木幡巧也,1:48.4,3/4,14.1,5.0,[東] 畠山吉宏,2020106475,202403020710,白河特別｜2024年7月20日 | 競馬データベース - netkeiba,2026-05-20T11:14:23.448068,牡,4,484.0,-4.0,0,0,5.4,5.33,34.12,0.1562,0,9,34.12,34.12,34.12,0.1562,34.12
9.0,4,8,フィールザオーラ,56.0,藤田菜七,1:48.8,2.1/2,27.1,8.0,[東] 武井亮,2020103565,202403020710,白河特別｜2024年7月20日 | 競馬データベース - netkeiba,2026-05-20T11:14:23.448068,牝,4,468.0,0.0,0,0,8.2,7.33,36.16,0.1087,0,12,36.16,36.16,36.16,0.1087,36.16
10.0,6,11,フィデリオグリーン,58.0,野中悠太,1:48.8,ハナ,160.3,14.0,[東] 根本康広,2016102229,202403020710,白河特別｜2024年7月20日 | 競馬データベース - netkeiba,2026-05-20T11:14:23.448068,牡,8,496.0,-4.0,0,0,9.2,9.67,35.96,0.098,0,12,35.96,35.96,35.96,0.098,35.96
11.0,2,4,ソワドリヨン,56.0,内田博幸,1:48.8,ハナ,35.8,9.0,[東] 古賀慎明,2020102725,202403020710,白河特別｜2024年7月20日 | 競馬データベース - netkeiba,2026-05-20T11:14:23.448068,牝,4,460.0,-14.0,0,0,7.4,7.33,35.48,0.119,0,7,35.48,35.48,35.48,0.119,35.48
12.0,4,7,モンタナアゲート,58.0,石川裕紀,1:48.9,クビ,22.0,6.0,[東] 和田正一,2019105136,202403020710,白河特別｜2024年7月20日 | 競馬データベース - netkeiba,2026-05-20T11:14:23.448068,牡,5,538.0,2.0,0,0,8.5,12.5,37.12,0.1053,0,13,37.12,37.12,37.12,0.1053,37.12
13.0,3,6,メタルスパーク,58.0,江田照男,1:49.2,1.3/4,88.7,11.0,[東] 菊川正達,2017103299,202403020710,白河特別｜2024年7月20日 | 競馬データベース - netkeiba,2026-05-20T11:14:23.448068,セ,7,486.0,-14.0,0,0,3.6,4.0,38.2,0.2174,0,6,38.2,38.2,38.2,0.2174,38.2
14.0,2,3,ゼンカイテン,58.0,菊沢一樹,1:49.6,2.1/2,95.0,12.0,[東] 矢野英一,2019102922,202403020710,白河特別｜2024年7月20日 | 競馬データベース - netkeiba,2026-05-20T11:14:23.448068,牡,5,470.0,-8.0,0,0,6.0,7.5,36.8,0.1429,0,1,36.8,36.8,36.8,0.1429,36.8
15.0,8,15,コロンドール,58.0,横山琉人,1:50.4,5,327.7,16.0,[東] 和田雄二,2017105253,202403020710,白河特別｜2024年7月20日 | 競馬データベース - netkeiba,2026-05-20T11:14:23.448068,セ,7,492.0,4.0,0,0,11.6,10.0,38.88,0.0794,0,10,38.88,38.88,38.88,0.0794,38.88
,1,2,ダンディジャック,58.0,丸田恭介,,,206.0,15.0,[東] 佐藤吉勝,2019106097,202403020710,白河特別｜2024年7月20日 | 競馬データベース - netkeiba,2026-05-20T11:14:23.448068,牡,5,504.0,-8.0,0,0,7.0,6.67,38.04,0.125,0,11,38.04,38.04,38.04,0.125,38.04
1.0,1,1,エスカル,54.0,松若風馬,1:07.3,,2.0,1.0,[西] 森秀行,2021110069,202403020711,TUF杯｜2024年7月20日 | 競馬データベース - netkeiba,2026-05-20T11:15:06.154421,牡,3,478.0,-2.0,1,1,6.6,7.33,35.54,0.1316,0,11,35.54,35.54,35.54,0.1316,35.54
2.0,3,5,ダテボレアス,54.0,田辺裕信,1:07.9,3.1/2,13.8,4.0,[西] 西園正都,2019103562,202403020711,TUF杯｜2024年7月20日 | 競馬データベース - netkeiba,2026-05-20T11:15:06.154421,牡,5,484.0,-2.0,0,1,6.2,6.0,38.74,0.1389,0,12,38.74,38.74,38.74,0.1389,38.74
3.0,2,3,メイショウイジゲン,54.0,鮫島良太,1:08.0,1/2,131.8,14.0,[西] 牧浦充徳,2018106391,202403020711,TUF杯｜2024年7月20日 | 競馬データベース - netkeiba,2026-05-20T11:15:06.154421,牡,6,450.0,-10.0,0,1,4.8,6.0,38.3,0.1724,0,4,38.3,38.3,38.3,0.1724,38.3
4.0,3,6,グリュースゴット,54.0,松岡正海,1:08.2,1.1/4,80.1,12.0,[東] 松永康利,2018104392,202403020711,TUF杯｜2024年7月20日 | 競馬データベース - netkeiba,2026-05-20T11:15:06.154421,セ,6,484.0,-22.0,0,0,6.4,7.67,41.66,0.1351,0,10,41.66,41.66,41.66,0.1351,41.66
5.0,6,12,ミレヴィーナス,54.0,原優介,1:08.2,アタマ,40.9,10.0,[西] 茶木太樹,2019105847,202403020711,TUF杯｜2024年7月20日 | 競馬データベース - netkeiba,2026-05-20T11:15:06.154421,牝,5,450.0,0.0,0,0,9.4,11.33,35.94,0.0962,0,9,35.94,35.94,35.94,0.0962,35.94
6.0,5,9,ロードオブザチェコ,55.0,丸田恭介,1:08.3,クビ,25.1,7.0,[東] 石栗龍彦,2018103641,202403020711,TUF杯｜2024年7月20日 | 競馬データベース - netkeiba,2026-05-20T11:15:06.154421,牡,6,508.0,-6.0,0,0,3.0,3.33,37.08,0.25,0,3,37.08,37.08,37.08,0.25,37.08
7.0,6,11,ミラバーグマン,54.0,杉原誠人,1:08.4,1/2,16.3,5.0,[西] 西村真幸,2018103738,202403020711,TUF杯｜2024年7月20日 | 競馬データベース - netkeiba,2026-05-20T11:15:06.154421,牝,6,454.0,-6.0,0,0,8.4,9.33,36.32,0.1064,0,7,36.32,36.32,36.32,0.1064,36.32
8.0,4,7,サザンエルフ,56.0,菅原明良,1:08.5,1,3.9,2.0,[東] 中川公成,2019102011,202403020711,TUF杯｜2024年7月20日 | 競馬データベース - netkeiba,2026-05-20T11:15:06.154421,牝,5,478.0,0.0,0,0,7.6,5.67,37.22,0.1163,0,8,37.22,37.22,37.22,0.1163,37.22
9.0,1,2,ロレンツォ,55.0,菊沢一樹,1:08.7,3/4,65.9,11.0,[東] 加藤征弘,2018103341,202403020711,TUF杯｜2024年7月20日 | 競馬データベース - netkeiba,2026-05-20T11:15:06.154421,牡,6,480.0,0.0,0,0,6.4,7.0,38.46,0.1351,0,7,38.46,38.46,38.46,0.1351,38.46
10.0,8,16,ルクルト,55.0,石橋脩,1:08.9,1.1/4,32.9,9.0,[西] 吉村圭司,2017100452,202403020711,TUF杯｜2024年7月20日 | 競馬データベース - netkeiba,2026-05-20T11:15:06.154421,牡,7,454.0,-8.0,0,0,5.75,5.5,36.85,0.1481,0,1,36.85,36.85,36.85,0.1481,36.85
11.0,4,8,イルクオーレ,57.0,吉田豊,1:08.9,アタマ,32.1,8.0,[東] 高橋文雅,2018106077,202403020711,TUF杯｜2024年7月20日 | 競馬データベース - netkeiba,2026-05-20T11:15:06.154421,セ,6,490.0,-6.0,0,0,4.0,4.0,41.0,0.2,0,1,41.0,41.0,41.0,0.2,41.0
12.0,7,13,ビルカール,55.0,内田博幸,1:09.1,1.1/4,103.6,13.0,[東] 水野貴広,2020105250,202403020711,TUF杯｜2024年7月20日 | 競馬データベース - netkeiba,2026-05-20T11:15:06.154421,牡,4,458.0,-16.0,0,0,7.2,5.0,37.18,0.122,0,6,37.18,37.18,37.18,0.122,37.18
13.0,5,10,マーブルマカロン,54.0,戸崎圭太,1:09.1,クビ,6.9,3.0,[東] 林徹,2020100818,202403020711,TUF杯｜2024年7月20日 | 競馬データベース - netkeiba,2026-05-20T11:15:06.154421,牝,4,430.0,14.0,0,0,5.4,5.33,38.86,0.1562,0,10,38.86,38.86,38.86,0.1562,38.86
14.0,8,15,ホワイトガーベラ,55.0,野中悠太,1:09.8,4,156.5,15.0,[東] 千葉直人,2019101295,202403020711,TUF杯｜2024年7月20日 | 競馬データベース - netkeiba,2026-05-20T11:15:06.154421,牡,5,500.0,-12.0,0,0,10.4,11.67,36.62,0.0877,0,13,36.62,36.62,36.62,0.0877,36.62
15.0,2,4,コスモノアゼット,55.0,木幡巧也,1:09.9,1/2,186.0,16.0,[東] 伊藤大士,2018102181,202403020711,TUF杯｜2024年7月20日 | 競馬データベース - netkeiba,2026-05-20T11:15:06.154421,牡,6,512.0,8.0,0,0,3.0,4.33,40.98,0.25,0,9,40.98,40.98,40.98,0.25,40.98
16.0,7,14,エレガントムーン,53.0,三浦皇成,1:10.5,3.1/2,17.2,6.0,[西] 牧浦充徳,2020103643,202403020711,TUF杯｜2024年7月20日 | 競馬データベース - netkeiba,2026-05-20T11:15:06.154421,牝,4,438.0,6.0,0,0,10.4,8.33,36.76,0.0877,0,9,36.76,36.76,36.76,0.0877,36.76
1.0,1,1,イサチルカゼニタツ,55.0,内田博幸,1:46.3,,4.6,3.0,[東] 辻哲英,2021101322,202403020712,3歳以上1勝クラス｜2024年7月20日 | 競馬データベース - netkeiba,2026-05-20T11:15:51.064628,牡,3,486.0,6.0,1,1,8.6,7.0,41.16,0.1042,0,4,41.16,41.16,41.16,0.1042,41.16
2.0,7,12,ゴールドアローン,52.0,原優介,1:46.4,クビ,3.2,1.0,[東] 青木孝文,2021106874,202403020712,3歳以上1勝クラス｜2024年7月20日 | 競馬データベース - netkeiba,2026-05-20T11:15:51.064628,牝,3,454.0,4.0,0,1,6.2,5.33,38.34,0.1389,0,4,38.34,38.34,38.34,0.1389,38.34
3.0,5,9,イモータルバード,55.0,三浦皇成,1:46.5,3/4,3.9,2.0,[東] 栗田徹,2021100674,202403020712,3歳以上1勝クラス｜2024年7月20日 | 競馬データベース - netkeiba,2026-05-20T11:15:51.064628,牡,3,466.0,-6.0,0,1,10.6,12.33,38.0,0.0862,0,12,38.0,38.0,38.0,0.0862,38.0
4.0,7,13,オブシディアン,58.0,菅原明良,1:46.7,1,5.6,4.0,[東] 武藤善則,2020100307,202403020712,3歳以上1勝クラス｜2024年7月20日 | 競馬データベース - netkeiba,2026-05-20T11:15:51.064628,牡,4,522.0,0.0,0,0,12.75,12.5,38.38,0.0727,0,14,38.38,38.38,38.38,0.0727,38.38
5.0,8,14,サンダーアラート,55.0,戸崎圭太,1:47.1,2.1/2,12.8,5.0,[東] 田中博康,2021101671,202403020712,3歳以上1勝クラス｜2024年7月20日 | 競馬データベース - netkeiba,2026-05-20T11:15:51.064628,セ,3,464.0,-12.0,0,0,2.8,3.33,0.0,0.2632,0,7,0.0,0.0,0.0,0.2632,0.0
6.0,3,4,テンコマンドゥール,58.0,丸田恭介,1:47.1,ハナ,140.2,13.0,[東] 矢野英一,2020102849,202403020712,3歳以上1勝クラス｜2024年7月20日 | 競馬データベース - netkeiba,2026-05-20T11:15:51.064628,牡,4,484.0,-4.0,0,0,6.2,6.0,37.1,0.1389,0,3,37.1,37.1,37.1,0.1389,37.1
7.0,6,11,ユイノコキュウ,55.0,松岡正海,1:47.1,ハナ,16.8,6.0,[東] 竹内正洋,2021106583,202403020712,3歳以上1勝クラス｜2024年7月20日 | 競馬データベース - netkeiba,2026-05-20T11:15:51.064628,牡,3,468.0,0.0,0,0,2.8,3.67,41.4,0.2632,0,7,41.4,41.4,41.4,0.2632,41.4
8.0,3,5,アッティラ,57.0,横山琉人,1:47.3,1,38.8,9.0,[東] 相沢郁,2020102185,202403020712,3歳以上1勝クラス｜2024年7月20日 | 競馬データベース - netkeiba,2026-05-20T11:15:51.064628,牡,4,436.0,-2.0,0,0,7.0,8.67,40.28,0.125,0,5,40.28,40.28,40.28,0.125,40.28
9.0,8,15,レジュークレール,56.0,菊沢一樹,1:47.7,2,30.3,8.0,[東] 青木孝文,2020104818,202403020712,3歳以上1勝クラス｜2024年7月20日 | 競馬データベース - netkeiba,2026-05-20T11:15:51.064628,牝,4,434.0,-2.0,0,0,8.6,8.33,39.22,0.1042,0,6,39.22,39.22,39.22,0.1042,39.22
10.0,6,10,ベルイストワール,53.0,野中悠太,1:47.9,1.1/4,29.9,7.0,[東] 宮田敬介,2021100606,202403020712,3歳以上1勝クラス｜2024年7月20日 | 競馬データベース - netkeiba,2026-05-20T11:15:51.064628,牝,3,532.0,-2.0,0,0,7.6,9.33,38.86,0.1163,0,9,38.86,38.86,38.86,0.1163,38.86
11.0,2,3,ジャクソン,54.0,大江原比,1:47.9,クビ,49.4,10.0,[東] 武市康男,2020104354,202403020712,3歳以上1勝クラス｜2024年7月20日 | 競馬データベース - netkeiba,2026-05-20T11:15:51.064628,牡,4,508.0,8.0,0,0,6.2,4.33,39.06,0.1389,0,4,39.06,39.06,39.06,0.1389,39.06
12.0,2,2,ヨドノドリーム,56.0,小林脩斗,1:48.3,2.1/2,162.8,14.0,[東] 菊川正達,2017103084,202403020712,3歳以上1勝クラス｜2024年7月20日 | 競馬データベース - netkeiba,2026-05-20T11:15:51.064628,牡,7,490.0,0.0,0,0,8.2,9.0,38.62,0.1087,0,12,38.62,38.62,38.62,0.1087,38.62
13.0,4,7,ネイサン,52.0,佐藤翔馬,1:48.9,3.1/2,313.6,15.0,[東] 南田美知,2021104722,202403020712,3歳以上1勝クラス｜2024年7月20日 | 競馬データベース - netkeiba,2026-05-20T11:15:51.064628,牡,3,438.0,-13.0,0,0,9.2,10.0,36.34,0.098,0,7,36.34,36.34,36.34,0.098,36.34
14.0,4,6,トライデント,52.0,石神深道,1:49.1,1,69.4,12.0,[東] 鹿戸雄一,2021102793,202403020712,3歳以上1勝クラス｜2024年7月20日 | 競馬データベース - netkeiba,2026-05-20T11:15:51.064628,牡,3,494.0,1.0,0,0,12.0,10.67,38.08,0.0769,0,13,38.08,38.08,38.08,0.0769,38.08
15.0,5,8,モナコブル,55.0,田辺裕信,1:49.8,4,62.2,11.0,[東] 岩戸孝樹,2021109096,202403020712,3歳以上1勝クラス｜2024年7月20日 | 競馬データベース - netkeiba,2026-05-20T11:15:51.064628,牡,3,460.0,5.0,0,0,7.8,9.33,36.58,0.1136,0,10,36.58,36.58,36.58,0.1136,36.58
1.0,5,5,ファルコニア,60.0,石神深一,3:11.1,,2.6,1.0,[東] 和田正一,2017104719,202410030701,障害3歳以上オープン｜2024年7月20日 | 競馬データベース - netkeiba,2026-05-20T11:16:35.799507,牡,7,478.0,-2.0,1,1,3.75,6.0,0.0,0.2105,0,1,0.0,0.0,0.0,0.2105,0.0
2.0,3,3,テイエムタツマキ,60.0,田村太雅,3:11.2,3/4,22.3,7.0,[西] 武英智,2018104463,202410030701,障害3歳以上オープン｜2024年7月20日 | 競馬データベース - netkeiba,2026-05-20T11:16:35.799507,牡,6,510.0,2.0,0,1,6.2,7.67,0.0,0.1389,0,11,0.0,0.0,0.0,0.1389,0.0
3.0,2,2,クラップサンダー,60.0,黒岩悠,3:11.4,3/4,3.8,2.0,[西] 牧田和弥,2019103278,202410030701,障害3歳以上オープン｜2024年7月20日 | 競馬データベース - netkeiba,2026-05-20T11:16:35.799507,牡,5,472.0,6.0,0,1,4.6,4.0,0.0,0.1786,0,6,0.0,0.0,0.0,0.1786,0.0
4.0,7,7,ニンギルス,60.0,井上敏樹,3:12.3,5,9.6,4.0,[西] 鈴木孝志,2017103048,202410030701,障害3歳以上オープン｜2024年7月20日 | 競馬データベース - netkeiba,2026-05-20T11:16:35.799507,牡,7,456.0,2.0,0,0,6.2,5.67,40.86,0.1389,0,5,40.86,40.86,40.86,0.1389,40.86
5.0,8,10,ブラビオ,60.0,森一馬,3:12.4,1/2,4.3,3.0,[西] 緒方努,2018106050,202410030701,障害3歳以上オープン｜2024年7月20日 | 競馬データベース - netkeiba,2026-05-20T11:16:35.799507,牡,6,464.0,2.0,0,0,6.6,7.33,40.56,0.1316,0,3,40.56,40.56,40.56,0.1316,40.56
6.0,6,6,ワールドスケール,60.0,小牧加矢,3:13.0,3.1/2,11.8,6.0,[西] 村山明,2017106372,202410030701,障害3歳以上オープン｜2024年7月20日 | 競馬データベース - netkeiba,2026-05-20T11:16:35.799507,牡,7,488.0,-4.0,0,0,7.6,10.0,0.0,0.1163,0,10,0.0,0.0,0.0,0.1163,0.0
7.0,8,9,メイショウアツイタ,60.0,難波剛健,3:13.7,4,10.0,5.0,[西] 高橋義忠,2018105731,202410030701,障害3歳以上オープン｜2024年7月20日 | 競馬データベース - netkeiba,2026-05-20T11:16:35.799507,牡,6,504.0,-4.0,0,0,5.0,4.67,0.0,0.1667,0,3,0.0,0.0,0.0,0.1667,0.0
8.0,7,8,ウラエウス,60.0,中村将之,3:16.4,大,70.5,9.0,[西] 中村直也,2018104787,202410030701,障害3歳以上オープン｜2024年7月20日 | 競馬データベース - netkeiba,2026-05-20T11:16:35.799507,セ,6,458.0,-12.0,0,0,7.0,10.33,0.0,0.125,0,8,0.0,0.0,0.0,0.125,0.0
9.0,1,1,スリーケイエヌ,60.0,小坂忠士,3:16.8,2.1/2,80.7,10.0,[西] 藤沢則雄,2018105935,202410030701,障害3歳以上オープン｜2024年7月20日 | 競馬データベース - netkeiba,2026-05-20T11:16:35.799507,牡,6,474.0,-4.0,0,0,7.8,7.67,0.0,0.1136,0,9,0.0,0.0,0.0,0.1136,0.0
,4,4,ドンカルロ,60.0,小野寺祐,,,35.5,8.0,[西] 高柳大輔,2020104089,202410030701,障害3歳以上オープン｜2024年7月20日 | 競馬データベース - netkeiba,2026-05-20T11:16:35.799507,牡,4,450.0,-8.0,0,0,4.6,4.33,39.78,0.1786,0,4,39.78,39.78,39.78,0.1786,39.78
1.0,6,12,ナムライリス,52.0,柴田裕一,1:48.9,,15.6,4.0,[西] 中竹和也,2021101825,202410030702,3歳未勝利｜2024年7月20日 | 競馬データベース - netkeiba,2026-05-20T11:17:05.187336,牝,3,430.0,4.0,1,1,4.75,5.33,38.93,0.1739,0,10,38.93,38.93,38.93,0.1739,38.93
2.0,5,10,ロストシークレット,57.0,西村淳也,1:48.9,ハナ,2.0,1.0,[西] 中内田充,2021110116,202410030702,3歳未勝利｜2024年7月20日 | 競馬データベース - netkeiba,2026-05-20T11:17:05.187336,牡,3,452.0,0.0,0,1,3.6,3.33,35.86,0.2174,0,5,35.86,35.86,35.86,0.2174,35.86
3.0,3,5,コスモベラエステラ,54.0,吉村誠之,1:48.9,ハナ,10.1,3.0,[西] 清水久詞,2021105861,202410030702,3歳未勝利｜2024年7月20日 | 競馬データベース - netkeiba,2026-05-20T11:17:05.187336,牡,3,466.0,6.0,0,1,0.0,0.0,0.0,0.0,0,0,0.0,0.0,0.0,0.0,0.0
4.0,2,4,キタサンシデン,57.0,荻野極,1:49.0,3/4,37.3,8.0,[西] 本田優,2021107047,202410030702,3歳未勝利｜2024年7月20日 | 競馬データベース - netkeiba,2026-05-20T11:17:05.187336,牡,3,496.0,0.0,0,0,6.0,8.67,40.3,0.1429,0,11,40.3,40.3,40.3,0.1429,40.3
5.0,7,13,ヘルツアス,54.0,西塚洸二,1:49.3,1.1/2,177.9,14.0,[西] 森田直行,2021105985,202410030702,3歳未勝利｜2024年7月20日 | 競馬データベース - netkeiba,2026-05-20T11:17:05.187336,牝,3,404.0,0.0,0,0,9.6,12.67,36.38,0.0943,0,11,36.38,36.38,36.38,0.0943,36.38
6.0,7,14,ウインステファノス,57.0,和田竜二,1:49.6,2,19.7,6.0,[西] 西園正都,2021106201,202410030702,3歳未勝利｜2024年7月20日 | 競馬データベース - netkeiba,2026-05-20T11:17:05.187336,牡,3,500.0,-4.0,0,0,6.4,6.67,39.06,0.1351,0,3,39.06,39.06,39.06,0.1351,39.06
7.0,1,2,フォートポータル,55.0,永島まな,1:49.8,1.1/4,63.0,10.0,[西] 吉岡辰弥,2021103251,202410030702,3歳未勝利｜2024年7月20日 | 競馬データベース - netkeiba,2026-05-20T11:17:05.187336,セ,3,456.0,4.0,0,0,13.6,13.0,38.74,0.0685,0,15,38.74,38.74,38.74,0.0685,38.74
8.0,6,11,マノア,53.0,団野大成,1:49.8,ハナ,30.7,7.0,[西] 上村洋行,2021110168,202410030702,3歳未勝利｜2024年7月20日 | 競馬データベース - netkeiba,2026-05-20T11:17:05.187336,牝,3,448.0,0.0,0,0,5.6,5.33,40.36,0.1515,0,4,40.36,40.36,40.36,0.1515,40.36
8.0,8,15,ドーンコスモ,54.0,田口貫太,1:49.8,同着,84.1,11.0,[西] 中尾秀正,2021101949,202410030702,3歳未勝利｜2024年7月20日 | 競馬データベース - netkeiba,2026-05-20T11:17:05.187336,牝,3,394.0,-6.0,0,0,4.8,6.0,40.52,0.1724,0,7,40.52,40.52,40.52,0.1724,40.52
10.0,2,3,ルージュロンド,55.0,長岡禎仁,1:49.9,クビ,164.7,12.0,[西] 緒方努,2021105045,202410030702,3歳未勝利｜2024年7月20日 | 競馬データベース - netkeiba,2026-05-20T11:17:05.187336,牝,3,506.0,-2.0,0,0,1.6,1.67,39.48,0.3846,0,1,39.48,39.48,39.48,0.3846,39.48
11.0,1,1,ゲルタ,57.0,松山弘平,1:50.0,1/2,2.7,2.0,[西] 奥村豊,2021101770,202410030702,3歳未勝利｜2024年7月20日 | 競馬データベース - netkeiba,2026-05-20T11:17:05.187336,牡,3,510.0,-2.0,0,0,12.6,12.33,40.4,0.0735,0,11,40.4,40.4,40.4,0.0735,40.4
12.0,4,8,ムーンセット,54.0,角田大和,1:50.6,3.1/2,274.3,15.0,[西] 小栗実,2021104396,202410030702,3歳未勝利｜2024年7月20日 | 競馬データベース - netkeiba,2026-05-20T11:17:05.187336,牝,3,432.0,-10.0,0,0,5.6,4.67,40.32,0.1515,0,7,40.32,40.32,40.32,0.1515,40.32
13.0,8,16,ヤマニンスターダム,54.0,鷲頭虎太,1:51.3,4,44.4,9.0,[西] 千田輝彦,2021106600,202410030702,3歳未勝利｜2024年7月20日 | 競馬データベース - netkeiba,2026-05-20T11:17:05.187336,牡,3,500.0,-2.0,0,0,10.0,10.0,37.1,0.0909,0,13,37.1,37.1,37.1,0.0909,37.1
14.0,4,7,センカラット,57.0,高倉稜,1:51.6,1.3/4,390.1,16.0,[西] 渡辺薫彦,2021106362,202410030702,3歳未勝利｜2024年7月20日 | 競馬データベース - netkeiba,2026-05-20T11:17:05.187336,牡,3,468.0,0.0,0,0,5.4,7.33,40.08,0.1562,0,4,40.08,40.08,40.08,0.1562,40.08
15.0,5,9,メイショウニコニコ,55.0,太宰啓介,1:52.3,4,174.9,13.0,[西] 高橋亮,2021102031,202410030702,3歳未勝利｜2024年7月20日 | 競馬データベース - netkeiba,2026-05-20T11:17:05.187336,牝,3,436.0,-6.0,0,0,8.6,9.0,40.14,0.1042,0,7,40.14,40.14,40.14,0.1042,40.14
16.0,3,6,シスコ,55.0,幸英明,1:53.4,7,19.1,5.0,[西] 四位洋文,2021102978,202410030702,3歳未勝利｜2024年7月20日 | 競馬データベース - netkeiba,2026-05-20T11:17:05.187336,牝,3,420.0,-4.0,0,0,8.0,8.0,37.15,0.1111,0,16,37.15,37.15,37.15,0.1111,37.15
1.0,6,10,マサレエトワール,52.0,吉村誠之,0:57.9,,2.0,1.0,[西] 安田翔伍,2021104834,202410030703,3歳未勝利｜2024年7月20日 | 競馬データベース - netkeiba,2026-05-20T11:17:46.549376,牝,3,484.0,-2.0,1,1,6.6,9.33,36.88,0.1316,0,13,36.88,36.88,36.88,0.1316,36.88
2.0,2,2,エブリモーメント,57.0,松山弘平,0:58.2,2,5.7,3.0,[西] 牧田和弥,2021104649,202410030703,3歳未勝利｜2024年7月20日 | 競馬データベース - netkeiba,2026-05-20T11:17:46.549376,牡,3,482.0,-2.0,0,1,8.0,7.33,36.6,0.1111,0,7,36.6,36.6,36.6,0.1111,36.6
3.0,8,14,ナインストーンズ,57.0,団野大成,0:58.4,1.1/4,6.9,4.0,[西] 池添学,2021105576,202410030703,3歳未勝利｜2024年7月20日 | 競馬データベース - netkeiba,2026-05-20T11:17:46.549376,牡,3,478.0,-8.0,0,1,4.8,3.67,38.76,0.1724,0,3,38.76,38.76,38.76,0.1724,38.76
4.0,5,7,リアルカラー,57.0,和田竜二,0:58.5,1/2,100.7,10.0,[西] 羽月友彦,2021105843,202410030703,3歳未勝利｜2024年7月20日 | 競馬データベース - netkeiba,2026-05-20T11:17:46.549376,牡,3,474.0,2.0,0,0,4.0,6.0,39.54,0.2,0,14,39.54,39.54,39.54,0.2,39.54
5.0,5,8,ドリームライク,57.0,加藤祥太,0:58.5,ハナ,252.1,13.0,[西] 羽月友彦,2021100928,202410030703,3歳未勝利｜2024年7月20日 | 競馬データベース - netkeiba,2026-05-20T11:17:46.549376,牡,3,448.0,-12.0,0,0,1.5,2.0,39.85,0.4,0,1,39.85,39.85,39.85,0.4,39.85
6.0,7,12,クイーンオブリリー,54.0,秋山稔樹,0:59.1,3.1/2,59.2,9.0,[西] 宮徹,2021102512,202410030703,3歳未勝利｜2024年7月20日 | 競馬データベース - netkeiba,2026-05-20T11:17:46.549376,牝,3,448.0,-8.0,0,0,0.0,0.0,0.0,0.0,0,0,0.0,0.0,0.0,0.0,0.0
7.0,4,6,ダンデライオン,54.0,角田大和,0:59.2,1/2,3.4,2.0,[西] 佐々木晶,2021106631,202410030703,3歳未勝利｜2024年7月20日 | 競馬データベース - netkeiba,2026-05-20T11:17:46.549376,牝,3,480.0,0.0,0,0,1.0,1.0,39.64,0.5,0,1,39.64,39.64,39.64,0.5,39.64
8.0,1,1,レアリザシオン,57.0,幸英明,0:59.7,3,45.2,7.0,[西] 小林真也,2021105522,202410030703,3歳未勝利｜2024年7月20日 | 競馬データベース - netkeiba,2026-05-20T11:17:46.549376,セ,3,508.0,-4.0,0,0,6.5,5.5,41.25,0.1333,0,8,41.25,41.25,41.25,0.1333,41.25
9.0,4,5,ファセリア,56.0,松本大輝,0:59.8,1/2,27.9,5.0,[西] 新谷功一,2021103526,202410030703,3歳未勝利｜2024年7月20日 | 競馬データベース - netkeiba,2026-05-20T11:17:46.549376,牡,3,454.0,-12.0,0,0,5.2,6.33,36.58,0.1613,0,4,36.58,36.58,36.58,0.1613,36.58
10.0,6,9,シャイニングベル,54.0,田口貫太,0:59.8,アタマ,44.9,6.0,[西] 笹田和秀,2021104398,202410030703,3歳未勝利｜2024年7月20日 | 競馬データベース - netkeiba,2026-05-20T11:17:46.549376,牝,3,418.0,10.0,0,0,4.4,5.0,41.44,0.1852,0,3,41.44,41.44,41.44,0.1852,41.44
11.0,3,4,メイショウコフデ,51.0,河原田菜,1:00.1,1.3/4,182.3,12.0,[西] 飯田祐史,2021100818,202410030703,3歳未勝利｜2024年7月20日 | 競馬データベース - netkeiba,2026-05-20T11:17:46.549376,牝,3,430.0,-8.0,0,0,5.6,6.33,41.28,0.1515,0,6,41.28,41.28,41.28,0.1515,41.28
12.0,3,3,ルージュチルル,53.0,永島まな,1:00.1,アタマ,53.0,8.0,[西] 音無秀孝,2021103801,202410030703,3歳未勝利｜2024年7月20日 | 競馬データベース - netkeiba,2026-05-20T11:17:46.549376,牝,3,382.0,-4.0,0,0,13.25,12.67,37.35,0.0702,0,12,37.35,37.35,37.35,0.0702,37.35
13.0,7,11,ユウトザルンルン,57.0,国分優作,1:04.0,大,154.1,11.0,[西] 藤沢則雄,2021102186,202410030703,3歳未勝利｜2024年7月20日 | 競馬データベース - netkeiba,2026-05-20T11:17:46.549376,牡,3,514.0,0.0,0,0,11.67,11.0,42.27,0.0789,0,12,42.27,42.27,42.27,0.0789,42.27
14.0,8,13,ゼットホウライ,57.0,岡田祥嗣,1:04.1,1/2,403.6,14.0,[西] 吉田直弘,2021100201,202410030703,3歳未勝利｜2024年7月20日 | 競馬データベース - netkeiba,2026-05-20T11:17:46.549376,牡,3,462.0,-6.0,0,0,15.33,15.33,39.77,0.0612,0,14,39.77,39.77,39.77,0.0612,39.77
1.0,5,5,パーリーブラック,60.0,草野太郎,3:16.4,,3.2,2.0,[東] 伊坂重信,2020103539,202410030704,障害3歳以上未勝利｜2024年7月20日 | 競馬データベース - netkeiba,2026-05-20T11:18:28.606300,牡,4,478.0,4.0,1,1,4.4,5.67,0.0,0.1852,0,6,0.0,0.0,0.0,0.1852,0.0
2.0,3,3,ダノンジャッカル,60.0,西谷誠,3:17.3,5,1.6,1.0,[西] 中内田充,2019103005,202410030704,障害3歳以上未勝利｜2024年7月20日 | 競馬データベース - netkeiba,2026-05-20T11:18:28.606300,牡,5,464.0,2.0,0,1,5.6,6.67,36.6,0.1515,0,11,36.6,36.6,36.6,0.1515,36.6
3.0,6,6,カイトレッド,58.0,上野翔,3:17.5,1.1/2,11.3,4.0,[東] 和田雄二,2017100641,202410030704,障害3歳以上未勝利｜2024年7月20日 | 競馬データベース - netkeiba,2026-05-20T11:18:28.606300,牝,7,482.0,-4.0,0,1,8.0,10.0,0.0,0.1111,0,10,0.0,0.0,0.0,0.1111,0.0
4.0,1,1,アズマサクラエモン,60.0,田村太雅,3:17.6,1/2,8.2,3.0,[西] 藤野健太,2020101396,202410030704,障害3歳以上未勝利｜2024年7月20日 | 競馬データベース - netkeiba,2026-05-20T11:18:28.606300,牡,4,514.0,-14.0,0,0,8.6,6.67,40.4,0.1042,0,4,40.4,40.4,40.4,0.1042,40.4
5.0,4,4,サンライズグリット,60.0,井上敏樹,3:18.9,8,16.6,5.0,[西] 音無秀孝,2018101178,202410030704,障害3歳以上未勝利｜2024年7月20日 | 競馬データベース - netkeiba,2026-05-20T11:18:28.606300,牡,6,444.0,-12.0,0,0,5.4,4.67,38.92,0.1562,0,6,38.92,38.92,38.92,0.1562,38.92
6.0,7,7,ゴーツウキリシマ,58.0,黒岩悠,3:18.9,ハナ,61.9,7.0,[西] 牧田和弥,2020109148,202410030704,障害3歳以上未勝利｜2024年7月20日 | 競馬データベース - netkeiba,2026-05-20T11:18:28.606300,牝,4,454.0,3.0,0,0,5.4,4.67,0.0,0.1562,0,7,0.0,0.0,0.0,0.1562,0.0
,2,2,テイエムイダテン,60.0,小野寺祐,,,29.3,6.0,[西] 小椋研介,2017102603,202410030704,障害3歳以上未勝利｜2024年7月20日 | 競馬データベース - netkeiba,2026-05-20T11:18:28.606300,牡,7,468.0,-16.0,0,0,9.4,10.0,41.8,0.0962,0,10,41.8,41.8,41.8,0.0962,41.8
1.0,7,7,ジュンライデン,55.0,荻野極,1:52.1,,3.8,2.0,[西] 友道康夫,2022104899,202410030705,2歳新馬｜2024年7月20日 | 競馬データベース - netkeiba,2026-05-20T11:18:46.596922,牡,2,480.0,0.0,1,1,5.6,7.0,35.32,0.1515,0,6,35.32,35.32,35.32,0.1515,35.32
2.0,6,6,メイショウツヨキ,55.0,坂井瑠星,1:52.2,3/4,6.4,4.0,[西] 飯田祐史,2022103262,202410030705,2歳新馬｜2024年7月20日 | 競馬データベース - netkeiba,2026-05-20T11:18:46.596922,牡,2,462.0,0.0,0,1,7.6,10.33,37.5,0.1163,0,18,37.5,37.5,37.5,0.1163,37.5
3.0,8,9,コンフォルツァ,55.0,横山典弘,1:52.4,1.1/4,13.3,5.0,[西] 松永幹夫,2022105421,202410030705,2歳新馬｜2024年7月20日 | 競馬データベース - netkeiba,2026-05-20T11:18:46.596922,牡,2,484.0,0.0,0,1,3.0,3.67,33.82,0.25,0,3,33.82,33.82,33.82,0.25,33.82
4.0,8,8,オールザレイジ,55.0,西村淳也,1:52.7,1.1/2,4.1,3.0,[西] 寺島良,2022104713,202410030705,2歳新馬｜2024年7月20日 | 競馬データベース - netkeiba,2026-05-20T11:18:46.596922,牝,2,492.0,0.0,0,0,3.2,2.67,39.8,0.2381,0,3,39.8,39.8,39.8,0.2381,39.8
5.0,1,1,グレインワーク,55.0,松山弘平,1:52.9,1.1/4,2.6,1.0,[西] 池添学,2022104683,202410030705,2歳新馬｜2024年7月20日 | 競馬データベース - netkeiba,2026-05-20T11:18:46.596922,牡,2,492.0,0.0,0,0,5.0,5.0,36.9,0.1667,0,5,36.9,36.9,36.9,0.1667,36.9
6.0,4,4,ルクスレゼルヴァ,54.0,秋山稔樹,1:52.9,ハナ,58.3,9.0,[西] 村山明,2022103947,202410030705,2歳新馬｜2024年7月20日 | 競馬データベース - netkeiba,2026-05-20T11:18:46.596922,セ,2,494.0,0.0,0,0,6.4,9.0,36.24,0.1351,0,10,36.24,36.24,36.24,0.1351,36.24
7.0,3,3,エコログローリー,55.0,Ｍ．デム,1:53.2,2,36.1,8.0,[西] 牧浦充徳,2022105420,202410030705,2歳新馬｜2024年7月20日 | 競馬データベース - netkeiba,2026-05-20T11:18:46.596922,牡,2,480.0,0.0,0,0,8.0,8.33,36.28,0.1111,0,4,36.28,36.28,36.28,0.1111,36.28
8.0,5,5,ゼンダンスバシリ,53.0,永島まな,1:53.6,2.1/2,17.3,6.0,[西] 河嶋宏樹,2022103424,202410030705,2歳新馬｜2024年7月20日 | 競馬データベース - netkeiba,2026-05-20T11:18:46.596922,牡,2,448.0,0.0,0,0,4.6,3.67,39.82,0.1786,0,3,39.82,39.82,39.82,0.1786,39.82
9.0,2,2,テーオーシュタルク,54.0,田口貫太,1:55.3,10,29.5,7.0,[西] 岡田稲男,2022104708,202410030705,2歳新馬｜2024年7月20日 | 競馬データベース - netkeiba,2026-05-20T11:18:46.596922,牡,2,474.0,0.0,0,0,7.8,7.67,41.02,0.1136,0,10,41.02,41.02,41.02,0.1136,41.02
1.0,2,3,アレナパラシオ,56.0,田口貫太,1:45.8,,1.7,1.0,[西] 四位洋文,2021100752,202410030706,3歳未勝利｜2024年7月20日 | 競馬データベース - netkeiba,2026-05-20T11:19:14.728582,牡,3,480.0,8.0,1,1,5.75,4.5,39.02,0.1481,0,1,39.02,39.02,39.02,0.1481,39.02
2.0,4,7,ドントレットゴー,55.0,松山弘平,1:46.2,2,24.4,6.0,[西] 上村洋行,2021103614,202410030706,3歳未勝利｜2024年7月20日 | 競馬データベース - netkeiba,2026-05-20T11:19:14.728582,牝,3,442.0,-2.0,0,1,5.8,8.33,39.68,0.1471,0,9,39.68,39.68,39.68,0.1471,39.68
3.0,1,2,メイショウアラセツ,57.0,太宰啓介,1:46.5,2,5.6,3.0,[西] 飯田祐史,2021102836,202410030706,3歳未勝利｜2024年7月20日 | 競馬データベース - netkeiba,2026-05-20T11:19:14.728582,牡,3,518.0,0.0,0,1,4.8,4.0,39.54,0.1724,0,3,39.54,39.54,39.54,0.1724,39.54
4.0,6,12,カチドキ,56.0,小沢大仁,1:46.9,2,63.4,9.0,[西] 橋口慎介,2021103980,202410030706,3歳未勝利｜2024年7月20日 | 競馬データベース - netkeiba,2026-05-20T11:19:14.728582,牡,3,522.0,16.0,0,0,8.0,8.67,39.94,0.1111,0,14,39.94,39.94,39.94,0.1111,39.94
5.0,7,13,アンティシパル,55.0,永島まな,1:47.2,1.3/4,54.2,8.0,[西] 杉山晴紀,2021104744,202410030706,3歳未勝利｜2024年7月20日 | 競馬データベース - netkeiba,2026-05-20T11:19:14.728582,牡,3,470.0,4.0,0,0,4.8,5.67,40.42,0.1724,0,11,40.42,40.42,40.42,0.1724,40.42
6.0,5,9,ビルンバウム,57.0,酒井学,1:47.2,クビ,118.6,13.0,[西] 渡辺薫彦,2021104872,202410030706,3歳未勝利｜2024年7月20日 | 競馬データベース - netkeiba,2026-05-20T11:19:14.728582,牡,3,560.0,10.0,0,0,0.0,0.0,0.0,0.0,0,0,0.0,0.0,0.0,0.0,0.0
7.0,8,16,レッドモンストル,57.0,幸英明,1:47.3,3/4,9.5,4.0,[西] 辻野泰之,2021104207,202410030706,3歳未勝利｜2024年7月20日 | 競馬データベース - netkeiba,2026-05-20T11:19:14.728582,牡,3,484.0,2.0,0,0,5.6,5.67,39.14,0.1515,0,6,39.14,39.14,39.14,0.1515,39.14
8.0,3,6,レグノ,54.0,橋木太希,1:47.3,ハナ,91.8,11.0,[西] 西園正都,2021100456,202410030706,3歳未勝利｜2024年7月20日 | 競馬データベース - netkeiba,2026-05-20T11:19:14.728582,牡,3,454.0,-6.0,0,0,4.8,3.0,39.06,0.1724,0,5,39.06,39.06,39.06,0.1724,39.06
9.0,8,15,キタノハヤブサ,57.0,和田竜二,1:47.5,3/4,5.1,2.0,[西] 吉田直弘,2021104557,202410030706,3歳未勝利｜2024年7月20日 | 競馬データベース - netkeiba,2026-05-20T11:19:14.728582,牡,3,460.0,0.0,0,0,11.6,11.0,42.64,0.0794,0,10,42.64,42.64,42.64,0.0794,42.64
10.0,6,11,アスクストライク,57.0,国分優作,1:47.8,2,213.5,16.0,[西] 坂口智康,2021102317,202410030706,3歳未勝利｜2024年7月20日 | 競馬データベース - netkeiba,2026-05-20T11:19:14.728582,牡,3,506.0,-2.0,0,0,11.25,11.33,37.95,0.0816,0,10,37.95,37.95,37.95,0.0816,37.95
11.0,3,5,ダックアンドレイク,54.0,柴田裕一,1:47.9,1/2,136.1,14.0,[西] 中竹和也,2021102927,202410030706,3歳未勝利｜2024年7月20日 | 競馬データベース - netkeiba,2026-05-20T11:19:14.728582,牡,3,470.0,10.0,0,0,5.0,3.67,41.52,0.1667,0,6,41.52,41.52,41.52,0.1667,41.52
12.0,5,10,デクランシェ,57.0,小崎綾也,1:48.0,クビ,205.0,15.0,[西] 寺島良,2021102712,202410030706,3歳未勝利｜2024年7月20日 | 競馬データベース - netkeiba,2026-05-20T11:19:14.728582,牡,3,454.0,-4.0,0,0,6.8,7.33,40.42,0.1282,0,10,40.42,40.42,40.42,0.1282,40.42
13.0,2,4,ケイアイアンタレス,57.0,藤懸貴志,1:48.8,5,19.3,5.0,[西] 平田修,2021106565,202410030706,3歳未勝利｜2024年7月20日 | 競馬データベース - netkeiba,2026-05-20T11:19:14.728582,牡,3,438.0,0.0,0,0,1.4,1.67,38.48,0.4167,0,2,38.48,38.48,38.48,0.4167,38.48
14.0,4,8,ルージュロッサ,55.0,中井裕二,1:49.4,3.1/2,85.5,10.0,[西] 武幸四郎,2021102434,202410030706,3歳未勝利｜2024年7月20日 | 競馬データベース - netkeiba,2026-05-20T11:19:14.728582,牝,3,448.0,-2.0,0,0,13.5,13.5,38.4,0.069,0,14,38.4,38.4,38.4,0.069,38.4
15.0,7,14,シャウトアウト,53.0,河原田菜,1:50.1,4,104.5,12.0,[西] 今野貞一,2021105140,202410030706,3歳未勝利｜2024年7月20日 | 競馬データベース - netkeiba,2026-05-20T11:19:14.728582,牡,3,472.0,-10.0,0,0,15.5,15.5,42.5,0.0606,0,15,42.5,42.5,42.5,0.0606,42.5
16.0,1,1,アルシャリフ,57.0,坂井瑠星,1:51.7,10,44.0,7.0,[西] 藤岡健一,2021100726,202410030706,3歳未勝利｜2024年7月20日 | 競馬データベース - netkeiba,2026-05-20T11:19:14.728582,牡,3,522.0,-24.0,0,0,7.2,7.67,42.06,0.122,0,10,42.06,42.06,42.06,0.122,42.06
1.0,6,6,チェレスタ,53.0,西村淳也,2:00.3,,1.8,1.0,[西] 松下武士,2021105472,202410030707,3歳以上1勝クラス｜2024年7月20日 | 競馬データベース - netkeiba,2026-05-20T11:19:54.747076,牝,3,488.0,2.0,1,1,1.8,1.67,34.76,0.3571,0,2,34.76,34.76,34.76,0.3571,34.76
2.0,8,11,アクアヴァーナル,53.0,坂井瑠星,2:00.5,1.1/4,5.1,2.0,[西] 四位洋文,2021105433,202410030707,3歳以上1勝クラス｜2024年7月20日 | 競馬データベース - netkeiba,2026-05-20T11:19:54.747076,牝,3,446.0,4.0,0,1,2.2,2.33,34.52,0.3125,0,4,34.52,34.52,34.52,0.3125,34.52
3.0,2,2,サクソンジェンヌ,53.0,団野大成,2:00.6,クビ,5.8,4.0,[西] 高橋義忠,2021106993,202410030707,3歳以上1勝クラス｜2024年7月20日 | 競馬データベース - netkeiba,2026-05-20T11:19:54.747076,牝,3,456.0,18.0,0,1,3.2,4.0,35.34,0.2381,0,4,35.34,35.34,35.34,0.2381,35.34
4.0,1,1,パレハ,53.0,和田竜二,2:00.8,1.1/4,5.2,3.0,[西] 新谷功一,2021106752,202410030707,3歳以上1勝クラス｜2024年7月20日 | 競馬データベース - netkeiba,2026-05-20T11:19:54.747076,牝,3,428.0,6.0,0,0,6.6,8.33,34.48,0.1316,0,9,34.48,34.48,34.48,0.1316,34.48
5.0,7,8,ツッチーフェイス,55.0,小沢大仁,2:01.4,4,39.0,7.0,[西] 今野貞一,2019100249,202410030707,3歳以上1勝クラス｜2024年7月20日 | 競馬データベース - netkeiba,2026-05-20T11:19:54.747076,牝,5,478.0,0.0,0,0,9.0,10.67,34.74,0.1,0,13,34.74,34.74,34.74,0.1,34.74
6.0,7,9,ウインリュクス,54.0,永島まな,2:01.4,クビ,34.1,6.0,[西] 吉田直弘,2020105189,202410030707,3歳以上1勝クラス｜2024年7月20日 | 競馬データベース - netkeiba,2026-05-20T11:19:54.747076,牝,4,420.0,0.0,0,0,4.0,4.67,35.2,0.2,0,3,35.2,35.2,35.2,0.2,35.2
7.0,8,10,スウィートスカー,56.0,酒井学,2:01.5,1/2,44.3,8.0,[西] 鮫島一歩,2019106251,202410030707,3歳以上1勝クラス｜2024年7月20日 | 競馬データベース - netkeiba,2026-05-20T11:19:54.747076,牝,5,480.0,2.0,0,0,9.6,10.0,35.8,0.0943,0,8,35.8,35.8,35.8,0.0943,35.8
8.0,6,7,スナークサファイア,50.0,吉村誠之,2:01.9,2.1/2,15.9,5.0,[西] 川村禎彦,2021106176,202410030707,3歳以上1勝クラス｜2024年7月20日 | 競馬データベース - netkeiba,2026-05-20T11:19:54.747076,牝,3,470.0,-2.0,0,0,10.8,8.67,39.36,0.0847,0,12,39.36,39.36,39.36,0.0847,39.36
9.0,3,3,セルケト,55.0,田口貫太,2:02.3,2.1/2,47.7,9.0,[西] 藤野健太,2019105272,202410030707,3歳以上1勝クラス｜2024年7月20日 | 競馬データベース - netkeiba,2026-05-20T11:19:54.747076,牝,5,494.0,-2.0,0,0,9.6,10.67,36.4,0.0943,0,14,36.4,36.4,36.4,0.0943,36.4
10.0,5,5,マサハヤヴァンス,52.0,河原田菜,2:02.9,3.1/2,197.5,10.0,[西] 坂口智康,2020103084,202410030707,3歳以上1勝クラス｜2024年7月20日 | 競馬データベース - netkeiba,2026-05-20T11:19:54.747076,牝,4,430.0,-2.0,0,0,5.6,6.67,40.22,0.1515,0,7,40.22,40.22,40.22,0.1515,40.22
11.0,4,4,エニーアース,53.0,小崎綾也,2:03.4,3,396.8,11.0,[西] 小崎憲,2021102511,202410030707,3歳以上1勝クラス｜2024年7月20日 | 競馬データベース - netkeiba,2026-05-20T11:19:54.747076,牝,3,428.0,-3.0,0,0,11.75,10.0,38.15,0.0784,0,11,38.15,38.15,38.15,0.0784,38.15
1.0,7,12,メイショウフウドウ,54.0,西塚洸二,1:44.2,,11.0,6.0,[西] 藤原英昭,2021104445,202410030708,3歳以上1勝クラス｜2024年7月20日 | 競馬データベース - netkeiba,2026-05-20T11:20:21.688877,牡,3,482.0,-2.0,1,1,11.4,10.0,40.08,0.0806,0,16,40.08,40.08,40.08,0.0806,40.08
2.0,8,14,キャピタルサックス,55.0,松山弘平,1:44.2,アタマ,2.9,1.0,[西] 杉山晴紀,2021106706,202410030708,3歳以上1勝クラス｜2024年7月20日 | 競馬データベース - netkeiba,2026-05-20T11:20:21.688877,牡,3,500.0,2.0,0,1,4.8,4.33,36.88,0.1724,0,7,36.88,36.88,36.88,0.1724,36.88
3.0,4,7,エアフォースワン,58.0,幸英明,1:44.6,2.1/2,25.5,7.0,[西] 大根田裕,2019103506,202410030708,3歳以上1勝クラス｜2024年7月20日 | 競馬データベース - netkeiba,2026-05-20T11:20:21.688877,牡,5,482.0,16.0,0,1,3.2,3.0,37.64,0.2381,0,3,37.64,37.64,37.64,0.2381,37.64
4.0,7,13,デルマアートマン,55.0,小崎綾也,1:44.6,ハナ,7.4,4.0,[西] 友道康夫,2021104992,202410030708,3歳以上1勝クラス｜2024年7月20日 | 競馬データベース - netkeiba,2026-05-20T11:20:21.688877,セ,3,476.0,-2.0,0,0,3.2,4.0,39.78,0.2381,0,4,39.78,39.78,39.78,0.2381,39.78
5.0,2,3,サーティファイド,58.0,西村淳也,1:45.4,5,37.3,9.0,[西] 鮫島一歩,2019105857,202410030708,3歳以上1勝クラス｜2024年7月20日 | 競馬データベース - netkeiba,2026-05-20T11:20:21.688877,牡,5,478.0,0.0,0,0,4.4,4.0,40.04,0.1852,0,4,40.04,40.04,40.04,0.1852,40.04
6.0,5,9,ウインバリオス,58.0,Ｍ．デム,1:45.5,1,55.0,10.0,[西] 吉田直弘,2019100195,202410030708,3歳以上1勝クラス｜2024年7月20日 | 競馬データベース - netkeiba,2026-05-20T11:20:21.688877,牡,5,470.0,-2.0,0,0,7.6,6.67,38.82,0.1163,0,6,38.82,38.82,38.82,0.1163,38.82
7.0,2,2,ヴァンヴィーヴ,55.0,国分恭介,1:45.5,ハナ,3.8,2.0,[西] 牧浦充徳,2021101399,202410030708,3歳以上1勝クラス｜2024年7月20日 | 競馬データベース - netkeiba,2026-05-20T11:20:21.688877,牡,3,492.0,-4.0,0,0,2.4,2.0,33.62,0.2941,0,2,33.62,33.62,33.62,0.2941,33.62
8.0,1,1,ファストレーン,55.0,団野大成,1:45.6,クビ,6.2,3.0,[西] 野中賢二,2021104678,202410030708,3歳以上1勝クラス｜2024年7月20日 | 競馬データベース - netkeiba,2026-05-20T11:20:21.688877,牡,3,480.0,-12.0,0,0,1.8,2.0,37.58,0.3571,0,2,37.58,37.58,37.58,0.3571,37.58
9.0,6,10,タケノシンセイ,54.0,泉谷楓真,1:45.7,1/2,29.8,8.0,[西] 村山明,2021100376,202410030708,3歳以上1勝クラス｜2024年7月20日 | 競馬データベース - netkeiba,2026-05-20T11:20:21.688877,牡,3,456.0,4.0,0,0,6.0,4.0,38.94,0.1429,0,1,38.94,38.94,38.94,0.1429,38.94
10.0,6,11,オールスティール,56.0,永島まな,1:46.0,2,126.2,11.0,[西] 高橋康之,2020107142,202410030708,3歳以上1勝クラス｜2024年7月20日 | 競馬データベース - netkeiba,2026-05-20T11:20:21.688877,牡,4,466.0,-2.0,0,0,5.2,7.0,39.48,0.1613,0,10,39.48,39.48,39.48,0.1613,39.48
11.0,8,15,ヴォランテ,55.0,柴田裕一,1:46.1,クビ,391.1,15.0,[西] 羽月友彦,2020100593,202410030708,3歳以上1勝クラス｜2024年7月20日 | 競馬データベース - netkeiba,2026-05-20T11:20:21.688877,牡,4,462.0,6.0,0,0,4.8,3.67,34.22,0.1724,0,8,34.22,34.22,34.22,0.1724,34.22
12.0,3,5,メイショウフィガロ,57.0,秋山稔樹,1:46.3,1,149.3,14.0,[西] 高橋義忠,2019103400,202410030708,3歳以上1勝クラス｜2024年7月20日 | 競馬データベース - netkeiba,2026-05-20T11:20:21.688877,牡,5,462.0,-2.0,0,0,0.0,0.0,0.0,0.0,0,0,0.0,0.0,0.0,0.0,0.0
13.0,4,6,クールジャーマン,57.0,松本大輝,1:46.4,1/2,137.1,13.0,[西] 松下武士,2020100055,202410030708,3歳以上1勝クラス｜2024年7月20日 | 競馬データベース - netkeiba,2026-05-20T11:20:21.688877,牡,4,468.0,-10.0,0,0,5.4,4.33,40.82,0.1562,0,3,40.82,40.82,40.82,0.1562,40.82
14.0,5,8,テイエムデンセツ,54.0,田口貫太,1:47.5,7,8.3,5.0,[西] 鈴木孝志,2021102160,202410030708,3歳以上1勝クラス｜2024年7月20日 | 競馬データベース - netkeiba,2026-05-20T11:20:21.688877,牡,3,468.0,0.0,0,0,6.4,6.33,39.7,0.1351,0,7,39.7,39.7,39.7,0.1351,39.7
15.0,3,4,レッドルヴァンシュ,55.0,吉村誠之,1:49.4,大,136.9,12.0,[西] 音無秀孝,2020103699,202410030708,3歳以上1勝クラス｜2024年7月20日 | 競馬データベース - netkeiba,2026-05-20T11:20:21.688877,牡,4,500.0,0.0,0,0,10.4,15.67,39.12,0.0877,0,16,39.12,39.12,39.12,0.0877,39.12
1.0,4,8,ケイテンアイジン,55.0,永島まな,1:10.7,,6.1,2.0,[西] 谷潔,2022109119,202410030709,ひまわり賞｜2024年7月20日 | 競馬データベース - netkeiba,2026-05-20T11:21:02.753278,牡,2,476.0,-6.0,1,1,8.0,6.0,34.1,0.1111,0,9,34.1,34.1,34.1,0.1111,34.1
2.0,6,12,エイヨーアメジスト,55.0,田口貫太,1:10.9,3/4,1.3,1.0,[西] 牧田和弥,2022109145,202410030709,ひまわり賞｜2024年7月20日 | 競馬データベース - netkeiba,2026-05-20T11:21:02.753278,牝,2,438.0,-4.0,0,1,9.0,8.67,34.3,0.1,0,4,34.3,34.3,34.3,0.1,34.3
3.0,4,7,レーニス,53.0,秋山稔樹,1:10.9,クビ,7.7,3.0,[西] 宮徹,2022109114,202410030709,ひまわり賞｜2024年7月20日 | 競馬データベース - netkeiba,2026-05-20T11:21:02.753278,牝,2,438.0,6.0,0,1,6.0,4.67,39.66,0.1429,0,5,39.66,39.66,39.66,0.1429,39.66
4.0,1,2,コウユーモジョカー,55.0,団野大成,1:11.1,1.1/4,8.4,4.0,[西] 斉藤崇史,2022109164,202410030709,ひまわり賞｜2024年7月20日 | 競馬データベース - netkeiba,2026-05-20T11:21:02.753278,牝,2,446.0,-10.0,0,0,9.25,9.5,40.28,0.0976,0,3,40.28,40.28,40.28,0.0976,40.28
5.0,5,9,ランインザウインド,53.0,鷲頭虎太,1:11.6,3,80.2,6.0,[東] 堀内岳志,2022109139,202410030709,ひまわり賞｜2024年7月20日 | 競馬データベース - netkeiba,2026-05-20T11:21:02.753278,牡,2,480.0,-4.0,0,0,5.8,5.0,41.6,0.1471,0,1,41.6,41.6,41.6,0.1471,41.6
6.0,3,6,カシノクンプウ,53.0,酒井学,1:11.8,1.1/2,293.7,14.0,[西] 北出成人,2022109146,202410030709,ひまわり賞｜2024年7月20日 | 競馬データベース - netkeiba,2026-05-20T11:21:02.753278,牡,2,438.0,4.0,0,0,7.4,6.33,41.16,0.119,0,7,41.16,41.16,41.16,0.119,41.16
7.0,8,17,ニシノサンストーン,53.0,幸英明,1:11.9,3/4,50.4,5.0,[西] 北出成人,2022109162,202410030709,ひまわり賞｜2024年7月20日 | 競馬データベース - netkeiba,2026-05-20T11:21:02.753278,牡,2,456.0,2.0,0,0,4.6,6.33,39.18,0.1786,0,6,39.18,39.18,39.18,0.1786,39.18
8.0,7,14,ヤッホーキリシマ,53.0,小牧太,1:12.2,2,191.4,10.0,[西] 笹田和秀,2022109165,202410030709,ひまわり賞｜2024年7月20日 | 競馬データベース - netkeiba,2026-05-20T11:21:02.753278,牡,2,476.0,0.0,0,0,8.4,10.0,40.78,0.1064,0,12,40.78,40.78,40.78,0.1064,40.78
9.0,6,11,ジューシーオレンジ,53.0,吉村誠之,1:12.5,1.3/4,287.6,13.0,[東] 根本康広,2022109108,202410030709,ひまわり賞｜2024年7月20日 | 競馬データベース - netkeiba,2026-05-20T11:21:02.753278,牝,2,412.0,4.0,0,0,8.2,7.33,40.78,0.1087,0,9,40.78,40.78,40.78,0.1087,40.78
10.0,7,15,ナンシヨウト,53.0,河原田菜,1:12.7,1,141.1,7.0,[西] 岡田稲男,2022109118,202410030709,ひまわり賞｜2024年7月20日 | 競馬データベース - netkeiba,2026-05-20T11:21:02.753278,牝,2,442.0,14.0,0,0,3.8,4.33,40.02,0.2083,0,7,40.02,40.02,40.02,0.2083,40.02
11.0,1,1,カシノシンボル,53.0,和田翼,1:12.7,クビ,464.4,17.0,[西] 谷潔,2022109103,202410030709,ひまわり賞｜2024年7月20日 | 競馬データベース - netkeiba,2026-05-20T11:21:02.753278,牡,2,416.0,-4.0,0,0,9.8,10.67,42.08,0.0926,0,11,42.08,42.08,42.08,0.0926,42.08
12.0,3,5,イチザマジック,53.0,城戸義政,1:12.8,クビ,586.7,18.0,[東] 的場均,2022109117,202410030709,ひまわり賞｜2024年7月20日 | 競馬データベース - netkeiba,2026-05-20T11:21:02.753278,牝,2,420.0,8.0,0,0,8.2,11.0,42.0,0.1087,0,11,42.0,42.0,42.0,0.1087,42.0
13.0,5,10,ザボドフスキー,53.0,角田大和,1:13.4,4,209.2,11.0,[西] 藤沢則雄,2022109169,202410030709,ひまわり賞｜2024年7月20日 | 競馬データベース - netkeiba,2026-05-20T11:21:02.753278,牡,2,426.0,0.0,0,0,9.6,9.67,41.16,0.0943,0,11,41.16,41.16,41.16,0.0943,41.16
14.0,8,16,カシノベティ,53.0,松本大輝,1:13.8,2.1/2,461.5,16.0,[東] 和田雄二,2022109130,202410030709,ひまわり賞｜2024年7月20日 | 競馬データベース - netkeiba,2026-05-20T11:21:02.753278,牝,2,436.0,10.0,0,0,5.5,4.5,40.73,0.1538,0,5,40.73,40.73,40.73,0.1538,40.73
15.0,2,3,ウサギ,55.0,出水拓人,1:14.0,1.1/4,143.7,8.0,[地] 中川竜馬,2022109171,202410030709,ひまわり賞｜2024年7月20日 | 競馬データベース - netkeiba,2026-05-20T11:21:02.753278,牝,2,434.0,-3.0,0,0,9.4,10.33,41.94,0.0962,0,10,41.94,41.94,41.94,0.0962,41.94
16.0,8,18,カシノアップビート,55.0,飛田愛斗,1:14.6,3.1/2,188.9,9.0,[地] 鮫島克也,2022109107,202410030709,ひまわり賞｜2024年7月20日 | 競馬データベース - netkeiba,2026-05-20T11:21:02.753278,牝,2,426.0,-1.0,0,0,8.8,10.0,42.9,0.102,0,12,42.9,42.9,42.9,0.102,42.9
17.0,7,13,テイエムサガボーイ,55.0,石川慎将,1:15.0,2.1/2,219.6,12.0,[地] 平山宏秀,2022109155,202410030709,ひまわり賞｜2024年7月20日 | 競馬データベース - netkeiba,2026-05-20T11:21:02.753278,セ,2,460.0,7.0,0,0,9.4,11.0,41.36,0.0962,0,11,41.36,41.36,41.36,0.0962,41.36
18.0,2,4,サバイバルナイン,53.0,荻野極,1:15.7,4,394.8,15.0,[東] 和田雄二,2022109127,202410030709,ひまわり賞｜2024年7月20日 | 競馬データベース - netkeiba,2026-05-20T11:21:02.753278,牝,2,498.0,-6.0,0,0,3.4,3.33,39.2,0.2273,0,4,39.2,39.2,39.2,0.2273,39.2
1.0,3,5,シークレットキー,55.0,小沢大仁,1:44.5,,33.4,11.0,[西] 杉山晴紀,2021105489,202410030710,天草特別｜2024年7月20日 | 競馬データベース - netkeiba,2026-05-20T11:21:17.449070,牡,3,484.0,-10.0,1,1,11.2,10.0,36.93,0.082,0,9,36.93,36.93,36.93,0.082,36.93
2.0,7,14,クリオミニーズ,58.0,幸英明,1:44.5,ハナ,15.5,5.0,[西] 西園翔太,2019105171,202410030710,天草特別｜2024年7月20日 | 競馬データベース - netkeiba,2026-05-20T11:21:17.449070,牡,5,490.0,-2.0,0,1,6.0,6.0,38.12,0.1429,0,2,38.12,38.12,38.12,0.1429,38.12
3.0,2,4,イルミネーター,58.0,水口優也,1:44.6,1/2,82.8,13.0,[西] 羽月友彦,2017105895,202410030710,天草特別｜2024年7月20日 | 競馬データベース - netkeiba,2026-05-20T11:21:17.449070,牡,7,478.0,2.0,0,1,2.4,2.0,39.26,0.2941,0,2,39.26,39.26,39.26,0.2941,39.26
4.0,1,2,シンリミテス,58.0,西塚洸二,1:44.7,1/2,26.2,8.0,[西] 大根田裕,2019106148,202410030710,天草特別｜2024年7月20日 | 競馬データベース - netkeiba,2026-05-20T11:21:17.449070,牡,5,494.0,-6.0,0,0,4.2,1.0,38.8,0.1923,0,1,38.8,38.8,38.8,0.1923,38.8
5.0,3,6,トゥルブレンシア,58.0,Ｍ．デム,1:44.7,アタマ,69.9,12.0,[西] 藤沢則雄,2017103184,202410030710,天草特別｜2024年7月20日 | 競馬データベース - netkeiba,2026-05-20T11:21:17.449070,セ,7,454.0,-4.0,0,0,7.8,7.0,37.26,0.1136,0,7,37.26,37.26,37.26,0.1136,37.26
6.0,7,13,ジーニアスバローズ,58.0,西村淳也,1:44.8,クビ,2.7,1.0,[西] 辻野泰之,2020100681,202410030710,天草特別｜2024年7月20日 | 競馬データベース - netkeiba,2026-05-20T11:21:17.449070,牡,4,456.0,-8.0,0,0,10.8,12.67,37.26,0.0847,0,18,37.26,37.26,37.26,0.0847,37.26
7.0,1,1,ミヤジシャルマン,58.0,松山弘平,1:44.9,1/2,8.3,3.0,[西] 川村禎彦,2020101766,202410030710,天草特別｜2024年7月20日 | 競馬データベース - netkeiba,2026-05-20T11:21:17.449070,牡,4,494.0,2.0,0,0,5.8,1.33,38.35,0.1471,0,1,38.35,38.35,38.35,0.1471,38.35
8.0,4,7,メイショウマントル,58.0,国分優作,1:45.0,1/2,145.1,15.0,[西] 安達昭夫,2018100858,202410030710,天草特別｜2024年7月20日 | 競馬データベース - netkeiba,2026-05-20T11:21:17.449070,牡,6,516.0,-2.0,0,0,7.2,6.33,37.82,0.122,0,7,37.82,37.82,37.82,0.122,37.82
9.0,8,15,タイセイウォリアー,58.0,和田竜二,1:45.0,クビ,31.2,9.0,[西] 大橋勇樹,2020104148,202410030710,天草特別｜2024年7月20日 | 競馬データベース - netkeiba,2026-05-20T11:21:17.449070,牡,4,496.0,8.0,0,0,6.0,4.0,40.02,0.1429,0,1,40.02,40.02,40.02,0.1429,40.02
10.0,6,12,ツウカイリアル,58.0,田口貫太,1:45.4,2,3.3,2.0,[西] 庄野靖志,2020104872,202410030710,天草特別｜2024年7月20日 | 競馬データベース - netkeiba,2026-05-20T11:21:17.449070,牡,4,490.0,-2.0,0,0,5.6,6.33,38.76,0.1515,0,7,38.76,38.76,38.76,0.1515,38.76
11.0,5,9,タイキドミニオン,58.0,国分恭介,1:45.4,クビ,160.1,16.0,[西] 畑端省吾,2018106473,202410030710,天草特別｜2024年7月20日 | 競馬データベース - netkeiba,2026-05-20T11:21:17.449070,牡,6,524.0,-2.0,0,0,10.4,13.33,38.34,0.0877,0,11,38.34,38.34,38.34,0.0877,38.34
12.0,2,3,ノボリクレバー,56.0,酒井学,1:45.4,ハナ,23.6,7.0,[西] 石橋守,2020106393,202410030710,天草特別｜2024年7月20日 | 競馬データベース - netkeiba,2026-05-20T11:21:17.449070,牝,4,494.0,0.0,0,0,6.2,5.0,37.94,0.1389,0,10,37.94,37.94,37.94,0.1389,37.94
13.0,5,10,ワンダーブレット,58.0,小牧太,1:45.6,1,31.4,10.0,[西] 笹田和秀,2019102585,202410030710,天草特別｜2024年7月20日 | 競馬データベース - netkeiba,2026-05-20T11:21:17.449070,セ,5,504.0,-8.0,0,0,5.2,6.67,38.08,0.1613,0,11,38.08,38.08,38.08,0.1613,38.08
14.0,6,11,シュガーコルト,58.0,小崎綾也,1:45.7,1/2,17.0,6.0,[西] 寺島良,2019106364,202410030710,天草特別｜2024年7月20日 | 競馬データベース - netkeiba,2026-05-20T11:21:17.449070,セ,5,490.0,0.0,0,0,7.6,6.67,38.9,0.1163,0,6,38.9,38.9,38.9,0.1163,38.9
15.0,8,16,インテンソ,58.0,角田大和,1:45.9,1.1/2,8.6,4.0,[西] 松永幹夫,2020103636,202410030710,天草特別｜2024年7月20日 | 競馬データベース - netkeiba,2026-05-20T11:21:17.449070,牡,4,486.0,-4.0,0,0,14.6,16.33,38.4,0.0641,0,16,38.4,38.4,38.4,0.0641,38.4
16.0,4,8,カズロレアート,58.0,坂井瑠星,1:46.0,アタマ,141.4,14.0,[西] 藤野健太,2018105117,202410030710,天草特別｜2024年7月20日 | 競馬データベース - netkeiba,2026-05-20T11:21:17.449070,牡,6,494.0,-2.0,0,0,4.0,3.67,39.74,0.2,0,1,39.74,39.74,39.74,0.2,39.74
1.0,6,7,マイネルメモリー,58.0,和田竜二,2:00.2,,5.2,2.0,[西] 宮徹,2020105750,202410030711,テレQ杯｜2024年7月20日 | 競馬データベース - netkeiba,2026-05-20T11:22:02.868544,牡,4,460.0,-6.0,1,1,9.8,8.0,34.82,0.0926,0,8,34.82,34.82,34.82,0.0926,34.82
2.0,7,10,シェイクユアハート,58.0,秋山稔樹,2:00.3,1/2,5.7,3.0,[西] 宮徹,2020103101,202410030711,テレQ杯｜2024年7月20日 | 競馬データベース - netkeiba,2026-05-20T11:22:02.868544,牡,4,434.0,-16.0,0,1,3.8,2.0,33.68,0.2083,0,1,33.68,33.68,33.68,0.2083,33.68
3.0,2,2,ラスマドレス,56.0,横山典弘,2:00.4,3/4,10.3,5.0,[西] 安田翔伍,2019105048,202410030711,テレQ杯｜2024年7月20日 | 競馬データベース - netkeiba,2026-05-20T11:22:02.868544,牝,5,470.0,-4.0,0,1,9.0,10.67,35.66,0.1,0,16,35.66,35.66,35.66,0.1,35.66
4.0,1,1,マテンロウアレス,58.0,太宰啓介,2:00.6,1,13.8,7.0,[西] 昆貢,2018103927,202410030711,テレQ杯｜2024年7月20日 | 競馬データベース - netkeiba,2026-05-20T11:22:02.868544,セ,6,494.0,-6.0,0,0,10.8,13.33,36.74,0.0847,0,11,36.74,36.74,36.74,0.0847,36.74
5.0,4,4,セブンマジシャン,58.0,西村淳也,2:00.8,1,2.4,1.0,[西] 高野友和,2020103521,202410030711,テレQ杯｜2024年7月20日 | 競馬データベース - netkeiba,2026-05-20T11:22:02.868544,牡,4,496.0,-2.0,0,0,4.2,4.0,33.68,0.1923,0,4,33.68,33.68,33.68,0.1923,33.68
6.0,3,3,ロワンディシー,58.0,幸英明,2:01.3,3,51.9,9.0,[西] 北出成人,2018100043,202410030711,テレQ杯｜2024年7月20日 | 競馬データベース - netkeiba,2026-05-20T11:22:02.868544,牡,6,458.0,2.0,0,0,12.4,13.67,36.3,0.0746,0,16,36.3,36.3,36.3,0.0746,36.3
7.0,5,6,ウインリブルマン,58.0,団野大成,2:01.3,クビ,15.6,8.0,[西] 緒方努,2018101621,202410030711,テレQ杯｜2024年7月20日 | 競馬データベース - netkeiba,2026-05-20T11:22:02.868544,牡,6,500.0,2.0,0,0,11.4,11.0,40.04,0.0806,0,15,40.04,40.04,40.04,0.0806,40.04
8.0,8,12,ヴェローナシチー,58.0,酒井学,2:01.6,1.3/4,8.2,4.0,[西] 佐々木晶,2019100126,202410030711,テレQ杯｜2024年7月20日 | 競馬データベース - netkeiba,2026-05-20T11:22:02.868544,牡,5,520.0,14.0,0,0,7.4,7.67,36.46,0.119,0,4,36.46,36.46,36.46,0.119,36.46
9.0,6,8,ブラックシールド,58.0,角田大和,2:01.6,クビ,182.3,11.0,[西] 小栗実,2019105197,202410030711,テレQ杯｜2024年7月20日 | 競馬データベース - netkeiba,2026-05-20T11:22:02.868544,牡,5,464.0,4.0,0,0,9.6,11.0,35.18,0.0943,0,14,35.18,35.18,35.18,0.0943,35.18
10.0,5,5,グランデサラス,58.0,松山弘平,2:01.9,1.3/4,12.8,6.0,[西] 池添学,2020105089,202410030711,テレQ杯｜2024年7月20日 | 競馬データベース - netkeiba,2026-05-20T11:22:02.868544,牡,4,494.0,0.0,0,0,9.2,11.0,34.06,0.098,0,11,34.06,34.06,34.06,0.098,34.06
11.0,7,9,カシノブレンド,58.0,川須栄彦,2:02.9,6,251.6,12.0,[東] 蛯名利弘,2016100297,202410030711,テレQ杯｜2024年7月20日 | 競馬データベース - netkeiba,2026-05-20T11:22:02.868544,セ,8,466.0,0.0,0,0,5.0,4.67,39.24,0.1667,0,6,39.24,39.24,39.24,0.1667,39.24
12.0,8,11,ナムラカミカゼ,58.0,泉谷楓真,2:03.4,3,109.8,10.0,[西] 村山明,2017100084,202410030711,テレQ杯｜2024年7月20日 | 競馬データベース - netkeiba,2026-05-20T11:22:02.868544,牡,7,492.0,-20.0,0,0,0.0,0.0,0.0,0.0,0,0,0.0,0.0,0.0,0.0,0.0
1.0,5,9,エイムインライフ,55.0,角田大和,1:08.4,,19.3,8.0,[西] 角田晃一,2020110068,202410030712,3歳以上1勝クラス｜2024年7月20日 | 競馬データベース - netkeiba,2026-05-20T11:22:41.391233,牝,4,472.0,6.0,1,1,5.8,7.0,35.12,0.1471,0,13,35.12,35.12,35.12,0.1471,35.12
2.0,7,13,ラブディーヴァ,52.0,小沢大仁,1:08.4,アタマ,26.1,11.0,[西] 杉山晴紀,2021104074,202410030712,3歳以上1勝クラス｜2024年7月20日 | 競馬データベース - netkeiba,2026-05-20T11:22:41.391233,牝,3,444.0,-2.0,0,1,7.2,6.0,35.28,0.122,0,10,35.28,35.28,35.28,0.122,35.28
3.0,6,11,レディメローラ,55.0,秋山稔樹,1:08.5,1/2,34.0,12.0,[西] 北出成人,2020101229,202410030712,3歳以上1勝クラス｜2024年7月20日 | 競馬データベース - netkeiba,2026-05-20T11:22:41.391233,牝,4,412.0,0.0,0,1,11.4,14.0,35.18,0.0806,0,14,35.18,35.18,35.18,0.0806,35.18
4.0,8,16,ソノママソノママ,56.0,坂井瑠星,1:08.5,アタマ,4.2,1.0,[西] 奥村豊,2020101517,202410030712,3歳以上1勝クラス｜2024年7月20日 | 競馬データベース - netkeiba,2026-05-20T11:22:41.391233,牝,4,444.0,-2.0,0,0,7.6,7.67,34.52,0.1163,0,12,34.52,34.52,34.52,0.1163,34.52
5.0,1,2,セレッソデアモール,56.0,川須栄彦,1:08.6,3/4,21.2,9.0,[西] 庄野靖志,2020106777,202410030712,3歳以上1勝クラス｜2024年7月20日 | 競馬データベース - netkeiba,2026-05-20T11:22:41.391233,牝,4,470.0,2.0,0,0,6.25,4.0,33.83,0.1379,0,4,33.83,33.83,33.83,0.1379,33.83
6.0,4,8,サンライズプルート,58.0,松山弘平,1:08.8,3/4,4.4,2.0,[西] 音無秀孝,2020102326,202410030712,3歳以上1勝クラス｜2024年7月20日 | 競馬データベース - netkeiba,2026-05-20T11:22:41.391233,牡,4,468.0,0.0,0,0,8.8,11.67,37.4,0.102,0,9,37.4,37.4,37.4,0.102,37.4
7.0,8,18,コスモグングニール,55.0,吉村誠之,1:08.8,クビ,17.7,7.0,[西] 緒方努,2020102271,202410030712,3歳以上1勝クラス｜2024年7月20日 | 競馬データベース - netkeiba,2026-05-20T11:22:41.391233,牡,4,510.0,-6.0,0,0,5.4,5.0,35.26,0.1562,0,7,35.26,35.26,35.26,0.1562,35.26
8.0,3,6,フェゲフォイア,58.0,幸英明,1:08.8,アタマ,84.1,15.0,[西] 岡田稲男,2020106355,202410030712,3歳以上1勝クラス｜2024年7月20日 | 競馬データベース - netkeiba,2026-05-20T11:22:41.391233,牡,4,452.0,4.0,0,0,7.8,9.67,36.48,0.1136,0,10,36.48,36.48,36.48,0.1136,36.48
9.0,3,5,キーウェーブ,55.0,和田竜二,1:09.3,3,8.5,4.0,[西] 川村禎彦,2021102561,202410030712,3歳以上1勝クラス｜2024年7月20日 | 競馬データベース - netkeiba,2026-05-20T11:22:41.391233,牡,3,424.0,4.0,0,0,8.4,9.67,34.66,0.1064,0,14,34.66,34.66,34.66,0.1064,34.66
10.0,1,1,アパショナード,55.0,鷲頭虎太,1:09.3,アタマ,82.4,14.0,[西] 千田輝彦,2019103876,202410030712,3歳以上1勝クラス｜2024年7月20日 | 競馬データベース - netkeiba,2026-05-20T11:22:41.391233,牡,5,416.0,-6.0,0,0,9.5,10.0,37.72,0.0952,0,12,37.72,37.72,37.72,0.0952,37.72
11.0,2,3,アエリーゾ,55.0,田口貫太,1:09.3,アタマ,12.2,6.0,[西] 庄野靖志,2019105265,202410030712,3歳以上1勝クラス｜2024年7月20日 | 競馬データベース - netkeiba,2026-05-20T11:22:41.391233,牝,5,460.0,0.0,0,0,5.6,7.67,34.18,0.1515,0,7,34.18,34.18,34.18,0.1515,34.18
12.0,7,15,ハッピーアズラリー,56.0,横山典弘,1:09.4,クビ,34.9,13.0,[西] 安田翔伍,2020101121,202410030712,3歳以上1勝クラス｜2024年7月20日 | 競馬データベース - netkeiba,2026-05-20T11:22:41.391233,牝,4,450.0,10.0,0,0,7.8,8.67,35.48,0.1136,0,8,35.48,35.48,35.48,0.1136,35.48
13.0,8,17,ダイヤモンドフジ,58.0,国分恭介,1:09.4,クビ,25.5,10.0,[西] 宮本博,2019109096,202410030712,3歳以上1勝クラス｜2024年7月20日 | 競馬データベース - netkeiba,2026-05-20T11:22:41.391233,牡,5,456.0,-6.0,0,0,0.0,0.0,0.0,0.0,0,0,0.0,0.0,0.0,0.0,0.0
14.0,6,12,ヴィヴィッシモ,58.0,西村淳也,1:09.5,3/4,5.6,3.0,[西] 松永幹夫,2020102637,202410030712,3歳以上1勝クラス｜2024年7月20日 | 競馬データベース - netkeiba,2026-05-20T11:22:41.391233,牡,4,460.0,-8.0,0,0,10.2,11.67,36.74,0.0893,0,9,36.74,36.74,36.74,0.0893,36.74
15.0,2,4,ハルカナネガイ,53.0,柴田裕一,1:10.1,3.1/2,279.0,17.0,[西] 藤沢則雄,2019102062,202410030712,3歳以上1勝クラス｜2024年7月20日 | 競馬データベース - netkeiba,2026-05-20T11:22:41.391233,牝,5,430.0,0.0,0,0,2.6,2.33,38.78,0.2778,0,3,38.78,38.78,38.78,0.2778,38.78
16.0,4,7,ハイライフ,55.0,西塚洸二,1:10.2,クビ,334.7,18.0,[西] 藤沢則雄,2018100772,202410030712,3歳以上1勝クラス｜2024年7月20日 | 競馬データベース - netkeiba,2026-05-20T11:22:41.391233,牝,6,436.0,-10.0,0,0,6.4,6.33,41.14,0.1351,0,6,41.14,41.14,41.14,0.1351,41.14
17.0,5,10,スイープラン,52.0,河原田菜,1:10.2,クビ,187.3,16.0,[西] 渡辺薫彦,2020102294,202410030712,3歳以上1勝クラス｜2024年7月20日 | 競馬データベース - netkeiba,2026-05-20T11:22:41.391233,牝,4,446.0,-2.0,0,0,10.8,13.33,36.4,0.0847,0,14,36.4,36.4,36.4,0.0847,36.4
18.0,7,14,ダディーズアイル,53.0,永島まな,1:12.1,大,11.1,5.0,[西] 千田輝彦,2021104673,202410030712,3歳以上1勝クラス｜2024年7月20日 | 競馬データベース - netkeiba,2026-05-20T11:22:41.391233,牡,3,474.0,8.0,0,0,9.8,10.33,37.14,0.0926,0,12,37.14,37.14,37.14,0.0926,37.14
1.0,7,7,ミッドナイトゲイル,52.0,小林勝太,0:59.6,,2.0,1.0,[西] 小栗実,2022105724,202401010201,2歳未勝利｜2024年7月21日 | 競馬データベース - netkeiba,2026-05-20T11:23:32.975124,牝,2,460.0,4.0,1,1,4.2,2.33,37.84,0.1923,0,4,37.84,37.84,37.84,0.1923,37.84
2.0,5,5,ルークススペイ,55.0,永野猛蔵,1:00.5,5,2.4,2.0,[東] 伊藤圭三,2022101543,202401010201,2歳未勝利｜2024年7月21日 | 競馬データベース - netkeiba,2026-05-20T11:23:32.975124,牡,2,480.0,4.0,0,1,2.2,2.0,36.24,0.3125,0,4,36.24,36.24,36.24,0.3125,36.24
3.0,3,3,モーニングスター,52.0,川端海翼,1:00.6,クビ,31.2,7.0,[東] 加藤和宏,2022106335,202401010201,2歳未勝利｜2024年7月21日 | 競馬データベース - netkeiba,2026-05-20T11:23:32.975124,牝,2,424.0,2.0,0,1,10.8,12.33,40.78,0.0847,0,13,40.78,40.78,40.78,0.0847,40.78
4.0,2,2,トゥインクルアップ,55.0,鮫島克駿,1:01.2,4,19.6,5.0,[西] 杉山佳明,2022100065,202401010201,2歳未勝利｜2024年7月21日 | 競馬データベース - netkeiba,2026-05-20T11:23:32.975124,牝,2,468.0,-2.0,0,0,5.4,3.67,37.52,0.1562,0,4,37.52,37.52,37.52,0.1562,37.52
5.0,4,4,オイランブチ,52.0,長浜鴻緒,1:01.2,アタマ,12.1,4.0,[東] 的場均,2022103192,202401010201,2歳未勝利｜2024年7月21日 | 競馬データベース - netkeiba,2026-05-20T11:23:32.975124,牝,2,430.0,-4.0,0,0,6.6,7.67,43.96,0.1316,0,8,43.96,43.96,43.96,0.1316,43.96
6.0,1,1,メイショウホダワラ,55.0,富田暁,1:01.3,1/2,21.2,6.0,[西] 荒川義之,2022103237,202401010201,2歳未勝利｜2024年7月21日 | 競馬データベース - netkeiba,2026-05-20T11:23:32.975124,牝,2,472.0,2.0,0,0,8.0,12.0,37.42,0.1111,0,16,37.42,37.42,37.42,0.1111,37.42
7.0,6,6,ラヴィングユー,55.0,菱田裕二,1:01.4,クビ,7.0,3.0,[西] 谷潔,2022100359,202401010201,2歳未勝利｜2024年7月21日 | 競馬データベース - netkeiba,2026-05-20T11:23:32.975124,牝,2,490.0,6.0,0,0,7.5,10.5,38.4,0.1176,0,7,38.4,38.4,38.4,0.1176,38.4
1.0,6,10,オーロヴェール,55.0,浜中俊,1:47.3,,6.0,3.0,[西] 田中克典,2021103232,202401010202,3歳未勝利｜2024年7月21日 | 競馬データベース - netkeiba,2026-05-20T11:23:45.121514,牝,3,480.0,-2.0,1,1,5.4,5.33,39.1,0.1562,0,4,39.1,39.1,39.1,0.1562,39.1
2.0,8,13,サンネリネ,55.0,古川吉洋,1:48.2,5,6.0,2.0,[西] 畑端省吾,2021101298,202401010202,3歳未勝利｜2024年7月21日 | 競馬データベース - netkeiba,2026-05-20T11:23:45.121514,牝,3,460.0,0.0,0,1,6.6,7.33,39.98,0.1316,0,12,39.98,39.98,39.98,0.1316,39.98
3.0,5,8,イッツナッシング,55.0,丹内祐次,1:48.5,1.1/2,3.2,1.0,[東] 水野貴広,2021103040,202401010202,3歳未勝利｜2024年7月21日 | 競馬データベース - netkeiba,2026-05-20T11:23:45.121514,牝,3,432.0,12.0,0,1,4.2,4.0,39.86,0.1923,0,5,39.86,39.86,39.86,0.1923,39.86
4.0,8,14,ヤマニンファリダ,52.0,長浜鴻緒,1:48.6,3/4,126.7,12.0,[東] 千葉直人,2021106599,202401010202,3歳未勝利｜2024年7月21日 | 競馬データベース - netkeiba,2026-05-20T11:23:45.121514,牝,3,448.0,2.0,0,0,6.0,6.67,40.76,0.1429,0,9,40.76,40.76,40.76,0.1429,40.76
5.0,4,5,メイショウコオロギ,55.0,武豊,1:49.1,3,9.1,6.0,[東] 和田勇介,2021102867,202401010202,3歳未勝利｜2024年7月21日 | 競馬データベース - netkeiba,2026-05-20T11:23:45.121514,牝,3,428.0,-4.0,0,0,4.2,4.33,40.36,0.1923,0,9,40.36,40.36,40.36,0.1923,40.36
6.0,1,1,フェイマスグラース,55.0,菱田裕二,1:49.2,アタマ,18.2,8.0,[西] 谷潔,2021104688,202401010202,3歳未勝利｜2024年7月21日 | 競馬データベース - netkeiba,2026-05-20T11:23:45.121514,牝,3,476.0,2.0,0,0,5.4,6.67,39.66,0.1562,0,1,39.66,39.66,39.66,0.1562,39.66
7.0,7,11,ブレイクショット,55.0,横山武史,1:49.3,3/4,14.7,7.0,[東] 村田一誠,2021103011,202401010202,3歳未勝利｜2024年7月21日 | 競馬データベース - netkeiba,2026-05-20T11:23:45.121514,牝,3,460.0,-4.0,0,0,7.8,6.33,39.04,0.1136,0,4,39.04,39.04,39.04,0.1136,39.04
8.0,5,7,オンザジュピター,55.0,富田暁,1:49.4,3/4,21.6,9.0,[東] 大和田成,2021105087,202401010202,3歳未勝利｜2024年7月21日 | 競馬データベース - netkeiba,2026-05-20T11:23:45.121514,牝,3,458.0,-6.0,0,0,9.0,8.33,39.85,0.1,0,11,39.85,39.85,39.85,0.1,39.85
9.0,3,4,エールクイーン,55.0,川又賢治,1:50.2,5,138.9,13.0,[西] 牧田和弥,2021106669,202401010202,3歳未勝利｜2024年7月21日 | 競馬データベース - netkeiba,2026-05-20T11:23:45.121514,牝,3,474.0,0.0,0,0,4.2,3.67,41.14,0.1923,0,3,41.14,41.14,41.14,0.1923,41.14
10.0,6,9,アンビシュー,54.0,角田大河,1:50.2,ハナ,47.9,11.0,[西] 池江泰寿,2021102756,202401010202,3歳未勝利｜2024年7月21日 | 競馬データベース - netkeiba,2026-05-20T11:23:45.121514,牝,3,466.0,10.0,0,0,8.8,12.0,38.34,0.102,0,13,38.34,38.34,38.34,0.102,38.34
11.0,3,3,クラペ,55.0,大野拓弥,1:50.8,3.1/2,33.6,10.0,[東] 中川公成,2021105852,202401010202,3歳未勝利｜2024年7月21日 | 競馬データベース - netkeiba,2026-05-20T11:23:45.121514,牝,3,424.0,2.0,0,0,9.6,10.0,36.64,0.0943,0,11,36.64,36.64,36.64,0.0943,36.64
12.0,2,2,ワールドジェニー,55.0,小林凌大,1:51.6,5,245.2,14.0,[東] 牧光二,2021102011,202401010202,3歳未勝利｜2024年7月21日 | 競馬データベース - netkeiba,2026-05-20T11:23:45.121514,牝,3,424.0,0.0,0,0,9.2,9.0,40.24,0.098,0,6,40.24,40.24,40.24,0.098,40.24
13.0,4,6,ピアリ,55.0,北村友一,1:51.7,クビ,8.5,5.0,[西] 高橋一哉,2021105701,202401010202,3歳未勝利｜2024年7月21日 | 競馬データベース - netkeiba,2026-05-20T11:23:45.121514,牝,3,476.0,4.0,0,0,7.0,8.0,41.64,0.125,0,8,41.64,41.64,41.64,0.125,41.64
14.0,7,12,ブランシール,52.0,小林勝太,1:56.3,大,6.9,4.0,[東] 稲垣幸雄,2021105797,202401010202,3歳未勝利｜2024年7月21日 | 競馬データベース - netkeiba,2026-05-20T11:23:45.121514,牝,3,450.0,-2.0,0,0,8.6,12.0,41.52,0.1042,0,14,41.52,41.52,41.52,0.1042,41.52
1.0,1,2,ファイツオン,57.0,藤岡佑介,1:08.2,,2.7,1.0,[西] 藤岡健一,2021100476,202401010203,3歳未勝利｜2024年7月21日 | 競馬データベース - netkeiba,2026-05-20T11:24:21.342059,牡,3,508.0,-6.0,1,1,11.0,10.33,36.73,0.0833,0,8,36.73,36.73,36.73,0.0833,36.73
2.0,5,10,グランテレーズ,55.0,鮫島克駿,1:08.5,2,6.8,3.0,[西] 渡辺薫彦,2021102401,202401010203,3歳未勝利｜2024年7月21日 | 競馬データベース - netkeiba,2026-05-20T11:24:21.342059,牝,3,442.0,4.0,0,1,5.0,5.67,34.64,0.1667,0,2,34.64,34.64,34.64,0.1667,34.64
3.0,4,7,ロジカルワーズ,57.0,大野拓弥,1:08.6,クビ,4.4,2.0,[東] 大竹正博,2021110020,202401010203,3歳未勝利｜2024年7月21日 | 競馬データベース - netkeiba,2026-05-20T11:24:21.342059,牡,3,504.0,-4.0,0,1,5.2,7.0,33.94,0.1613,0,5,33.94,33.94,33.94,0.1613,33.94
4.0,1,1,リュサントノレ,55.0,武豊,1:08.7,1,7.6,4.0,[西] 音無秀孝,2021105275,202401010203,3歳未勝利｜2024年7月21日 | 競馬データベース - netkeiba,2026-05-20T11:24:21.342059,牝,3,444.0,4.0,0,0,5.8,8.0,38.88,0.1471,0,11,38.88,38.88,38.88,0.1471,38.88
5.0,7,13,レガシーオブエリザ,55.0,佐々木大,1:08.8,クビ,23.0,8.0,[東] 青木孝文,2021105915,202401010203,3歳未勝利｜2024年7月21日 | 競馬データベース - netkeiba,2026-05-20T11:24:21.342059,牝,3,434.0,2.0,0,0,9.4,7.33,40.16,0.0962,0,11,40.16,40.16,40.16,0.0962,40.16
6.0,3,6,キルケロッソ,52.0,川端海翼,1:09.0,1.1/2,17.3,6.0,[西] 村山明,2021106019,202401010203,3歳未勝利｜2024年7月21日 | 競馬データベース - netkeiba,2026-05-20T11:24:21.342059,牝,3,448.0,4.0,0,0,7.0,10.33,39.64,0.125,0,11,39.64,39.64,39.64,0.125,39.64
7.0,3,5,イロンデル,57.0,古川吉洋,1:09.0,アタマ,34.3,11.0,[東] 小手川準,2021101956,202401010203,3歳未勝利｜2024年7月21日 | 競馬データベース - netkeiba,2026-05-20T11:24:21.342059,牡,3,470.0,2.0,0,0,4.0,1.33,38.52,0.2,0,1,38.52,38.52,38.52,0.2,38.52
8.0,6,12,コスモバシレウス,57.0,丹内祐次,1:09.1,アタマ,26.3,10.0,[西] 西園正都,2021106806,202401010203,3歳未勝利｜2024年7月21日 | 競馬データベース - netkeiba,2026-05-20T11:24:21.342059,牡,3,448.0,-4.0,0,0,4.0,2.0,39.33,0.2,0,2,39.33,39.33,39.33,0.2,39.33
9.0,2,4,リーサムギニー,57.0,横山和生,1:09.2,3/4,21.9,7.0,[西] 矢作芳人,2021110081,202401010203,3歳未勝利｜2024年7月21日 | 競馬データベース - netkeiba,2026-05-20T11:24:21.342059,牡,3,492.0,6.0,0,0,9.4,11.33,36.8,0.0962,0,9,36.8,36.8,36.8,0.0962,36.8
10.0,8,15,カズヴィトシャ,57.0,永野猛蔵,1:09.4,3/4,56.5,13.0,[西] 高柳大輔,2021107182,202401010203,3歳未勝利｜2024年7月21日 | 競馬データベース - netkeiba,2026-05-20T11:24:21.342059,牡,3,528.0,6.0,0,0,5.6,5.0,38.9,0.1515,0,2,38.9,38.9,38.9,0.1515,38.9
11.0,7,14,ヴェルダージ,55.0,北村友一,1:09.5,3/4,25.2,9.0,[西] 寺島良,2021103013,202401010203,3歳未勝利｜2024年7月21日 | 競馬データベース - netkeiba,2026-05-20T11:24:21.342059,牝,3,504.0,4.0,0,0,5.8,6.33,37.56,0.1471,0,11,37.56,37.56,37.56,0.1471,37.56
11.0,8,16,ミニマルデザイン,55.0,横山武史,1:09.5,同着,15.8,5.0,[東] 岩戸孝樹,2021101398,202401010203,3歳未勝利｜2024年7月21日 | 競馬データベース - netkeiba,2026-05-20T11:24:21.342059,牝,3,466.0,8.0,0,0,13.8,12.67,35.8,0.0676,0,13,35.8,35.8,35.8,0.0676,35.8
13.0,4,8,テリオスソラ,54.0,角田大河,1:09.5,ハナ,54.0,12.0,[西] 松下武士,2021104037,202401010203,3歳未勝利｜2024年7月21日 | 競馬データベース - netkeiba,2026-05-20T11:24:21.342059,牝,3,472.0,2.0,0,0,6.2,5.67,40.96,0.1389,0,10,40.96,40.96,40.96,0.1389,40.96
14.0,5,9,ポリトナリティー,52.0,小林勝太,1:09.5,アタマ,95.1,15.0,[東] 和田雄二,2021100016,202401010203,3歳未勝利｜2024年7月21日 | 競馬データベース - netkeiba,2026-05-20T11:24:21.342059,牝,3,412.0,-2.0,0,0,11.0,10.33,0.0,0.0833,0,10,0.0,0.0,0.0,0.0833,0.0
15.0,2,3,アールヴヘイム,55.0,菱田裕二,1:09.5,クビ,172.3,16.0,[西] 小崎憲,2021110110,202401010203,3歳未勝利｜2024年7月21日 | 競馬データベース - netkeiba,2026-05-20T11:24:21.342059,牝,3,448.0,0.0,0,0,9.8,11.0,38.78,0.0926,0,11,38.78,38.78,38.78,0.0926,38.78
16.0,6,11,ヴィーケン,57.0,富田暁,1:09.8,1.1/2,80.9,14.0,[西] 高橋康之,2021100698,202401010203,3歳未勝利｜2024年7月21日 | 競馬データベース - netkeiba,2026-05-20T11:24:21.342059,牡,3,492.0,4.0,0,0,3.0,3.33,38.64,0.25,0,5,38.64,38.64,38.64,0.25,38.64
1.0,4,6,トモジャシャトー,54.0,長浜鴻緒,1:47.5,,3.3,1.0,[東] 小笠倫弘,2021101041,202401010204,3歳未勝利｜2024年7月21日 | 競馬データベース - netkeiba,2026-05-20T11:24:59.058092,牡,3,470.0,0.0,1,1,9.0,10.67,40.1,0.1,0,12,40.1,40.1,40.1,0.1,40.1
2.0,4,5,ポンヌフ,55.0,佐々木大,1:47.8,1.1/2,7.0,5.0,[西] 吉村圭司,2021110141,202401010204,3歳未勝利｜2024年7月21日 | 競馬データベース - netkeiba,2026-05-20T11:24:59.058092,牝,3,454.0,-6.0,0,1,3.4,3.67,39.08,0.2273,0,6,39.08,39.08,39.08,0.2273,39.08
3.0,7,12,ランドマックス,57.0,菱田裕二,1:47.8,ハナ,4.3,3.0,[東] 本間忍,2021100251,202401010204,3歳未勝利｜2024年7月21日 | 競馬データベース - netkeiba,2026-05-20T11:24:59.058092,牡,3,480.0,4.0,0,1,6.8,8.67,39.94,0.1282,0,10,39.94,39.94,39.94,0.1282,39.94
4.0,7,11,ドンクロノス,57.0,北村友一,1:48.1,1.3/4,53.0,8.0,[東] 本間忍,2021101863,202401010204,3歳未勝利｜2024年7月21日 | 競馬データベース - netkeiba,2026-05-20T11:24:59.058092,牡,3,444.0,0.0,0,0,8.6,10.67,42.56,0.1042,0,10,42.56,42.56,42.56,0.1042,42.56
5.0,8,14,オーヴァーマスター,57.0,丹内祐次,1:48.1,クビ,5.5,4.0,[西] 石坂公一,2021101433,202401010204,3歳未勝利｜2024年7月21日 | 競馬データベース - netkeiba,2026-05-20T11:24:59.058092,牡,3,454.0,8.0,0,0,0.0,0.0,0.0,0.0,0,0,0.0,0.0,0.0,0.0,0.0
6.0,6,9,アドアプローズ,57.0,大野拓弥,1:48.1,アタマ,47.4,7.0,[東] 小手川準,2021107224,202401010204,3歳未勝利｜2024年7月21日 | 競馬データベース - netkeiba,2026-05-20T11:24:59.058092,牡,3,458.0,4.0,0,0,8.2,10.33,36.93,0.1087,0,9,36.93,36.93,36.93,0.1087,36.93
7.0,3,3,アラタマフェーヴル,56.0,角田大河,1:48.8,4,14.3,6.0,[西] 浜田多実,2021102115,202401010204,3歳未勝利｜2024年7月21日 | 競馬データベース - netkeiba,2026-05-20T11:24:59.058092,牡,3,492.0,6.0,0,0,8.4,7.0,35.28,0.1064,0,6,35.28,35.28,35.28,0.1064,35.28
8.0,3,4,シュンプウ,57.0,横山武史,1:48.9,クビ,4.2,2.0,[西] 吉田直弘,2021102762,202401010204,3歳未勝利｜2024年7月21日 | 競馬データベース - netkeiba,2026-05-20T11:24:59.058092,牡,3,442.0,2.0,0,0,5.8,4.33,39.94,0.1471,0,1,39.94,39.94,39.94,0.1471,39.94
9.0,5,8,ジューンサレンダー,57.0,鮫島克駿,1:50.4,9,80.8,10.0,[西] 今野貞一,2021100923,202401010204,3歳未勝利｜2024年7月21日 | 競馬データベース - netkeiba,2026-05-20T11:24:59.058092,牡,3,450.0,0.0,0,0,4.2,5.0,42.36,0.1923,0,2,42.36,42.36,42.36,0.1923,42.36
10.0,2,2,アイアムイブシギン,57.0,黛弘人,1:50.5,3/4,77.5,9.0,[東] 奥平雅士,2021102897,202401010204,3歳未勝利｜2024年7月21日 | 競馬データベース - netkeiba,2026-05-20T11:24:59.058092,牡,3,466.0,-8.0,0,0,6.4,3.67,41.1,0.1351,0,4,41.1,41.1,41.1,0.1351,41.1
11.0,5,7,フォルガイル,57.0,岩橋勇二,1:50.7,3/4,81.1,11.0,[東] 加藤和宏,2021101164,202401010204,3歳未勝利｜2024年7月21日 | 競馬データベース - netkeiba,2026-05-20T11:24:59.058092,牡,3,440.0,-4.0,0,0,4.8,5.0,0.0,0.1724,0,4,0.0,0.0,0.0,0.1724,0.0
12.0,8,13,ルミナスビューティ,55.0,永野猛蔵,1:50.9,1.1/4,128.0,13.0,[東] 粕谷昌央,2021103294,202401010204,3歳未勝利｜2024年7月21日 | 競馬データベース - netkeiba,2026-05-20T11:24:59.058092,牝,3,444.0,-4.0,0,0,6.2,5.0,41.28,0.1389,0,5,41.28,41.28,41.28,0.1389,41.28
13.0,1,1,アツキヤマト,57.0,亀田温心,1:52.1,7,84.1,12.0,[東] 栗田徹,2021103918,202401010204,3歳未勝利｜2024年7月21日 | 競馬データベース - netkeiba,2026-05-20T11:24:59.058092,牡,3,516.0,16.0,0,0,5.2,7.0,37.22,0.1613,0,12,37.22,37.22,37.22,0.1613,37.22
,6,10,ゲームアップロード,54.0,小林勝太,,,,,[東] 宗像義忠,2021104898,202401010204,3歳未勝利｜2024年7月21日 | 競馬データベース - netkeiba,2026-05-20T11:24:59.058092,牡,3,500.0,2.0,0,0,5.2,2.67,38.9,0.1613,0,3,38.9,38.9,38.9,0.1613,38.9
1.0,5,5,キングスコール,55.0,藤岡佑介,1:47.8,,5.7,2.0,[西] 矢作芳人,2022104207,202401010205,2歳新馬｜2024年7月21日 | 競馬データベース - netkeiba,2026-05-20T11:25:39.948891,牡,2,494.0,0.0,1,1,5.4,8.0,34.46,0.1562,0,1,34.46,34.46,34.46,0.1562,34.46
2.0,8,8,テリオスララ,55.0,鮫島克駿,1:48.3,3,1.8,1.0,[東] 田島俊明,2022104812,202401010205,2歳新馬｜2024年7月21日 | 競馬データベース - netkeiba,2026-05-20T11:25:39.948891,牝,2,496.0,0.0,0,1,8.2,7.0,34.68,0.1087,0,10,34.68,34.68,34.68,0.1087,34.68
3.0,2,2,ショウナンサムデイ,55.0,池添謙一,1:48.4,3/4,6.4,3.0,[東] 奥村武,2022105801,202401010205,2歳新馬｜2024年7月21日 | 競馬データベース - netkeiba,2026-05-20T11:25:39.948891,牝,2,426.0,0.0,0,1,5.8,8.67,35.08,0.1471,0,13,35.08,35.08,35.08,0.1471,35.08
4.0,4,4,ルージュミレネール,55.0,横山武史,1:48.5,クビ,7.7,5.0,[東] 斎藤誠,2022105813,202401010205,2歳新馬｜2024年7月21日 | 競馬データベース - netkeiba,2026-05-20T11:25:39.948891,牝,2,428.0,0.0,0,0,9.2,9.67,36.84,0.098,0,12,36.84,36.84,36.84,0.098,36.84
5.0,3,3,メテオレーナ,55.0,丹内祐次,1:48.7,1.1/2,20.9,6.0,[西] 中村直也,2022103712,202401010205,2歳新馬｜2024年7月21日 | 競馬データベース - netkeiba,2026-05-20T11:25:39.948891,牝,2,420.0,0.0,0,0,2.6,2.0,39.88,0.2778,0,2,39.88,39.88,39.88,0.2778,39.88
6.0,6,6,ゲレル,55.0,浜中俊,1:49.0,1.3/4,57.1,8.0,[西] 長谷川浩,2022101203,202401010205,2歳新馬｜2024年7月21日 | 競馬データベース - netkeiba,2026-05-20T11:25:39.948891,牝,2,434.0,0.0,0,0,7.0,6.0,35.3,0.125,0,3,35.3,35.3,35.3,0.125,35.3
7.0,1,1,カーヌスティ,55.0,佐々木大,1:49.0,アタマ,26.1,7.0,[東] 蛯名正義,2022103639,202401010205,2歳新馬｜2024年7月21日 | 競馬データベース - netkeiba,2026-05-20T11:25:39.948891,牡,2,472.0,0.0,0,0,2.8,3.0,36.86,0.2632,0,1,36.86,36.86,36.86,0.2632,36.86
8.0,7,7,アルデフォックス,55.0,武豊,1:51.3,大,6.7,4.0,[西] 藤岡健一,2022110091,202401010205,2歳新馬｜2024年7月21日 | 競馬データベース - netkeiba,2026-05-20T11:25:39.948891,牡,2,520.0,0.0,0,0,9.4,8.67,40.44,0.0962,0,10,40.44,40.44,40.44,0.0962,40.44
1.0,4,8,ファインライン,57.0,鮫島克駿,2:00.3,,3.6,1.0,[西] 松永幹夫,2021102419,202401010206,3歳未勝利｜2024年7月21日 | 競馬データベース - netkeiba,2026-05-20T11:26:06.395648,牡,3,464.0,0.0,1,1,8.0,9.0,33.48,0.1111,0,15,33.48,33.48,33.48,0.1111,33.48
2.0,1,1,レイピカケ,55.0,横山武史,2:00.3,ハナ,13.0,6.0,[西] 野中賢二,2021106904,202401010206,3歳未勝利｜2024年7月21日 | 競馬データベース - netkeiba,2026-05-20T11:26:06.395648,牝,3,454.0,0.0,0,1,10.2,10.33,36.48,0.0893,0,10,36.48,36.48,36.48,0.0893,36.48
3.0,6,11,リュラグリーン,52.0,長浜鴻緒,2:00.6,2,4.5,2.0,[東] 相沢郁,2021102088,202401010206,3歳未勝利｜2024年7月21日 | 競馬データベース - netkeiba,2026-05-20T11:26:06.395648,牝,3,464.0,-2.0,0,1,9.6,11.0,40.54,0.0943,0,11,40.54,40.54,40.54,0.0943,40.54
4.0,3,5,ロードクロンヌ,57.0,藤岡佑介,2:00.7,1/2,7.4,5.0,[西] 四位洋文,2021100169,202401010206,3歳未勝利｜2024年7月21日 | 競馬データベース - netkeiba,2026-05-20T11:26:06.395648,牡,3,476.0,6.0,0,0,3.8,4.67,36.76,0.2083,0,11,36.76,36.76,36.76,0.2083,36.76
5.0,8,16,アークレアル,55.0,古川吉洋,2:00.8,クビ,66.4,10.0,[西] 杉山晴紀,2021103507,202401010206,3歳未勝利｜2024年7月21日 | 競馬データベース - netkeiba,2026-05-20T11:26:06.395648,牝,3,490.0,-4.0,0,0,7.4,10.0,39.58,0.119,0,13,39.58,39.58,39.58,0.119,39.58
6.0,7,14,テンダーデイズ,55.0,武豊,2:00.9,1/2,5.0,3.0,[西] 笹田和秀,2021102760,202401010206,3歳未勝利｜2024年7月21日 | 競馬データベース - netkeiba,2026-05-20T11:26:06.395648,牝,3,474.0,-2.0,0,0,6.4,7.67,35.88,0.1351,0,8,35.88,35.88,35.88,0.1351,35.88
7.0,6,12,ティラージュ,55.0,富田暁,2:01.0,3/4,107.5,14.0,[西] 野中賢二,2021100645,202401010206,3歳未勝利｜2024年7月21日 | 競馬データベース - netkeiba,2026-05-20T11:26:06.395648,牝,3,464.0,-2.0,0,0,5.8,8.0,41.3,0.1471,0,10,41.3,41.3,41.3,0.1471,41.3
8.0,2,4,ウインサマースノー,57.0,黛弘人,2:01.0,クビ,83.3,12.0,[西] 緒方努,2021106217,202401010206,3歳未勝利｜2024年7月21日 | 競馬データベース - netkeiba,2026-05-20T11:26:06.395648,牡,3,472.0,2.0,0,0,5.2,8.0,39.08,0.1613,0,11,39.08,39.08,39.08,0.1613,39.08
9.0,8,15,ヤルダバオト,57.0,丹内祐次,2:01.3,1.1/2,19.5,7.0,[東] 蛯名利弘,2021106802,202401010206,3歳未勝利｜2024年7月21日 | 競馬データベース - netkeiba,2026-05-20T11:26:06.395648,牡,3,430.0,-2.0,0,0,8.2,8.67,38.74,0.1087,0,10,38.74,38.74,38.74,0.1087,38.74
10.0,3,6,シーグリント,55.0,佐々木大,2:01.4,3/4,20.4,8.0,[西] 高橋一哉,2021105511,202401010206,3歳未勝利｜2024年7月21日 | 競馬データベース - netkeiba,2026-05-20T11:26:06.395648,牝,3,400.0,4.0,0,0,7.6,9.0,40.5,0.1163,0,8,40.5,40.5,40.5,0.1163,40.5
11.0,2,3,ベルベットハンマー,55.0,武藤雅,2:01.6,1.1/4,76.6,11.0,[東] 天間昭一,2021101473,202401010206,3歳未勝利｜2024年7月21日 | 競馬データベース - netkeiba,2026-05-20T11:26:06.395648,牝,3,432.0,-6.0,0,0,5.8,4.0,39.84,0.1471,0,3,39.84,39.84,39.84,0.1471,39.84
12.0,4,7,ジーティーポライト,52.0,川端海翼,2:01.9,2,7.4,4.0,[東] 菊沢隆徳,2021104920,202401010206,3歳未勝利｜2024年7月21日 | 競馬データベース - netkeiba,2026-05-20T11:26:06.395648,牝,3,460.0,4.0,0,0,7.0,7.67,40.46,0.125,0,9,40.46,40.46,40.46,0.125,40.46
13.0,5,10,ジーティーエイト,57.0,岩橋勇二,2:01.9,ハナ,85.7,13.0,[西] 畑端省吾,2021102715,202401010206,3歳未勝利｜2024年7月21日 | 競馬データベース - netkeiba,2026-05-20T11:26:06.395648,牡,3,506.0,8.0,0,0,1.8,1.0,39.48,0.3571,0,1,39.48,39.48,39.48,0.3571,39.48
14.0,1,2,タガノエイリアス,56.0,角田大河,2:02.5,3.1/2,26.8,9.0,[西] 本田優,2021106553,202401010206,3歳未勝利｜2024年7月21日 | 競馬データベース - netkeiba,2026-05-20T11:26:06.395648,牡,3,464.0,-4.0,0,0,1.8,2.33,39.58,0.3571,0,1,39.58,39.58,39.58,0.3571,39.58
15.0,7,13,ペッシュプラット,55.0,小林凌大,2:03.0,3,335.6,16.0,[東] 南田美知,2021102667,202401010206,3歳未勝利｜2024年7月21日 | 競馬データベース - netkeiba,2026-05-20T11:26:06.395648,牝,3,412.0,2.0,0,0,5.8,7.0,39.76,0.1471,0,5,39.76,39.76,39.76,0.1471,39.76
16.0,5,9,タマモジャケット,54.0,小林勝太,2:04.2,7,129.5,15.0,[西] 角田晃一,2021106420,202401010206,3歳未勝利｜2024年7月21日 | 競馬データベース - netkeiba,2026-05-20T11:26:06.395648,牡,3,470.0,8.0,0,0,5.8,6.33,41.3,0.1471,0,9,41.3,41.3,41.3,0.1471,41.3
1.0,6,6,ノボリショウリュウ,52.0,川端海翼,0:59.3,,3.9,3.0,[西] 石橋守,2021102718,202401010207,3歳以上1勝クラス｜2024年7月21日 | 競馬データベース - netkeiba,2026-05-20T11:26:26.400887,牡,3,456.0,-2.0,1,1,5.2,3.33,35.48,0.1613,0,3,35.48,35.48,35.48,0.1613,35.48
2.0,4,4,スノーホルンロード,55.0,小林勝太,0:59.4,クビ,3.2,2.0,[東] 清水英克,2019106520,202401010207,3歳以上1勝クラス｜2024年7月21日 | 競馬データベース - netkeiba,2026-05-20T11:26:26.400887,セ,5,508.0,-10.0,0,1,4.8,5.67,38.32,0.1724,0,5,38.32,38.32,38.32,0.1724,38.32
3.0,8,9,スイッチオン,58.0,大野拓弥,1:00.2,5,9.6,5.0,[東] 小手川準,2020106221,202401010207,3歳以上1勝クラス｜2024年7月21日 | 競馬データベース - netkeiba,2026-05-20T11:26:26.400887,牡,4,490.0,14.0,0,1,4.4,4.33,37.4,0.1852,0,7,37.4,37.4,37.4,0.1852,37.4
4.0,5,5,アカザ,56.0,丹内祐次,1:00.2,クビ,3.0,1.0,[東] 伊坂重信,2019104374,202401010207,3歳以上1勝クラス｜2024年7月21日 | 競馬データベース - netkeiba,2026-05-20T11:26:26.400887,牝,5,430.0,-8.0,0,0,0.0,0.0,0.0,0.0,0,0,0.0,0.0,0.0,0.0,0.0
5.0,3,3,アマモト,54.0,角田大河,1:00.6,2,124.2,9.0,[東] 田村康仁,2021103042,202401010207,3歳以上1勝クラス｜2024年7月21日 | 競馬データベース - netkeiba,2026-05-20T11:26:26.400887,牡,3,470.0,-2.0,0,0,5.6,3.67,39.78,0.1515,0,2,39.78,39.78,39.78,0.1515,39.78
6.0,7,7,サニイアール,50.0,長浜鴻緒,1:00.6,ハナ,6.4,4.0,[東] 田村康仁,2021103052,202401010207,3歳以上1勝クラス｜2024年7月21日 | 競馬データベース - netkeiba,2026-05-20T11:26:26.400887,牝,3,442.0,-8.0,0,0,5.0,5.0,41.44,0.1667,0,4,41.44,41.44,41.44,0.1667,41.44
7.0,2,2,セイゲン,58.0,富田暁,1:00.6,クビ,32.5,7.0,[東] 中川公成,2019100234,202401010207,3歳以上1勝クラス｜2024年7月21日 | 競馬データベース - netkeiba,2026-05-20T11:26:26.400887,牡,5,480.0,-2.0,0,0,5.4,2.0,37.6,0.1562,0,3,37.6,37.6,37.6,0.1562,37.6
8.0,8,8,サンマルリアン,56.0,永野猛蔵,1:01.1,3,64.8,8.0,[東] 土田稔,2020101086,202401010207,3歳以上1勝クラス｜2024年7月21日 | 競馬データベース - netkeiba,2026-05-20T11:26:26.400887,牝,4,440.0,-2.0,0,0,11.4,10.67,38.6,0.0806,0,9,38.6,38.6,38.6,0.0806,38.6
9.0,1,1,ヒメカミノイタダキ,58.0,古川吉洋,1:01.2,1/2,20.5,6.0,[東] 武市康男,2019101794,202401010207,3歳以上1勝クラス｜2024年7月21日 | 競馬データベース - netkeiba,2026-05-20T11:26:26.400887,牡,5,502.0,-2.0,0,0,11.4,12.33,35.46,0.0806,0,18,35.46,35.46,35.46,0.0806,35.46
1.0,5,5,ナイトスラッガー,55.0,鮫島克駿,2:00.1,,4.0,2.0,[西] 小栗実,2021101603,202401010208,3歳以上1勝クラス｜2024年7月21日 | 競馬データベース - netkeiba,2026-05-20T11:26:36.411102,牡,3,518.0,-4.0,1,1,3.4,4.33,34.54,0.2273,0,5,34.54,34.54,34.54,0.2273,34.54
2.0,8,10,エルフストラック,53.0,横山和生,2:00.1,ハナ,2.1,1.0,[西] 中村直也,2021105616,202401010208,3歳以上1勝クラス｜2024年7月21日 | 競馬データベース - netkeiba,2026-05-20T11:26:36.411102,牝,3,484.0,10.0,0,1,3.0,1.67,38.14,0.25,0,2,38.14,38.14,38.14,0.25,38.14
3.0,2,2,マイネルフランツ,55.0,丹内祐次,2:00.3,1,5.8,3.0,[東] 和田正一,2021100629,202401010208,3歳以上1勝クラス｜2024年7月21日 | 競馬データベース - netkeiba,2026-05-20T11:26:36.411102,牡,3,486.0,16.0,0,1,5.0,5.67,35.92,0.1667,0,7,35.92,35.92,35.92,0.1667,35.92
4.0,7,8,サラトガチップス,55.0,横山武史,2:00.3,ハナ,7.2,4.0,[西] 新谷功一,2021105002,202401010208,3歳以上1勝クラス｜2024年7月21日 | 競馬データベース - netkeiba,2026-05-20T11:26:36.411102,牡,3,432.0,-8.0,0,0,2.6,3.33,36.6,0.2778,0,2,36.6,36.6,36.6,0.2778,36.6
5.0,6,6,カエルム,55.0,藤岡佑介,2:00.3,ハナ,31.1,7.0,[西] 安田翔伍,2021105160,202401010208,3歳以上1勝クラス｜2024年7月21日 | 競馬データベース - netkeiba,2026-05-20T11:26:36.411102,牡,3,462.0,-8.0,0,0,3.6,2.33,35.3,0.2174,0,1,35.3,35.3,35.3,0.2174,35.3
6.0,8,9,フォトンブルー,58.0,佐々木大,2:00.4,1/2,11.8,6.0,[西] 武幸四郎,2020103405,202401010208,3歳以上1勝クラス｜2024年7月21日 | 競馬データベース - netkeiba,2026-05-20T11:26:36.411102,セ,4,506.0,4.0,0,0,6.2,7.67,35.22,0.1389,0,6,35.22,35.22,35.22,0.1389,35.22
7.0,3,3,ビヨンドザリミット,53.0,小林勝太,2:00.6,1.1/2,125.2,9.0,[東] 稲垣幸雄,2019105440,202401010208,3歳以上1勝クラス｜2024年7月21日 | 競馬データベース - netkeiba,2026-05-20T11:26:36.411102,牝,5,468.0,-4.0,0,0,9.8,9.67,36.62,0.0926,0,10,36.62,36.62,36.62,0.0926,36.62
8.0,1,1,ポーレット,53.0,長浜鴻緒,2:00.9,1.1/2,56.4,8.0,[西] 吉岡辰弥,2020105721,202401010208,3歳以上1勝クラス｜2024年7月21日 | 競馬データベース - netkeiba,2026-05-20T11:26:36.411102,牝,4,478.0,0.0,0,0,9.2,9.0,37.16,0.098,0,8,37.16,37.16,37.16,0.098,37.16
9.0,4,4,トゥルーサクセサー,55.0,大野拓弥,2:01.1,1.1/4,11.3,5.0,[東] 高木登,2021103537,202401010208,3歳以上1勝クラス｜2024年7月21日 | 競馬データベース - netkeiba,2026-05-20T11:26:36.411102,牡,3,466.0,-4.0,0,0,4.0,4.33,34.46,0.2,0,4,34.46,34.46,34.46,0.2,34.46
10.0,7,7,フェスティヴビーム,58.0,永野猛蔵,2:01.2,1/2,125.3,10.0,[東] 畠山吉宏,2020102452,202401010208,3歳以上1勝クラス｜2024年7月21日 | 競馬データベース - netkeiba,2026-05-20T11:26:36.411102,牡,4,460.0,-2.0,0,0,6.0,5.0,0.0,0.1429,0,7,0.0,0.0,0.0,0.1429,0.0
1.0,3,3,ナムラローズマリー,53.0,武豊,1:08.8,,2.3,1.0,[西] 羽月友彦,2021103092,202401010209,HBC賞｜2024年7月21日 | 競馬データベース - netkeiba,2026-05-20T11:26:59.846173,牝,3,448.0,-6.0,1,1,6.8,7.33,33.7,0.1282,0,11,33.7,33.7,33.7,0.1282,33.7
2.0,4,4,エリカカリーナ,53.0,横山武史,1:08.8,アタマ,3.7,3.0,[東] 宮田敬介,2021105485,202401010209,HBC賞｜2024年7月21日 | 競馬データベース - netkeiba,2026-05-20T11:26:59.846173,牝,3,424.0,-8.0,0,1,8.4,10.33,35.66,0.1064,0,15,35.66,35.66,35.66,0.1064,35.66
3.0,8,12,シカゴスティング,53.0,鮫島克駿,1:08.8,クビ,2.6,2.0,[西] 庄野靖志,2021105242,202401010209,HBC賞｜2024年7月21日 | 競馬データベース - netkeiba,2026-05-20T11:26:59.846173,牝,3,426.0,-2.0,0,1,6.4,7.33,33.78,0.1351,0,7,33.78,33.78,33.78,0.1351,33.78
4.0,1,1,ミズノコキュウ,56.0,丹内祐次,1:08.9,クビ,22.0,4.0,[東] 水野貴広,2019102436,202401010209,HBC賞｜2024年7月21日 | 競馬データベース - netkeiba,2026-05-20T11:26:59.846173,牝,5,428.0,6.0,0,0,6.2,8.33,34.74,0.1389,0,11,34.74,34.74,34.74,0.1389,34.74
5.0,2,2,ポルタフォルトゥナ,56.0,古川吉洋,1:09.1,1.1/4,60.5,7.0,[東] 土田稔,2019100772,202401010209,HBC賞｜2024年7月21日 | 競馬データベース - netkeiba,2026-05-20T11:26:59.846173,牝,5,474.0,-4.0,0,0,8.8,10.0,35.66,0.102,0,15,35.66,35.66,35.66,0.102,35.66
6.0,6,7,スクルプトーリス,56.0,亀田温心,1:09.2,クビ,138.0,11.0,[西] 松下武士,2020100151,202401010209,HBC賞｜2024年7月21日 | 競馬データベース - netkeiba,2026-05-20T11:26:59.846173,牝,4,472.0,6.0,0,0,9.0,9.0,35.0,0.1,0,8,35.0,35.0,35.0,0.1,35.0
6.0,6,8,メイショウハボタン,56.0,角田大河,1:09.2,同着,70.2,8.0,[西] 本田優,2018106455,202401010209,HBC賞｜2024年7月21日 | 競馬データベース - netkeiba,2026-05-20T11:26:59.846173,牝,6,476.0,-6.0,0,0,8.6,10.67,34.44,0.1042,0,11,34.44,34.44,34.44,0.1042,34.44
8.0,7,10,ジョリダム,56.0,富田暁,1:09.2,クビ,35.5,6.0,[西] 武英智,2020100686,202401010209,HBC賞｜2024年7月21日 | 競馬データベース - netkeiba,2026-05-20T11:26:59.846173,牝,4,448.0,2.0,0,0,7.8,6.33,34.72,0.1136,0,9,34.72,34.72,34.72,0.1136,34.72
9.0,5,6,ショウナンアメリア,56.0,池添謙一,1:09.3,1/2,199.3,12.0,[東] 奥村武,2019101262,202401010209,HBC賞｜2024年7月21日 | 競馬データベース - netkeiba,2026-05-20T11:26:59.846173,牝,5,442.0,-16.0,0,0,10.0,9.67,34.88,0.0909,0,12,34.88,34.88,34.88,0.0909,34.88
10.0,8,11,グランツベリー,56.0,北村友一,1:09.3,クビ,27.1,5.0,[西] 田中克典,2020104087,202401010209,HBC賞｜2024年7月21日 | 競馬データベース - netkeiba,2026-05-20T11:26:59.846173,牝,4,450.0,0.0,0,0,7.4,5.67,34.5,0.119,0,8,34.5,34.5,34.5,0.119,34.5
11.0,7,9,アラクレ,56.0,佐々木大,1:09.8,3,136.0,10.0,[東] 清水英克,2019100755,202401010209,HBC賞｜2024年7月21日 | 競馬データベース - netkeiba,2026-05-20T11:26:59.846173,牝,5,464.0,4.0,0,0,11.2,13.0,35.0,0.082,0,10,35.0,35.0,35.0,0.082,35.0
12.0,5,5,イイヒニナル,56.0,藤岡佑介,1:10.3,2.1/2,81.8,9.0,[西] 千田輝彦,2020100121,202401010209,HBC賞｜2024年7月21日 | 競馬データベース - netkeiba,2026-05-20T11:26:59.846173,牝,4,404.0,-2.0,0,0,11.4,8.67,35.4,0.0806,0,9,35.4,35.4,35.4,0.0806,35.4
1.0,8,8,セクシーブーケ,53.0,北村友一,1:46.1,,1.7,1.0,[西] 田中克典,2021110103,202401010210,大倉山特別｜2024年7月21日 | 競馬データベース - netkeiba,2026-05-20T11:27:31.497571,牝,3,446.0,0.0,1,1,5.4,5.67,37.34,0.1562,0,4,37.34,37.34,37.34,0.1562,37.34
2.0,1,1,シンヨモギネス,58.0,丹内祐次,1:47.1,6,6.8,4.0,[東] 伊藤圭三,2018103711,202401010210,大倉山特別｜2024年7月21日 | 競馬データベース - netkeiba,2026-05-20T11:27:31.497571,牡,6,488.0,0.0,0,1,3.0,2.33,38.76,0.25,0,3,38.76,38.76,38.76,0.25,38.76
3.0,6,6,スズカルビコン,58.0,黛弘人,1:47.2,3/4,137.3,8.0,[東] 堀内岳志,2018106368,202401010210,大倉山特別｜2024年7月21日 | 競馬データベース - netkeiba,2026-05-20T11:27:31.497571,牡,6,512.0,-8.0,0,1,9.8,12.67,39.56,0.0926,0,15,39.56,39.56,39.56,0.0926,39.56
4.0,7,7,モンドプリューム,58.0,横山和生,1:47.4,1.1/4,5.2,3.0,[東] 水野貴広,2020103876,202401010210,大倉山特別｜2024年7月21日 | 競馬データベース - netkeiba,2026-05-20T11:27:31.497571,牡,4,502.0,-4.0,0,0,4.4,3.0,36.66,0.1852,0,7,36.66,36.66,36.66,0.1852,36.66
5.0,3,3,ナリタザクラ,58.0,角田大河,1:48.0,3.1/2,123.3,7.0,[西] 高橋亮,2017104985,202401010210,大倉山特別｜2024年7月21日 | 競馬データベース - netkeiba,2026-05-20T11:27:31.497571,牡,7,500.0,0.0,0,0,10.2,11.67,38.67,0.0893,0,9,38.67,38.67,38.67,0.0893,38.67
6.0,5,5,ワイワイレジェンド,55.0,荻野琢真,1:48.4,2.1/2,4.0,2.0,[西] 矢作芳人,2021103812,202401010210,大倉山特別｜2024年7月21日 | 競馬データベース - netkeiba,2026-05-20T11:27:31.497571,牡,3,480.0,16.0,0,0,6.8,10.0,37.82,0.1282,0,12,37.82,37.82,37.82,0.1282,37.82
7.0,4,4,サムハンター,58.0,富田暁,1:48.5,3/4,14.6,5.0,[西] 高橋康之,2018105996,202401010210,大倉山特別｜2024年7月21日 | 競馬データベース - netkeiba,2026-05-20T11:27:31.497571,牡,6,500.0,4.0,0,0,11.0,11.33,34.52,0.0833,0,14,34.52,34.52,34.52,0.0833,34.52
8.0,2,2,ゴールデンマイク,58.0,古川吉洋,1:49.0,3,41.0,6.0,[西] 森秀行,2020110101,202401010210,大倉山特別｜2024年7月21日 | 競馬データベース - netkeiba,2026-05-20T11:27:31.497571,牡,4,510.0,2.0,0,0,2.2,1.0,40.06,0.3125,0,1,40.06,40.06,40.06,0.3125,40.06
1.0,5,5,ゾンニッヒ,57.0,武豊,1:08.3,,3.8,2.0,[西] 池江泰寿,2018101343,202401010211,しらかばステークス｜2024年7月21日 | 競馬データベース - netkeiba,2026-05-20T11:27:53.412465,牡,6,482.0,6.0,1,1,8.8,7.67,34.16,0.102,0,7,34.16,34.16,34.16,0.102,34.16
2.0,7,8,シナモンスティック,55.0,鮫島克駿,1:08.3,クビ,6.2,3.0,[東] 宗像義忠,2019100791,202401010211,しらかばステークス｜2024年7月21日 | 競馬データベース - netkeiba,2026-05-20T11:27:53.412465,牝,5,470.0,0.0,0,1,10.6,11.33,34.82,0.0862,0,16,34.82,34.82,34.82,0.0862,34.82
3.0,3,3,プルパレイ,56.0,浜中俊,1:08.4,クビ,14.2,7.0,[西] 須貝尚介,2019104911,202401010211,しらかばステークス｜2024年7月21日 | 競馬データベース - netkeiba,2026-05-20T11:27:53.412465,セ,5,494.0,4.0,0,1,7.0,4.0,34.06,0.125,0,2,34.06,34.06,34.06,0.125,34.06
4.0,4,4,マイネルジェロディ,55.0,横山武史,1:08.4,ハナ,24.2,8.0,[西] 西園正都,2018102155,202401010211,しらかばステークス｜2024年7月21日 | 競馬データベース - netkeiba,2026-05-20T11:27:53.412465,牡,6,480.0,4.0,0,0,12.6,14.33,34.8,0.0735,0,14,34.8,34.8,34.8,0.0735,34.8
5.0,6,7,マメコ,54.0,永野猛蔵,1:08.5,3/4,7.2,5.0,[西] 武英智,2019102240,202401010211,しらかばステークス｜2024年7月21日 | 競馬データベース - netkeiba,2026-05-20T11:27:53.412465,牝,5,458.0,0.0,0,0,12.2,14.0,35.4,0.0758,0,10,35.4,35.4,35.4,0.0758,35.4
6.0,7,9,コムストックロード,54.0,丹内祐次,1:08.6,3/4,7.9,6.0,[東] 宗像義忠,2019100765,202401010211,しらかばステークス｜2024年7月21日 | 競馬データベース - netkeiba,2026-05-20T11:27:53.412465,牝,5,462.0,8.0,0,0,6.6,9.0,34.26,0.1316,0,15,34.26,34.26,34.26,0.1316,34.26
7.0,8,11,レッドベルオーブ,55.0,菱田裕二,1:08.6,ハナ,48.7,9.0,[西] 河嶋宏樹,2018105366,202401010211,しらかばステークス｜2024年7月21日 | 競馬データベース - netkeiba,2026-05-20T11:27:53.412465,牡,6,484.0,-16.0,0,0,12.6,10.0,35.64,0.0735,0,13,35.64,35.64,35.64,0.0735,35.64
8.0,6,6,マスクオールウィン,52.0,北村友一,1:08.8,3/4,3.4,1.0,[東] 牧光二,2021105122,202401010211,しらかばステークス｜2024年7月21日 | 競馬データベース - netkeiba,2026-05-20T11:27:53.412465,牝,3,492.0,-2.0,0,0,13.6,13.0,35.52,0.0685,0,14,35.52,35.52,35.52,0.0685,35.52
9.0,1,1,ラビュリントス,51.0,岩橋勇二,1:08.8,ハナ,147.8,10.0,[地] 田中淳司,2020105574,202401010211,しらかばステークス｜2024年7月21日 | 競馬データベース - netkeiba,2026-05-20T11:27:53.412465,牝,4,444.0,-6.0,0,0,9.8,8.67,35.86,0.0926,0,16,35.86,35.86,35.86,0.0926,35.86
10.0,8,10,カルネアサーダ,55.0,藤岡佑介,1:09.1,1.3/4,7.0,4.0,[西] 福永祐一,2019104841,202401010211,しらかばステークス｜2024年7月21日 | 競馬データベース - netkeiba,2026-05-20T11:27:53.412465,牝,5,468.0,-4.0,0,0,12.2,11.67,36.58,0.0758,0,15,36.58,36.58,36.58,0.0758,36.58
,2,2,ユキノファラオ,55.0,黛弘人,,,,,[東] 石毛善彦,2018104347,202401010211,しらかばステークス｜2024年7月21日 | 競馬データベース - netkeiba,2026-05-20T11:27:53.412465,牡,6,496.0,6.0,0,0,15.0,15.33,34.35,0.0625,0,16,34.35,34.35,34.35,0.0625,34.35
1.0,2,2,ルージュイストリア,56.0,大野拓弥,1:27.3,,28.8,10.0,[東] 大竹正博,2020103701,202401010212,3歳以上1勝クラス｜2024年7月21日 | 競馬データベース - netkeiba,2026-05-20T11:28:27.484563,牝,4,464.0,6.0,1,1,11.6,11.33,37.26,0.0794,0,16,37.26,37.26,37.26,0.0794,37.26
2.0,8,13,ビーナスローズ,56.0,永野猛蔵,1:27.4,クビ,9.7,6.0,[西] 杉山佳明,2019100572,202401010212,3歳以上1勝クラス｜2024年7月21日 | 競馬データベース - netkeiba,2026-05-20T11:28:27.484563,牝,5,442.0,12.0,0,1,6.0,2.67,36.24,0.1429,0,3,36.24,36.24,36.24,0.1429,36.24
3.0,5,7,レディマリオン,53.0,鮫島克駿,1:27.5,3/4,4.2,1.0,[西] 長谷川浩,2021105752,202401010212,3歳以上1勝クラス｜2024年7月21日 | 競馬データベース - netkeiba,2026-05-20T11:28:27.484563,牝,3,440.0,-12.0,0,1,7.4,9.0,34.24,0.119,0,14,34.24,34.24,34.24,0.119,34.24
4.0,1,1,レオテミス,53.0,亀田温心,1:27.5,クビ,5.9,3.0,[西] 高柳大輔,2021101576,202401010212,3歳以上1勝クラス｜2024年7月21日 | 競馬データベース - netkeiba,2026-05-20T11:28:27.484563,牝,3,496.0,10.0,0,0,10.6,14.0,35.18,0.0862,0,11,35.18,35.18,35.18,0.0862,35.18
5.0,7,12,サンウリエル,55.0,横山武史,1:27.8,1.3/4,6.1,4.0,[西] 宮本博,2021101304,202401010212,3歳以上1勝クラス｜2024年7月21日 | 競馬データベース - netkeiba,2026-05-20T11:28:27.484563,牡,3,468.0,-2.0,0,0,6.6,7.33,34.14,0.1316,0,13,34.14,34.14,34.14,0.1316,34.14
6.0,5,8,スイーツバイキング,56.0,浜中俊,1:27.9,1/2,33.5,12.0,[東] 大竹正博,2020104477,202401010212,3歳以上1勝クラス｜2024年7月21日 | 競馬データベース - netkeiba,2026-05-20T11:28:27.484563,牝,4,458.0,10.0,0,0,10.8,11.33,35.16,0.0847,0,14,35.16,35.16,35.16,0.0847,35.16
7.0,6,9,マルカシャルマン,55.0,角田大河,1:27.9,クビ,52.9,14.0,[西] 浜田多実,2020102965,202401010212,3歳以上1勝クラス｜2024年7月21日 | 競馬データベース - netkeiba,2026-05-20T11:28:27.484563,牝,4,444.0,0.0,0,0,7.2,6.33,35.76,0.122,0,2,35.76,35.76,35.76,0.122,35.76
8.0,3,4,ワイノナオミ,53.0,川又賢治,1:28.0,クビ,50.7,13.0,[西] 畑端省吾,2021105973,202401010212,3歳以上1勝クラス｜2024年7月21日 | 競馬データベース - netkeiba,2026-05-20T11:28:27.484563,牝,3,450.0,10.0,0,0,8.4,7.67,36.24,0.1064,0,10,36.24,36.24,36.24,0.1064,36.24
9.0,4,5,セントキルダ,55.0,富田暁,1:28.3,1.3/4,27.3,9.0,[西] 音無秀孝,2021105175,202401010212,3歳以上1勝クラス｜2024年7月21日 | 競馬データベース - netkeiba,2026-05-20T11:28:27.484563,牡,3,464.0,-2.0,0,0,10.4,8.67,38.66,0.0877,0,7,38.66,38.66,38.66,0.0877,38.66
10.0,3,3,ダミエ,58.0,武豊,1:28.4,クビ,5.5,2.0,[西] 武幸四郎,2020103270,202401010212,3歳以上1勝クラス｜2024年7月21日 | 競馬データベース - netkeiba,2026-05-20T11:28:27.484563,牡,4,460.0,-4.0,0,0,8.4,7.67,37.92,0.1064,0,9,37.92,37.92,37.92,0.1064,37.92
11.0,4,6,シタン,53.0,川端海翼,1:28.9,3,23.6,7.0,[西] 吉岡辰弥,2019105350,202401010212,3歳以上1勝クラス｜2024年7月21日 | 競馬データベース - netkeiba,2026-05-20T11:28:27.484563,牝,5,446.0,18.0,0,0,11.8,10.67,39.8,0.0781,0,11,39.8,39.8,39.8,0.0781,39.8
12.0,7,11,ルージュアマルフィ,56.0,菱田裕二,1:29.1,1.1/2,6.6,5.0,[東] 鹿戸雄一,2020110121,202401010212,3歳以上1勝クラス｜2024年7月21日 | 競馬データベース - netkeiba,2026-05-20T11:28:27.484563,牝,4,478.0,-16.0,0,0,9.6,14.0,36.0,0.0943,0,17,36.0,36.0,36.0,0.0943,36.0
13.0,6,10,レアリゼアンレーヴ,53.0,佐々木大,1:29.4,2,24.0,8.0,[西] 須貝尚介,2021105894,202401010212,3歳以上1勝クラス｜2024年7月21日 | 競馬データベース - netkeiba,2026-05-20T11:28:27.484563,牝,3,418.0,0.0,0,0,8.8,10.67,40.46,0.102,0,12,40.46,40.46,40.46,0.102,40.46
14.0,8,14,プリンスノット,58.0,丹内祐次,1:29.5,1/2,32.0,11.0,[西] 小椋研介,2020102881,202401010212,3歳以上1勝クラス｜2024年7月21日 | 競馬データベース - netkeiba,2026-05-20T11:28:27.484563,牡,4,478.0,4.0,0,0,7.2,7.67,35.6,0.122,0,10,35.6,35.6,35.6,0.122,35.6
1.0,8,14,ジロー,60.0,小牧加矢,3:01.8,,3.3,2.0,[西] 岡田稲男,2017104698,202403020801,障害3歳以上未勝利｜2024年7月21日 | 競馬データベース - netkeiba,2026-05-20T11:29:09.780788,牡,7,478.0,-6.0,1,1,4.8,6.67,0.0,0.1724,0,4,0.0,0.0,0.0,0.1724,0.0
2.0,7,12,クラウンセト,60.0,中村将之,3:03.1,8,45.1,8.0,[東] 本間忍,2019101488,202403020801,障害3歳以上未勝利｜2024年7月21日 | 競馬データベース - netkeiba,2026-05-20T11:29:09.780788,牡,5,450.0,-10.0,0,1,7.0,10.0,0.0,0.125,0,9,0.0,0.0,0.0,0.125,0.0
3.0,6,10,アルファインディ,57.0,坂口智康,3:03.6,3.1/2,46.2,9.0,[東] 武藤善則,2020103535,202403020801,障害3歳以上未勝利｜2024年7月21日 | 競馬データベース - netkeiba,2026-05-20T11:29:09.780788,牡,4,444.0,4.0,0,1,6.8,7.33,40.52,0.1282,0,6,40.52,40.52,40.52,0.1282,40.52
4.0,4,6,ノアチェリー,58.0,大江原圭,3:03.7,3/4,2.0,1.0,[東] 小笠倫弘,2019100522,202403020801,障害3歳以上未勝利｜2024年7月21日 | 競馬データベース - netkeiba,2026-05-20T11:29:09.780788,牝,5,472.0,6.0,0,0,3.2,4.0,0.0,0.2381,0,5,0.0,0.0,0.0,0.2381,0.0
5.0,3,3,サルサロッサ,58.0,井上敏樹,3:03.8,クビ,79.0,13.0,[東] 高柳瑞樹,2019103100,202403020801,障害3歳以上未勝利｜2024年7月21日 | 競馬データベース - netkeiba,2026-05-20T11:29:09.780788,牝,5,452.0,6.0,0,0,7.8,7.67,0.0,0.1136,0,6,0.0,0.0,0.0,0.1136,0.0
6.0,7,11,タイセイモンストル,60.0,江田勇亮,3:03.9,1/2,52.8,11.0,[東] 新開幸一,2017104961,202403020801,障害3歳以上未勝利｜2024年7月21日 | 競馬データベース - netkeiba,2026-05-20T11:29:09.780788,牡,7,482.0,-12.0,0,0,3.2,1.33,39.7,0.2381,0,2,39.7,39.7,39.7,0.2381,39.7
7.0,6,9,ゴーシェナイト,60.0,草野太郎,3:04.7,5,16.7,6.0,[東] 黒岩陽一,2019105475,202403020801,障害3歳以上未勝利｜2024年7月21日 | 競馬データベース - netkeiba,2026-05-20T11:29:09.780788,セ,5,478.0,-8.0,0,0,6.6,7.67,41.28,0.1316,0,8,41.28,41.28,41.28,0.1316,41.28
8.0,3,4,トップスターサン,60.0,小野寺祐,3:04.7,クビ,8.3,3.0,[西] 小椋研介,2018110119,202403020801,障害3歳以上未勝利｜2024年7月21日 | 競馬データベース - netkeiba,2026-05-20T11:29:09.780788,牡,6,522.0,8.0,0,0,6.6,5.0,38.4,0.1316,0,2,38.4,38.4,38.4,0.1316,38.4
9.0,2,2,ノーティアス,60.0,五十嵐雄,3:05.0,1.1/2,15.9,5.0,[東] 宗像義忠,2019104908,202403020801,障害3歳以上未勝利｜2024年7月21日 | 競馬データベース - netkeiba,2026-05-20T11:29:09.780788,牡,5,510.0,0.0,0,0,8.2,8.0,42.18,0.1087,0,10,42.18,42.18,42.18,0.1087,42.18
10.0,5,7,シュハリ,60.0,上野翔,3:06.2,7,55.3,12.0,[東] 粕谷昌央,2020105031,202403020801,障害3歳以上未勝利｜2024年7月21日 | 競馬データベース - netkeiba,2026-05-20T11:29:09.780788,牡,4,444.0,-8.0,0,0,6.5,7.5,0.0,0.1333,0,8,0.0,0.0,0.0,0.1333,0.0
11.0,8,13,コスモチプリア,58.0,石神深一,3:08.7,大,28.2,7.0,[東] 松永康利,2020105774,202403020801,障害3歳以上未勝利｜2024年7月21日 | 競馬データベース - netkeiba,2026-05-20T11:29:09.780788,牝,4,438.0,-6.0,0,0,5.8,6.33,35.4,0.1471,0,9,35.4,35.4,35.4,0.1471,35.4
12.0,1,1,ミトロジー,60.0,金子光希,3:09.1,2.1/2,51.8,10.0,[東] 尾関知人,2016104665,202403020801,障害3歳以上未勝利｜2024年7月21日 | 競馬データベース - netkeiba,2026-05-20T11:29:09.780788,セ,8,476.0,2.0,0,0,4.2,6.0,0.0,0.1923,0,7,0.0,0.0,0.0,0.1923,0.0
13.0,5,8,ミスターブリーズ,57.0,土田真翔,3:09.9,5,262.3,14.0,[東] 天間昭一,2019103225,202403020801,障害3歳以上未勝利｜2024年7月21日 | 競馬データベース - netkeiba,2026-05-20T11:29:09.780788,牡,5,492.0,-4.0,0,0,9.6,8.67,0.0,0.0943,0,10,0.0,0.0,0.0,0.0943,0.0
,4,5,ガンダルフ,60.0,伴啓太,,,12.1,4.0,[東] 国枝栄,2018104907,202403020801,障害3歳以上未勝利｜2024年7月21日 | 競馬データベース - netkeiba,2026-05-20T11:29:09.780788,牡,6,494.0,2.0,0,0,5.5,4.33,38.3,0.1538,0,4,38.3,38.3,38.3,0.1538,38.3
1.0,5,8,トクシージェネラル,57.0,内田博幸,1:47.1,,3.5,1.0,[東] 辻哲英,2021107279,202403020802,3歳未勝利｜2024年7月21日 | 競馬データベース - netkeiba,2026-05-20T11:29:42.421331,牡,3,516.0,0.0,1,1,10.8,12.0,40.26,0.0847,0,12,40.26,40.26,40.26,0.0847,40.26
2.0,4,7,エースアンドキング,57.0,戸崎圭太,1:47.5,2,25.8,8.0,[東] 加藤征弘,2021106979,202403020802,3歳未勝利｜2024年7月21日 | 競馬データベース - netkeiba,2026-05-20T11:29:42.421331,牡,3,500.0,-4.0,0,1,7.25,5.67,39.58,0.1212,0,2,39.58,39.58,39.58,0.1212,39.58
3.0,1,1,マクミランテソーロ,57.0,柴田大知,1:47.9,2.1/2,9.4,6.0,[東] 田中剛,2021102276,202403020802,3歳未勝利｜2024年7月21日 | 競馬データベース - netkeiba,2026-05-20T11:29:42.421331,牡,3,478.0,-2.0,0,1,3.0,2.0,37.3,0.25,0,3,37.3,37.3,37.3,0.25,37.3
4.0,6,11,バルダンツァ,57.0,丸田恭介,1:48.2,2,27.3,9.0,[東] 石毛善彦,2021102595,202403020802,3歳未勝利｜2024年7月21日 | 競馬データベース - netkeiba,2026-05-20T11:29:42.421331,牡,3,466.0,-10.0,0,0,6.6,6.33,35.88,0.1316,0,5,35.88,35.88,35.88,0.1316,35.88
5.0,5,9,パレスパートナー,55.0,丸山元気,1:48.3,クビ,94.2,10.0,[東] 鈴木伸尋,2021102357,202403020802,3歳未勝利｜2024年7月21日 | 競馬データベース - netkeiba,2026-05-20T11:29:42.421331,牝,3,478.0,-2.0,0,0,6.6,6.33,39.08,0.1316,0,10,39.08,39.08,39.08,0.1316,39.08
6.0,2,2,レッドレフィナード,57.0,田辺裕信,1:48.3,クビ,6.3,4.0,[東] 栗田徹,2021104802,202403020802,3歳未勝利｜2024年7月21日 | 競馬データベース - netkeiba,2026-05-20T11:29:42.421331,牡,3,492.0,-4.0,0,0,6.0,4.67,37.62,0.1429,0,5,37.62,37.62,37.62,0.1429,37.62
7.0,8,14,アズベリー,54.0,原優介,1:48.4,クビ,6.6,5.0,[東] 上原佑紀,2021101732,202403020802,3歳未勝利｜2024年7月21日 | 競馬データベース - netkeiba,2026-05-20T11:29:42.421331,牝,3,460.0,0.0,0,0,8.0,11.33,40.2,0.1111,0,13,40.2,40.2,40.2,0.1111,40.2
8.0,6,10,バスターウルフ,57.0,三浦皇成,1:48.8,2.1/2,4.7,2.0,[東] 田村康仁,2021103038,202403020802,3歳未勝利｜2024年7月21日 | 競馬データベース - netkeiba,2026-05-20T11:29:42.421331,牡,3,494.0,2.0,0,0,8.8,8.33,42.36,0.102,0,8,42.36,42.36,42.36,0.102,42.36
9.0,8,15,ケイツーバルボア,57.0,菅原明良,1:49.1,1.3/4,22.5,7.0,[東] 尾関知人,2021105990,202403020802,3歳未勝利｜2024年7月21日 | 競馬データベース - netkeiba,2026-05-20T11:29:42.421331,セ,3,440.0,-4.0,0,0,2.25,2.33,40.7,0.3077,0,1,40.7,40.7,40.7,0.3077,40.7
10.0,7,12,バンビーノデオーロ,57.0,石川裕紀,1:49.8,4,5.5,3.0,[東] 鹿戸雄一,2021105684,202403020802,3歳未勝利｜2024年7月21日 | 競馬データベース - netkeiba,2026-05-20T11:29:42.421331,牡,3,516.0,-2.0,0,0,7.75,8.67,35.73,0.1143,0,10,35.73,35.73,35.73,0.1143,35.73
11.0,7,13,サイレントヴォイス,54.0,石田拓郎,1:50.6,5,195.3,14.0,[東] 新開幸一,2021105017,202403020802,3歳未勝利｜2024年7月21日 | 競馬データベース - netkeiba,2026-05-20T11:29:42.421331,牡,3,454.0,-8.0,0,0,7.6,11.0,41.5,0.1163,0,9,41.5,41.5,41.5,0.1163,41.5
12.0,2,3,ルージュグレイシア,55.0,石橋脩,1:51.5,5,122.5,13.0,[東] 高柳瑞樹,2021105314,202403020802,3歳未勝利｜2024年7月21日 | 競馬データベース - netkeiba,2026-05-20T11:29:42.421331,牝,3,444.0,6.0,0,0,11.0,11.0,39.47,0.0833,0,12,39.47,39.47,39.47,0.0833,39.47
13.0,4,6,ネオエトワール,55.0,木幡巧也,1:51.6,クビ,114.5,12.0,[東] 小西一男,2021100028,202403020802,3歳未勝利｜2024年7月21日 | 競馬データベース - netkeiba,2026-05-20T11:29:42.421331,牝,3,428.0,4.0,0,0,10.8,11.0,41.62,0.0847,0,12,41.62,41.62,41.62,0.0847,41.62
14.0,3,4,クラウンライジング,57.0,菊沢一樹,1:51.9,2,107.8,11.0,[東] 清水英克,2021101247,202403020802,3歳未勝利｜2024年7月21日 | 競馬データベース - netkeiba,2026-05-20T11:29:42.421331,セ,3,516.0,0.0,0,0,4.0,4.0,39.04,0.2,0,2,39.04,39.04,39.04,0.2,39.04
15.0,3,5,ブルーシープ,57.0,岩部純二,1:52.3,2.1/2,332.3,15.0,[東] 佐藤吉勝,2021104563,202403020802,3歳未勝利｜2024年7月21日 | 競馬データベース - netkeiba,2026-05-20T11:29:42.421331,牡,3,514.0,0.0,0,0,0.0,0.0,0.0,0.0,0,0,0.0,0.0,0.0,0.0,0.0
1.0,5,7,カガバベル,55.0,石川裕紀,1:10.2,,22.0,6.0,[東] 萱野浩二,2022106677,202403020803,2歳未勝利｜2024年7月21日 | 競馬データベース - netkeiba,2026-05-20T11:30:15.740272,牡,2,508.0,-4.0,1,1,5.8,4.67,40.0,0.1471,0,4,40.0,40.0,40.0,0.1471,40.0
2.0,8,12,アルデショワ,55.0,三浦皇成,1:10.3,3/4,1.8,1.0,[東] 田中博康,2022106648,202403020803,2歳未勝利｜2024年7月21日 | 競馬データベース - netkeiba,2026-05-20T11:30:15.740272,牝,2,452.0,-2.0,0,1,8.2,11.67,37.66,0.1087,0,8,37.66,37.66,37.66,0.1087,37.66
3.0,3,3,イノキ,55.0,菅原明良,1:10.7,2.1/2,9.5,4.0,[東] 岩戸孝樹,2022100757,202403020803,2歳未勝利｜2024年7月21日 | 競馬データベース - netkeiba,2026-05-20T11:30:15.740272,牡,2,476.0,0.0,0,1,5.2,6.0,36.4,0.1613,0,6,36.4,36.4,36.4,0.1613,36.4
4.0,2,2,コムーネ,52.0,石神深道,1:10.7,ハナ,47.9,8.0,[東] 奥平雅士,2022103549,202403020803,2歳未勝利｜2024年7月21日 | 競馬データベース - netkeiba,2026-05-20T11:30:15.740272,牝,2,406.0,4.0,0,0,11.4,9.33,37.68,0.0806,0,9,37.68,37.68,37.68,0.0806,37.68
5.0,7,10,スナークメスナー,55.0,石橋脩,1:10.8,クビ,7.2,3.0,[西] 野中賢二,2022101316,202403020803,2歳未勝利｜2024年7月21日 | 競馬データベース - netkeiba,2026-05-20T11:30:15.740272,牡,2,470.0,2.0,0,0,9.4,7.0,42.02,0.0962,0,6,42.02,42.02,42.02,0.0962,42.02
6.0,6,9,タイキブライトン,55.0,岩部純二,1:10.9,1/2,69.1,10.0,[東] 萱野浩二,2022103144,202403020803,2歳未勝利｜2024年7月21日 | 競馬データベース - netkeiba,2026-05-20T11:30:15.740272,牡,2,450.0,6.0,0,0,11.0,12.33,41.24,0.0833,0,15,41.24,41.24,41.24,0.0833,41.24
7.0,7,11,タワークライマー,55.0,内田博幸,1:10.9,クビ,53.9,9.0,[東] 嘉藤貴行,2022103334,202403020803,2歳未勝利｜2024年7月21日 | 競馬データベース - netkeiba,2026-05-20T11:30:15.740272,牡,2,466.0,-8.0,0,0,5.33,6.0,43.97,0.158,0,4,43.97,43.97,43.97,0.158,43.97
8.0,4,4,エネルゲイア,55.0,戸崎圭太,1:11.0,3/4,3.6,2.0,[東] 清水英克,2022101279,202403020803,2歳未勝利｜2024年7月21日 | 競馬データベース - netkeiba,2026-05-20T11:30:15.740272,牡,2,468.0,4.0,0,0,7.0,6.67,39.9,0.125,0,3,39.9,39.9,39.9,0.125,39.9
9.0,1,1,マイディアホープ,53.0,藤田菜七,1:11.1,クビ,145.1,11.0,[東] 尾形和幸,2022101275,202403020803,2歳未勝利｜2024年7月21日 | 競馬データベース - netkeiba,2026-05-20T11:30:15.740272,牝,2,396.0,2.0,0,0,8.0,8.0,36.1,0.1111,0,9,36.1,36.1,36.1,0.1111,36.1
10.0,8,13,シュレン,55.0,菊沢一樹,1:11.2,1/2,294.4,12.0,[東] 千葉直人,2022102380,202403020803,2歳未勝利｜2024年7月21日 | 競馬データベース - netkeiba,2026-05-20T11:30:15.740272,牝,2,382.0,0.0,0,0,4.2,4.67,37.16,0.1923,0,5,37.16,37.16,37.16,0.1923,37.16
11.0,6,8,エコロジェイド,55.0,丸山元気,1:11.4,1.1/4,35.2,7.0,[東] 小西一男,2022103497,202403020803,2歳未勝利｜2024年7月21日 | 競馬データベース - netkeiba,2026-05-20T11:30:15.740272,牡,2,480.0,8.0,0,0,2.0,2.33,38.26,0.3333,0,1,38.26,38.26,38.26,0.3333,38.26
12.0,5,6,エンジェルスター,55.0,松岡正海,1:11.6,1.1/4,340.2,13.0,[東] 伊藤伸一,2022106823,202403020803,2歳未勝利｜2024年7月21日 | 競馬データベース - netkeiba,2026-05-20T11:30:15.740272,牝,2,442.0,4.0,0,0,7.4,8.0,41.52,0.119,0,11,41.52,41.52,41.52,0.119,41.52
13.0,4,5,カーティブヨーク,51.0,大江原比,1:11.6,1/2,16.8,5.0,[東] 武市康男,2022102321,202403020803,2歳未勝利｜2024年7月21日 | 競馬データベース - netkeiba,2026-05-20T11:30:15.740272,牝,2,422.0,-2.0,0,0,10.2,10.67,39.42,0.0893,0,9,39.42,39.42,39.42,0.0893,39.42
1.0,3,6,ゴーゴーケイコ,54.0,横山琉人,1:09.0,,26.5,6.0,[東] 中舘英二,2021106562,202403020804,3歳未勝利｜2024年7月21日 | 競馬データベース - netkeiba,2026-05-20T11:30:36.018046,牝,3,462.0,2.0,1,1,10.8,12.0,42.28,0.0847,0,12,42.28,42.28,42.28,0.0847,42.28
2.0,4,7,タッカーバレット,57.0,三浦皇成,1:09.0,クビ,2.0,1.0,[東] 田島俊明,2021103994,202403020804,3歳未勝利｜2024年7月21日 | 競馬データベース - netkeiba,2026-05-20T11:30:36.018046,牡,3,494.0,0.0,0,1,4.0,6.0,38.6,0.2,0,7,38.6,38.6,38.6,0.2,38.6
3.0,1,2,リオネラ,53.0,藤田菜七,1:09.0,アタマ,7.7,4.0,[東] 村田一誠,2021103258,202403020804,3歳未勝利｜2024年7月21日 | 競馬データベース - netkeiba,2026-05-20T11:30:36.018046,牝,3,444.0,-2.0,0,1,6.25,4.0,36.75,0.1379,0,7,36.75,36.75,36.75,0.1379,36.75
4.0,8,16,ミスエル,57.0,田辺裕信,1:09.6,3.1/2,4.2,2.0,[東] 菊沢隆徳,2021106986,202403020804,3歳未勝利｜2024年7月21日 | 競馬データベース - netkeiba,2026-05-20T11:30:36.018046,牡,3,472.0,-2.0,0,0,6.8,10.0,36.74,0.1282,0,10,36.74,36.74,36.74,0.1282,36.74
5.0,6,11,プレイフルネス,55.0,木幡初也,1:10.1,3,25.5,5.0,[東] 深山雅史,2021107141,202403020804,3歳未勝利｜2024年7月21日 | 競馬データベース - netkeiba,2026-05-20T11:30:36.018046,牝,3,438.0,16.0,0,0,0.0,0.0,0.0,0.0,0,0,0.0,0.0,0.0,0.0,0.0
6.0,2,4,マケタラアカン,57.0,江田照男,1:10.1,ハナ,193.1,15.0,[東] 久保田貴,2021103101,202403020804,3歳未勝利｜2024年7月21日 | 競馬データベース - netkeiba,2026-05-20T11:30:36.018046,牡,3,450.0,2.0,0,0,5.4,6.33,39.68,0.1562,0,6,39.68,39.68,39.68,0.1562,39.68
7.0,8,15,テイエムエール,55.0,小林脩斗,1:10.1,クビ,32.8,8.0,[東] 石栗龍彦,2021103395,202403020804,3歳未勝利｜2024年7月21日 | 競馬データベース - netkeiba,2026-05-20T11:30:36.018046,牡,3,478.0,8.0,0,0,7.8,7.0,40.5,0.1136,0,7,40.5,40.5,40.5,0.1136,40.5
8.0,7,14,サベージラヴ,52.0,石神深道,1:10.7,3.1/2,27.3,7.0,[東] 伊藤圭三,2021103748,202403020804,3歳未勝利｜2024年7月21日 | 競馬データベース - netkeiba,2026-05-20T11:30:36.018046,牝,3,456.0,6.0,0,0,5.8,7.67,36.4,0.1471,0,15,36.4,36.4,36.4,0.1471,36.4
9.0,4,8,ナイトクラウン,57.0,野中悠太,1:10.8,クビ,44.3,9.0,[東] 久保田貴,2021105854,202403020804,3歳未勝利｜2024年7月21日 | 競馬データベース - netkeiba,2026-05-20T11:30:36.018046,牡,3,512.0,10.0,0,0,9.75,11.0,39.88,0.093,0,9,39.88,39.88,39.88,0.093,39.88
10.0,1,1,シンガプーラ,55.0,柴田善臣,1:10.8,クビ,64.6,11.0,[東] 嘉藤貴行,2021101696,202403020804,3歳未勝利｜2024年7月21日 | 競馬データベース - netkeiba,2026-05-20T11:30:36.018046,牝,3,432.0,4.0,0,0,4.4,4.67,41.72,0.1852,0,4,41.72,41.72,41.72,0.1852,41.72
11.0,5,10,ペレストリーナ,55.0,木幡巧也,1:11.0,1.1/4,170.0,13.0,[東] 新開幸一,2021100129,202403020804,3歳未勝利｜2024年7月21日 | 競馬データベース - netkeiba,2026-05-20T11:30:36.018046,牝,3,502.0,14.0,0,0,4.2,5.33,41.06,0.1923,0,6,41.06,41.06,41.06,0.1923,41.06
12.0,3,5,サユリバナ,55.0,丸田恭介,1:11.5,3,138.3,12.0,[東] 大竹正博,2021102970,202403020804,3歳未勝利｜2024年7月21日 | 競馬データベース - netkeiba,2026-05-20T11:30:36.018046,牝,3,500.0,-4.0,0,0,8.0,8.0,39.4,0.1111,0,1,39.4,39.4,39.4,0.1111,39.4
13.0,7,13,ライネスヘルツ,54.0,原優介,1:11.6,1/2,53.9,10.0,[東] 上原博之,2021105181,202403020804,3歳未勝利｜2024年7月21日 | 競馬データベース - netkeiba,2026-05-20T11:30:36.018046,牝,3,430.0,16.0,0,0,7.0,6.67,39.46,0.125,0,7,39.46,39.46,39.46,0.125,39.46
14.0,6,12,ファビュラスロード,57.0,戸崎圭太,1:11.7,3/4,5.9,3.0,[東] 尾関知人,2021107176,202403020804,3歳未勝利｜2024年7月21日 | 競馬データベース - netkeiba,2026-05-20T11:30:36.018046,牡,3,456.0,2.0,0,0,0.0,0.0,0.0,0.0,0,0,0.0,0.0,0.0,0.0,0.0
15.0,2,3,オセアルクレット,57.0,岩部純二,1:11.7,クビ,296.9,16.0,[東] 高橋文雅,2021103464,202403020804,3歳未勝利｜2024年7月21日 | 競馬データベース - netkeiba,2026-05-20T11:30:36.018046,牡,3,508.0,0.0,0,0,11.5,11.5,40.25,0.08,0,8,40.25,40.25,40.25,0.08,40.25
16.0,5,9,ヘルツシュラーク,57.0,菊沢一樹,1:20.0,大,186.5,14.0,[東] 小野次郎,2021104206,202403020804,3歳未勝利｜2024年7月21日 | 競馬データベース - netkeiba,2026-05-20T11:30:36.018046,牡,3,482.0,0.0,0,0,6.6,8.67,41.7,0.1316,0,9,41.7,41.7,41.7,0.1316,41.7
1.0,5,7,ブラックルビー,55.0,戸崎圭太,1:50.8,,1.6,1.0,[東] 田中博康,2022105981,202403020805,2歳新馬｜2024年7月21日 | 競馬データベース - netkeiba,2026-05-20T11:31:19.401046,牝,2,416.0,0.0,1,1,9.2,9.0,35.08,0.098,0,9,35.08,35.08,35.08,0.098,35.08
2.0,4,5,スティーヴバローズ,55.0,石橋脩,1:51.2,2,5.5,2.0,[東] 上原佑紀,2022104201,202403020805,2歳新馬｜2024年7月21日 | 競馬データベース - netkeiba,2026-05-20T11:31:19.401046,牡,2,468.0,0.0,0,1,7.4,8.33,41.14,0.119,0,5,41.14,41.14,41.14,0.119,41.14
3.0,7,10,クモヒトツナイ,55.0,松岡正海,1:51.3,3/4,59.6,10.0,[東] 堀内岳志,2022101498,202403020805,2歳新馬｜2024年7月21日 | 競馬データベース - netkeiba,2026-05-20T11:31:19.401046,牡,2,466.0,0.0,0,1,8.2,7.67,35.6,0.1087,0,8,35.6,35.6,35.6,0.1087,35.6
4.0,5,6,スノーリン,53.0,小林脩斗,1:51.6,2,90.1,11.0,[東] 西田雄一,2022103588,202403020805,2歳新馬｜2024年7月21日 | 競馬データベース - netkeiba,2026-05-20T11:31:19.401046,牡,2,444.0,0.0,0,0,10.8,11.0,36.67,0.0847,0,11,36.67,36.67,36.67,0.0847,36.67
5.0,8,12,ヴェネチアンマスク,55.0,内田博幸,1:51.8,1,100.2,12.0,[東] 和田雄二,2022100456,202403020805,2歳新馬｜2024年7月21日 | 競馬データベース - netkeiba,2026-05-20T11:31:19.401046,牡,2,436.0,0.0,0,0,12.0,12.0,36.63,0.0769,0,18,36.63,36.63,36.63,0.0769,36.63
6.0,4,4,グリスタン,54.0,横山琉人,1:52.1,2,25.6,7.0,[東] 高橋文雅,2022102559,202403020805,2歳新馬｜2024年7月21日 | 競馬データベース - netkeiba,2026-05-20T11:31:19.401046,牡,2,452.0,0.0,0,0,7.4,5.67,40.08,0.119,0,4,40.08,40.08,40.08,0.119,40.08
7.0,8,13,ヒサエノオモカゲ,54.0,原優介,1:52.5,2,18.6,5.0,[東] 千葉直人,2022101710,202403020805,2歳新馬｜2024年7月21日 | 競馬データベース - netkeiba,2026-05-20T11:31:19.401046,牝,2,474.0,0.0,0,0,8.0,11.0,40.64,0.1111,0,6,40.64,40.64,40.64,0.1111,40.64
8.0,7,11,コスモヴェントゥス,55.0,野中悠太,1:52.6,3/4,100.8,13.0,[東] 宗像義忠,2022106802,202403020805,2歳新馬｜2024年7月21日 | 競馬データベース - netkeiba,2026-05-20T11:31:19.401046,牡,2,426.0,0.0,0,0,3.8,2.33,39.84,0.2083,0,4,39.84,39.84,39.84,0.2083,39.84
9.0,6,8,マイネルラファール,55.0,柴田大知,1:52.6,クビ,18.6,6.0,[東] 畠山吉宏,2022106773,202403020805,2歳新馬｜2024年7月21日 | 競馬データベース - netkeiba,2026-05-20T11:31:19.401046,牡,2,460.0,0.0,0,0,6.2,6.67,36.32,0.1389,0,11,36.32,36.32,36.32,0.1389,36.32
10.0,2,2,ショウナンラリー,55.0,吉田豊,1:52.6,アタマ,16.7,4.0,[東] 嘉藤貴行,2022103924,202403020805,2歳新馬｜2024年7月21日 | 競馬データベース - netkeiba,2026-05-20T11:31:19.401046,牡,2,476.0,0.0,0,0,10.4,9.0,38.02,0.0877,0,15,38.02,38.02,38.02,0.0877,38.02
11.0,6,9,コンテディカヴール,55.0,丸山元気,1:52.6,アタマ,6.4,3.0,[東] 栗田徹,2022105167,202403020805,2歳新馬｜2024年7月21日 | 競馬データベース - netkeiba,2026-05-20T11:31:19.401046,牝,2,460.0,0.0,0,0,13.4,14.67,38.0,0.0694,0,16,38.0,38.0,38.0,0.0694,38.0
12.0,1,1,シバノストムキット,55.0,石川裕紀,1:52.7,クビ,38.6,8.0,[東] 大和田成,2022107348,202403020805,2歳新馬｜2024年7月21日 | 競馬データベース - netkeiba,2026-05-20T11:31:19.401046,牡,2,482.0,0.0,0,0,1.8,1.33,39.98,0.3571,0,1,39.98,39.98,39.98,0.3571,39.98
13.0,3,3,ニシノドロシー,55.0,三浦皇成,1:53.4,4,54.1,9.0,[東] 本間忍,2022100679,202403020805,2歳新馬｜2024年7月21日 | 競馬データベース - netkeiba,2026-05-20T11:31:19.401046,牝,2,466.0,0.0,0,0,5.4,6.67,40.24,0.1562,0,4,40.24,40.24,40.24,0.1562,40.24
1.0,8,11,アブキールベイ,55.0,石川裕紀,1:11.0,,3.2,2.0,[西] 坂口智康,2022101623,202403020806,2歳新馬｜2024年7月21日 | 競馬データベース - netkeiba,2026-05-20T11:31:55.836224,牝,2,412.0,0.0,1,1,8.6,10.33,33.44,0.1042,0,12,33.44,33.44,33.44,0.1042,33.44
2.0,7,10,ヴィンブルレー,55.0,戸崎圭太,1:11.1,1/2,2.5,1.0,[東] 矢野英一,2022104758,202403020806,2歳新馬｜2024年7月21日 | 競馬データベース - netkeiba,2026-05-20T11:31:55.836224,牝,2,458.0,0.0,0,1,5.8,8.67,36.88,0.1471,0,16,36.88,36.88,36.88,0.1471,36.88
3.0,1,1,バックアップアゲン,55.0,菅原明良,1:11.2,1,5.4,3.0,[東] 千葉直人,2022102689,202403020806,2歳新馬｜2024年7月21日 | 競馬データベース - netkeiba,2026-05-20T11:31:55.836224,牝,2,448.0,0.0,0,1,12.4,11.0,41.28,0.0746,0,10,41.28,41.28,41.28,0.0746,41.28
4.0,2,2,マリノトニトゥルス,51.0,大江原比,1:11.6,2.1/2,6.1,4.0,[東] 武市康男,2022101290,202403020806,2歳新馬｜2024年7月21日 | 競馬データベース - netkeiba,2026-05-20T11:31:55.836224,牝,2,460.0,0.0,0,0,4.6,5.33,34.56,0.1786,0,5,34.56,34.56,34.56,0.1786,34.56
5.0,5,6,リュウノハミング,53.0,藤田菜七,1:11.8,1.1/4,32.7,7.0,[東] 伊藤伸一,2022109031,202403020806,2歳新馬｜2024年7月21日 | 競馬データベース - netkeiba,2026-05-20T11:31:55.836224,牝,2,456.0,0.0,0,0,7.8,9.33,41.52,0.1136,0,9,41.52,41.52,41.52,0.1136,41.52
6.0,6,7,シャルパンティエ,55.0,石橋脩,1:11.9,1/2,58.3,9.0,[東] 南田美知,2022101362,202403020806,2歳新馬｜2024年7月21日 | 競馬データベース - netkeiba,2026-05-20T11:31:55.836224,牝,2,420.0,0.0,0,0,4.2,4.67,39.42,0.1923,0,6,39.42,39.42,39.42,0.1923,39.42
7.0,7,9,アズーラ,52.0,石田拓郎,1:13.2,8,21.5,6.0,[東] 佐藤吉勝,2022103034,202403020806,2歳新馬｜2024年7月21日 | 競馬データベース - netkeiba,2026-05-20T11:31:55.836224,牝,2,416.0,0.0,0,0,0.0,0.0,0.0,0.0,0,0,0.0,0.0,0.0,0.0,0.0
8.0,4,4,カミーチェ,52.0,土田真翔,1:13.3,3/4,101.3,11.0,[東] 堀内岳志,2022103041,202403020806,2歳新馬｜2024年7月21日 | 競馬データベース - netkeiba,2026-05-20T11:31:55.836224,牝,2,388.0,0.0,0,0,7.2,6.33,39.46,0.122,0,4,39.46,39.46,39.46,0.122,39.46
9.0,6,8,ナムラルナ,54.0,原優介,1:13.6,2,15.4,5.0,[東] 大和田成,2022102899,202403020806,2歳新馬｜2024年7月21日 | 競馬データベース - netkeiba,2026-05-20T11:31:55.836224,牝,2,478.0,0.0,0,0,10.75,11.33,41.05,0.0851,0,11,41.05,41.05,41.05,0.0851,41.05
10.0,3,3,セカンドトゥノン,55.0,柴田大知,1:14.2,3.1/2,53.4,8.0,[東] 伊藤大士,2022103992,202403020806,2歳新馬｜2024年7月21日 | 競馬データベース - netkeiba,2026-05-20T11:31:55.836224,牝,2,426.0,0.0,0,0,11.8,11.33,40.02,0.0781,0,11,40.02,40.02,40.02,0.0781,40.02
11.0,5,5,リズ,53.0,小林脩斗,1:17.0,大,89.7,10.0,[東] 佐藤吉勝,2022105643,202403020806,2歳新馬｜2024年7月21日 | 競馬データベース - netkeiba,2026-05-20T11:31:55.836224,牝,2,466.0,0.0,0,0,5.4,8.0,39.4,0.1562,0,8,39.4,39.4,39.4,0.1562,39.4
,8,12,ラブカマクフィー,55.0,丸山元気,,,,,[東] 田島俊明,2022106599,202403020806,2歳新馬｜2024年7月21日 | 競馬データベース - netkeiba,2026-05-20T11:31:55.836224,牝,2,416.0,0.0,0,0,8.4,8.33,39.32,0.1064,0,7,39.32,39.32,39.32,0.1064,39.32
1.0,2,4,リアルセンター,54.0,横山琉人,2:01.3,,12.1,6.0,[東] 千葉直人,2021103518,202403020807,3歳未勝利｜2024年7月21日 | 競馬データベース - netkeiba,2026-05-20T11:32:28.979785,牝,3,494.0,0.0,1,1,11.2,11.67,36.74,0.082,0,13,36.74,36.74,36.74,0.082,36.74
2.0,1,1,アイソーザライト,55.0,丸田恭介,2:01.4,1/2,3.8,2.0,[東] 大竹正博,2021103967,202403020807,3歳未勝利｜2024年7月21日 | 競馬データベース - netkeiba,2026-05-20T11:32:28.979785,牝,3,422.0,-4.0,0,1,3.4,3.67,34.5,0.2273,0,4,34.5,34.5,34.5,0.2273,34.5
3.0,1,2,マイネルコンポート,57.0,戸崎圭太,2:02.0,3.1/2,2.9,1.0,[東] 清水英克,2021106817,202403020807,3歳未勝利｜2024年7月21日 | 競馬データベース - netkeiba,2026-05-20T11:32:28.979785,牡,3,480.0,6.0,0,1,3.0,2.0,40.58,0.25,0,1,40.58,40.58,40.58,0.25,40.58
4.0,7,14,クレバーピコ,55.0,吉田豊,2:02.2,1.1/4,52.3,10.0,[東] 高橋文雅,2021106085,202403020807,3歳未勝利｜2024年7月21日 | 競馬データベース - netkeiba,2026-05-20T11:32:28.979785,牝,3,438.0,2.0,0,0,6.2,6.33,41.58,0.1389,0,7,41.58,41.58,41.58,0.1389,41.58
5.0,7,13,タウンホール,55.0,田辺裕信,2:02.5,1.3/4,44.4,8.0,[東] 和田勇介,2021101697,202403020807,3歳未勝利｜2024年7月21日 | 競馬データベース - netkeiba,2026-05-20T11:32:28.979785,牝,3,482.0,12.0,0,0,3.33,3.0,41.4,0.2309,0,5,41.4,41.4,41.4,0.2309,41.4
6.0,3,6,シルバーブロンド,53.0,藤田菜七,2:02.7,1.1/4,10.5,5.0,[東] 根本康広,2021102232,202403020807,3歳未勝利｜2024年7月21日 | 競馬データベース - netkeiba,2026-05-20T11:32:28.979785,牝,3,428.0,6.0,0,0,6.2,6.33,40.88,0.1389,0,7,40.88,40.88,40.88,0.1389,40.88
7.0,8,16,ムビョウソクサイ,57.0,嶋田純次,2:02.9,1.1/4,228.5,14.0,[東] 伊藤大士,2021103329,202403020807,3歳未勝利｜2024年7月21日 | 競馬データベース - netkeiba,2026-05-20T11:32:28.979785,牡,3,464.0,-8.0,0,0,10.0,8.67,42.02,0.0909,0,7,42.02,42.02,42.02,0.0909,42.02
8.0,4,7,ヴォーグアルタイル,57.0,柴田大知,2:03.3,2.1/2,50.4,9.0,[東] 田中剛,2021104483,202403020807,3歳未勝利｜2024年7月21日 | 競馬データベース - netkeiba,2026-05-20T11:32:28.979785,牡,3,446.0,4.0,0,0,2.4,2.33,40.16,0.2941,0,3,40.16,40.16,40.16,0.2941,40.16
9.0,2,3,ベニカケソラ,54.0,佐藤翔馬,2:03.6,1.3/4,348.6,16.0,[東] 杉浦宏昭,2021106144,202403020807,3歳未勝利｜2024年7月21日 | 競馬データベース - netkeiba,2026-05-20T11:32:28.979785,牡,3,438.0,-8.0,0,0,11.4,11.0,36.06,0.0806,0,14,36.06,36.06,36.06,0.0806,36.06
10.0,5,10,オーサムピクチャ,55.0,菅原明良,2:03.7,1/2,4.7,3.0,[東] 古賀慎明,2021104148,202403020807,3歳未勝利｜2024年7月21日 | 競馬データベース - netkeiba,2026-05-20T11:32:28.979785,牝,3,420.0,2.0,0,0,9.8,13.0,34.52,0.0926,0,11,34.52,34.52,34.52,0.0926,34.52
11.0,4,8,フォーゲルヴァイデ,57.0,内田博幸,2:03.7,ハナ,126.9,11.0,[東] 深山雅史,2021104488,202403020807,3歳未勝利｜2024年7月21日 | 競馬データベース - netkeiba,2026-05-20T11:32:28.979785,牡,3,474.0,-2.0,0,0,2.8,2.67,39.92,0.2632,0,2,39.92,39.92,39.92,0.2632,39.92
12.0,6,11,エスカラーチェ,55.0,野中悠太,2:03.8,1/2,228.4,13.0,[東] 鈴木伸尋,2021105215,202403020807,3歳未勝利｜2024年7月21日 | 競馬データベース - netkeiba,2026-05-20T11:32:28.979785,牝,3,470.0,2.0,0,0,10.6,9.67,40.96,0.0862,0,11,40.96,40.96,40.96,0.0862,40.96
13.0,5,9,カイゼルスベルグ,57.0,丸山元気,2:03.9,3/4,8.0,4.0,[東] 木村哲也,2021105424,202403020807,3歳未勝利｜2024年7月21日 | 競馬データベース - netkeiba,2026-05-20T11:32:28.979785,牡,3,570.0,0.0,0,0,4.8,6.67,39.96,0.1724,0,8,39.96,39.96,39.96,0.1724,39.96
14.0,6,12,カジカライズ,56.0,原優介,2:04.0,1/2,22.4,7.0,[東] 久保田貴,2021106519,202403020807,3歳未勝利｜2024年7月21日 | 競馬データベース - netkeiba,2026-05-20T11:32:28.979785,牡,3,428.0,2.0,0,0,5.6,3.33,40.68,0.1515,0,2,40.68,40.68,40.68,0.1515,40.68
15.0,3,5,イチリュウオー,54.0,石田拓郎,2:04.1,1/2,190.4,12.0,[東] 小西一男,2021100123,202403020807,3歳未勝利｜2024年7月21日 | 競馬データベース - netkeiba,2026-05-20T11:32:28.979785,牡,3,448.0,-2.0,0,0,8.8,6.33,38.35,0.102,0,5,38.35,38.35,38.35,0.102,38.35
16.0,8,15,ネバーレインズ,57.0,原田和真,2:04.4,1.3/4,335.3,15.0,[東] 千葉直人,2021100458,202403020807,3歳未勝利｜2024年7月21日 | 競馬データベース - netkeiba,2026-05-20T11:32:28.979785,セ,3,506.0,-6.0,0,0,13.25,12.67,40.48,0.0702,0,16,40.48,40.48,40.48,0.0702,40.48
1.0,6,12,ヴェサリウス,55.0,三浦皇成,1:08.1,,2.0,1.0,[東] 菊沢隆徳,2021104401,202403020808,3歳以上1勝クラス｜2024年7月21日 | 競馬データベース - netkeiba,2026-05-20T11:33:04.417366,牡,3,474.0,-2.0,1,1,7.0,4.67,34.08,0.125,0,4,34.08,34.08,34.08,0.125,34.08
2.0,2,3,レイデルマール,58.0,菊沢一樹,1:08.7,3.1/2,89.0,13.0,[東] 粕谷昌央,2018101744,202403020808,3歳以上1勝クラス｜2024年7月21日 | 競馬データベース - netkeiba,2026-05-20T11:33:04.417366,セ,6,500.0,0.0,0,1,7.4,8.33,37.18,0.119,0,11,37.18,37.18,37.18,0.119,37.18
3.0,7,13,ヘレンキムゼー,58.0,菅原明良,1:08.9,1.1/4,15.3,6.0,[東] 古賀慎明,2019104560,202403020808,3歳以上1勝クラス｜2024年7月21日 | 競馬データベース - netkeiba,2026-05-20T11:33:04.417366,牡,5,492.0,-2.0,0,1,4.6,4.0,36.62,0.1786,0,2,36.62,36.62,36.62,0.1786,36.62
4.0,8,15,サルモン,58.0,石橋脩,1:09.0,1/2,6.9,3.0,[東] 加藤士津,2020105983,202403020808,3歳以上1勝クラス｜2024年7月21日 | 競馬データベース - netkeiba,2026-05-20T11:33:04.417366,牡,4,522.0,2.0,0,0,4.0,3.33,37.68,0.2,0,2,37.68,37.68,37.68,0.2,37.68
5.0,4,8,ヴィクトリーロード,58.0,内田博幸,1:09.2,1.1/4,28.3,8.0,[東] 畠山吉宏,2020103931,202403020808,3歳以上1勝クラス｜2024年7月21日 | 競馬データベース - netkeiba,2026-05-20T11:33:04.417366,牡,4,476.0,-8.0,0,0,10.2,8.0,37.0,0.0893,0,9,37.0,37.0,37.0,0.0893,37.0
6.0,8,16,マーゴットファブ,55.0,石川裕紀,1:09.2,ハナ,14.7,5.0,[東] 伊坂重信,2021106722,202403020808,3歳以上1勝クラス｜2024年7月21日 | 競馬データベース - netkeiba,2026-05-20T11:33:04.417366,牡,3,518.0,-2.0,0,0,2.25,2.5,39.42,0.3077,0,2,39.42,39.42,39.42,0.3077,39.42
7.0,3,6,ゴールデンシーカー,58.0,野中悠太,1:09.2,クビ,196.4,15.0,[東] 天間昭一,2019100899,202403020808,3歳以上1勝クラス｜2024年7月21日 | 競馬データベース - netkeiba,2026-05-20T11:33:04.417366,牡,5,498.0,-6.0,0,0,7.6,10.0,37.06,0.1163,0,15,37.06,37.06,37.06,0.1163,37.06
8.0,1,2,キャロライナリーパ,56.0,江田照男,1:09.6,2,68.1,12.0,[東] 田村康仁,2018105102,202403020808,3歳以上1勝クラス｜2024年7月21日 | 競馬データベース - netkeiba,2026-05-20T11:33:04.417366,牝,6,470.0,0.0,0,0,11.0,10.0,41.06,0.0833,0,12,41.06,41.06,41.06,0.0833,41.06
9.0,5,10,ハクサンアイ,53.0,石田拓郎,1:09.7,1/2,5.7,2.0,[東] 加藤士津,2020106586,202403020808,3歳以上1勝クラス｜2024年7月21日 | 競馬データベース - netkeiba,2026-05-20T11:33:04.417366,牝,4,472.0,0.0,0,0,6.75,11.5,38.83,0.129,0,12,38.83,38.83,38.83,0.129,38.83
10.0,7,14,モービルテソーロ,52.0,原優介,1:09.9,1.1/2,40.3,9.0,[東] 小手川準,2021102285,202403020808,3歳以上1勝クラス｜2024年7月21日 | 競馬データベース - netkeiba,2026-05-20T11:33:04.417366,牝,3,430.0,-16.0,0,0,10.2,13.0,36.5,0.0893,0,18,36.5,36.5,36.5,0.0893,36.5
11.0,4,7,フスカル,58.0,丸山元気,1:10.0,1/2,48.1,10.0,[東] 森一誠,2020110128,202403020808,3歳以上1勝クラス｜2024年7月21日 | 競馬データベース - netkeiba,2026-05-20T11:33:04.417366,セ,4,478.0,2.0,0,0,5.8,6.0,37.76,0.1471,0,12,37.76,37.76,37.76,0.1471,37.76
12.0,5,9,イロハニオエ,56.0,松岡正海,1:10.4,2.1/2,61.6,11.0,[東] 小野次郎,2019100354,202403020808,3歳以上1勝クラス｜2024年7月21日 | 競馬データベース - netkeiba,2026-05-20T11:33:04.417366,牝,5,510.0,-4.0,0,0,4.6,5.0,39.42,0.1786,0,7,39.42,39.42,39.42,0.1786,39.42
13.0,6,11,オンザスカイ,55.0,石神深道,1:10.5,クビ,128.2,14.0,[東] 大和田成,2020103055,202403020808,3歳以上1勝クラス｜2024年7月21日 | 競馬データベース - netkeiba,2026-05-20T11:33:04.417366,牡,4,458.0,-19.0,0,0,5.8,8.33,38.28,0.1471,0,11,38.28,38.28,38.28,0.1471,38.28
14.0,2,4,キーフェイス,56.0,的場勇人,1:10.5,クビ,564.2,16.0,[東] 的場均,2016100484,202403020808,3歳以上1勝クラス｜2024年7月21日 | 競馬データベース - netkeiba,2026-05-20T11:33:04.417366,牝,8,468.0,22.0,0,0,6.4,7.0,39.52,0.1351,0,8,39.52,39.52,39.52,0.1351,39.52
15.0,1,1,イーサンハンター,55.0,田辺裕信,1:10.6,クビ,8.8,4.0,[東] 千葉直人,2021104362,202403020808,3歳以上1勝クラス｜2024年7月21日 | 競馬データベース - netkeiba,2026-05-20T11:33:04.417366,牡,3,524.0,0.0,0,0,6.6,5.33,38.3,0.1316,0,8,38.3,38.3,38.3,0.1316,38.3
16.0,3,5,シントーハナノボス,55.0,吉田豊,1:10.7,1/2,16.7,7.0,[東] 田島俊明,2021103953,202403020808,3歳以上1勝クラス｜2024年7月21日 | 競馬データベース - netkeiba,2026-05-20T11:33:04.417366,牡,3,476.0,8.0,0,0,6.8,5.67,40.72,0.1282,0,10,40.72,40.72,40.72,0.1282,40.72
1.0,5,7,ネビュルーズ,58.0,菅原明良,2:00.6,,6.8,4.0,[東] 鹿戸雄一,2020103436,202403020809,伊達特別｜2024年7月21日 | 競馬データベース - netkeiba,2026-05-20T11:33:40.322887,牡,4,486.0,4.0,1,1,8.5,8.0,37.1,0.1053,0,7,37.1,37.1,37.1,0.1053,37.1
2.0,7,10,レッドテリオス,55.0,原優介,2:00.7,1/2,13.3,6.0,[東] 古賀慎明,2021105066,202403020809,伊達特別｜2024年7月21日 | 競馬データベース - netkeiba,2026-05-20T11:33:40.322887,牡,3,470.0,4.0,0,1,6.8,7.33,34.72,0.1282,0,4,34.72,34.72,34.72,0.1282,34.72
3.0,8,12,ケイツークローン,58.0,菊沢一樹,2:00.8,1/2,13.0,5.0,[東] 清水英克,2020103160,202403020809,伊達特別｜2024年7月21日 | 競馬データベース - netkeiba,2026-05-20T11:33:40.322887,セ,4,454.0,-6.0,0,1,6.6,8.33,34.68,0.1316,0,6,34.68,34.68,34.68,0.1316,34.68
4.0,5,6,ゼアズノープレイス,58.0,的場勇人,2:01.0,1.1/4,210.3,12.0,[東] 的場均,2019100907,202403020809,伊達特別｜2024年7月21日 | 競馬データベース - netkeiba,2026-05-20T11:33:40.322887,牡,5,492.0,-16.0,0,0,9.0,9.0,35.8,0.1,0,9,35.8,35.8,35.8,0.1,35.8
5.0,8,13,オーシャンズヨリ,58.0,藤田菜七,2:01.1,クビ,54.7,10.0,[東] 竹内正洋,2019103561,202403020809,伊達特別｜2024年7月21日 | 競馬データベース - netkeiba,2026-05-20T11:33:40.322887,牡,5,476.0,4.0,0,0,5.4,7.33,36.7,0.1562,0,5,36.7,36.7,36.7,0.1562,36.7
6.0,4,4,ダノンティアラ,56.0,柴田善臣,2:01.2,3/4,45.8,9.0,[東] 大竹正博,2019105214,202403020809,伊達特別｜2024年7月21日 | 競馬データベース - netkeiba,2026-05-20T11:33:40.322887,牝,5,460.0,-6.0,0,0,7.0,7.67,35.86,0.125,0,12,35.86,35.86,35.86,0.125,35.86
7.0,3,3,キャントウェイト,55.0,丸山元気,2:01.5,1.1/2,5.9,3.0,[東] 萱野浩二,2021102800,202403020809,伊達特別｜2024年7月21日 | 競馬データベース - netkeiba,2026-05-20T11:33:40.322887,牡,3,448.0,-6.0,0,0,5.4,4.67,34.7,0.1562,0,3,34.7,34.7,34.7,0.1562,34.7
8.0,2,2,ジェロニモス,55.0,戸崎圭太,2:01.5,クビ,2.7,1.0,[西] 中村直也,2021101280,202403020809,伊達特別｜2024年7月21日 | 競馬データベース - netkeiba,2026-05-20T11:33:40.322887,牡,3,486.0,10.0,0,0,6.0,6.67,35.84,0.1429,0,5,35.84,35.84,35.84,0.1429,35.84
9.0,6,9,アルマーレシチー,55.0,田辺裕信,2:01.5,ハナ,57.0,11.0,[東] 上原博之,2021100675,202403020809,伊達特別｜2024年7月21日 | 競馬データベース - netkeiba,2026-05-20T11:33:40.322887,牡,3,540.0,0.0,0,0,7.0,6.0,38.2,0.125,0,4,38.2,38.2,38.2,0.125,38.2
10.0,1,1,サツキノジョウ,53.0,三浦皇成,2:01.6,3/4,18.9,8.0,[東] 武井亮,2021105789,202403020809,伊達特別｜2024年7月21日 | 競馬データベース - netkeiba,2026-05-20T11:33:40.322887,牝,3,434.0,0.0,0,0,6.6,7.0,38.36,0.1316,0,8,38.36,38.36,38.36,0.1316,38.36
11.0,6,8,ローブエリタージュ,56.0,石川裕紀,2:01.7,1/2,4.2,2.0,[東] 手塚貴久,2019105570,202403020809,伊達特別｜2024年7月21日 | 競馬データベース - netkeiba,2026-05-20T11:33:40.322887,牝,5,408.0,12.0,0,0,6.6,9.33,35.22,0.1316,0,8,35.22,35.22,35.22,0.1316,35.22
12.0,7,11,キューティクローム,53.0,吉田豊,2:02.6,5,15.5,7.0,[東] 中舘英二,2021101176,202403020809,伊達特別｜2024年7月21日 | 競馬データベース - netkeiba,2026-05-20T11:33:40.322887,牝,3,432.0,14.0,0,0,12.6,12.0,36.74,0.0735,0,15,36.74,36.74,36.74,0.0735,36.74
13.0,4,5,コスモバイオレット,56.0,柴田大知,2:03.1,3,213.5,13.0,[東] 松永康利,2020104625,202403020809,伊達特別｜2024年7月21日 | 競馬データベース - netkeiba,2026-05-20T11:33:40.322887,牝,4,448.0,2.0,0,0,12.8,13.33,36.78,0.0725,0,13,36.78,36.78,36.78,0.0725,36.78
1.0,8,15,ミユキアイラブユー,58.0,菅原明良,1:07.8,,8.1,3.0,[東] 小島茂之,2019105058,202403020810,米沢特別｜2024年7月21日 | 競馬データベース - netkeiba,2026-05-20T11:34:07.480873,セ,5,572.0,12.0,1,1,11.0,10.0,36.48,0.0833,0,10,36.48,36.48,36.48,0.0833,36.48
2.0,7,14,カリュウ,56.0,藤田菜七,1:08.1,2,23.0,8.0,[東] 田島俊明,2019106714,202403020810,米沢特別｜2024年7月21日 | 競馬データベース - netkeiba,2026-05-20T11:34:07.480873,牝,5,426.0,-2.0,0,1,6.6,6.67,36.42,0.1316,0,5,36.42,36.42,36.42,0.1316,36.42
3.0,6,12,グレタ,56.0,菊沢一樹,1:08.2,クビ,72.3,13.0,[東] 清水英克,2019102761,202403020810,米沢特別｜2024年7月21日 | 競馬データベース - netkeiba,2026-05-20T11:34:07.480873,牝,5,466.0,-6.0,0,1,9.8,13.67,35.82,0.0926,0,14,35.82,35.82,35.82,0.0926,35.82
4.0,4,7,チュウワスプリング,56.0,伊藤工真,1:08.2,クビ,32.0,10.0,[東] 林徹,2020102391,202403020810,米沢特別｜2024年7月21日 | 競馬データベース - netkeiba,2026-05-20T11:34:07.480873,牝,4,416.0,10.0,0,0,4.2,5.67,40.38,0.1923,0,5,40.38,40.38,40.38,0.1923,40.38
5.0,4,8,ロープスピニング,56.0,戸崎圭太,1:08.5,1.3/4,3.0,1.0,[東] 武藤善則,2019104952,202403020810,米沢特別｜2024年7月21日 | 競馬データベース - netkeiba,2026-05-20T11:34:07.480873,牝,5,436.0,2.0,0,0,7.6,10.0,37.68,0.1163,0,13,37.68,37.68,37.68,0.1163,37.68
6.0,7,13,サザンステート,58.0,石橋脩,1:08.6,1/2,13.0,6.0,[東] 上原佑紀,2019101185,202403020810,米沢特別｜2024年7月21日 | 競馬データベース - netkeiba,2026-05-20T11:34:07.480873,牡,5,492.0,-2.0,0,0,4.8,4.67,39.8,0.1724,0,3,39.8,39.8,39.8,0.1724,39.8
7.0,3,5,マイアミュレット,58.0,内田博幸,1:08.8,1.1/4,67.3,12.0,[東] 天間昭一,2019106730,202403020810,米沢特別｜2024年7月21日 | 競馬データベース - netkeiba,2026-05-20T11:34:07.480873,セ,5,478.0,0.0,0,0,10.2,11.0,36.6,0.0893,0,14,36.6,36.6,36.6,0.0893,36.6
8.0,1,1,サイモンギフト,58.0,原優介,1:08.9,クビ,11.9,5.0,[東] 勢司和浩,2020100639,202403020810,米沢特別｜2024年7月21日 | 競馬データベース - netkeiba,2026-05-20T11:34:07.480873,牡,4,484.0,-4.0,0,0,13.2,14.0,38.3,0.0704,0,15,38.3,38.3,38.3,0.0704,38.3
9.0,5,9,タッカーシルバー,56.0,木幡巧也,1:09.1,1,49.8,11.0,[東] 鈴木伸尋,2019100898,202403020810,米沢特別｜2024年7月21日 | 競馬データベース - netkeiba,2026-05-20T11:34:07.480873,牝,5,458.0,-2.0,0,0,9.2,12.67,37.22,0.098,0,15,37.22,37.22,37.22,0.098,37.22
10.0,3,6,シックザイン,58.0,柴田善臣,1:09.4,2,217.1,15.0,[東] 水野貴広,2019103887,202403020810,米沢特別｜2024年7月21日 | 競馬データベース - netkeiba,2026-05-20T11:34:07.480873,牡,5,456.0,-16.0,0,0,4.6,1.67,37.86,0.1786,0,1,37.86,37.86,37.86,0.1786,37.86
11.0,2,3,エナジーロッソ,56.0,石田拓郎,1:09.7,1.3/4,24.1,9.0,[西] 高柳大輔,2018106569,202403020810,米沢特別｜2024年7月21日 | 競馬データベース - netkeiba,2026-05-20T11:34:07.480873,牝,6,486.0,-2.0,0,0,8.0,10.0,41.24,0.1111,0,14,41.24,41.24,41.24,0.1111,41.24
12.0,2,4,ニーナブランド,56.0,野中悠太,1:09.8,1/2,21.6,7.0,[東] 千葉直人,2020100272,202403020810,米沢特別｜2024年7月21日 | 競馬データベース - netkeiba,2026-05-20T11:34:07.480873,牝,4,456.0,-2.0,0,0,10.0,8.67,37.46,0.0909,0,7,37.46,37.46,37.46,0.0909,37.46
13.0,5,10,ネバレチュゴー,58.0,松岡正海,1:10.2,2.1/2,8.8,4.0,[東] 西田雄一,2020106983,202403020810,米沢特別｜2024年7月21日 | 競馬データベース - netkeiba,2026-05-20T11:34:07.480873,牡,4,534.0,0.0,0,0,4.0,1.0,39.9,0.2,0,1,39.9,39.9,39.9,0.2,39.9
14.0,1,2,シルヴァーゴースト,56.0,丸山元気,1:10.3,1/2,84.8,14.0,[東] 岩戸孝樹,2020106750,202403020810,米沢特別｜2024年7月21日 | 競馬データベース - netkeiba,2026-05-20T11:34:07.480873,牝,4,456.0,0.0,0,0,2.6,3.67,38.76,0.2778,0,5,38.76,38.76,38.76,0.2778,38.76
15.0,6,11,チュウワキャリア,53.0,三浦皇成,1:10.7,2.1/2,3.2,2.0,[東] 栗田徹,2021102295,202403020810,米沢特別｜2024年7月21日 | 競馬データベース - netkeiba,2026-05-20T11:34:07.480873,牝,3,512.0,8.0,0,0,10.0,13.0,38.16,0.0909,0,16,38.16,38.16,38.16,0.0909,38.16
,8,16,スイートカルデア,56.0,江田照男,,,,,[東] 菊川正達,2018105803,202403020810,米沢特別｜2024年7月21日 | 競馬データベース - netkeiba,2026-05-20T11:34:07.480873,牝,6,486.0,-4.0,0,0,12.0,14.0,38.57,0.0769,0,14,38.57,38.57,38.57,0.0769,38.57
1.0,7,12,メイショウテンスイ,58.0,吉田豊,1:44.3,,10.1,6.0,[西] 河内洋,2017106084,202403020811,ジュライステークス｜2024年7月21日 | 競馬データベース - netkeiba,2026-05-20T11:34:51.633759,牡,7,528.0,-2.0,1,1,0.0,0.0,0.0,0.0,0,0,0.0,0.0,0.0,0.0,0.0
2.0,4,7,ショウナンライシン,57.0,柴田善臣,1:44.6,1.3/4,5.1,3.0,[東] 大竹正博,2020103148,202403020811,ジュライステークス｜2024年7月21日 | 競馬データベース - netkeiba,2026-05-20T11:34:51.633759,牡,4,496.0,4.0,0,1,6.6,8.0,37.34,0.1316,0,10,37.34,37.34,37.34,0.1316,37.34
3.0,8,14,ケンシンコウ,59.0,田辺裕信,1:44.6,クビ,20.4,8.0,[東] 小西一男,2017103641,202403020811,ジュライステークス｜2024年7月21日 | 競馬データベース - netkeiba,2026-05-20T11:34:51.633759,牡,7,500.0,-2.0,0,1,9.75,9.5,37.25,0.093,0,3,37.25,37.25,37.25,0.093,37.25
4.0,5,9,デンコウリジエール,59.0,菅原明良,1:45.1,2.1/2,110.4,13.0,[西] 荒川義之,2017103165,202403020811,ジュライステークス｜2024年7月21日 | 競馬データベース - netkeiba,2026-05-20T11:34:51.633759,牡,7,476.0,-2.0,0,0,7.8,7.0,37.12,0.1136,0,8,37.12,37.12,37.12,0.1136,37.12
5.0,3,5,ミファヴォリート,55.0,丸山元気,1:45.2,3/4,9.5,4.0,[東] 辻哲英,2019105455,202403020811,ジュライステークス｜2024年7月21日 | 競馬データベース - netkeiba,2026-05-20T11:34:51.633759,牝,5,492.0,2.0,0,0,3.4,3.67,37.92,0.2273,0,3,37.92,37.92,37.92,0.2273,37.92
6.0,2,2,ハギノアトラス,57.0,柴田大知,1:45.3,1/2,128.7,14.0,[西] 鮫島一歩,2016102663,202403020811,ジュライステークス｜2024年7月21日 | 競馬データベース - netkeiba,2026-05-20T11:34:51.633759,セ,8,478.0,-2.0,0,0,9.6,10.0,37.02,0.0943,0,11,37.02,37.02,37.02,0.0943,37.02
7.0,2,3,マリオロード,57.0,戸崎圭太,1:45.7,2.1/2,4.6,2.0,[西] 安達昭夫,2019101198,202403020811,ジュライステークス｜2024年7月21日 | 競馬データベース - netkeiba,2026-05-20T11:34:51.633759,牡,5,492.0,-4.0,0,0,8.0,9.33,37.56,0.1111,0,4,37.56,37.56,37.56,0.1111,37.56
8.0,3,4,メイショウユズルハ,57.0,石橋脩,1:46.4,4,25.0,9.0,[西] 岡田稲男,2019104089,202403020811,ジュライステークス｜2024年7月21日 | 競馬データベース - netkeiba,2026-05-20T11:34:51.633759,牡,5,484.0,-6.0,0,0,10.6,8.67,37.12,0.0862,0,10,37.12,37.12,37.12,0.0862,37.12
9.0,8,15,ディパッセ,57.0,松岡正海,1:46.4,クビ,42.5,10.0,[西] 高柳大輔,2019105609,202403020811,ジュライステークス｜2024年7月21日 | 競馬データベース - netkeiba,2026-05-20T11:34:51.633759,牡,5,500.0,-10.0,0,0,8.2,8.33,38.44,0.1087,0,9,38.44,38.44,38.44,0.1087,38.44
10.0,7,13,エーティーマクフィ,57.0,石川裕紀,1:46.6,1,3.2,1.0,[西] 武英智,2019105859,202403020811,ジュライステークス｜2024年7月21日 | 競馬データベース - netkeiba,2026-05-20T11:34:51.633759,牡,5,476.0,-4.0,0,0,5.0,5.67,33.66,0.1667,0,8,33.66,33.66,33.66,0.1667,33.66
11.0,6,10,ロバートソンキー,58.0,伊藤工真,1:47.0,2.1/2,15.2,7.0,[東] 林徹,2017101707,202403020811,ジュライステークス｜2024年7月21日 | 競馬データベース - netkeiba,2026-05-20T11:34:51.633759,牡,7,492.0,16.0,0,0,6.6,10.0,35.94,0.1316,0,14,35.94,35.94,35.94,0.1316,35.94
12.0,4,6,ライラボンド,57.0,三浦皇成,1:47.0,ハナ,10.0,5.0,[東] 杉浦宏昭,2019105913,202403020811,ジュライステークス｜2024年7月21日 | 競馬データベース - netkeiba,2026-05-20T11:34:51.633759,牡,5,512.0,-8.0,0,0,5.8,6.33,38.94,0.1471,0,8,38.94,38.94,38.94,0.1471,38.94
13.0,5,8,ホウオウノーサイド,57.0,内田博幸,1:47.1,3/4,54.6,11.0,[東] 斎藤誠,2019105775,202403020811,ジュライステークス｜2024年7月21日 | 競馬データベース - netkeiba,2026-05-20T11:34:51.633759,牡,5,492.0,6.0,0,0,11.0,11.67,35.54,0.0833,0,13,35.54,35.54,35.54,0.0833,35.54
14.0,6,11,ジャスパーゴールド,57.0,木幡巧也,1:47.3,1,61.3,12.0,[西] 森秀行,2018110126,202403020811,ジュライステークス｜2024年7月21日 | 競馬データベース - netkeiba,2026-05-20T11:34:51.633759,牡,6,480.0,6.0,0,0,10.2,10.33,37.34,0.0893,0,6,37.34,37.34,37.34,0.0893,37.34
15.0,1,1,オウケンムーン,58.0,菊沢一樹,1:51.3,大,201.3,15.0,[東] 岩戸孝樹,2015105033,202403020811,ジュライステークス｜2024年7月21日 | 競馬データベース - netkeiba,2026-05-20T11:34:51.633759,牡,9,450.0,0.0,0,0,9.4,8.33,40.98,0.0962,0,11,40.98,40.98,40.98,0.0962,40.98
1.0,8,12,オリエンタルナイト,55.0,戸崎圭太,2:41.1,,5.4,2.0,[西] 寺島良,2021104751,202403020812,3歳以上1勝クラス｜2024年7月21日 | 競馬データベース - netkeiba,2026-05-20T11:35:31.852044,牡,3,518.0,0.0,1,1,10.8,12.0,36.3,0.0847,0,14,36.3,36.3,36.3,0.0847,36.3
2.0,2,2,マグマオーシャン,58.0,丸山元気,2:41.2,1,11.5,5.0,[東] 武藤善則,2019104558,202403020812,3歳以上1勝クラス｜2024年7月21日 | 競馬データベース - netkeiba,2026-05-20T11:35:31.852044,牡,5,496.0,-6.0,0,1,10.8,8.67,38.68,0.0847,0,12,38.68,38.68,38.68,0.0847,38.68
3.0,6,8,オーパンバル,56.0,田辺裕信,2:41.7,3,14.6,6.0,[西] 野中賢二,2018100722,202403020812,3歳以上1勝クラス｜2024年7月21日 | 競馬データベース - netkeiba,2026-05-20T11:35:31.852044,牝,6,462.0,-2.0,0,1,7.0,10.0,36.24,0.125,0,12,36.24,36.24,36.24,0.125,36.24
4.0,6,7,モルトマエストーソ,55.0,柴田大知,2:41.8,1/2,7.0,4.0,[東] 国枝栄,2021105838,202403020812,3歳以上1勝クラス｜2024年7月21日 | 競馬データベース - netkeiba,2026-05-20T11:35:31.852044,牡,3,534.0,4.0,0,0,4.2,3.33,35.22,0.1923,0,6,35.22,35.22,35.22,0.1923,35.22
5.0,7,9,ラムゼイテソーロ,55.0,木幡巧也,2:42.0,1.1/2,15.2,7.0,[東] 西田雄一,2021100579,202403020812,3歳以上1勝クラス｜2024年7月21日 | 競馬データベース - netkeiba,2026-05-20T11:35:31.852044,牡,3,526.0,-2.0,0,0,8.2,8.33,38.94,0.1087,0,1,38.94,38.94,38.94,0.1087,38.94
6.0,5,5,ハイラント,55.0,菅原明良,2:42.1,クビ,2.1,1.0,[東] 伊藤大士,2021103033,202403020812,3歳以上1勝クラス｜2024年7月21日 | 競馬データベース - netkeiba,2026-05-20T11:35:31.852044,牡,3,436.0,0.0,0,0,9.0,7.67,35.36,0.1,0,10,35.36,35.36,35.36,0.1,35.36
7.0,5,6,サハラ,55.0,石神深道,2:42.6,3.1/2,141.2,12.0,[東] 粕谷昌央,2019101646,202403020812,3歳以上1勝クラス｜2024年7月21日 | 競馬データベース - netkeiba,2026-05-20T11:35:31.852044,牡,5,490.0,6.0,0,0,6.6,5.33,36.7,0.1316,0,2,36.7,36.7,36.7,0.1316,36.7
8.0,4,4,オウケンムーンアイ,54.0,藤田菜七,2:43.5,5,114.9,11.0,[東] 松永康利,2019105466,202403020812,3歳以上1勝クラス｜2024年7月21日 | 競馬データベース - netkeiba,2026-05-20T11:35:31.852044,牝,5,438.0,6.0,0,0,9.0,9.33,36.14,0.1,0,12,36.14,36.14,36.14,0.1,36.14
9.0,3,3,ユイアングレイス,58.0,石川裕紀,2:43.5,クビ,72.7,9.0,[東] 矢嶋大樹,2020100257,202403020812,3歳以上1勝クラス｜2024年7月21日 | 競馬データベース - netkeiba,2026-05-20T11:35:31.852044,牡,4,444.0,-2.0,0,0,5.8,5.33,40.8,0.1471,0,4,40.8,40.8,40.8,0.1471,40.8
10.0,8,11,カーメルタザイト,55.0,松岡正海,2:43.9,2.1/2,5.7,3.0,[西] 安田翔伍,2021105803,202403020812,3歳以上1勝クラス｜2024年7月21日 | 競馬データベース - netkeiba,2026-05-20T11:35:31.852044,牡,3,476.0,-12.0,0,0,8.4,9.33,36.54,0.1064,0,5,36.54,36.54,36.54,0.1064,36.54
11.0,7,10,スペシャリスト,56.0,嶋田純次,2:44.0,3/4,100.3,10.0,[東] 手塚貴久,2020101572,202403020812,3歳以上1勝クラス｜2024年7月21日 | 競馬データベース - netkeiba,2026-05-20T11:35:31.852044,牝,4,454.0,-10.0,0,0,12.4,11.67,40.26,0.0746,0,14,40.26,40.26,40.26,0.0746,40.26
12.0,1,1,ジャポネ,54.0,原優介,2:44.1,クビ,50.1,8.0,[東] 手塚貴久,2021105660,202403020812,3歳以上1勝クラス｜2024年7月21日 | 競馬データベース - netkeiba,2026-05-20T11:35:31.852044,牡,3,494.0,-8.0,0,0,7.2,5.67,39.24,0.122,0,5,39.24,39.24,39.24,0.122,39.24
1.0,7,7,ワンモアスマイル,55.0,松山弘平,1:50.2,,1.2,1.0,[西] 藤岡健一,2022105590,202410030801,2歳未勝利｜2024年7月21日 | 競馬データベース - netkeiba,2026-05-20T11:36:03.779328,牡,2,440.0,-2.0,1,1,6.8,9.67,34.18,0.1282,0,12,34.18,34.18,34.18,0.1282,34.18
2.0,1,1,ベストファンタジー,52.0,吉村誠之,1:50.7,3,24.9,5.0,[西] 西園翔太,2022105104,202410030801,2歳未勝利｜2024年7月21日 | 競馬データベース - netkeiba,2026-05-20T11:36:03.779328,牝,2,472.0,-4.0,0,1,9.2,8.33,42.22,0.098,0,6,42.22,42.22,42.22,0.098,42.22
3.0,5,5,アロンディ,55.0,坂井瑠星,1:51.1,2.1/2,5.5,2.0,[西] 武英智,2022105827,202410030801,2歳未勝利｜2024年7月21日 | 競馬データベース - netkeiba,2026-05-20T11:36:03.779328,牡,2,442.0,-2.0,0,1,6.8,7.0,34.64,0.1282,0,15,34.64,34.64,34.64,0.1282,34.64
4.0,6,6,マナミン,53.0,永島まな,1:52.0,5,8.4,3.0,[西] 高橋康之,2022106938,202410030801,2歳未勝利｜2024年7月21日 | 競馬データベース - netkeiba,2026-05-20T11:36:03.779328,牝,2,446.0,12.0,0,0,10.6,10.67,39.68,0.0862,0,13,39.68,39.68,39.68,0.0862,39.68
5.0,4,4,ショウナンアトレ,54.0,西塚洸二,1:52.0,クビ,23.6,4.0,[西] 梅田智之,2022103909,202410030801,2歳未勝利｜2024年7月21日 | 競馬データベース - netkeiba,2026-05-20T11:36:03.779328,牡,2,468.0,0.0,0,0,3.4,3.67,39.52,0.2273,0,3,39.52,39.52,39.52,0.2273,39.52
6.0,8,8,アルマリアルト,54.0,小沢大仁,1:52.1,3/4,184.4,9.0,[西] 川村禎彦,2022100121,202410030801,2歳未勝利｜2024年7月21日 | 競馬データベース - netkeiba,2026-05-20T11:36:03.779328,牡,2,502.0,2.0,0,0,10.0,10.0,41.3,0.0909,0,11,41.3,41.3,41.3,0.0909,41.3
7.0,2,2,エーオ,55.0,酒井学,1:52.5,2,151.6,8.0,[西] 長谷川浩,2022102958,202410030801,2歳未勝利｜2024年7月21日 | 競馬データベース - netkeiba,2026-05-20T11:36:03.779328,牡,2,418.0,-2.0,0,0,4.2,4.33,38.8,0.1923,0,2,38.8,38.8,38.8,0.1923,38.8
8.0,8,9,スマートエクシード,52.0,柴田裕一,1:52.5,ハナ,77.5,7.0,[西] 村山明,2022103945,202410030801,2歳未勝利｜2024年7月21日 | 競馬データベース - netkeiba,2026-05-20T11:36:03.779328,牡,2,466.0,-6.0,0,0,4.0,3.0,40.56,0.2,0,2,40.56,40.56,40.56,0.2,40.56
9.0,3,3,ディクシャ,55.0,団野大成,1:53.2,4,42.1,6.0,[西] 西村真幸,2022102951,202410030801,2歳未勝利｜2024年7月21日 | 競馬データベース - netkeiba,2026-05-20T11:36:03.779328,牡,2,462.0,4.0,0,0,6.6,6.33,37.8,0.1316,0,5,37.8,37.8,37.8,0.1316,37.8
1.0,3,6,ソングオブライフ,57.0,松若風馬,1:08.7,,5.8,3.0,[西] 森田直行,2021105092,202410030802,3歳未勝利｜2024年7月21日 | 競馬データベース - netkeiba,2026-05-20T11:36:15.063148,牡,3,500.0,-4.0,1,1,6.6,5.0,34.1,0.1316,0,1,34.1,34.1,34.1,0.1316,34.1
2.0,2,3,ディーエストッキー,57.0,松山弘平,1:09.3,4,6.7,4.0,[西] 橋口慎介,2021105098,202410030802,3歳未勝利｜2024年7月21日 | 競馬データベース - netkeiba,2026-05-20T11:36:15.063148,牡,3,448.0,4.0,0,1,6.4,5.33,36.08,0.1351,0,5,36.08,36.08,36.08,0.1351,36.08
3.0,7,15,リプレット,54.0,小沢大仁,1:09.3,アタマ,207.6,15.0,[西] 飯田祐史,2021105046,202410030802,3歳未勝利｜2024年7月21日 | 競馬データベース - netkeiba,2026-05-20T11:36:15.063148,牝,3,402.0,-6.0,0,1,9.2,9.33,41.0,0.098,0,9,41.0,41.0,41.0,0.098,41.0
4.0,7,13,レディーズナイト,54.0,西塚洸二,1:09.5,3/4,10.9,5.0,[西] 鮫島一歩,2021101933,202410030802,3歳未勝利｜2024年7月21日 | 競馬データベース - netkeiba,2026-05-20T11:36:15.063148,牝,3,456.0,0.0,0,0,7.8,10.33,38.62,0.1136,0,12,38.62,38.62,38.62,0.1136,38.62
5.0,5,9,バラン,52.0,柴田裕一,1:09.6,1/2,24.5,10.0,[西] 中竹和也,2021110089,202410030802,3歳未勝利｜2024年7月21日 | 競馬データベース - netkeiba,2026-05-20T11:36:15.063148,牝,3,428.0,8.0,0,0,7.4,6.67,35.42,0.119,0,7,35.42,35.42,35.42,0.119,35.42
6.0,7,14,エガオニナッテ,53.0,永島まな,1:09.6,クビ,15.6,7.0,[西] 高橋康之,2021101601,202410030802,3歳未勝利｜2024年7月21日 | 競馬データベース - netkeiba,2026-05-20T11:36:15.063148,牝,3,440.0,4.0,0,0,10.8,9.0,39.2,0.0847,0,9,39.2,39.2,39.2,0.0847,39.2
7.0,4,8,パンファギア,55.0,幸英明,1:09.6,ハナ,4.9,2.0,[西] 大久保龍,2021101445,202410030802,3歳未勝利｜2024年7月21日 | 競馬データベース - netkeiba,2026-05-20T11:36:15.063148,牝,3,474.0,0.0,0,0,8.75,9.67,36.97,0.1026,0,15,36.97,36.97,36.97,0.1026,36.97
8.0,4,7,シャドフ,55.0,西村淳也,1:09.8,1,3.7,1.0,[西] 庄野靖志,2021105563,202410030802,3歳未勝利｜2024年7月21日 | 競馬データベース - netkeiba,2026-05-20T11:36:15.063148,牝,3,452.0,-2.0,0,0,9.6,13.0,36.72,0.0943,0,9,36.72,36.72,36.72,0.0943,36.72
9.0,6,11,サクセスカノン,55.0,和田竜二,1:09.9,1/2,13.9,6.0,[西] 北出成人,2021104853,202410030802,3歳未勝利｜2024年7月21日 | 競馬データベース - netkeiba,2026-05-20T11:36:15.063148,牝,3,424.0,0.0,0,0,5.6,6.67,41.22,0.1515,0,7,41.22,41.22,41.22,0.1515,41.22
10.0,6,12,タイセイタリスマン,57.0,団野大成,1:10.1,1.1/2,30.3,11.0,[西] 小栗実,2021106721,202410030802,3歳未勝利｜2024年7月21日 | 競馬データベース - netkeiba,2026-05-20T11:36:15.063148,牡,3,454.0,0.0,0,0,3.6,4.33,40.66,0.2174,0,5,40.66,40.66,40.66,0.2174,40.66
11.0,2,4,カネトシショウカ,56.0,田口貫太,1:10.2,1/2,23.8,9.0,[西] 寺島良,2021100710,202410030802,3歳未勝利｜2024年7月21日 | 競馬データベース - netkeiba,2026-05-20T11:36:15.063148,牡,3,446.0,-8.0,0,0,6.2,6.67,41.52,0.1389,0,8,41.52,41.52,41.52,0.1389,41.52
12.0,8,16,カフジレニウム,52.0,吉村誠之,1:10.2,ハナ,286.9,17.0,[西] 森田直行,2021105826,202410030802,3歳未勝利｜2024年7月21日 | 競馬データベース - netkeiba,2026-05-20T11:36:15.063148,牝,3,400.0,0.0,0,0,10.0,10.67,44.86,0.0909,0,12,44.86,44.86,44.86,0.0909,44.86
13.0,1,2,プルミエプランタン,57.0,川須栄彦,1:10.2,ハナ,44.2,13.0,[西] 音無秀孝,2021105217,202410030802,3歳未勝利｜2024年7月21日 | 競馬データベース - netkeiba,2026-05-20T11:36:15.063148,牡,3,484.0,0.0,0,0,10.0,12.67,35.1,0.0909,0,15,35.1,35.1,35.1,0.0909,35.1
14.0,1,1,ウィンカラー,55.0,和田翼,1:10.3,クビ,394.4,18.0,[西] 谷潔,2021102702,202410030802,3歳未勝利｜2024年7月21日 | 競馬データベース - netkeiba,2026-05-20T11:36:15.063148,牝,3,446.0,-2.0,0,0,7.2,7.67,41.28,0.122,0,9,41.28,41.28,41.28,0.122,41.28
15.0,8,17,ランブルフィッシュ,56.0,松本大輝,1:10.4,1/2,257.9,16.0,[西] 中竹和也,2021100804,202410030802,3歳未勝利｜2024年7月21日 | 競馬データベース - netkeiba,2026-05-20T11:36:15.063148,牡,3,436.0,-12.0,0,0,0.0,0.0,0.0,0.0,0,0,0.0,0.0,0.0,0.0,0.0
16.0,3,5,ジーティースピカ,55.0,岩田康誠,1:10.6,1.1/4,21.1,8.0,[西] 上村洋行,2021104589,202410030802,3歳未勝利｜2024年7月21日 | 競馬データベース - netkeiba,2026-05-20T11:36:15.063148,牝,3,468.0,0.0,0,0,4.2,3.67,39.18,0.1923,0,4,39.18,39.18,39.18,0.1923,39.18
17.0,8,18,ペイシャスペシャル,56.0,角田大和,1:11.5,5,196.0,14.0,[西] 角田晃一,2021104214,202410030802,3歳未勝利｜2024年7月21日 | 競馬データベース - netkeiba,2026-05-20T11:36:15.063148,牡,3,452.0,-10.0,0,0,10.0,6.0,40.02,0.0909,0,7,40.02,40.02,40.02,0.0909,40.02
18.0,5,10,リルト,51.0,河原田菜,1:11.7,1.1/4,33.6,12.0,[西] 高橋一哉,2021105691,202410030802,3歳未勝利｜2024年7月21日 | 競馬データベース - netkeiba,2026-05-20T11:36:15.063148,牝,3,498.0,4.0,0,0,14.5,16.67,39.1,0.0645,0,18,39.1,39.1,39.1,0.0645,39.1
1.0,3,5,アンリーベイビー,55.0,松山弘平,1:45.7,,3.7,2.0,[西] 茶木太樹,2021103723,202410030803,3歳未勝利｜2024年7月21日 | 競馬データベース - netkeiba,2026-05-20T11:37:01.754640,牝,3,424.0,-2.0,1,1,5.4,6.0,38.46,0.1562,0,2,38.46,38.46,38.46,0.1562,38.46
2.0,4,8,デイムサンライズ,54.0,小沢大仁,1:46.1,2,3.2,1.0,[西] 牧浦充徳,2021102223,202410030803,3歳未勝利｜2024年7月21日 | 競馬データベース - netkeiba,2026-05-20T11:37:01.754640,牝,3,440.0,0.0,0,1,1.2,1.33,39.28,0.4545,0,1,39.28,39.28,39.28,0.4545,39.28
3.0,2,4,アプラド,54.0,松本大輝,1:46.8,4,27.0,8.0,[西] 新谷功一,2021100295,202410030803,3歳未勝利｜2024年7月21日 | 競馬データベース - netkeiba,2026-05-20T11:37:01.754640,牝,3,452.0,-16.0,0,1,6.2,5.33,38.68,0.1389,0,7,38.68,38.68,38.68,0.1389,38.68
4.0,5,9,ルージュルリアン,54.0,西塚洸二,1:46.8,アタマ,6.4,3.0,[西] 藤原英昭,2021105000,202410030803,3歳未勝利｜2024年7月21日 | 競馬データベース - netkeiba,2026-05-20T11:37:01.754640,牝,3,488.0,-4.0,0,0,6.8,4.33,38.58,0.1282,0,8,38.58,38.58,38.58,0.1282,38.58
5.0,7,14,ナムラリーナ,55.0,和田竜二,1:46.8,ハナ,13.0,6.0,[西] 川村禎彦,2021104304,202410030803,3歳未勝利｜2024年7月21日 | 競馬データベース - netkeiba,2026-05-20T11:37:01.754640,牝,3,484.0,2.0,0,0,4.2,5.0,40.02,0.1923,0,1,40.02,40.02,40.02,0.1923,40.02
6.0,5,10,メイショウエレジー,54.0,角田大和,1:47.0,1.1/4,73.6,12.0,[西] 角田晃一,2021103213,202410030803,3歳未勝利｜2024年7月21日 | 競馬データベース - netkeiba,2026-05-20T11:37:01.754640,牝,3,456.0,4.0,0,0,7.8,8.33,39.88,0.1136,0,8,39.88,39.88,39.88,0.1136,39.88
7.0,1,2,レイナドラーダ,55.0,西村淳也,1:47.0,クビ,29.8,9.0,[西] 高野友和,2021104866,202410030803,3歳未勝利｜2024年7月21日 | 競馬データベース - netkeiba,2026-05-20T11:37:01.754640,牝,3,420.0,-12.0,0,0,8.0,6.67,38.17,0.1111,0,7,38.17,38.17,38.17,0.1111,38.17
8.0,7,13,ジューンナデシコ,55.0,団野大成,1:47.5,3,9.7,5.0,[西] 杉山佳明,2021100922,202410030803,3歳未勝利｜2024年7月21日 | 競馬データベース - netkeiba,2026-05-20T11:37:01.754640,牝,3,466.0,-6.0,0,0,5.0,5.67,40.6,0.1667,0,6,40.6,40.6,40.6,0.1667,40.6
9.0,8,15,ペプチドセーヌ,53.0,永島まな,1:47.9,2.1/2,6.9,4.0,[西] 武英智,2021104761,202410030803,3歳未勝利｜2024年7月21日 | 競馬データベース - netkeiba,2026-05-20T11:37:01.754640,牝,3,442.0,0.0,0,0,7.4,6.0,36.46,0.119,0,9,36.46,36.46,36.46,0.119,36.46
10.0,1,1,ユキカゼ,55.0,松若風馬,1:48.0,3/4,21.1,7.0,[西] 小崎憲,2021105645,202410030803,3歳未勝利｜2024年7月21日 | 競馬データベース - netkeiba,2026-05-20T11:37:01.754640,牝,3,454.0,6.0,0,0,5.6,6.33,37.42,0.1515,0,6,37.42,37.42,37.42,0.1515,37.42
11.0,2,3,テーオーエメラルド,55.0,岩田康誠,1:48.5,3,41.1,10.0,[西] 上村洋行,2021102234,202410030803,3歳未勝利｜2024年7月21日 | 競馬データベース - netkeiba,2026-05-20T11:37:01.754640,牝,3,470.0,-12.0,0,0,3.4,4.0,39.82,0.2273,0,7,39.82,39.82,39.82,0.2273,39.82
12.0,3,6,パームブランチ,52.0,柴田裕一,1:48.7,1.1/4,352.8,16.0,[西] 浜田多実,2021104107,202410030803,3歳未勝利｜2024年7月21日 | 競馬データベース - netkeiba,2026-05-20T11:37:01.754640,牝,3,466.0,4.0,0,0,0.0,0.0,0.0,0.0,0,0,0.0,0.0,0.0,0.0,0.0
13.0,4,7,スリーウエーブ,55.0,高倉稜,1:48.8,1,216.9,15.0,[西] 木原一良,2021102990,202410030803,3歳未勝利｜2024年7月21日 | 競馬データベース - netkeiba,2026-05-20T11:37:01.754640,牝,3,440.0,-8.0,0,0,10.2,10.0,38.94,0.0893,0,13,38.94,38.94,38.94,0.0893,38.94
14.0,6,12,マリリア,51.0,河原田菜,1:48.9,クビ,123.2,13.0,[西] 吉田直弘,2021103782,202410030803,3歳未勝利｜2024年7月21日 | 競馬データベース - netkeiba,2026-05-20T11:37:01.754640,牝,3,446.0,-13.0,0,0,5.75,8.5,40.92,0.1481,0,10,40.92,40.92,40.92,0.1481,40.92
15.0,8,16,トウカイリーゼ,52.0,吉村誠之,1:49.2,2,168.5,14.0,[西] 北出成人,2021100366,202410030803,3歳未勝利｜2024年7月21日 | 競馬データベース - netkeiba,2026-05-20T11:37:01.754640,牝,3,394.0,-10.0,0,0,13.33,13.33,38.73,0.0698,0,10,38.73,38.73,38.73,0.0698,38.73
16.0,6,11,ラドロテア,55.0,幸英明,1:49.5,1.1/2,53.7,11.0,[西] 斉藤崇史,2021104925,202410030803,3歳未勝利｜2024年7月21日 | 競馬データベース - netkeiba,2026-05-20T11:37:01.754640,牝,3,434.0,-2.0,0,0,11.0,13.0,40.08,0.0833,0,11,40.08,40.08,40.08,0.0833,40.08
1.0,2,3,ファミリーツリー,55.0,坂井瑠星,2:01.4,,2.1,1.0,[西] 河嶋宏樹,2021106642,202410030804,3歳未勝利｜2024年7月21日 | 競馬データベース - netkeiba,2026-05-20T11:37:34.988705,牝,3,436.0,0.0,1,1,7.6,8.33,35.52,0.1163,0,12,35.52,35.52,35.52,0.1163,35.52
2.0,5,9,マイネルコモドーア,57.0,和田竜二,2:01.9,2.1/2,9.0,4.0,[西] 長谷川浩,2021106835,202410030804,3歳未勝利｜2024年7月21日 | 競馬データベース - netkeiba,2026-05-20T11:37:34.988705,牡,3,434.0,-6.0,0,1,10.33,12.0,39.0,0.0883,0,12,39.0,39.0,39.0,0.0883,39.0
3.0,7,15,ワイドモヒート,57.0,酒井学,2:01.9,ハナ,24.6,8.0,[西] 藤岡健一,2021102919,202410030804,3歳未勝利｜2024年7月21日 | 競馬データベース - netkeiba,2026-05-20T11:37:34.988705,牡,3,518.0,2.0,0,1,10.2,9.33,37.98,0.0893,0,11,37.98,37.98,37.98,0.0893,37.98
4.0,1,2,ワンモアビスケット,55.0,国分優作,2:01.9,クビ,88.2,12.0,[西] 緒方努,2021103540,202410030804,3歳未勝利｜2024年7月21日 | 競馬データベース - netkeiba,2026-05-20T11:37:34.988705,牝,3,462.0,8.0,0,0,8.8,11.0,36.1,0.102,0,10,36.1,36.1,36.1,0.102,36.1
5.0,8,17,メイショウカイコン,54.0,鷲頭虎太,2:02.1,1.1/2,29.4,9.0,[西] 千田輝彦,2021103156,202410030804,3歳未勝利｜2024年7月21日 | 競馬データベース - netkeiba,2026-05-20T11:37:34.988705,牡,3,506.0,-6.0,0,0,2.0,1.33,38.46,0.3333,0,1,38.46,38.46,38.46,0.3333,38.46
6.0,5,10,スリーモーメント,56.0,秋山稔樹,2:02.2,クビ,200.0,16.0,[西] 高橋義忠,2021100232,202410030804,3歳未勝利｜2024年7月21日 | 競馬データベース - netkeiba,2026-05-20T11:37:34.988705,牡,3,440.0,0.0,0,0,6.4,7.33,42.88,0.1351,0,7,42.88,42.88,42.88,0.1351,42.88
7.0,7,14,アラナコア,56.0,小沢大仁,2:02.2,アタマ,4.3,2.0,[西] 田中克典,2021103002,202410030804,3歳未勝利｜2024年7月21日 | 競馬データベース - netkeiba,2026-05-20T11:37:34.988705,牡,3,490.0,-8.0,0,0,4.0,4.0,37.48,0.2,0,7,37.48,37.48,37.48,0.2,37.48
8.0,2,4,メイショウライメイ,56.0,泉谷楓真,2:02.4,1.1/4,16.5,6.0,[西] 本田優,2021102549,202410030804,3歳未勝利｜2024年7月21日 | 競馬データベース - netkeiba,2026-05-20T11:37:34.988705,牡,3,466.0,-2.0,0,0,7.0,5.67,39.4,0.125,0,7,39.4,39.4,39.4,0.125,39.4
9.0,1,1,アルジャヒリ,56.0,田口貫太,2:02.6,1.1/4,71.9,11.0,[西] 石坂公一,2021105421,202410030804,3歳未勝利｜2024年7月21日 | 競馬データベース - netkeiba,2026-05-20T11:37:34.988705,牡,3,454.0,-8.0,0,0,8.6,9.67,40.66,0.1042,0,7,40.66,40.66,40.66,0.1042,40.66
10.0,7,13,ステラマリーナ,55.0,岩田康誠,2:02.7,クビ,13.2,5.0,[西] 上村洋行,2021107167,202410030804,3歳未勝利｜2024年7月21日 | 競馬データベース - netkeiba,2026-05-20T11:37:34.988705,牝,3,468.0,-6.0,0,0,4.8,5.0,40.66,0.1724,0,6,40.66,40.66,40.66,0.1724,40.66
11.0,6,12,カルデア,57.0,Ｍ．デム,2:03.2,3,8.6,3.0,[西] 友道康夫,2021105049,202410030804,3歳未勝利｜2024年7月21日 | 競馬データベース - netkeiba,2026-05-20T11:37:34.988705,牡,3,452.0,-4.0,0,0,7.0,7.0,40.96,0.125,0,5,40.96,40.96,40.96,0.125,40.96
12.0,4,8,ロイドール,57.0,中井裕二,2:03.4,1.1/2,22.7,7.0,[西] 武幸四郎,2021103281,202410030804,3歳未勝利｜2024年7月21日 | 競馬データベース - netkeiba,2026-05-20T11:37:34.988705,セ,3,504.0,-12.0,0,0,8.0,9.0,41.26,0.1111,0,11,41.26,41.26,41.26,0.1111,41.26
13.0,3,5,エイシンゾディアク,54.0,吉村誠之,2:03.6,1,162.9,15.0,[西] 今野貞一,2021102602,202410030804,3歳未勝利｜2024年7月21日 | 競馬データベース - netkeiba,2026-05-20T11:37:34.988705,牡,3,436.0,6.0,0,0,6.2,6.0,39.46,0.1389,0,9,39.46,39.46,39.46,0.1389,39.46
14.0,8,18,ゼンノクレバー,57.0,幸英明,2:04.0,2.1/2,41.2,10.0,[西] 四位洋文,2021106977,202410030804,3歳未勝利｜2024年7月21日 | 競馬データベース - netkeiba,2026-05-20T11:37:34.988705,牡,3,438.0,-4.0,0,0,5.4,7.0,41.2,0.1562,0,9,41.2,41.2,41.2,0.1562,41.2
15.0,4,7,エターナルブルー,57.0,国分恭介,2:04.9,5,271.5,18.0,[西] 茶木太樹,2021103608,202410030804,3歳未勝利｜2024年7月21日 | 競馬データベース - netkeiba,2026-05-20T11:37:34.988705,セ,3,446.0,-4.0,0,0,3.2,4.33,39.82,0.2381,0,3,39.82,39.82,39.82,0.2381,39.82
16.0,8,16,クイッククイーン,54.0,角田大和,2:05.9,6,161.5,14.0,[西] 笹田和秀,2021106652,202410030804,3歳未勝利｜2024年7月21日 | 競馬データベース - netkeiba,2026-05-20T11:37:34.988705,牝,3,434.0,-6.0,0,0,5.2,5.33,39.16,0.1613,0,2,39.16,39.16,39.16,0.1613,39.16
17.0,3,6,スズノレイライン,57.0,藤懸貴志,2:05.9,ハナ,142.2,13.0,[西] 平田修,2021102781,202410030804,3歳未勝利｜2024年7月21日 | 競馬データベース - netkeiba,2026-05-20T11:37:34.988705,牡,3,510.0,16.0,0,0,6.6,6.0,0.0,0.1316,0,7,0.0,0.0,0.0,0.1316,0.0
18.0,6,11,サンライズアザール,57.0,加藤祥太,2:08.2,大,231.8,17.0,[西] 庄野靖志,2021102217,202410030804,3歳未勝利｜2024年7月21日 | 競馬データベース - netkeiba,2026-05-20T11:37:34.988705,牡,3,524.0,8.0,0,0,6.0,6.0,40.26,0.1429,0,7,40.26,40.26,40.26,0.1429,40.26
1.0,5,8,ブルーレース,55.0,坂井瑠星,1:10.1,,4.2,2.0,[西] 宮本博,2022106756,202410030805,2歳新馬｜2024年7月21日 | 競馬データベース - netkeiba,2026-05-20T11:38:25.660508,牝,2,456.0,0.0,1,1,6.4,8.0,34.38,0.1351,0,3,34.38,34.38,34.38,0.1351,34.38
2.0,8,13,バイオサファイア,53.0,永島まな,1:10.7,3.1/2,8.8,4.0,[西] 中村直也,2022100970,202410030805,2歳新馬｜2024年7月21日 | 競馬データベース - netkeiba,2026-05-20T11:38:25.660508,牝,2,400.0,0.0,0,1,3.8,4.0,40.16,0.2083,0,5,40.16,40.16,40.16,0.2083,40.16
3.0,4,5,セレーネアステール,55.0,松山弘平,1:11.5,5,3.5,1.0,[西] 武幸四郎,2022105148,202410030805,2歳新馬｜2024年7月21日 | 競馬データベース - netkeiba,2026-05-20T11:38:25.660508,牝,2,406.0,0.0,0,1,11.0,12.33,37.6,0.0833,0,14,37.6,37.6,37.6,0.0833,37.6
4.0,7,12,ウインコンパス,54.0,田口貫太,1:11.7,1.1/4,8.9,5.0,[西] 西園正都,2022102926,202410030805,2歳新馬｜2024年7月21日 | 競馬データベース - netkeiba,2026-05-20T11:38:25.660508,牡,2,434.0,0.0,0,0,6.4,6.33,40.66,0.1351,0,7,40.66,40.66,40.66,0.1351,40.66
5.0,5,7,ヴリトラハン,55.0,団野大成,1:11.7,クビ,5.1,3.0,[西] 千田輝彦,2022105302,202410030805,2歳新馬｜2024年7月21日 | 競馬データベース - netkeiba,2026-05-20T11:38:25.660508,牡,2,470.0,0.0,0,0,2.8,3.67,36.04,0.2632,0,5,36.04,36.04,36.04,0.2632,36.04
6.0,4,6,ノワナ,55.0,西村淳也,1:12.0,2,11.4,6.0,[西] 浜田多実,2022106682,202410030805,2歳新馬｜2024年7月21日 | 競馬データベース - netkeiba,2026-05-20T11:38:25.660508,牝,2,430.0,0.0,0,0,8.8,9.67,41.16,0.102,0,10,41.16,41.16,41.16,0.102,41.16
7.0,6,9,アスカノソング,54.0,小沢大仁,1:12.2,1.1/4,12.8,7.0,[西] 川村禎彦,2022103653,202410030805,2歳新馬｜2024年7月21日 | 競馬データベース - netkeiba,2026-05-20T11:38:25.660508,牡,2,446.0,0.0,0,0,12.4,14.0,36.1,0.0746,0,15,36.1,36.1,36.1,0.0746,36.1
8.0,8,14,ノワールエブラン,52.0,吉村誠之,1:12.4,1.1/4,20.2,8.0,[西] 藤野健太,2022103554,202410030805,2歳新馬｜2024年7月21日 | 競馬データベース - netkeiba,2026-05-20T11:38:25.660508,牝,2,398.0,0.0,0,0,11.67,11.67,38.37,0.0789,0,11,38.37,38.37,38.37,0.0789,38.37
9.0,1,1,サンムーン,55.0,幸英明,1:12.9,2.1/2,48.1,11.0,[西] 河嶋宏樹,2022100273,202410030805,2歳新馬｜2024年7月21日 | 競馬データベース - netkeiba,2026-05-20T11:38:25.660508,牝,2,518.0,0.0,0,0,0.0,0.0,0.0,0.0,0,0,0.0,0.0,0.0,0.0,0.0
10.0,3,4,スイングムスメ,54.0,泉谷楓真,1:13.2,1.3/4,46.2,10.0,[西] 村山明,2022104112,202410030805,2歳新馬｜2024年7月21日 | 競馬データベース - netkeiba,2026-05-20T11:38:25.660508,牝,2,420.0,0.0,0,0,6.25,8.5,40.12,0.1379,0,9,40.12,40.12,40.12,0.1379,40.12
11.0,3,3,ラヴリーチェリー,54.0,西塚洸二,1:13.5,1.3/4,124.4,13.0,[西] 藤沢則雄,2022103573,202410030805,2歳新馬｜2024年7月21日 | 競馬データベース - netkeiba,2026-05-20T11:38:25.660508,牝,2,392.0,0.0,0,0,6.8,7.67,41.8,0.1282,0,9,41.8,41.8,41.8,0.1282,41.8
12.0,7,11,テイエムファルクス,55.0,和田竜二,1:14.0,3,34.6,9.0,[西] 鈴木孝志,2022103742,202410030805,2歳新馬｜2024年7月21日 | 競馬データベース - netkeiba,2026-05-20T11:38:25.660508,牡,2,480.0,0.0,0,0,2.6,2.0,39.88,0.2778,0,3,39.88,39.88,39.88,0.2778,39.88
13.0,2,2,コパノジェームス,51.0,河原田菜,1:14.1,3/4,78.3,12.0,[西] 村山明,2022100287,202410030805,2歳新馬｜2024年7月21日 | 競馬データベース - netkeiba,2026-05-20T11:38:25.660508,牡,2,510.0,0.0,0,0,4.2,5.67,39.94,0.1923,0,6,39.94,39.94,39.94,0.1923,39.94
14.0,6,10,サツマノカゼ,55.0,森裕太朗,1:19.1,大,152.8,14.0,[東] 高橋文雅,2022109151,202410030805,2歳新馬｜2024年7月21日 | 競馬データベース - netkeiba,2026-05-20T11:38:25.660508,牡,2,420.0,0.0,0,0,3.6,4.33,40.94,0.2174,0,9,40.94,40.94,40.94,0.2174,40.94
1.0,1,2,レーウィン,57.0,岩田康誠,1:45.7,,5.2,2.0,[西] 上村洋行,2021100734,202410030806,3歳未勝利｜2024年7月21日 | 競馬データベース - netkeiba,2026-05-20T11:39:08.726632,セ,3,506.0,-10.0,1,1,7.2,7.67,36.62,0.122,0,6,36.62,36.62,36.62,0.122,36.62
2.0,2,3,カフジテルビウム,57.0,長岡禎仁,1:45.9,1.1/2,3.5,1.0,[西] 杉山佳明,2021102150,202410030806,3歳未勝利｜2024年7月21日 | 競馬データベース - netkeiba,2026-05-20T11:39:08.726632,牡,3,470.0,-10.0,0,1,6.2,9.0,39.98,0.1389,0,10,39.98,39.98,39.98,0.1389,39.98
3.0,1,1,メイショウマツリ,57.0,横山典弘,1:46.4,2.1/2,7.1,5.0,[西] 松永幹夫,2021103270,202410030806,3歳未勝利｜2024年7月21日 | 競馬データベース - netkeiba,2026-05-20T11:39:08.726632,牡,3,500.0,6.0,0,1,2.8,2.67,39.88,0.2632,0,1,39.88,39.88,39.88,0.2632,39.88
4.0,7,13,ダイジェスト,57.0,国分優作,1:46.7,2,7.0,4.0,[西] 坂口智康,2021101011,202410030806,3歳未勝利｜2024年7月21日 | 競馬データベース - netkeiba,2026-05-20T11:39:08.726632,牡,3,448.0,-10.0,0,0,5.6,8.0,39.94,0.1515,0,12,39.94,39.94,39.94,0.1515,39.94
5.0,7,14,ノイヤーヘルト,57.0,西村淳也,1:46.9,1.1/2,5.4,3.0,[西] 中竹和也,2021105055,202410030806,3歳未勝利｜2024年7月21日 | 競馬データベース - netkeiba,2026-05-20T11:39:08.726632,牡,3,508.0,-18.0,0,0,8.2,10.0,40.24,0.1087,0,10,40.24,40.24,40.24,0.1087,40.24
6.0,3,5,クアトロジャック,55.0,永島まな,1:47.0,クビ,37.8,9.0,[西] 庄野靖志,2021106105,202410030806,3歳未勝利｜2024年7月21日 | 競馬データベース - netkeiba,2026-05-20T11:39:08.726632,牡,3,470.0,2.0,0,0,9.4,9.0,37.8,0.0962,0,1,37.8,37.8,37.8,0.0962,37.8
7.0,5,9,タプファーアイ,57.0,酒井学,1:47.6,3.1/2,48.2,10.0,[西] 四位洋文,2021100717,202410030806,3歳未勝利｜2024年7月21日 | 競馬データベース - netkeiba,2026-05-20T11:39:08.726632,牡,3,468.0,-2.0,0,0,9.4,8.0,39.05,0.0962,0,9,39.05,39.05,39.05,0.0962,39.05
8.0,3,6,サニービーチ,55.0,松若風馬,1:47.7,1/2,30.8,8.0,[西] 小崎憲,2021101772,202410030806,3歳未勝利｜2024年7月21日 | 競馬データベース - netkeiba,2026-05-20T11:39:08.726632,牝,3,492.0,0.0,0,0,6.8,5.0,39.96,0.1282,0,9,39.96,39.96,39.96,0.1282,39.96
9.0,4,8,ホルガーダンスク,57.0,坂井瑠星,1:47.9,1.1/4,12.6,7.0,[西] 西村真幸,2021105096,202410030806,3歳未勝利｜2024年7月21日 | 競馬データベース - netkeiba,2026-05-20T11:39:08.726632,牡,3,416.0,6.0,0,0,4.6,3.33,40.56,0.1786,0,3,40.56,40.56,40.56,0.1786,40.56
10.0,6,11,オメガキングダム,57.0,中井裕二,1:48.2,2,86.7,12.0,[西] 安田翔伍,2021105009,202410030806,3歳未勝利｜2024年7月21日 | 競馬データベース - netkeiba,2026-05-20T11:39:08.726632,牡,3,474.0,10.0,0,0,8.33,8.33,39.57,0.1072,0,10,39.57,39.57,39.57,0.1072,39.57
11.0,8,15,サイナシュア,54.0,西塚洸二,1:49.9,10,208.7,14.0,[西] 大久保龍,2021101663,202410030806,3歳未勝利｜2024年7月21日 | 競馬データベース - netkeiba,2026-05-20T11:39:08.726632,牝,3,404.0,4.0,0,0,6.4,5.67,40.62,0.1351,0,6,40.62,40.62,40.62,0.1351,40.62
12.0,4,7,スーパーバウンディ,56.0,秋山稔樹,1:49.9,クビ,106.0,13.0,[西] 牧田和弥,2021100380,202410030806,3歳未勝利｜2024年7月21日 | 競馬データベース - netkeiba,2026-05-20T11:39:08.726632,牡,3,530.0,22.0,0,0,4.0,3.33,41.06,0.2,0,5,41.06,41.06,41.06,0.2,41.06
13.0,2,4,サウンドイヴォーク,54.0,吉村誠之,1:50.2,2,63.5,11.0,[西] 高柳大輔,2021103241,202410030806,3歳未勝利｜2024年7月21日 | 競馬データベース - netkeiba,2026-05-20T11:39:08.726632,牡,3,486.0,4.0,0,0,0.0,0.0,0.0,0.0,0,0,0.0,0.0,0.0,0.0,0.0
14.0,5,10,ピンクノハロ,55.0,和田翼,1:50.3,1/2,317.4,16.0,[西] 小椋研介,2021102648,202410030806,3歳未勝利｜2024年7月21日 | 競馬データベース - netkeiba,2026-05-20T11:39:08.726632,牝,3,412.0,4.0,0,0,10.6,11.0,40.96,0.0862,0,10,40.96,40.96,40.96,0.0862,40.96
15.0,6,12,ボディブロー,57.0,松山弘平,1:51.4,7,9.2,6.0,[西] 森秀行,2021110057,202410030806,3歳未勝利｜2024年7月21日 | 競馬データベース - netkeiba,2026-05-20T11:39:08.726632,牡,3,546.0,0.0,0,0,0.0,0.0,0.0,0.0,0,0,0.0,0.0,0.0,0.0,0.0
16.0,8,16,メイショウイゾウ,53.0,河原田菜,1:51.8,2.1/2,291.1,15.0,[西] 笹田和秀,2021102552,202410030806,3歳未勝利｜2024年7月21日 | 競馬データベース - netkeiba,2026-05-20T11:39:08.726632,牡,3,486.0,16.0,0,0,4.8,4.33,42.6,0.1724,0,7,42.6,42.6,42.6,0.1724,42.6
1.0,7,10,テーオーダグラス,53.0,永島まな,1:47.5,,3.8,2.0,[西] 須貝尚介,2021102246,202410030807,3歳以上1勝クラス｜2024年7月21日 | 競馬データベース - netkeiba,2026-05-20T11:39:53.771727,牡,3,470.0,-8.0,1,1,12.0,13.33,35.34,0.0769,0,12,35.34,35.34,35.34,0.0769,35.34
2.0,7,9,キタサンダムール,52.0,河原田菜,1:48.4,5,5.8,4.0,[西] 清水久詞,2020102310,202410030807,3歳以上1勝クラス｜2024年7月21日 | 競馬データベース - netkeiba,2026-05-20T11:39:53.771727,牝,4,488.0,4.0,0,1,6.4,6.67,34.02,0.1351,0,10,34.02,34.02,34.02,0.1351,34.02
3.0,4,4,ルトゥール,53.0,西村淳也,1:48.4,クビ,4.7,3.0,[西] 中内田充,2021104929,202410030807,3歳以上1勝クラス｜2024年7月21日 | 競馬データベース - netkeiba,2026-05-20T11:39:53.771727,牝,3,472.0,10.0,0,1,8.6,8.0,34.98,0.1042,0,12,34.98,34.98,34.98,0.1042,34.98
4.0,3,3,オオナミコナミ,53.0,坂井瑠星,1:48.5,1/2,2.3,1.0,[西] 牧浦充徳,2021107173,202410030807,3歳以上1勝クラス｜2024年7月21日 | 競馬データベース - netkeiba,2026-05-20T11:39:53.771727,牝,3,484.0,12.0,0,0,4.0,5.67,35.44,0.2,0,6,35.44,35.44,35.44,0.2,35.44
5.0,8,12,テイエムシップ,58.0,鮫島良太,1:48.8,2,64.6,8.0,[西] 河嶋宏樹,2019107031,202410030807,3歳以上1勝クラス｜2024年7月21日 | 競馬データベース - netkeiba,2026-05-20T11:39:53.771727,牡,5,514.0,-4.0,0,0,5.0,5.33,38.7,0.1667,0,9,38.7,38.7,38.7,0.1667,38.7
6.0,2,2,メイショウヒュウガ,58.0,国分恭介,1:48.8,ハナ,142.9,12.0,[西] 安達昭夫,2020106843,202410030807,3歳以上1勝クラス｜2024年7月21日 | 競馬データベース - netkeiba,2026-05-20T11:39:53.771727,牡,4,482.0,-8.0,0,0,11.0,11.0,35.4,0.0833,0,10,35.4,35.4,35.4,0.0833,35.4
7.0,6,7,マカンマカン,58.0,松若風馬,1:49.3,3,87.8,9.0,[西] 音無秀孝,2019105088,202410030807,3歳以上1勝クラス｜2024年7月21日 | 競馬データベース - netkeiba,2026-05-20T11:39:53.771727,牡,5,462.0,0.0,0,0,11.4,12.0,35.46,0.0806,0,18,35.46,35.46,35.46,0.0806,35.46
8.0,5,6,ガルムキャット,57.0,田口貫太,1:49.4,1/2,16.7,5.0,[西] 高橋一哉,2020101587,202410030807,3歳以上1勝クラス｜2024年7月21日 | 競馬データベース - netkeiba,2026-05-20T11:39:53.771727,牡,4,404.0,-8.0,0,0,3.2,3.0,40.18,0.2381,0,2,40.18,40.18,40.18,0.2381,40.18
9.0,6,8,ブルーウィン,53.0,吉村誠之,1:49.6,1.1/4,20.4,6.0,[西] 清水久詞,2020101768,202410030807,3歳以上1勝クラス｜2024年7月21日 | 競馬データベース - netkeiba,2026-05-20T11:39:53.771727,牝,4,458.0,4.0,0,0,8.5,8.5,39.98,0.1053,0,11,39.98,39.98,39.98,0.1053,39.98
10.0,1,1,ヒルノアントラ,58.0,太宰啓介,1:49.9,2,120.3,10.0,[西] 昆貢,2017102084,202410030807,3歳以上1勝クラス｜2024年7月21日 | 競馬データベース - netkeiba,2026-05-20T11:39:53.771727,セ,7,466.0,-2.0,0,0,6.2,6.33,39.92,0.1389,0,10,39.92,39.92,39.92,0.1389,39.92
11.0,8,11,レッドテンペスト,57.0,角田大和,1:50.9,6,48.6,7.0,[西] 笹田和秀,2020101570,202410030807,3歳以上1勝クラス｜2024年7月21日 | 競馬データベース - netkeiba,2026-05-20T11:39:53.771727,セ,4,452.0,-4.0,0,0,11.2,13.33,36.0,0.082,0,12,36.0,36.0,36.0,0.082,36.0
12.0,5,5,ランスロット,54.0,西塚洸二,1:52.5,10,127.3,11.0,[西] 吉岡辰弥,2021100901,202410030807,3歳以上1勝クラス｜2024年7月21日 | 競馬データベース - netkeiba,2026-05-20T11:39:53.771727,牡,3,482.0,-4.0,0,0,8.75,8.0,37.45,0.1026,0,13,37.45,37.45,37.45,0.1026,37.45
1.0,2,2,アマルナ,55.0,西塚洸二,0:57.6,,12.0,4.0,[西] 田中克典,2020110079,202410030808,3歳以上1勝クラス｜2024年7月21日 | 競馬データベース - netkeiba,2026-05-20T11:40:16.759484,牝,4,456.0,-6.0,1,1,10.2,7.67,37.84,0.0893,0,15,37.84,37.84,37.84,0.0893,37.84
2.0,1,1,シャカシャカシー,52.0,吉村誠之,0:57.6,クビ,1.5,1.0,[西] 茶木太樹,2021101237,202410030808,3歳以上1勝クラス｜2024年7月21日 | 競馬データベース - netkeiba,2026-05-20T11:40:16.759484,牡,3,508.0,0.0,0,1,12.6,13.0,37.34,0.0735,0,12,37.34,37.34,37.34,0.0735,37.34
3.0,8,11,イミュータブル,58.0,西村淳也,0:58.4,5,7.0,2.0,[西] 浜田多実,2020104346,202410030808,3歳以上1勝クラス｜2024年7月21日 | 競馬データベース - netkeiba,2026-05-20T11:40:16.759484,牡,4,472.0,-2.0,0,1,11.8,13.0,37.82,0.0781,0,8,37.82,37.82,37.82,0.0781,37.82
4.0,3,3,メイショウイヌワシ,57.0,泉谷楓真,0:58.5,3/4,94.7,10.0,[西] 石橋守,2019104100,202410030808,3歳以上1勝クラス｜2024年7月21日 | 競馬データベース - netkeiba,2026-05-20T11:40:16.759484,牡,5,490.0,4.0,0,0,3.0,4.0,39.8,0.25,0,8,39.8,39.8,39.8,0.25,39.8
5.0,5,5,パトジュニア,55.0,松若風馬,0:58.6,1/2,47.1,9.0,[西] 小崎憲,2021110135,202410030808,3歳以上1勝クラス｜2024年7月21日 | 競馬データベース - netkeiba,2026-05-20T11:40:16.759484,牡,3,500.0,-8.0,0,0,2.8,1.67,39.68,0.2632,0,1,39.68,39.68,39.68,0.2632,39.68
6.0,6,8,サイモンカーチス,58.0,小牧太,0:58.8,1.1/4,107.3,11.0,[西] 梅田智之,2019102320,202410030808,3歳以上1勝クラス｜2024年7月21日 | 競馬データベース - netkeiba,2026-05-20T11:40:16.759484,牡,5,496.0,6.0,0,0,10.8,12.33,38.38,0.0847,0,12,38.38,38.38,38.38,0.0847,38.38
7.0,4,4,ルソレイユ,58.0,幸英明,0:59.0,1.1/4,17.2,6.0,[西] 北出成人,2020100897,202410030808,3歳以上1勝クラス｜2024年7月21日 | 競馬データベース - netkeiba,2026-05-20T11:40:16.759484,牡,4,490.0,-30.0,0,0,10.2,8.33,36.7,0.0893,0,2,36.7,36.7,36.7,0.0893,36.7
8.0,7,9,アナスタシス,50.0,河原田菜,0:59.3,1.3/4,7.4,3.0,[西] 岡田稲男,2021100493,202410030808,3歳以上1勝クラス｜2024年7月21日 | 競馬データベース - netkeiba,2026-05-20T11:40:16.759484,牝,3,472.0,8.0,0,0,8.8,12.0,38.64,0.102,0,12,38.64,38.64,38.64,0.102,38.64
9.0,8,12,エリカソレイユ,54.0,永島まな,0:59.4,3/4,36.3,8.0,[西] 茶木太樹,2020103698,202410030808,3歳以上1勝クラス｜2024年7月21日 | 競馬データベース - netkeiba,2026-05-20T11:40:16.759484,牝,4,414.0,-8.0,0,0,9.4,10.33,36.94,0.0962,0,15,36.94,36.94,36.94,0.0962,36.94
10.0,7,10,ラストボーン,55.0,高倉稜,0:59.6,1.1/4,25.8,7.0,[西] 渡辺薫彦,2021104639,202410030808,3歳以上1勝クラス｜2024年7月21日 | 競馬データベース - netkeiba,2026-05-20T11:40:16.759484,セ,3,442.0,-2.0,0,0,5.6,7.0,39.2,0.1515,0,10,39.2,39.2,39.2,0.1515,39.2
11.0,6,7,ヒロアプリオリ,54.0,小沢大仁,0:59.8,1.1/4,157.7,12.0,[西] 川村禎彦,2021101954,202410030808,3歳以上1勝クラス｜2024年7月21日 | 競馬データベース - netkeiba,2026-05-20T11:40:16.759484,牡,3,444.0,-1.0,0,0,0.0,0.0,0.0,0.0,0,0,0.0,0.0,0.0,0.0,0.0
12.0,5,6,ナリタヴィクトリー,50.0,柴田裕一,1:00.0,1.1/4,15.1,5.0,[西] 藤沢則雄,2021102726,202410030808,3歳以上1勝クラス｜2024年7月21日 | 競馬データベース - netkeiba,2026-05-20T11:40:16.759484,牝,3,442.0,2.0,0,0,7.2,8.0,41.68,0.122,0,11,41.68,41.68,41.68,0.122,41.68
1.0,7,14,ファベル,58.0,坂井瑠星,2:00.6,,4.2,2.0,[西] 友道康夫,2019106821,202410030809,宗像特別｜2024年7月21日 | 競馬データベース - netkeiba,2026-05-20T11:40:47.110885,牡,5,440.0,0.0,1,1,5.4,3.33,35.7,0.1562,0,5,35.7,35.7,35.7,0.1562,35.7
2.0,2,4,イングランドアイズ,56.0,松山弘平,2:00.8,1,2.2,1.0,[西] 安田翔伍,2020110085,202410030809,宗像特別｜2024年7月21日 | 競馬データベース - netkeiba,2026-05-20T11:40:47.110885,牝,4,446.0,-2.0,0,1,6.6,7.0,34.88,0.1316,0,15,34.88,34.88,34.88,0.1316,34.88
3.0,8,16,サクセスドレーク,58.0,小沢大仁,2:00.8,クビ,21.6,8.0,[西] 野中賢二,2019101190,202410030809,宗像特別｜2024年7月21日 | 競馬データベース - netkeiba,2026-05-20T11:40:47.110885,牡,5,500.0,-6.0,0,1,6.8,7.67,39.8,0.1282,0,7,39.8,39.8,39.8,0.1282,39.8
4.0,7,15,ヤマニンループ,58.0,横山典弘,2:01.0,3/4,18.2,6.0,[西] 松永幹夫,2019100606,202410030809,宗像特別｜2024年7月21日 | 競馬データベース - netkeiba,2026-05-20T11:40:47.110885,牡,5,442.0,2.0,0,0,6.6,6.67,35.08,0.1316,0,4,35.08,35.08,35.08,0.1316,35.08
5.0,2,3,ショーモン,58.0,Ｍ．デム,2:01.0,ハナ,27.7,10.0,[西] 橋口慎介,2020103279,202410030809,宗像特別｜2024年7月21日 | 競馬データベース - netkeiba,2026-05-20T11:40:47.110885,セ,4,482.0,-16.0,0,0,15.2,14.33,36.02,0.0617,0,12,36.02,36.02,36.02,0.0617,36.02
6.0,4,7,エルディアブロ,58.0,団野大成,2:01.0,クビ,16.0,4.0,[西] 佐々木晶,2018104512,202410030809,宗像特別｜2024年7月21日 | 競馬データベース - netkeiba,2026-05-20T11:40:47.110885,牡,6,450.0,-8.0,0,0,5.4,5.0,34.86,0.1562,0,6,34.86,34.86,34.86,0.1562,34.86
7.0,1,2,レミージュ,56.0,西村淳也,2:01.1,1/2,9.2,3.0,[西] 松永幹夫,2020105642,202410030809,宗像特別｜2024年7月21日 | 競馬データベース - netkeiba,2026-05-20T11:40:47.110885,牝,4,438.0,-8.0,0,0,2.6,3.33,34.32,0.2778,0,2,34.32,34.32,34.32,0.2778,34.32
8.0,5,10,スズノマーベリック,58.0,藤懸貴志,2:01.5,2.1/2,245.7,17.0,[西] 石坂公一,2019102496,202410030809,宗像特別｜2024年7月21日 | 競馬データベース - netkeiba,2026-05-20T11:40:47.110885,セ,5,466.0,-2.0,0,0,9.0,10.67,35.82,0.1,0,9,35.82,35.82,35.82,0.1,35.82
9.0,3,5,スズカハービン,58.0,太宰啓介,2:01.5,アタマ,63.8,13.0,[西] 高橋義忠,2020106654,202410030809,宗像特別｜2024年7月21日 | 競馬データベース - netkeiba,2026-05-20T11:40:47.110885,牡,4,472.0,2.0,0,0,2.2,2.67,0.0,0.3125,0,5,0.0,0.0,0.0,0.3125,0.0
10.0,7,13,コイニョウボウ,56.0,幸英明,2:01.6,アタマ,23.3,9.0,[西] 中尾秀正,2020104245,202410030809,宗像特別｜2024年7月21日 | 競馬データベース - netkeiba,2026-05-20T11:40:47.110885,牝,4,416.0,0.0,0,0,9.4,10.33,36.5,0.0962,0,10,36.5,36.5,36.5,0.0962,36.5
11.0,6,12,キャリーハピネス,58.0,和田竜二,2:01.6,ハナ,19.9,7.0,[西] 河嶋宏樹,2020105733,202410030809,宗像特別｜2024年7月21日 | 競馬データベース - netkeiba,2026-05-20T11:40:47.110885,牡,4,492.0,2.0,0,0,4.5,3.67,39.85,0.1818,0,5,39.85,39.85,39.85,0.1818,39.85
12.0,5,9,テリオスマナ,56.0,荻野極,2:01.6,クビ,16.8,5.0,[西] 松下武士,2018103377,202410030809,宗像特別｜2024年7月21日 | 競馬データベース - netkeiba,2026-05-20T11:40:47.110885,牝,6,474.0,10.0,0,0,9.6,8.67,35.46,0.0943,0,13,35.46,35.46,35.46,0.0943,35.46
13.0,3,6,アトミックフレア,56.0,泉谷楓真,2:01.8,1.1/4,33.1,11.0,[西] 渡辺薫彦,2018100190,202410030809,宗像特別｜2024年7月21日 | 競馬データベース - netkeiba,2026-05-20T11:40:47.110885,牝,6,444.0,-4.0,0,0,8.4,8.67,36.1,0.1064,0,12,36.1,36.1,36.1,0.1064,36.1
14.0,8,18,サイモンルモンド,58.0,永島まな,2:02.1,1.3/4,270.1,18.0,[東] 根本康広,2017106722,202410030809,宗像特別｜2024年7月21日 | 競馬データベース - netkeiba,2026-05-20T11:40:47.110885,セ,7,448.0,0.0,0,0,11.0,11.67,37.76,0.0833,0,13,37.76,37.76,37.76,0.0833,37.76
15.0,6,11,エクロール,56.0,田口貫太,2:02.2,1/2,37.9,12.0,[西] 長谷川浩,2019100643,202410030809,宗像特別｜2024年7月21日 | 競馬データベース - netkeiba,2026-05-20T11:40:47.110885,牝,5,426.0,-8.0,0,0,7.8,10.0,36.3,0.1136,0,8,36.3,36.3,36.3,0.1136,36.3
16.0,1,1,ルソルティール,56.0,吉村誠之,2:02.4,1.1/4,73.7,14.0,[西] 清水久詞,2020105614,202410030809,宗像特別｜2024年7月21日 | 競馬データベース - netkeiba,2026-05-20T11:40:47.110885,牝,4,424.0,-8.0,0,0,6.0,7.67,41.04,0.1429,0,9,41.04,41.04,41.04,0.1429,41.04
17.0,4,8,チュウワモーニング,56.0,小崎綾也,2:03.0,3.1/2,97.9,15.0,[西] 小崎憲,2020101893,202410030809,宗像特別｜2024年7月21日 | 競馬データベース - netkeiba,2026-05-20T11:40:47.110885,牝,4,454.0,2.0,0,0,5.8,4.67,35.56,0.1471,0,1,35.56,35.56,35.56,0.1471,35.56
18.0,8,17,ジュンブルースカイ,58.0,松若風馬,2:10.3,大,137.5,16.0,[東] 伊坂重信,2018105085,202410030809,宗像特別｜2024年7月21日 | 競馬データベース - netkeiba,2026-05-20T11:40:47.110885,牡,6,450.0,-2.0,0,0,10.2,12.67,37.16,0.0893,0,18,37.16,37.16,37.16,0.0893,37.16
1.0,6,11,ミルテンベルク,55.0,坂井瑠星,1:08.3,,3.8,2.0,[西] 武英智,2021105771,202410030810,九州スポーツ杯｜2024年7月21日 | 競馬データベース - netkeiba,2026-05-20T11:41:29.529925,牡,3,492.0,6.0,1,1,7.4,6.33,34.08,0.119,0,11,34.08,34.08,34.08,0.119,34.08
2.0,7,14,ワンダーキサラ,56.0,太宰啓介,1:08.4,クビ,8.6,4.0,[西] 石橋守,2019102458,202410030810,九州スポーツ杯｜2024年7月21日 | 競馬データベース - netkeiba,2026-05-20T11:41:29.529925,牝,5,464.0,2.0,0,1,5.8,4.67,34.26,0.1471,0,11,34.26,34.26,34.26,0.1471,34.26
3.0,2,3,テーオースパロー,58.0,吉村誠之,1:08.6,1.1/2,258.7,16.0,[西] 清水久詞,2019104361,202410030810,九州スポーツ杯｜2024年7月21日 | 競馬データベース - netkeiba,2026-05-20T11:41:29.529925,牡,5,498.0,10.0,0,1,4.4,4.0,39.58,0.1852,0,6,39.58,39.58,39.58,0.1852,39.58
4.0,5,10,ビップシュプリーム,56.0,荻野極,1:08.9,1.1/2,78.3,12.0,[西] 松下武士,2019105241,202410030810,九州スポーツ杯｜2024年7月21日 | 競馬データベース - netkeiba,2026-05-20T11:41:29.529925,牝,5,502.0,-2.0,0,0,7.0,9.67,36.02,0.125,0,11,36.02,36.02,36.02,0.125,36.02
5.0,7,13,キャプテンネキ,53.0,Ｍ．デム,1:09.1,1.1/4,9.8,5.0,[西] 杉山晴紀,2021101523,202410030810,九州スポーツ杯｜2024年7月21日 | 競馬データベース - netkeiba,2026-05-20T11:41:29.529925,牝,3,532.0,6.0,0,0,8.4,9.0,38.08,0.1064,0,9,38.08,38.08,38.08,0.1064,38.08
6.0,5,9,バンドシェル,55.0,松山弘平,1:09.1,ハナ,6.3,3.0,[西] 西村真幸,2021102461,202410030810,九州スポーツ杯｜2024年7月21日 | 競馬データベース - netkeiba,2026-05-20T11:41:29.529925,牡,3,478.0,8.0,0,0,6.6,8.67,33.4,0.1316,0,6,33.4,33.4,33.4,0.1316,33.4
7.0,3,5,ディオアステリア,56.0,小沢大仁,1:09.1,クビ,24.2,8.0,[東] 小野次郎,2019104356,202410030810,九州スポーツ杯｜2024年7月21日 | 競馬データベース - netkeiba,2026-05-20T11:41:29.529925,牝,5,490.0,12.0,0,0,9.8,12.0,35.48,0.0926,0,9,35.48,35.48,35.48,0.0926,35.48
8.0,8,17,ナムラアトム,55.0,西村淳也,1:09.1,ハナ,3.2,1.0,[西] 長谷川浩,2021102888,202410030810,九州スポーツ杯｜2024年7月21日 | 競馬データベース - netkeiba,2026-05-20T11:41:29.529925,牡,3,504.0,16.0,0,0,9.4,13.0,34.16,0.0962,0,12,34.16,34.16,34.16,0.0962,34.16
9.0,3,6,ビッグドリーム,55.0,幸英明,1:09.2,1/2,10.0,6.0,[西] 西園正都,2021100899,202410030810,九州スポーツ杯｜2024年7月21日 | 競馬データベース - netkeiba,2026-05-20T11:41:29.529925,牡,3,522.0,-2.0,0,0,4.0,5.0,37.22,0.2,0,2,37.22,37.22,37.22,0.2,37.22
10.0,7,15,シャウビンダー,56.0,酒井学,1:09.3,1/2,109.2,14.0,[西] 須貝尚介,2019102068,202410030810,九州スポーツ杯｜2024年7月21日 | 競馬データベース - netkeiba,2026-05-20T11:41:29.529925,牝,5,416.0,-4.0,0,0,6.8,8.0,34.76,0.1282,0,10,34.76,34.76,34.76,0.1282,34.76
11.0,1,2,ベンガン,58.0,藤懸貴志,1:09.3,ハナ,88.1,13.0,[西] 千田輝彦,2017101767,202410030810,九州スポーツ杯｜2024年7月21日 | 競馬データベース - netkeiba,2026-05-20T11:41:29.529925,牡,7,464.0,-4.0,0,0,8.4,9.0,34.32,0.1064,0,12,34.32,34.32,34.32,0.1064,34.32
12.0,6,12,メイショウコギク,56.0,田口貫太,1:09.4,1/2,53.1,10.0,[西] 石橋守,2020106737,202410030810,九州スポーツ杯｜2024年7月21日 | 競馬データベース - netkeiba,2026-05-20T11:41:29.529925,牝,4,444.0,2.0,0,0,7.6,9.0,34.66,0.1163,0,9,34.66,34.66,34.66,0.1163,34.66
13.0,8,16,ミッキーチャレンジ,58.0,中井裕二,1:09.4,ハナ,41.7,9.0,[西] 中内田充,2019105526,202410030810,九州スポーツ杯｜2024年7月21日 | 競馬データベース - netkeiba,2026-05-20T11:41:29.529925,牡,5,500.0,-4.0,0,0,12.2,14.0,39.46,0.0758,0,13,39.46,39.46,39.46,0.0758,39.46
14.0,1,1,トーホウフランゴ,56.0,団野大成,1:09.4,クビ,18.8,7.0,[西] 高橋康之,2020101763,202410030810,九州スポーツ杯｜2024年7月21日 | 競馬データベース - netkeiba,2026-05-20T11:41:29.529925,牝,4,442.0,-2.0,0,0,10.0,8.67,34.38,0.0909,0,5,34.38,34.38,34.38,0.0909,34.38
15.0,4,8,コスモイグローク,58.0,秋山稔樹,1:09.5,1/2,348.5,18.0,[東] 蛯名利弘,2020100248,202410030810,九州スポーツ杯｜2024年7月21日 | 競馬データベース - netkeiba,2026-05-20T11:41:29.529925,牡,4,508.0,8.0,0,0,4.8,3.67,39.52,0.1724,0,8,39.52,39.52,39.52,0.1724,39.52
16.0,8,18,ワンダーカタリナ,58.0,角田大和,1:09.9,2.1/2,113.0,15.0,[西] 河内洋,2017102940,202410030810,九州スポーツ杯｜2024年7月21日 | 競馬データベース - netkeiba,2026-05-20T11:41:29.529925,牡,7,508.0,-2.0,0,0,7.2,8.67,40.82,0.122,0,6,40.82,40.82,40.82,0.122,40.82
17.0,2,4,ビッグボーンリタ,56.0,西塚洸二,1:10.1,3/4,342.8,17.0,[西] 高橋康之,2020100736,202410030810,九州スポーツ杯｜2024年7月21日 | 競馬データベース - netkeiba,2026-05-20T11:41:29.529925,牝,4,474.0,0.0,0,0,14.4,13.33,36.58,0.0649,0,16,36.58,36.58,36.58,0.0649,36.58
18.0,4,7,ウインバグース,58.0,和田竜二,1:10.2,1,54.9,11.0,[西] 西園正都,2019100210,202410030810,九州スポーツ杯｜2024年7月21日 | 競馬データベース - netkeiba,2026-05-20T11:41:29.529925,牡,5,488.0,4.0,0,0,9.8,9.33,39.38,0.0926,0,11,39.38,39.38,39.38,0.0926,39.38
1.0,2,2,アルナシーム,57.0,横山典弘,1:47.2,,8.2,5.0,[西] 橋口慎介,2019105252,202410030811,中京記念｜2024年7月21日 | 競馬データベース - netkeiba,2026-05-20T11:42:06.382068,牡,5,440.0,0.0,1,1,10.0,7.67,35.48,0.0909,0,6,35.48,35.48,35.48,0.0909,35.48
2.0,4,6,エピファニー,58.0,杉原誠人,1:47.2,クビ,4.6,2.0,[東] 宮田敬介,2019105532,202410030811,中京記念｜2024年7月21日 | 競馬データベース - netkeiba,2026-05-20T11:42:06.382068,牡,5,502.0,4.0,0,1,11.0,13.0,35.52,0.0833,0,13,35.52,35.52,35.52,0.0833,35.52
3.0,5,7,エルトンバローズ,59.0,西村淳也,1:47.3,1/2,4.6,1.0,[西] 杉山晴紀,2020100680,202410030811,中京記念｜2024年7月21日 | 競馬データベース - netkeiba,2026-05-20T11:42:06.382068,牡,4,516.0,-4.0,0,1,8.6,11.0,34.26,0.1042,0,8,34.26,34.26,34.26,0.1042,34.26
4.0,8,14,ロングラン,57.0,松山弘平,1:47.4,3/4,11.5,6.0,[東] 和田勇介,2018104708,202410030811,中京記念｜2024年7月21日 | 競馬データベース - netkeiba,2026-05-20T11:42:06.382068,セ,6,480.0,0.0,0,0,13.6,15.67,34.5,0.0685,0,18,34.5,34.5,34.5,0.0685,34.5
5.0,8,13,ニホンピロキーフ,56.5,田口貫太,1:47.5,1/2,5.1,3.0,[西] 大橋勇樹,2020104564,202410030811,中京記念｜2024年7月21日 | 競馬データベース - netkeiba,2026-05-20T11:42:06.382068,牡,4,474.0,-6.0,0,0,4.0,4.0,33.42,0.2,0,5,33.42,33.42,33.42,0.2,33.42
6.0,6,9,ボーデン,54.0,団野大成,1:48.2,4,17.5,8.0,[東] 上原佑紀,2018105264,202410030811,中京記念｜2024年7月21日 | 競馬データベース - netkeiba,2026-05-20T11:42:06.382068,セ,6,482.0,-8.0,0,0,5.6,4.67,34.52,0.1515,0,7,34.52,34.52,34.52,0.1515,34.52
7.0,4,5,カテドラル,58.0,幸英明,1:48.4,1.1/2,62.5,11.0,[西] 池添学,2016104711,202410030811,中京記念｜2024年7月21日 | 競馬データベース - netkeiba,2026-05-20T11:42:06.382068,牡,8,490.0,-4.0,0,0,9.4,10.33,34.62,0.0962,0,8,34.62,34.62,34.62,0.0962,34.62
8.0,5,8,タガノパッション,53.0,Ｍ．デム,1:48.4,ハナ,37.7,10.0,[西] 武幸四郎,2018101943,202410030811,中京記念｜2024年7月21日 | 競馬データベース - netkeiba,2026-05-20T11:42:06.382068,牝,6,478.0,-8.0,0,0,10.2,10.0,36.72,0.0893,0,9,36.72,36.72,36.72,0.0893,36.72
9.0,6,10,ソレイユヴィータ,50.0,吉村誠之,1:48.5,クビ,64.8,12.0,[西] 杉山晴紀,2020106338,202410030811,中京記念｜2024年7月21日 | 競馬データベース - netkeiba,2026-05-20T11:42:06.382068,牝,4,450.0,-8.0,0,0,7.6,8.33,36.64,0.1163,0,9,36.64,36.64,36.64,0.1163,36.64
10.0,7,11,アナゴサン,56.0,松若風馬,1:48.9,2.1/2,19.4,9.0,[西] 牧田和弥,2018102227,202410030811,中京記念｜2024年7月21日 | 競馬データベース - netkeiba,2026-05-20T11:42:06.382068,牡,6,472.0,-2.0,0,0,5.4,5.67,35.77,0.1562,0,4,35.77,35.77,35.77,0.1562,35.77
11.0,3,4,ワールドリバイバル,55.0,小牧太,1:49.2,1.3/4,88.8,14.0,[西] 牧田和弥,2018100026,202410030811,中京記念｜2024年7月21日 | 競馬データベース - netkeiba,2026-05-20T11:42:06.382068,牡,6,508.0,-2.0,0,0,9.8,13.33,37.06,0.0926,0,11,37.06,37.06,37.06,0.0926,37.06
12.0,3,3,セルバーグ,57.0,和田竜二,1:49.3,1/2,14.5,7.0,[西] 鈴木孝志,2019106670,202410030811,中京記念｜2024年7月21日 | 競馬データベース - netkeiba,2026-05-20T11:42:06.382068,牡,5,434.0,-4.0,0,0,8.4,10.0,35.34,0.1064,0,13,35.34,35.34,35.34,0.1064,35.34
13.0,7,12,セオ,57.0,岩田康誠,1:49.4,1/2,6.4,4.0,[西] 上村洋行,2020103102,202410030811,中京記念｜2024年7月21日 | 競馬データベース - netkeiba,2026-05-20T11:42:06.382068,牡,4,476.0,-8.0,0,0,8.6,12.0,35.14,0.1042,0,13,35.14,35.14,35.14,0.1042,35.14
14.0,1,1,テーオーシリウス,55.0,西塚洸二,1:49.6,1.1/4,68.1,13.0,[西] 奥村豊,2018106834,202410030811,中京記念｜2024年7月21日 | 競馬データベース - netkeiba,2026-05-20T11:42:06.382068,牡,6,470.0,6.0,0,0,0.0,0.0,0.0,0.0,0,0,0.0,0.0,0.0,0.0,0.0
1.0,3,4,モズアカボス,58.0,小牧太,1:44.7,,57.8,12.0,[西] 矢作芳人,2020110069,202410030812,3歳以上1勝クラス｜2024年7月21日 | 競馬データベース - netkeiba,2026-05-20T11:42:49.271670,牡,4,506.0,4.0,1,1,7.75,8.0,41.02,0.1143,0,11,41.02,41.02,41.02,0.1143,41.02
2.0,4,6,ジャスパーロブスト,55.0,松山弘平,1:44.9,1,7.8,5.0,[西] 森秀行,2021110133,202410030812,3歳以上1勝クラス｜2024年7月21日 | 競馬データベース - netkeiba,2026-05-20T11:42:49.271670,セ,3,500.0,0.0,0,1,4.0,5.67,40.02,0.2,0,12,40.02,40.02,40.02,0.2,40.02
3.0,6,11,セブンスストリート,56.0,永島まな,1:45.2,2,35.0,10.0,[西] 高橋康之,2020101594,202410030812,3歳以上1勝クラス｜2024年7月21日 | 競馬データベース - netkeiba,2026-05-20T11:42:49.271670,牡,4,446.0,0.0,0,1,6.0,5.67,39.64,0.1429,0,4,39.64,39.64,39.64,0.1429,39.64
4.0,2,2,レッドリベルタ,54.0,田口貫太,1:45.3,1/2,3.8,1.0,[西] 庄野靖志,2021102436,202410030812,3歳以上1勝クラス｜2024年7月21日 | 競馬データベース - netkeiba,2026-05-20T11:42:49.271670,牡,3,446.0,0.0,0,0,6.8,8.33,37.48,0.1282,0,9,37.48,37.48,37.48,0.1282,37.48
5.0,7,12,ヒロノラメール,55.0,和田竜二,1:45.6,1.1/2,4.2,2.0,[西] 川村禎彦,2021104131,202410030812,3歳以上1勝クラス｜2024年7月21日 | 競馬データベース - netkeiba,2026-05-20T11:42:49.271670,牡,3,474.0,-2.0,0,0,7.4,9.0,36.54,0.119,0,8,36.54,36.54,36.54,0.119,36.54
6.0,5,9,グランファラオ,57.0,秋山稔樹,1:45.8,1.1/2,22.1,7.0,[西] 高橋義忠,2020110140,202410030812,3歳以上1勝クラス｜2024年7月21日 | 競馬データベース - netkeiba,2026-05-20T11:42:49.271670,牡,4,512.0,10.0,0,0,7.8,8.0,41.4,0.1136,0,9,41.4,41.4,41.4,0.1136,41.4
7.0,7,13,アドマイヤソラ,58.0,Ｍ．デム,1:46.0,3/4,5.4,3.0,[西] 友道康夫,2020103212,202410030812,3歳以上1勝クラス｜2024年7月21日 | 競馬データベース - netkeiba,2026-05-20T11:42:49.271670,牡,4,522.0,2.0,0,0,5.2,4.67,36.82,0.1613,0,3,36.82,36.82,36.82,0.1613,36.82
8.0,3,5,メイショウタムシバ,53.0,幸英明,1:46.1,3/4,6.9,4.0,[西] 飯田祐史,2021103268,202410030812,3歳以上1勝クラス｜2024年7月21日 | 競馬データベース - netkeiba,2026-05-20T11:42:49.271670,牝,3,428.0,16.0,0,0,7.0,8.67,37.24,0.125,0,12,37.24,37.24,37.24,0.125,37.24
9.0,2,3,リノアラ,55.0,小沢大仁,1:46.2,1/2,80.9,13.0,[西] 今野貞一,2019101620,202410030812,3歳以上1勝クラス｜2024年7月21日 | 競馬データベース - netkeiba,2026-05-20T11:42:49.271670,牝,5,438.0,2.0,0,0,12.2,11.0,37.84,0.0758,0,11,37.84,37.84,37.84,0.0758,37.84
10.0,8,14,ダイヤグラフ,58.0,松若風馬,1:46.3,3/4,28.1,8.0,[西] 角田晃一,2020103550,202410030812,3歳以上1勝クラス｜2024年7月21日 | 競馬データベース - netkeiba,2026-05-20T11:42:49.271670,牡,4,484.0,6.0,0,0,1.8,1.33,39.48,0.3571,0,2,39.48,39.48,39.48,0.3571,39.48
11.0,4,7,グランデスフィーダ,58.0,荻野極,1:46.6,2,32.3,9.0,[西] 池江泰寿,2020104913,202410030812,3歳以上1勝クラス｜2024年7月21日 | 競馬データベース - netkeiba,2026-05-20T11:42:49.271670,牡,4,528.0,-2.0,0,0,5.4,3.67,36.58,0.1562,0,2,36.58,36.58,36.58,0.1562,36.58
12.0,6,10,アメリカンチーフ,54.0,西塚洸二,1:46.8,1.1/4,51.0,11.0,[西] 音無秀孝,2021110123,202410030812,3歳以上1勝クラス｜2024年7月21日 | 競馬データベース - netkeiba,2026-05-20T11:42:49.271670,牡,3,464.0,0.0,0,0,7.2,8.0,37.5,0.122,0,8,37.5,37.5,37.5,0.122,37.5
13.0,5,8,シブースト,53.0,吉村誠之,1:49.0,大,167.0,15.0,[西] 高野友和,2020100160,202410030812,3歳以上1勝クラス｜2024年7月21日 | 競馬データベース - netkeiba,2026-05-20T11:42:49.271670,牝,4,502.0,-2.0,0,0,10.25,10.0,39.15,0.0889,0,7,39.15,39.15,39.15,0.0889,39.15
14.0,8,15,ペイシャコパ,50.0,河原田菜,1:49.1,3/4,85.7,14.0,[西] 坂口智康,2021101090,202410030812,3歳以上1勝クラス｜2024年7月21日 | 競馬データベース - netkeiba,2026-05-20T11:42:49.271670,牝,3,456.0,0.0,0,0,7.8,10.0,41.5,0.1136,0,8,41.5,41.5,41.5,0.1136,41.5
15.0,1,1,オリーボーレン,53.0,坂井瑠星,1:54.7,大,10.6,6.0,[西] 藤岡健一,2021105739,202410030812,3歳以上1勝クラス｜2024年7月21日 | 競馬データベース - netkeiba,2026-05-20T11:42:49.271670,牝,3,462.0,-10.0,0,0,5.6,4.33,34.98,0.1515,0,4,34.98,34.98,34.98,0.1515,34.98
1.0,8,10,シマサンブラック,55.0,北村友一,1:49.7,,17.9,6.0,[東] 蛯名正義,2022103642,202401010301,2歳未勝利｜2024年7月27日 | 競馬データベース - netkeiba,2026-05-20T11:43:51.934591,牡,2,466.0,0.0,1,1,0.0,0.0,0.0,0.0,0,0,0.0,0.0,0.0,0.0,0.0
2.0,7,7,ヤコブセン,55.0,鮫島克駿,1:49.9,1.1/2,16.1,5.0,[東] 斎藤誠,2022103288,202401010301,2歳未勝利｜2024年7月27日 | 競馬データベース - netkeiba,2026-05-20T11:43:51.934591,牡,2,488.0,-4.0,0,1,8.0,7.67,35.28,0.1111,0,8,35.28,35.28,35.28,0.1111,35.28
3.0,8,9,アスゴッド,55.0,武豊,1:49.9,クビ,6.7,2.0,[西] 矢作芳人,2022103704,202401010301,2歳未勝利｜2024年7月27日 | 競馬データベース - netkeiba,2026-05-20T11:43:51.934591,牡,2,490.0,-4.0,0,1,7.0,5.33,37.0,0.125,0,8,37.0,37.0,37.0,0.125,37.0
4.0,2,2,メイショウアゴナス,54.0,角田大河,1:50.0,1/2,14.3,4.0,[西] 本田優,2022103263,202401010301,2歳未勝利｜2024年7月27日 | 競馬データベース - netkeiba,2026-05-20T11:43:51.934591,牡,2,466.0,2.0,0,0,5.4,7.0,36.74,0.1562,0,4,36.74,36.74,36.74,0.1562,36.74
5.0,1,1,リアライズオーラム,55.0,佐々木大,1:50.1,クビ,1.2,1.0,[西] 須貝尚介,2022105773,202401010301,2歳未勝利｜2024年7月27日 | 競馬データベース - netkeiba,2026-05-20T11:43:51.934591,牡,2,494.0,2.0,0,0,9.6,10.67,36.96,0.0943,0,15,36.96,36.96,36.96,0.0943,36.96
6.0,4,4,ガンバルマン,55.0,永野猛蔵,1:50.1,クビ,12.6,3.0,[東] 萱野浩二,2022101307,202401010301,2歳未勝利｜2024年7月27日 | 競馬データベース - netkeiba,2026-05-20T11:43:51.934591,牡,2,458.0,10.0,0,0,4.6,5.67,35.7,0.1786,0,6,35.7,35.7,35.7,0.1786,35.7
7.0,3,3,ロードスカイブルー,55.0,丹内祐次,1:50.2,クビ,43.6,7.0,[東] 和田勇介,2022100557,202401010301,2歳未勝利｜2024年7月27日 | 競馬データベース - netkeiba,2026-05-20T11:43:51.934591,牡,2,440.0,-8.0,0,0,9.0,11.67,41.2,0.1,0,7,41.2,41.2,41.2,0.1,41.2
8.0,7,8,デスティニーホープ,55.0,荻野琢真,1:50.3,3/4,175.9,9.0,[東] 松山将樹,2022103625,202401010301,2歳未勝利｜2024年7月27日 | 競馬データベース - netkeiba,2026-05-20T11:43:51.934591,牝,2,424.0,-6.0,0,0,5.8,2.67,40.08,0.1471,0,1,40.08,40.08,40.08,0.1471,40.08
9.0,6,6,ファイアトリック,52.0,長浜鴻緒,1:50.9,3.1/2,128.2,8.0,[東] 伊坂重信,2022101067,202401010301,2歳未勝利｜2024年7月27日 | 競馬データベース - netkeiba,2026-05-20T11:43:51.934591,牡,2,454.0,8.0,0,0,4.2,5.0,38.54,0.1923,0,7,38.54,38.54,38.54,0.1923,38.54
10.0,5,5,アルビス,53.0,小林勝太,1:52.3,8,176.3,10.0,[東] 金成貴史,2022100441,202401010301,2歳未勝利｜2024年7月27日 | 競馬データベース - netkeiba,2026-05-20T11:43:51.934591,牡,2,472.0,0.0,0,0,7.0,7.33,40.22,0.125,0,7,40.22,40.22,40.22,0.125,40.22
1.0,1,1,グディンナ,55.0,永野猛蔵,1:46.1,,46.7,7.0,[西] 牧田和弥,2021102162,202401010302,3歳未勝利｜2024年7月27日 | 競馬データベース - netkeiba,2026-05-20T11:43:57.326925,牝,3,404.0,-6.0,1,1,6.4,6.0,37.32,0.1351,0,3,37.32,37.32,37.32,0.1351,37.32
2.0,5,7,オテンバムスメ,53.0,小林勝太,1:46.4,2,5.2,2.0,[西] 北出成人,2021103867,202401010302,3歳未勝利｜2024年7月27日 | 競馬データベース - netkeiba,2026-05-20T11:43:57.326925,牝,3,442.0,8.0,0,1,2.0,1.33,40.48,0.3333,0,1,40.48,40.48,40.48,0.3333,40.48
3.0,4,6,ユーヴェリア,52.0,高杉吏麒,1:46.5,クビ,5.3,3.0,[西] 宮本博,2021107278,202401010302,3歳未勝利｜2024年7月27日 | 競馬データベース - netkeiba,2026-05-20T11:43:57.326925,牝,3,446.0,-10.0,0,1,10.0,11.33,37.16,0.0909,0,15,37.16,37.16,37.16,0.0909,37.16
4.0,3,3,ブーケドグレイス,55.0,佐々木大,1:46.7,1.1/4,7.3,4.0,[東] 相沢郁,2021102494,202401010302,3歳未勝利｜2024年7月27日 | 競馬データベース - netkeiba,2026-05-20T11:43:57.326925,牝,3,482.0,0.0,0,0,5.8,6.67,39.24,0.1471,0,3,39.24,39.24,39.24,0.1471,39.24
5.0,7,11,アイリュール,55.0,丹内祐次,1:46.7,アタマ,21.0,6.0,[東] 田中剛,2021106255,202401010302,3歳未勝利｜2024年7月27日 | 競馬データベース - netkeiba,2026-05-20T11:43:57.326925,牝,3,456.0,0.0,0,0,4.25,3.5,38.83,0.1905,0,1,38.83,38.83,38.83,0.1905,38.83
6.0,2,2,エリカポラリス,55.0,横山武史,1:46.9,1.1/2,1.9,1.0,[東] 伊藤圭三,2021103739,202401010302,3歳未勝利｜2024年7月27日 | 競馬データベース - netkeiba,2026-05-20T11:43:57.326925,牝,3,434.0,-4.0,0,0,6.8,6.33,40.26,0.1282,0,6,40.26,40.26,40.26,0.1282,40.26
7.0,6,9,カネコメファミリー,55.0,菱田裕二,1:47.1,1.1/4,11.2,5.0,[西] 中尾秀正,2021104151,202401010302,3歳未勝利｜2024年7月27日 | 競馬データベース - netkeiba,2026-05-20T11:43:57.326925,牝,3,488.0,0.0,0,0,5.0,6.0,37.26,0.1667,0,5,37.26,37.26,37.26,0.1667,37.26
8.0,4,5,サノノリッチ,55.0,小林凌大,1:47.4,1.1/2,48.0,8.0,[東] 森一誠,2021102057,202401010302,3歳未勝利｜2024年7月27日 | 競馬データベース - netkeiba,2026-05-20T11:43:57.326925,牝,3,410.0,0.0,0,0,7.0,9.33,42.08,0.125,0,11,42.08,42.08,42.08,0.125,42.08
9.0,8,14,ウキヨノユメ,55.0,古川吉洋,1:47.8,2.1/2,169.8,13.0,[西] 千田輝彦,2021101354,202401010302,3歳未勝利｜2024年7月27日 | 競馬データベース - netkeiba,2026-05-20T11:43:57.326925,牝,3,452.0,2.0,0,0,6.0,9.5,39.9,0.1429,0,9,39.9,39.9,39.9,0.1429,39.9
10.0,7,12,ベストベルシック,52.0,川端海翼,1:48.0,1.1/2,124.6,10.0,[東] 森一誠,2021101437,202401010302,3歳未勝利｜2024年7月27日 | 競馬データベース - netkeiba,2026-05-20T11:43:57.326925,牝,3,414.0,-8.0,0,0,0.0,0.0,0.0,0.0,0,0,0.0,0.0,0.0,0.0,0.0
11.0,3,4,リヴィングカラー,55.0,荻野琢真,1:48.6,3.1/2,172.1,14.0,[東] 小笠倫弘,2021101065,202401010302,3歳未勝利｜2024年7月27日 | 競馬データベース - netkeiba,2026-05-20T11:43:57.326925,牝,3,396.0,-6.0,0,0,6.33,3.0,40.23,0.1364,0,3,40.23,40.23,40.23,0.1364,40.23
12.0,6,10,ジャンル,55.0,北村友一,1:48.8,1,136.8,11.0,[東] 岩戸孝樹,2021101205,202401010302,3歳未勝利｜2024年7月27日 | 競馬データベース - netkeiba,2026-05-20T11:43:57.326925,牝,3,472.0,0.0,0,0,12.0,11.0,40.02,0.0769,0,14,40.02,40.02,40.02,0.0769,40.02
13.0,8,13,メイショウムーヴ,55.0,富田暁,1:49.1,1.3/4,137.9,12.0,[西] 荒川義之,2021100994,202401010302,3歳未勝利｜2024年7月27日 | 競馬データベース - netkeiba,2026-05-20T11:43:57.326925,牝,3,450.0,6.0,0,0,9.2,9.33,40.44,0.098,0,9,40.44,40.44,40.44,0.098,40.44
14.0,5,8,ヴァンショー,52.0,長浜鴻緒,1:50.6,9,83.7,9.0,[東] 手塚貴久,2021104805,202401010302,3歳未勝利｜2024年7月27日 | 競馬データベース - netkeiba,2026-05-20T11:43:57.326925,牝,3,476.0,0.0,0,0,8.0,8.0,41.15,0.1111,0,11,41.15,41.15,41.15,0.1111,41.15
1.0,5,10,サルヴィアーノ,55.0,横山和生,2:02.1,,3.2,1.0,[東] 栗田徹,2021110113,202401010303,3歳未勝利｜2024年7月27日 | 競馬データベース - netkeiba,2026-05-20T11:44:25.250276,牝,3,484.0,-6.0,1,1,6.6,6.0,37.78,0.1316,0,8,37.78,37.78,37.78,0.1316,37.78
2.0,7,13,ヘザルフェン,57.0,横山典弘,2:02.2,3/4,5.4,2.0,[西] 昆貢,2021110022,202401010303,3歳未勝利｜2024年7月27日 | 競馬データベース - netkeiba,2026-05-20T11:44:25.250276,牡,3,490.0,4.0,0,1,3.6,4.67,0.0,0.2174,0,7,0.0,0.0,0.0,0.2174,0.0
3.0,7,14,ニシノシャミナード,55.0,池添謙一,2:02.3,1/2,11.6,6.0,[東] 嘉藤貴行,2021102686,202401010303,3歳未勝利｜2024年7月27日 | 競馬データベース - netkeiba,2026-05-20T11:44:25.250276,牝,3,428.0,0.0,0,1,10.4,9.67,41.78,0.0877,0,12,41.78,41.78,41.78,0.0877,41.78
4.0,8,16,ラブビーチ,54.0,秋山稔樹,2:02.4,3/4,210.0,13.0,[東] 蛯名利弘,2021104232,202401010303,3歳未勝利｜2024年7月27日 | 競馬データベース - netkeiba,2026-05-20T11:44:25.250276,牝,3,432.0,2.0,0,0,6.4,8.0,39.66,0.1351,0,8,39.66,39.66,39.66,0.1351,39.66
5.0,3,6,イズジョーノヒカリ,55.0,大野拓弥,2:02.6,1.1/2,23.0,8.0,[西] 中尾秀正,2021107101,202401010303,3歳未勝利｜2024年7月27日 | 競馬データベース - netkeiba,2026-05-20T11:44:25.250276,牝,3,468.0,-10.0,0,0,7.2,8.33,40.08,0.122,0,9,40.08,40.08,40.08,0.122,40.08
6.0,4,7,アルゴナヴィス,56.0,角田大河,2:02.7,クビ,22.4,7.0,[西] 池江泰寿,2021105750,202401010303,3歳未勝利｜2024年7月27日 | 競馬データベース - netkeiba,2026-05-20T11:44:25.250276,牡,3,476.0,10.0,0,0,8.6,11.67,38.14,0.1042,0,14,38.14,38.14,38.14,0.1042,38.14
7.0,5,9,エリカエレガンテ,55.0,横山武史,2:02.7,クビ,6.5,4.0,[西] 吉岡辰弥,2021100267,202401010303,3歳未勝利｜2024年7月27日 | 競馬データベース - netkeiba,2026-05-20T11:44:25.250276,牝,3,456.0,-4.0,0,0,8.0,8.67,42.58,0.1111,0,10,42.58,42.58,42.58,0.1111,42.58
8.0,6,11,アーベントイアー,57.0,武藤雅,2:02.7,ハナ,82.6,11.0,[東] 水野貴広,2021103057,202401010303,3歳未勝利｜2024年7月27日 | 競馬データベース - netkeiba,2026-05-20T11:44:25.250276,牡,3,490.0,0.0,0,0,4.2,6.0,40.96,0.1923,0,8,40.96,40.96,40.96,0.1923,40.96
9.0,4,8,ジュンプラチナ,54.0,高杉吏麒,2:02.7,ハナ,37.4,10.0,[東] 中舘英二,2021105590,202401010303,3歳未勝利｜2024年7月27日 | 競馬データベース - netkeiba,2026-05-20T11:44:25.250276,牡,3,476.0,0.0,0,0,7.6,7.0,37.9,0.1163,0,5,37.9,37.9,37.9,0.1163,37.9
10.0,8,15,ウインキャロライン,55.0,鮫島克駿,2:02.8,1/2,23.1,9.0,[西] 杉山晴紀,2021102632,202401010303,3歳未勝利｜2024年7月27日 | 競馬データベース - netkeiba,2026-05-20T11:44:25.250276,牝,3,496.0,0.0,0,0,7.4,6.33,39.08,0.119,0,2,39.08,39.08,39.08,0.119,39.08
11.0,1,2,ダイスアローリング,57.0,佐々木大,2:03.0,1.1/2,5.9,3.0,[東] 古賀慎明,2021104861,202401010303,3歳未勝利｜2024年7月27日 | 競馬データベース - netkeiba,2026-05-20T11:44:25.250276,牡,3,510.0,-2.0,0,0,4.0,5.5,0.0,0.2,0,6,0.0,0.0,0.0,0.2,0.0
12.0,2,3,ケイアイプロキオン,54.0,長浜鴻緒,2:03.2,1,6.6,5.0,[東] 和田正一,2021103836,202401010303,3歳未勝利｜2024年7月27日 | 競馬データベース - netkeiba,2026-05-20T11:44:25.250276,牡,3,480.0,10.0,0,0,10.4,10.0,36.15,0.0877,0,8,36.15,36.15,36.15,0.0877,36.15
13.0,3,5,ソノパッツァディテ,53.0,小林勝太,2:03.7,3,274.2,16.0,[東] 高木登,2021102757,202401010303,3歳未勝利｜2024年7月27日 | 競馬データベース - netkeiba,2026-05-20T11:44:25.250276,牝,3,424.0,-2.0,0,0,4.6,5.33,40.3,0.1786,0,6,40.3,40.3,40.3,0.1786,40.3
14.0,1,1,ニシノココ,55.0,永野猛蔵,2:03.8,クビ,89.9,12.0,[東] 松山将樹,2021107071,202401010303,3歳未勝利｜2024年7月27日 | 競馬データベース - netkeiba,2026-05-20T11:44:25.250276,牝,3,462.0,6.0,0,0,6.0,6.67,39.44,0.1429,0,6,39.44,39.44,39.44,0.1429,39.44
15.0,6,12,デュランヴェリテ,57.0,荻野琢真,2:04.2,2.1/2,212.3,14.0,[西] 河嶋宏樹,2021106656,202401010303,3歳未勝利｜2024年7月27日 | 競馬データベース - netkeiba,2026-05-20T11:44:25.250276,牡,3,554.0,-4.0,0,0,6.4,5.67,42.68,0.1351,0,9,42.68,42.68,42.68,0.1351,42.68
16.0,2,4,マジマックサラン,54.0,川端海翼,2:04.4,1.1/4,221.4,15.0,[東] 和田雄二,2021104604,202401010303,3歳未勝利｜2024年7月27日 | 競馬データベース - netkeiba,2026-05-20T11:44:25.250276,牡,3,488.0,4.0,0,0,11.0,13.67,36.33,0.0833,0,16,36.33,36.33,36.33,0.0833,36.33
1.0,5,8,ダイタジャスティス,55.0,小林勝太,1:46.7,,104.6,12.0,[東] 小野次郎,2021102954,202401010304,3歳未勝利｜2024年7月27日 | 競馬データベース - netkeiba,2026-05-20T11:44:47.529886,牡,3,478.0,-4.0,1,1,0.0,0.0,0.0,0.0,0,0,0.0,0.0,0.0,0.0,0.0
2.0,5,7,アイファーキャップ,57.0,鮫島克駿,1:46.9,1.1/4,2.9,2.0,[西] 鮫島一歩,2021107295,202401010304,3歳未勝利｜2024年7月27日 | 競馬データベース - netkeiba,2026-05-20T11:44:47.529886,牡,3,458.0,2.0,0,1,1.8,2.0,39.88,0.3571,0,3,39.88,39.88,39.88,0.3571,39.88
3.0,7,11,ベレッタ,57.0,横山和生,1:47.6,4,2.6,1.0,[東] 萩原清,2021105005,202401010304,3歳未勝利｜2024年7月27日 | 競馬データベース - netkeiba,2026-05-20T11:44:47.529886,牡,3,438.0,-2.0,0,1,4.0,4.67,37.98,0.2,0,9,37.98,37.98,37.98,0.2,37.98
4.0,2,2,ディアモミノル,56.0,角田大河,1:47.6,ハナ,40.9,9.0,[西] 本田優,2021104431,202401010304,3歳未勝利｜2024年7月27日 | 競馬データベース - netkeiba,2026-05-20T11:44:47.529886,牡,3,504.0,6.0,0,0,6.2,8.0,40.32,0.1389,0,9,40.32,40.32,40.32,0.1389,40.32
5.0,6,9,リナリア,55.0,黛弘人,1:47.7,1/2,51.2,10.0,[東] 伊坂重信,2021103966,202401010304,3歳未勝利｜2024年7月27日 | 競馬データベース - netkeiba,2026-05-20T11:44:47.529886,牝,3,438.0,12.0,0,0,9.0,8.67,41.58,0.1,0,11,41.58,41.58,41.58,0.1,41.58
6.0,1,1,ルーフオブヘヴン,55.0,武藤雅,1:48.5,5,38.6,8.0,[東] 武藤善則,2021104874,202401010304,3歳未勝利｜2024年7月27日 | 競馬データベース - netkeiba,2026-05-20T11:44:47.529886,牝,3,454.0,0.0,0,0,4.4,3.33,36.96,0.1852,0,7,36.96,36.96,36.96,0.1852,36.96
7.0,6,10,ナムラレイ,54.0,高杉吏麒,1:48.6,1/2,18.9,6.0,[西] 荒川義之,2021101823,202401010304,3歳未勝利｜2024年7月27日 | 競馬データベース - netkeiba,2026-05-20T11:44:47.529886,牡,3,460.0,-2.0,0,0,7.4,8.0,37.54,0.119,0,11,37.54,37.54,37.54,0.119,37.54
8.0,4,6,モズオラージュ,53.0,古川奈穂,1:49.1,3,105.6,13.0,[西] 矢作芳人,2021102149,202401010304,3歳未勝利｜2024年7月27日 | 競馬データベース - netkeiba,2026-05-20T11:44:47.529886,牡,3,488.0,-2.0,0,0,5.0,6.67,40.44,0.1667,0,7,40.44,40.44,40.44,0.1667,40.44
9.0,8,14,シャトーディフ,55.0,佐々木大,1:49.3,1.1/2,15.5,5.0,[東] 矢嶋大樹,2021105592,202401010304,3歳未勝利｜2024年7月27日 | 競馬データベース - netkeiba,2026-05-20T11:44:47.529886,牝,3,434.0,-4.0,0,0,9.2,6.67,37.14,0.098,0,9,37.14,37.14,37.14,0.098,37.14
10.0,3,4,テートモダン,57.0,小林凌大,1:49.7,2.1/2,6.2,3.0,[東] 尾形和幸,2021101275,202401010304,3歳未勝利｜2024年7月27日 | 競馬データベース - netkeiba,2026-05-20T11:44:47.529886,セ,3,452.0,-2.0,0,0,7.6,6.33,42.26,0.1163,0,11,42.26,42.26,42.26,0.1163,42.26
11.0,8,13,ブラッドショー,57.0,北村友一,1:50.4,4,53.1,11.0,[西] 小崎憲,2021103696,202401010304,3歳未勝利｜2024年7月27日 | 競馬データベース - netkeiba,2026-05-20T11:44:47.529886,牡,3,450.0,8.0,0,0,2.0,2.33,40.12,0.3333,0,3,40.12,40.12,40.12,0.3333,40.12
12.0,4,5,テイエムミステリー,57.0,富田暁,1:50.6,3/4,19.5,7.0,[西] 木原一良,2021102827,202401010304,3歳未勝利｜2024年7月27日 | 競馬データベース - netkeiba,2026-05-20T11:44:47.529886,牡,3,474.0,-2.0,0,0,7.0,7.33,39.78,0.125,0,12,39.78,39.78,39.78,0.125,39.78
13.0,3,3,セイウンパイオニア,57.0,永野猛蔵,1:52.7,大,10.3,4.0,[東] 清水英克,2021106996,202401010304,3歳未勝利｜2024年7月27日 | 競馬データベース - netkeiba,2026-05-20T11:44:47.529886,牡,3,490.0,-2.0,0,0,7.8,8.0,40.46,0.1136,0,9,40.46,40.46,40.46,0.1136,40.46
14.0,7,12,パサデナノアサ,55.0,亀田温心,1:52.9,1,456.4,14.0,[東] 天間昭一,2021101995,202401010304,3歳未勝利｜2024年7月27日 | 競馬データベース - netkeiba,2026-05-20T11:44:47.529886,牝,3,372.0,-2.0,0,0,5.4,5.33,40.3,0.1562,0,4,40.3,40.3,40.3,0.1562,40.3
1.0,7,12,アルテヴェローチェ,55.0,武豊,1:29.9,,3.2,1.0,[西] 須貝尚介,2022104751,202401010305,2歳新馬｜2024年7月27日 | 競馬データベース - netkeiba,2026-05-20T11:45:27.028963,牡,2,448.0,0.0,1,1,11.4,9.67,34.66,0.0806,0,10,34.66,34.66,34.66,0.0806,34.66
2.0,5,7,ヒシアマン,55.0,藤岡佑介,1:29.9,クビ,3.3,2.0,[東] 堀宣行,2022104594,202401010305,2歳新馬｜2024年7月27日 | 競馬データベース - netkeiba,2026-05-20T11:45:27.028963,牡,2,448.0,0.0,0,1,3.4,4.33,33.86,0.2273,0,6,33.86,33.86,33.86,0.2273,33.86
3.0,6,9,セラトーン,55.0,横山武史,1:30.8,5,6.1,4.0,[東] 尾関知人,2022106723,202401010305,2歳新馬｜2024年7月27日 | 競馬データベース - netkeiba,2026-05-20T11:45:27.028963,牡,2,486.0,0.0,0,1,9.6,10.33,41.08,0.0943,0,10,41.08,41.08,41.08,0.0943,41.08
4.0,7,11,レフィナード,55.0,横山和生,1:30.9,クビ,26.8,9.0,[西] 昆貢,2022102970,202401010305,2歳新馬｜2024年7月27日 | 競馬データベース - netkeiba,2026-05-20T11:45:27.028963,牝,2,466.0,0.0,0,0,7.4,7.67,37.5,0.119,0,8,37.5,37.5,37.5,0.119,37.5
5.0,6,10,フクシマコウヨウ,52.0,高杉吏麒,1:31.0,1/2,74.8,13.0,[東] 小島茂之,2022104870,202401010305,2歳新馬｜2024年7月27日 | 競馬データベース - netkeiba,2026-05-20T11:45:27.028963,牝,2,428.0,0.0,0,0,14.6,15.0,35.4,0.0641,0,17,35.4,35.4,35.4,0.0641,35.4
6.0,8,14,シュバルツマサムネ,55.0,浜中俊,1:31.0,ハナ,46.8,10.0,[西] 杉山佳明,2022104887,202401010305,2歳新馬｜2024年7月27日 | 競馬データベース - netkeiba,2026-05-20T11:45:27.028963,牡,2,460.0,0.0,0,0,4.0,5.67,34.06,0.2,0,8,34.06,34.06,34.06,0.2,34.06
7.0,4,5,アルハイルフォート,55.0,北村友一,1:31.0,ハナ,16.5,5.0,[西] 高野友和,2022110002,202401010305,2歳新馬｜2024年7月27日 | 競馬データベース - netkeiba,2026-05-20T11:45:27.028963,牡,2,478.0,0.0,0,0,5.8,6.0,40.98,0.1471,0,8,40.98,40.98,40.98,0.1471,40.98
8.0,3,4,ホウオウライダイ,55.0,古川吉洋,1:31.1,1/2,5.9,3.0,[西] 宮徹,2022103530,202401010305,2歳新馬｜2024年7月27日 | 競馬データベース - netkeiba,2026-05-20T11:45:27.028963,牡,2,478.0,0.0,0,0,3.2,1.67,40.72,0.2381,0,1,40.72,40.72,40.72,0.2381,40.72
9.0,3,3,レオンバルディア,55.0,佐々木大,1:31.1,ハナ,68.8,11.0,[東] 武井亮,2022101439,202401010305,2歳新馬｜2024年7月27日 | 競馬データベース - netkeiba,2026-05-20T11:45:27.028963,牝,2,402.0,0.0,0,0,9.75,9.5,35.5,0.093,0,8,35.5,35.5,35.5,0.093,35.5
10.0,5,8,ミヤマイルス,55.0,丹内祐次,1:31.6,3,17.5,6.0,[東] 伊藤圭三,2022103758,202401010305,2歳新馬｜2024年7月27日 | 競馬データベース - netkeiba,2026-05-20T11:45:27.028963,牝,2,480.0,0.0,0,0,11.0,10.67,39.02,0.0833,0,11,39.02,39.02,39.02,0.0833,39.02
11.0,1,1,ミシュリーヌ,55.0,小林凌大,1:31.7,1/2,153.4,14.0,[東] 小西一男,2022101345,202401010305,2歳新馬｜2024年7月27日 | 競馬データベース - netkeiba,2026-05-20T11:45:27.028963,牝,2,442.0,0.0,0,0,7.6,8.33,39.1,0.1163,0,8,39.1,39.1,39.1,0.1163,39.1
12.0,2,2,ラッキーカムカム,55.0,鮫島克駿,1:31.8,1,22.6,7.0,[西] 中村直也,2022100412,202401010305,2歳新馬｜2024年7月27日 | 競馬データベース - netkeiba,2026-05-20T11:45:27.028963,牝,2,460.0,0.0,0,0,11.2,11.33,40.14,0.082,0,14,40.14,40.14,40.14,0.082,40.14
13.0,8,13,カハンガハンガ,55.0,菱田裕二,1:32.3,2.1/2,22.9,8.0,[東] 久保田貴,2022110041,202401010305,2歳新馬｜2024年7月27日 | 競馬データベース - netkeiba,2026-05-20T11:45:27.028963,牡,2,464.0,0.0,0,0,13.0,13.0,36.95,0.0714,0,13,36.95,36.95,36.95,0.0714,36.95
14.0,4,6,アヴァンポップ,55.0,亀田温心,1:33.1,5,72.5,12.0,[西] 高柳大輔,2022105518,202401010305,2歳新馬｜2024年7月27日 | 競馬データベース - netkeiba,2026-05-20T11:45:27.028963,牝,2,404.0,0.0,0,0,14.0,14.0,36.1,0.0667,0,14,36.1,36.1,36.1,0.0667,36.1
1.0,7,10,ムーム,53.0,鮫島克駿,0:58.7,,4.7,3.0,[西] 杉山佳明,2021103061,202401010306,3歳以上1勝クラス｜2024年7月27日 | 競馬データベース - netkeiba,2026-05-20T11:46:08.097374,牝,3,454.0,0.0,1,1,7.6,6.67,37.6,0.1163,0,3,37.6,37.6,37.6,0.1163,37.6
2.0,7,9,セリエル,53.0,大野拓弥,0:59.4,4,2.9,1.0,[東] 杉浦宏昭,2021104547,202401010306,3歳以上1勝クラス｜2024年7月27日 | 競馬データベース - netkeiba,2026-05-20T11:46:08.097374,牝,3,464.0,12.0,0,1,11.0,8.33,38.32,0.0833,0,6,38.32,38.32,38.32,0.0833,38.32
3.0,5,6,サザンレイク,53.0,長浜鴻緒,0:59.4,アタマ,4.6,2.0,[東] 根本康広,2020101481,202401010306,3歳以上1勝クラス｜2024年7月27日 | 競馬データベース - netkeiba,2026-05-20T11:46:08.097374,牝,4,494.0,4.0,0,1,10.0,10.0,37.23,0.0909,0,11,37.23,37.23,37.23,0.0909,37.23
4.0,5,5,ニホンピロトッティ,53.0,横山和生,0:59.6,1.1/4,7.0,5.0,[西] 緒方努,2021104210,202401010306,3歳以上1勝クラス｜2024年7月27日 | 競馬データベース - netkeiba,2026-05-20T11:46:08.097374,牝,3,400.0,0.0,0,0,6.8,8.33,36.92,0.1282,0,14,36.92,36.92,36.92,0.1282,36.92
5.0,8,11,シュヴァルツリーベ,56.0,伊藤工真,0:59.7,クビ,16.7,7.0,[東] 林徹,2020106101,202401010306,3歳以上1勝クラス｜2024年7月27日 | 競馬データベース - netkeiba,2026-05-20T11:46:08.097374,牝,4,444.0,2.0,0,0,9.4,8.33,36.26,0.0962,0,7,36.26,36.26,36.26,0.0962,36.26
6.0,2,2,メイプルリーフラグ,52.0,古川奈穂,0:59.9,1.1/4,93.6,9.0,[東] 的場均,2020103527,202401010306,3歳以上1勝クラス｜2024年7月27日 | 競馬データベース - netkeiba,2026-05-20T11:46:08.097374,牝,4,436.0,-10.0,0,0,6.0,1.67,38.18,0.1429,0,1,38.18,38.18,38.18,0.1429,38.18
7.0,1,1,シルバーダイヤ,55.0,角田大河,1:00.2,2,27.8,8.0,[東] 小野次郎,2020100289,202401010306,3歳以上1勝クラス｜2024年7月27日 | 競馬データベース - netkeiba,2026-05-20T11:46:08.097374,牝,4,458.0,4.0,0,0,10.0,10.33,41.14,0.0909,0,12,41.14,41.14,41.14,0.0909,41.14
8.0,6,7,アカザ,56.0,丹内祐次,1:00.4,1.1/4,14.8,6.0,[東] 伊坂重信,2019104374,202401010306,3歳以上1勝クラス｜2024年7月27日 | 競馬データベース - netkeiba,2026-05-20T11:46:08.097374,牝,5,426.0,-4.0,0,0,0.0,0.0,0.0,0.0,0,0,0.0,0.0,0.0,0.0,0.0
9.0,8,12,サンマルリアン,54.0,小林勝太,1:00.5,クビ,160.7,10.0,[東] 土田稔,2020101086,202401010306,3歳以上1勝クラス｜2024年7月27日 | 競馬データベース - netkeiba,2026-05-20T11:46:08.097374,牝,4,434.0,-6.0,0,0,11.4,10.67,38.6,0.0806,0,9,38.6,38.6,38.6,0.0806,38.6
10.0,6,8,ミッシーフォール,53.0,小林凌大,1:01.0,3,169.6,12.0,[東] 矢野英一,2021103271,202401010306,3歳以上1勝クラス｜2024年7月27日 | 競馬データベース - netkeiba,2026-05-20T11:46:08.097374,牝,3,410.0,-4.0,0,0,11.8,11.0,36.82,0.0781,0,10,36.82,36.82,36.82,0.0781,36.82
11.0,4,4,プラティクレール,53.0,高杉吏麒,1:01.3,1.3/4,6.8,4.0,[東] 田島俊明,2020103900,202401010306,3歳以上1勝クラス｜2024年7月27日 | 競馬データベース - netkeiba,2026-05-20T11:46:08.097374,牝,4,482.0,18.0,0,0,10.8,12.0,41.58,0.0847,0,12,41.58,41.58,41.58,0.0847,41.58
12.0,3,3,タイコネン,53.0,川端海翼,1:02.1,5,162.5,11.0,[東] 松永康利,2019101484,202401010306,3歳以上1勝クラス｜2024年7月27日 | 競馬データベース - netkeiba,2026-05-20T11:46:08.097374,牝,5,478.0,0.0,0,0,7.0,7.67,37.3,0.125,0,8,37.3,37.3,37.3,0.125,37.3
1.0,1,1,タンゴバイラリン,55.0,横山和生,2:00.1,,2.8,1.0,[東] 栗田徹,2021105272,202401010307,3歳以上1勝クラス｜2024年7月27日 | 競馬データベース - netkeiba,2026-05-20T11:46:24.468623,牡,3,506.0,-8.0,1,1,8.4,8.67,37.6,0.1064,0,4,37.6,37.6,37.6,0.1064,37.6
2.0,6,6,レイククレセント,53.0,横山武史,2:00.2,1/2,3.3,2.0,[東] 大竹正博,2021105077,202401010307,3歳以上1勝クラス｜2024年7月27日 | 競馬データベース - netkeiba,2026-05-20T11:46:24.468623,牝,3,420.0,-2.0,0,1,6.2,8.0,34.06,0.1389,0,6,34.06,34.06,34.06,0.1389,34.06
3.0,7,7,コスモエクスプレス,58.0,丹内祐次,2:00.3,1/2,18.3,7.0,[東] 松永康利,2019100702,202401010307,3歳以上1勝クラス｜2024年7月27日 | 競馬データベース - netkeiba,2026-05-20T11:46:24.468623,牡,5,496.0,6.0,0,1,7.8,7.0,35.46,0.1136,0,9,35.46,35.46,35.46,0.1136,35.46
4.0,8,8,カエルム,55.0,藤岡佑介,2:00.3,アタマ,4.2,3.0,[西] 安田翔伍,2021105160,202401010307,3歳以上1勝クラス｜2024年7月27日 | 競馬データベース - netkeiba,2026-05-20T11:46:24.468623,牡,3,458.0,-4.0,0,0,3.6,2.33,35.3,0.2174,0,1,35.3,35.3,35.3,0.2174,35.3
5.0,3,3,キヨラ,56.0,永野猛蔵,2:00.8,3,10.5,5.0,[東] 堀内岳志,2018106352,202401010307,3歳以上1勝クラス｜2024年7月27日 | 競馬データベース - netkeiba,2026-05-20T11:46:24.468623,牝,6,488.0,4.0,0,0,9.8,9.33,36.2,0.0926,0,8,36.2,36.2,36.2,0.0926,36.2
6.0,8,9,ダノンペドロ,55.0,高杉吏麒,2:02.0,7,15.0,6.0,[西] 寺島良,2020103453,202401010307,3歳以上1勝クラス｜2024年7月27日 | 競馬データベース - netkeiba,2026-05-20T11:46:24.468623,セ,4,482.0,-2.0,0,0,8.4,10.0,39.96,0.1064,0,12,39.96,39.96,39.96,0.1064,39.96
7.0,5,5,ミッキースターダム,55.0,浜中俊,2:02.1,クビ,9.0,4.0,[西] 音無秀孝,2021105765,202401010307,3歳以上1勝クラス｜2024年7月27日 | 競馬データベース - netkeiba,2026-05-20T11:46:24.468623,牡,3,450.0,0.0,0,0,9.0,5.67,34.82,0.1,0,3,34.82,34.82,34.82,0.1,34.82
8.0,2,2,ブライトサイン,56.0,北村友一,2:03.7,10,33.0,8.0,[西] 茶木太樹,2020103191,202401010307,3歳以上1勝クラス｜2024年7月27日 | 競馬データベース - netkeiba,2026-05-20T11:46:24.468623,牝,4,470.0,4.0,0,0,9.8,11.0,37.7,0.0926,0,13,37.7,37.7,37.7,0.0926,37.7
9.0,4,4,ライムストリート,52.0,長浜鴻緒,2:03.8,クビ,192.0,9.0,[東] 的場均,2021100931,202401010307,3歳以上1勝クラス｜2024年7月27日 | 競馬データベース - netkeiba,2026-05-20T11:46:24.468623,牡,3,480.0,6.0,0,0,12.8,12.0,37.6,0.0725,0,9,37.6,37.6,37.6,0.0725,37.6
1.0,7,12,オルゴーリオ,55.0,武豊,1:46.1,,2.0,1.0,[東] 菊沢隆徳,2021110147,202401010308,3歳以上1勝クラス｜2024年7月27日 | 競馬データベース - netkeiba,2026-05-20T11:46:36.608630,牡,3,512.0,8.0,1,1,7.8,6.0,37.3,0.1136,0,7,37.3,37.3,37.3,0.1136,37.3
2.0,6,9,ドッビアーコ,55.0,鮫島克駿,1:46.2,3/4,10.4,5.0,[西] 奥村豊,2021110130,202401010308,3歳以上1勝クラス｜2024年7月27日 | 競馬データベース - netkeiba,2026-05-20T11:46:36.608630,牡,3,546.0,12.0,0,1,9.6,11.0,39.38,0.0943,0,11,39.38,39.38,39.38,0.0943,39.38
3.0,8,14,リュクスドレフォン,58.0,藤懸貴志,1:46.3,1/2,8.4,3.0,[西] 平田修,2020106927,202401010308,3歳以上1勝クラス｜2024年7月27日 | 競馬データベース - netkeiba,2026-05-20T11:46:36.608630,牡,4,522.0,16.0,0,1,7.8,6.0,38.0,0.1136,0,4,38.0,38.0,38.0,0.1136,38.0
4.0,2,2,ヘヴンズタイム,56.0,小林勝太,1:46.6,1.1/2,22.3,6.0,[西] 北出成人,2020105624,202401010308,3歳以上1勝クラス｜2024年7月27日 | 競馬データベース - netkeiba,2026-05-20T11:46:36.608630,セ,4,466.0,-2.0,0,0,8.0,7.67,38.78,0.1111,0,9,38.78,38.78,38.78,0.1111,38.78
5.0,5,7,ゼンダンスカイ,54.0,角田大河,1:46.6,アタマ,4.6,2.0,[西] 角田晃一,2021106294,202401010308,3歳以上1勝クラス｜2024年7月27日 | 競馬データベース - netkeiba,2026-05-20T11:46:36.608630,牡,3,464.0,8.0,0,0,2.6,2.0,39.88,0.2778,0,3,39.88,39.88,39.88,0.2778,39.88
6.0,5,8,フリッパー,58.0,黛弘人,1:46.9,2,48.4,10.0,[東] 戸田博文,2020100078,202401010308,3歳以上1勝クラス｜2024年7月27日 | 競馬データベース - netkeiba,2026-05-20T11:46:36.608630,牡,4,504.0,4.0,0,0,4.0,5.0,38.86,0.2,0,9,38.86,38.86,38.86,0.2,38.86
7.0,6,10,ケイエイト,55.0,高杉吏麒,1:47.0,3/4,28.3,9.0,[西] 羽月友彦,2020103673,202401010308,3歳以上1勝クラス｜2024年7月27日 | 競馬データベース - netkeiba,2026-05-20T11:46:36.608630,牡,4,456.0,-8.0,0,0,12.0,10.0,37.7,0.0769,0,11,37.7,37.7,37.7,0.0769,37.7
8.0,3,4,マーベリックシチー,55.0,池添謙一,1:47.5,2.1/2,125.1,12.0,[西] 岡田稲男,2021100387,202401010308,3歳以上1勝クラス｜2024年7月27日 | 競馬データベース - netkeiba,2026-05-20T11:46:36.608630,牡,3,452.0,-6.0,0,0,6.0,3.67,39.16,0.1429,0,5,39.16,39.16,39.16,0.1429,39.16
9.0,1,1,フロスティクォーツ,58.0,岩田康誠,1:47.8,2,24.9,8.0,[東] 加藤和宏,2018103120,202401010308,3歳以上1勝クラス｜2024年7月27日 | 競馬データベース - netkeiba,2026-05-20T11:46:36.608630,牡,6,474.0,-4.0,0,0,5.0,4.33,40.27,0.1667,0,5,40.27,40.27,40.27,0.1667,40.27
10.0,7,11,エコロエイト,55.0,佐々木大,1:47.8,クビ,22.7,7.0,[東] 田村康仁,2021110104,202401010308,3歳以上1勝クラス｜2024年7月27日 | 競馬データベース - netkeiba,2026-05-20T11:46:36.608630,牡,3,496.0,-6.0,0,0,5.6,4.0,37.12,0.1515,0,9,37.12,37.12,37.12,0.1515,37.12
11.0,4,5,マイフォーエバー,55.0,北村友一,1:48.5,4,69.0,11.0,[東] 矢野英一,2021105193,202401010308,3歳以上1勝クラス｜2024年7月27日 | 競馬データベース - netkeiba,2026-05-20T11:46:36.608630,牡,3,486.0,-2.0,0,0,4.6,4.33,40.34,0.1786,0,6,40.34,40.34,40.34,0.1786,40.34
12.0,3,3,オメガインペリアル,55.0,藤岡佑介,1:48.6,1/2,9.1,4.0,[西] 安田翔伍,2021110078,202401010308,3歳以上1勝クラス｜2024年7月27日 | 競馬データベース - netkeiba,2026-05-20T11:46:36.608630,牡,3,454.0,-6.0,0,0,6.0,4.33,35.07,0.1429,0,4,35.07,35.07,35.07,0.1429,35.07
13.0,8,13,ジャーニーメモリー,58.0,小林凌大,1:48.7,1/2,383.0,14.0,[東] 粕谷昌央,2020104437,202401010308,3歳以上1勝クラス｜2024年7月27日 | 競馬データベース - netkeiba,2026-05-20T11:46:36.608630,牡,4,458.0,-10.0,0,0,13.2,13.0,39.24,0.0704,0,15,39.24,39.24,39.24,0.0704,39.24
14.0,4,6,リードアクトレス,53.0,古川吉洋,1:49.5,5,209.4,13.0,[西] 安達昭夫,2021102654,202401010308,3歳以上1勝クラス｜2024年7月27日 | 競馬データベース - netkeiba,2026-05-20T11:46:36.608630,牝,3,484.0,14.0,0,0,7.6,7.0,0.0,0.1163,0,9,0.0,0.0,0.0,0.1163,0.0
1.0,8,9,ライフセービング,55.0,鮫島克駿,2:42.3,,4.3,2.0,[西] 宮徹,2021105285,202401010309,積丹特別｜2024年7月27日 | 競馬データベース - netkeiba,2026-05-20T11:47:07.130895,牡,3,452.0,-2.0,1,1,6.4,7.0,34.3,0.1351,0,5,34.3,34.3,34.3,0.1351,34.3
2.0,1,1,ミスガリレオアスク,53.0,北村友一,2:42.4,クビ,2.0,1.0,[西] 矢作芳人,2021110016,202401010309,積丹特別｜2024年7月27日 | 競馬データベース - netkeiba,2026-05-20T11:47:07.130895,牝,3,430.0,-2.0,0,1,3.6,5.0,35.9,0.2174,0,4,35.9,35.9,35.9,0.2174,35.9
3.0,8,8,ドゥレイクパセージ,55.0,佐々木大,2:42.7,2,5.0,3.0,[東] 堀宣行,2021105626,202401010309,積丹特別｜2024年7月27日 | 競馬データベース - netkeiba,2026-05-20T11:47:07.130895,牡,3,472.0,8.0,0,1,8.8,9.0,35.5,0.102,0,5,35.5,35.5,35.5,0.102,35.5
4.0,7,7,ペリプルス,58.0,永野猛蔵,2:42.8,3/4,10.7,5.0,[東] 佐藤吉勝,2020105796,202401010309,積丹特別｜2024年7月27日 | 競馬データベース - netkeiba,2026-05-20T11:47:07.130895,牡,4,434.0,-4.0,0,0,10.2,8.33,36.34,0.0893,0,6,36.34,36.34,36.34,0.0893,36.34
5.0,4,4,ナムラブーニン,55.0,武豊,2:42.8,アタマ,5.2,4.0,[西] 高橋一哉,2021102420,202401010309,積丹特別｜2024年7月27日 | 競馬データベース - netkeiba,2026-05-20T11:47:07.130895,牡,3,458.0,6.0,0,0,5.6,5.0,34.75,0.1515,0,3,34.75,34.75,34.75,0.1515,34.75
6.0,5,5,ミラキュラスドラマ,55.0,菱田裕二,2:42.9,クビ,63.1,8.0,[西] 杉山晴紀,2021104923,202401010309,積丹特別｜2024年7月27日 | 競馬データベース - netkeiba,2026-05-20T11:47:07.130895,牡,3,460.0,2.0,0,0,5.4,3.67,35.4,0.1562,0,4,35.4,35.4,35.4,0.1562,35.4
7.0,6,6,ノートルプロメス,58.0,富田暁,2:43.0,1/2,46.3,7.0,[西] 四位洋文,2019106866,202401010309,積丹特別｜2024年7月27日 | 競馬データベース - netkeiba,2026-05-20T11:47:07.130895,牡,5,498.0,2.0,0,0,9.4,9.33,36.7,0.0962,0,12,36.7,36.7,36.7,0.0962,36.7
8.0,3,3,アスクナサニエル,55.0,荻野琢真,2:43.5,3,44.9,6.0,[西] 藤原英昭,2021110006,202401010309,積丹特別｜2024年7月27日 | 競馬データベース - netkeiba,2026-05-20T11:47:07.130895,牡,3,508.0,8.0,0,0,9.8,9.0,38.36,0.0926,0,11,38.36,38.36,38.36,0.0926,38.36
9.0,2,2,アットアブラスト,58.0,丹内祐次,2:43.6,クビ,140.1,9.0,[西] 小椋研介,2020101323,202401010309,積丹特別｜2024年7月27日 | 競馬データベース - netkeiba,2026-05-20T11:47:07.130895,牡,4,470.0,8.0,0,0,5.8,4.67,34.74,0.1471,0,1,34.74,34.74,34.74,0.1471,34.74
1.0,5,7,エマヌエーレ,55.0,池添謙一,1:27.7,,13.9,8.0,[西] 平田修,2020103280,202401010310,摩周湖特別｜2024年7月27日 | 競馬データベース - netkeiba,2026-05-20T11:47:23.768037,牡,4,500.0,0.0,1,1,5.2,4.67,33.92,0.1613,0,4,33.92,33.92,33.92,0.1613,33.92
2.0,6,10,メタルスピード,56.0,横山武史,1:28.0,1.3/4,7.7,3.0,[東] 斎藤誠,2020101772,202401010310,摩周湖特別｜2024年7月27日 | 競馬データベース - netkeiba,2026-05-20T11:47:23.768037,牡,4,504.0,-16.0,0,1,7.4,7.0,35.72,0.119,0,9,35.72,35.72,35.72,0.119,35.72
3.0,4,5,レッドバレンティア,55.0,岩田康誠,1:28.0,クビ,13.8,7.0,[東] 矢嶋大樹,2020106413,202401010310,摩周湖特別｜2024年7月27日 | 競馬データベース - netkeiba,2026-05-20T11:47:23.768037,牡,4,462.0,2.0,0,1,10.4,9.0,35.06,0.0877,0,7,35.06,35.06,35.06,0.0877,35.06
4.0,5,8,ステラバルセロナ,53.0,佐々木大,1:28.1,クビ,9.8,4.0,[東] 菊川正達,2020102907,202401010310,摩周湖特別｜2024年7月27日 | 競馬データベース - netkeiba,2026-05-20T11:47:23.768037,牝,4,424.0,4.0,0,0,7.6,10.67,34.54,0.1163,0,8,34.54,34.54,34.54,0.1163,34.54
5.0,7,12,ジャスティンアース,55.0,鮫島克駿,1:28.3,1.1/4,2.6,1.0,[西] 杉山晴紀,2021103282,202401010310,摩周湖特別｜2024年7月27日 | 競馬データベース - netkeiba,2026-05-20T11:47:23.768037,牡,3,474.0,2.0,0,0,5.4,4.0,35.34,0.1562,0,6,35.34,35.34,35.34,0.1562,35.34
6.0,7,11,ヴァンルーラー,51.0,小林勝太,1:28.4,1/2,181.0,14.0,[西] 河嶋宏樹,2019105141,202401010310,摩周湖特別｜2024年7月27日 | 競馬データベース - netkeiba,2026-05-20T11:47:23.768037,牝,5,454.0,-10.0,0,0,8.6,10.0,36.64,0.1042,0,11,36.64,36.64,36.64,0.1042,36.64
7.0,8,13,ナバロン,55.0,秋山稔樹,1:28.4,アタマ,26.8,9.0,[西] 杉山佳明,2019102456,202401010310,摩周湖特別｜2024年7月27日 | 競馬データベース - netkeiba,2026-05-20T11:47:23.768037,牡,5,502.0,2.0,0,0,4.0,4.33,41.1,0.2,0,4,41.1,41.1,41.1,0.2,41.1
8.0,3,4,バニシングポイント,57.0,浜中俊,1:28.4,ハナ,4.3,2.0,[東] 古賀慎明,2018110086,202401010310,摩周湖特別｜2024年7月27日 | 競馬データベース - netkeiba,2026-05-20T11:47:23.768037,セ,6,488.0,-2.0,0,0,8.0,7.33,36.86,0.1111,0,8,36.86,36.86,36.86,0.1111,36.86
9.0,2,2,マイネルダグラス,55.0,丹内祐次,1:28.4,アタマ,12.1,5.0,[東] 相沢郁,2018102148,202401010310,摩周湖特別｜2024年7月27日 | 競馬データベース - netkeiba,2026-05-20T11:47:23.768037,牡,6,510.0,6.0,0,0,10.2,10.0,41.36,0.0893,0,10,41.36,41.36,41.36,0.0893,41.36
10.0,4,6,アスクエピソード,56.0,北村友一,1:28.5,3/4,12.3,6.0,[西] 藤原英昭,2020101031,202401010310,摩周湖特別｜2024年7月27日 | 競馬データベース - netkeiba,2026-05-20T11:47:23.768037,牡,4,462.0,4.0,0,0,8.2,7.33,34.2,0.1087,0,7,34.2,34.2,34.2,0.1087,34.2
11.0,1,1,デビッドテソーロ,54.0,高杉吏麒,1:28.6,3/4,37.0,11.0,[東] 小手川準,2021102280,202401010310,摩周湖特別｜2024年7月27日 | 競馬データベース - netkeiba,2026-05-20T11:47:23.768037,牡,3,464.0,0.0,0,0,9.6,9.33,37.02,0.0943,0,9,37.02,37.02,37.02,0.0943,37.02
12.0,8,14,ニシノレバンテ,55.0,永野猛蔵,1:28.8,1,33.0,10.0,[東] 栗田徹,2019102938,202401010310,摩周湖特別｜2024年7月27日 | 競馬データベース - netkeiba,2026-05-20T11:47:23.768037,牡,5,486.0,-4.0,0,0,5.0,3.67,39.68,0.1667,0,3,39.68,39.68,39.68,0.1667,39.68
13.0,3,3,プルスウルトラ,54.0,黛弘人,1:29.0,1.1/4,178.3,13.0,[東] 高橋文雅,2018106613,202401010310,摩周湖特別｜2024年7月27日 | 競馬データベース - netkeiba,2026-05-20T11:47:23.768037,牡,6,532.0,6.0,0,0,1.4,1.0,38.96,0.4167,0,1,38.96,38.96,38.96,0.4167,38.96
14.0,6,9,タロントゥーズ,55.0,亀田温心,1:29.1,1/2,162.3,12.0,[西] 大久保龍,2020102932,202401010310,摩周湖特別｜2024年7月27日 | 競馬データベース - netkeiba,2026-05-20T11:47:23.768037,牡,4,474.0,0.0,0,0,4.6,6.0,0.0,0.1786,0,11,0.0,0.0,0.0,0.1786,0.0
1.0,4,5,フェアエールング,53.0,丹内祐次,2:00.6,,16.7,7.0,[東] 和田正一,2020105795,202401010311,STV賞｜2024年7月27日 | 競馬データベース - netkeiba,2026-05-20T11:47:58.627879,牝,4,454.0,-4.0,1,1,3.8,5.33,35.18,0.2083,0,9,35.18,35.18,35.18,0.2083,35.18
2.0,8,14,スミ,54.0,角田大河,2:00.6,クビ,8.2,5.0,[西] 高橋亮,2019106604,202401010311,STV賞｜2024年7月27日 | 競馬データベース - netkeiba,2026-05-20T11:47:58.627879,牝,5,482.0,-2.0,0,1,9.0,10.0,36.9,0.1,0,15,36.9,36.9,36.9,0.1,36.9
3.0,5,8,シュバルツクーゲル,54.0,武豊,2:00.9,2,3.8,1.0,[東] 鹿戸雄一,2021104882,202401010311,STV賞｜2024年7月27日 | 競馬データベース - netkeiba,2026-05-20T11:47:58.627879,牡,3,484.0,10.0,0,1,9.6,11.33,36.74,0.0943,0,13,36.74,36.74,36.74,0.0943,36.74
4.0,7,12,ニューノーマル,54.0,浜中俊,2:01.0,クビ,27.5,10.0,[東] 上原佑紀,2019105297,202401010311,STV賞｜2024年7月27日 | 競馬データベース - netkeiba,2026-05-20T11:47:58.627879,牝,5,468.0,2.0,0,0,9.6,8.67,35.8,0.0943,0,9,35.8,35.8,35.8,0.0943,35.8
5.0,8,13,コスモフロイデ,56.0,鮫島克駿,2:01.0,ハナ,45.1,12.0,[東] 天間昭一,2019102937,202401010311,STV賞｜2024年7月27日 | 競馬データベース - netkeiba,2026-05-20T11:47:58.627879,牡,5,474.0,-2.0,0,0,9.8,6.67,37.56,0.0926,0,3,37.56,37.56,37.56,0.0926,37.56
6.0,1,1,マイネルエンペラー,57.0,横山武史,2:01.1,1/2,4.6,2.0,[西] 清水久詞,2020105786,202401010311,STV賞｜2024年7月27日 | 競馬データベース - netkeiba,2026-05-20T11:47:58.627879,牡,4,482.0,2.0,0,0,6.2,8.33,36.0,0.1389,0,5,36.0,36.0,36.0,0.1389,36.0
6.0,3,4,カネフラ,55.0,藤岡佑介,2:01.1,同着,16.9,8.0,[西] 高橋康之,2020103082,202401010311,STV賞｜2024年7月27日 | 競馬データベース - netkeiba,2026-05-20T11:47:58.627879,牡,4,436.0,-12.0,0,0,10.4,9.67,34.28,0.0877,0,7,34.28,34.28,34.28,0.0877,34.28
8.0,6,10,バールデュヴァン,55.0,古川吉洋,2:01.1,アタマ,25.4,9.0,[西] 浜田多実,2020102888,202401010311,STV賞｜2024年7月27日 | 競馬データベース - netkeiba,2026-05-20T11:47:58.627879,牡,4,506.0,0.0,0,0,8.2,6.0,35.96,0.1087,0,1,35.96,35.96,35.96,0.1087,35.96
9.0,5,7,ショウナンアデイブ,57.0,池添謙一,2:01.3,1,6.3,3.0,[西] 高野友和,2019105239,202401010311,STV賞｜2024年7月27日 | 競馬データベース - netkeiba,2026-05-20T11:47:58.627879,牡,5,506.0,-10.0,0,0,8.0,3.33,34.52,0.1111,0,4,34.52,34.52,34.52,0.1111,34.52
10.0,3,3,シルキーヴォイス,52.0,水口優也,2:01.3,アタマ,124.7,14.0,[西] 池江泰寿,2018100537,202401010311,STV賞｜2024年7月27日 | 競馬データベース - netkeiba,2026-05-20T11:47:58.627879,牡,6,492.0,-2.0,0,0,11.8,12.67,37.28,0.0781,0,16,37.28,37.28,37.28,0.0781,37.28
11.0,2,2,ルージュアルル,53.0,横山和生,2:01.3,ハナ,46.8,13.0,[東] 国枝栄,2019105659,202401010311,STV賞｜2024年7月27日 | 競馬データベース - netkeiba,2026-05-20T11:47:58.627879,牝,5,484.0,-2.0,0,0,9.6,9.67,35.76,0.0943,0,14,35.76,35.76,35.76,0.0943,35.76
12.0,4,6,インスタキング,55.0,北村友一,2:01.3,クビ,12.0,6.0,[東] 蛯名正義,2020104843,202401010311,STV賞｜2024年7月27日 | 競馬データベース - netkeiba,2026-05-20T11:47:58.627879,牡,4,516.0,-6.0,0,0,9.0,9.0,34.72,0.1,0,9,34.72,34.72,34.72,0.1,34.72
13.0,7,11,アスクドゥポルテ,56.0,富田暁,2:01.3,アタマ,29.5,11.0,[西] 河内洋,2020101025,202401010311,STV賞｜2024年7月27日 | 競馬データベース - netkeiba,2026-05-20T11:47:58.627879,牡,4,478.0,-2.0,0,0,8.8,10.0,34.2,0.102,0,12,34.2,34.2,34.2,0.102,34.2
14.0,6,9,ホウオウスーペリア,56.0,佐々木大,2:01.4,1/2,7.5,4.0,[西] 吉岡辰弥,2020103928,202401010311,STV賞｜2024年7月27日 | 競馬データベース - netkeiba,2026-05-20T11:47:58.627879,牡,4,480.0,-2.0,0,0,7.4,7.0,37.4,0.119,0,6,37.4,37.4,37.4,0.119,37.4
1.0,2,2,ジョーローリット,52.0,角田大河,0:58.7,,3.2,1.0,[西] 中竹和也,2021100768,202401010312,3歳以上2勝クラス｜2024年7月27日 | 競馬データベース - netkeiba,2026-05-20T11:48:22.286967,牝,3,476.0,-2.0,1,1,5.2,6.33,36.76,0.1613,0,10,36.76,36.76,36.76,0.1613,36.76
2.0,6,8,カンザシ,53.0,高杉吏麒,0:58.9,1.1/2,4.1,3.0,[東] 蛯名正義,2019106704,202401010312,3歳以上2勝クラス｜2024年7月27日 | 競馬データベース - netkeiba,2026-05-20T11:48:22.286967,牝,5,512.0,0.0,0,1,10.6,12.0,36.3,0.0862,0,14,36.3,36.3,36.3,0.0862,36.3
3.0,6,7,スコーピオン,55.0,武藤雅,0:59.1,1,10.2,4.0,[東] 武藤善則,2021100792,202401010312,3歳以上2勝クラス｜2024年7月27日 | 競馬データベース - netkeiba,2026-05-20T11:48:22.286967,牡,3,474.0,6.0,0,1,12.6,14.33,35.12,0.0735,0,13,35.12,35.12,35.12,0.0735,35.12
4.0,1,1,ノボリショウリュウ,52.0,川端海翼,0:59.3,1.1/4,20.7,7.0,[西] 石橋守,2021102718,202401010312,3歳以上2勝クラス｜2024年7月27日 | 競馬データベース - netkeiba,2026-05-20T11:48:22.286967,牡,3,454.0,-2.0,0,0,5.2,3.33,35.48,0.1613,0,3,35.48,35.48,35.48,0.1613,35.48
5.0,4,4,プリティインピンク,56.0,大野拓弥,0:59.3,クビ,46.6,11.0,[東] 小手川準,2018104208,202401010312,3歳以上2勝クラス｜2024年7月27日 | 競馬データベース - netkeiba,2026-05-20T11:48:22.286967,牝,6,444.0,-2.0,0,0,7.0,5.67,36.14,0.125,0,7,36.14,36.14,36.14,0.125,36.14
6.0,5,6,サイレンスゴールド,58.0,川又賢治,0:59.4,クビ,11.1,5.0,[西] 杉山佳明,2020105149,202401010312,3歳以上2勝クラス｜2024年7月27日 | 競馬データベース - netkeiba,2026-05-20T11:48:22.286967,牡,4,508.0,0.0,0,0,6.6,6.67,36.44,0.1316,0,6,36.44,36.44,36.44,0.1316,36.44
7.0,5,5,マキアージュ,54.0,小林勝太,0:59.9,3,13.8,6.0,[東] 菊川正達,2019102747,202401010312,3歳以上2勝クラス｜2024年7月27日 | 競馬データベース - netkeiba,2026-05-20T11:48:22.286967,牝,5,460.0,8.0,0,0,8.6,10.0,34.92,0.1042,0,11,34.92,34.92,34.92,0.1042,34.92
8.0,7,10,フーコサンライズ,53.0,佐々木大,1:00.0,1/2,3.6,2.0,[西] 新谷功一,2021102633,202401010312,3歳以上2勝クラス｜2024年7月27日 | 競馬データベース - netkeiba,2026-05-20T11:48:22.286967,牝,3,494.0,-2.0,0,0,12.2,15.67,36.88,0.0758,0,16,36.88,36.88,36.88,0.0758,36.88
9.0,8,12,シュガーフロート,56.0,古川吉洋,1:00.0,ハナ,93.0,12.0,[西] 藤野健太,2019110051,202401010312,3歳以上2勝クラス｜2024年7月27日 | 競馬データベース - netkeiba,2026-05-20T11:48:22.286967,牝,5,426.0,0.0,0,0,7.8,6.67,37.16,0.1136,0,5,37.16,37.16,37.16,0.1136,37.16
10.0,8,11,ポメラート,56.0,丹内祐次,1:00.5,3,34.9,9.0,[西] 茶木太樹,2019100425,202401010312,3歳以上2勝クラス｜2024年7月27日 | 競馬データベース - netkeiba,2026-05-20T11:48:22.286967,牝,5,496.0,0.0,0,0,6.75,10.0,36.13,0.129,0,10,36.13,36.13,36.13,0.129,36.13
11.0,3,3,マジックタッチ,58.0,鮫島克駿,1:00.7,1.1/4,45.5,10.0,[東] 加藤士津,2020106946,202401010312,3歳以上2勝クラス｜2024年7月27日 | 競馬データベース - netkeiba,2026-05-20T11:48:22.286967,牡,4,532.0,-10.0,0,0,3.0,2.33,40.17,0.25,0,3,40.17,40.17,40.17,0.25,40.17
12.0,7,9,ステルナティーア,56.0,横山武史,1:02.5,大,26.0,8.0,[東] 木村哲也,2019105508,202401010312,3歳以上2勝クラス｜2024年7月27日 | 競馬データベース - netkeiba,2026-05-20T11:48:22.286967,牝,5,454.0,6.0,0,0,10.6,11.67,36.18,0.0862,0,14,36.18,36.18,36.18,0.0862,36.18
1.0,3,3,エンブロイダリー,55.0,ルメール,1:45.5,,1.1,1.0,[東] 森一誠,2022105185,202404020101,2歳未勝利｜2024年7月27日 | 競馬データベース - netkeiba,2026-05-20T11:48:36.129003,牝,2,480.0,0.0,1,1,4.6,4.33,34.23,0.1786,0,1,34.23,34.23,34.23,0.1786,34.23
2.0,5,5,アグネスサンキ,55.0,西村淳也,1:46.7,7,47.7,4.0,[東] 和田勇介,2022100155,202404020101,2歳未勝利｜2024年7月27日 | 競馬データベース - netkeiba,2026-05-20T11:48:36.129003,牡,2,450.0,2.0,0,1,3.0,2.33,40.44,0.25,0,2,40.44,40.44,40.44,0.25,40.44
3.0,4,4,バッケンレコード,54.0,角田大和,1:47.0,1.3/4,51.3,5.0,[西] 河内洋,2022102516,202404020101,2歳未勝利｜2024年7月27日 | 競馬データベース - netkeiba,2026-05-20T11:48:36.129003,牡,2,458.0,4.0,0,1,4.0,5.0,36.4,0.2,0,9,36.4,36.4,36.4,0.2,36.4
4.0,2,2,レッドソニード,55.0,坂井瑠星,1:47.6,4,15.2,2.0,[東] 嘉藤貴行,2022105403,202404020101,2歳未勝利｜2024年7月27日 | 競馬データベース - netkeiba,2026-05-20T11:48:36.129003,牡,2,476.0,-12.0,0,0,6.0,6.5,38.12,0.1429,0,11,38.12,38.12,38.12,0.1429,38.12
5.0,6,6,メルキオル,55.0,川田将雅,1:47.8,1,16.7,3.0,[西] 松永幹夫,2022104796,202404020101,2歳未勝利｜2024年7月27日 | 競馬データベース - netkeiba,2026-05-20T11:48:36.129003,牡,2,468.0,-4.0,0,0,6.2,9.67,38.88,0.1389,0,16,38.88,38.88,38.88,0.1389,38.88
6.0,1,1,メリトーリアス,55.0,和田竜二,1:49.5,10,113.4,6.0,[西] 寺島良,2022105727,202404020101,2歳未勝利｜2024年7月27日 | 競馬データベース - netkeiba,2026-05-20T11:48:36.129003,牡,2,508.0,0.0,0,0,7.2,8.0,40.86,0.122,0,10,40.86,40.86,40.86,0.122,40.86
1.0,1,1,ジャスパーディビネ,55.0,松若風馬,1:21.9,,6.6,3.0,[西] 森秀行,2022110112,202404020102,2歳新馬｜2024年7月27日 | 競馬データベース - netkeiba,2026-05-20T11:48:42.765587,牡,2,510.0,0.0,1,1,2.2,2.67,34.68,0.3125,0,1,34.68,34.68,34.68,0.3125,34.68
2.0,4,6,カロローザ,55.0,戸崎圭太,1:22.0,1,2.5,1.0,[西] 松永幹夫,2022105772,202404020102,2歳新馬｜2024年7月27日 | 競馬データベース - netkeiba,2026-05-20T11:48:42.765587,牝,2,468.0,0.0,0,1,7.6,6.33,37.4,0.1163,0,4,37.4,37.4,37.4,0.1163,37.4
3.0,3,4,キョウエイボニータ,55.0,松岡正海,1:22.2,1.1/4,34.7,9.0,[東] 伊藤伸一,2022101906,202404020102,2歳新馬｜2024年7月27日 | 競馬データベース - netkeiba,2026-05-20T11:48:42.765587,牝,2,446.0,0.0,0,1,8.2,7.33,34.32,0.1087,0,7,34.32,34.32,34.32,0.1087,34.32
4.0,7,13,カルミアクラウン,55.0,川田将雅,1:23.0,5,4.4,2.0,[西] 吉岡辰弥,2022107317,202404020102,2歳新馬｜2024年7月27日 | 競馬データベース - netkeiba,2026-05-20T11:48:42.765587,牝,2,444.0,0.0,0,0,5.0,4.67,38.1,0.1667,0,4,38.1,38.1,38.1,0.1667,38.1
5.0,8,15,エニグマティーク,55.0,松山弘平,1:23.2,1.1/2,8.2,4.0,[西] 小崎憲,2022104676,202404020102,2歳新馬｜2024年7月27日 | 競馬データベース - netkeiba,2026-05-20T11:48:42.765587,牝,2,454.0,0.0,0,0,8.6,5.33,40.26,0.1042,0,4,40.26,40.26,40.26,0.1042,40.26
6.0,4,7,オオイリブクロ,52.0,吉村誠之,1:23.3,1/2,43.8,10.0,[西] 高橋一哉,2022101817,202404020102,2歳新馬｜2024年7月27日 | 競馬データベース - netkeiba,2026-05-20T11:48:42.765587,牡,2,406.0,0.0,0,0,5.6,6.33,43.1,0.1515,0,8,43.1,43.1,43.1,0.1515,43.1
7.0,2,2,デンリッレハウエル,53.0,永島まな,1:23.3,ハナ,79.8,11.0,[東] 林徹,2022102975,202404020102,2歳新馬｜2024年7月27日 | 競馬データベース - netkeiba,2026-05-20T11:48:42.765587,牝,2,400.0,0.0,0,0,6.6,6.67,40.36,0.1316,0,4,40.36,40.36,40.36,0.1316,40.36
8.0,3,5,テイエムバゴオウ,55.0,田中健,1:23.4,1/2,188.3,13.0,[西] 木原一良,2022103749,202404020102,2歳新馬｜2024年7月27日 | 競馬データベース - netkeiba,2026-05-20T11:48:42.765587,牡,2,454.0,0.0,0,0,11.4,10.33,40.74,0.0806,0,10,40.74,40.74,40.74,0.0806,40.74
9.0,6,10,ワンウェイトゥヘル,55.0,坂井瑠星,1:23.4,クビ,15.2,6.0,[西] 中村直也,2022102701,202404020102,2歳新馬｜2024年7月27日 | 競馬データベース - netkeiba,2026-05-20T11:48:42.765587,牡,2,464.0,0.0,0,0,5.6,4.67,36.64,0.1515,0,4,36.64,36.64,36.64,0.1515,36.64
10.0,8,14,エンペラーズソード,55.0,荻野極,1:23.5,1/2,20.1,8.0,[東] 高木登,2022106691,202404020102,2歳新馬｜2024年7月27日 | 競馬データベース - netkeiba,2026-05-20T11:48:42.765587,セ,2,470.0,0.0,0,0,5.6,8.67,34.64,0.1515,0,8,34.64,34.64,34.64,0.1515,34.64
11.0,5,9,ナムラクレープ,55.0,幸英明,1:24.0,2.1/2,110.5,12.0,[西] 大橋勇樹,2022100145,202404020102,2歳新馬｜2024年7月27日 | 競馬データベース - netkeiba,2026-05-20T11:48:42.765587,牝,2,458.0,0.0,0,0,1.8,1.33,39.32,0.3571,0,2,39.32,39.32,39.32,0.3571,39.32
12.0,7,12,イリフィ,55.0,西村淳也,1:24.0,ハナ,15.8,7.0,[西] 高野友和,2022110077,202404020102,2歳新馬｜2024年7月27日 | 競馬データベース - netkeiba,2026-05-20T11:48:42.765587,牝,2,414.0,0.0,0,0,3.8,4.33,36.04,0.2083,0,8,36.04,36.04,36.04,0.2083,36.04
13.0,2,3,ベストヒューマ,54.0,西塚洸二,1:24.6,4,217.0,14.0,[東] 佐藤吉勝,2022103870,202404020102,2歳新馬｜2024年7月27日 | 競馬データベース - netkeiba,2026-05-20T11:48:42.765587,牡,2,420.0,0.0,0,0,8.4,9.33,39.48,0.1064,0,12,39.48,39.48,39.48,0.1064,39.48
14.0,6,11,バレドラパン,55.0,ルメール,1:24.7,1,10.8,5.0,[東] 奥村武,2022105781,202404020102,2歳新馬｜2024年7月27日 | 競馬データベース - netkeiba,2026-05-20T11:48:42.765587,牝,2,440.0,0.0,0,0,8.2,7.67,41.8,0.1087,0,5,41.8,41.8,41.8,0.1087,41.8
15.0,5,8,サマーブライド,55.0,的場勇人,1:25.0,1.3/4,246.0,15.0,[東] 的場均,2022104090,202404020102,2歳新馬｜2024年7月27日 | 競馬データベース - netkeiba,2026-05-20T11:48:42.765587,牝,2,444.0,0.0,0,0,4.6,5.0,40.36,0.1786,0,2,40.36,40.36,40.36,0.1786,40.36
1.0,3,3,エコロアゼル,55.0,戸崎圭太,1:12.7,,3.5,2.0,[西] 森秀行,2022110107,202404020103,2歳新馬｜2024年7月27日 | 競馬データベース - netkeiba,2026-05-20T11:49:26.027282,牡,2,494.0,0.0,1,1,2.6,3.0,36.84,0.2778,0,4,36.84,36.84,36.84,0.2778,36.84
2.0,8,13,ブルドッグワイルド,55.0,石橋脩,1:13.1,2.1/2,12.1,6.0,[西] 西園正都,2022101232,202404020103,2歳新馬｜2024年7月27日 | 競馬データベース - netkeiba,2026-05-20T11:49:26.027282,牡,2,472.0,0.0,0,1,8.8,9.0,39.88,0.102,0,9,39.88,39.88,39.88,0.102,39.88
3.0,3,4,デーモンスレイヤー,55.0,西村淳也,1:13.2,3/4,4.6,3.0,[西] 庄野靖志,2022106856,202404020103,2歳新馬｜2024年7月27日 | 競馬データベース - netkeiba,2026-05-20T11:49:26.027282,牡,2,470.0,0.0,0,1,2.2,2.0,37.66,0.3125,0,2,37.66,37.66,37.66,0.3125,37.66
4.0,6,9,マローソ,55.0,幸英明,1:13.5,1.1/2,15.2,7.0,[西] 牧田和弥,2022103102,202404020103,2歳新馬｜2024年7月27日 | 競馬データベース - netkeiba,2026-05-20T11:49:26.027282,牝,2,500.0,0.0,0,0,5.4,5.67,36.78,0.1562,0,2,36.78,36.78,36.78,0.1562,36.78
5.0,8,14,オデット,52.0,吉村誠之,1:13.6,1,43.8,9.0,[西] 緒方努,2022101925,202404020103,2歳新馬｜2024年7月27日 | 競馬データベース - netkeiba,2026-05-20T11:49:26.027282,牝,2,452.0,0.0,0,0,8.8,9.67,35.88,0.102,0,10,35.88,35.88,35.88,0.102,35.88
6.0,7,12,カフェロワイヤル,55.0,坂井瑠星,1:13.8,1,12.1,5.0,[西] 小林真也,2022106717,202404020103,2歳新馬｜2024年7月27日 | 競馬データベース - netkeiba,2026-05-20T11:49:26.027282,牝,2,462.0,0.0,0,0,11.6,11.0,38.52,0.0794,0,14,38.52,38.52,38.52,0.0794,38.52
7.0,2,2,リッスンクロース,55.0,ルメール,1:13.9,3/4,3.4,1.0,[東] 林徹,2022105810,202404020103,2歳新馬｜2024年7月27日 | 競馬データベース - netkeiba,2026-05-20T11:49:26.027282,牝,2,436.0,0.0,0,0,10.8,11.33,37.54,0.0847,0,11,37.54,37.54,37.54,0.0847,37.54
8.0,4,5,アートレスマインド,55.0,松山弘平,1:13.9,アタマ,9.0,4.0,[西] 坂口智康,2022105987,202404020103,2歳新馬｜2024年7月27日 | 競馬データベース - netkeiba,2026-05-20T11:49:26.027282,牡,2,452.0,0.0,0,0,3.4,3.0,37.4,0.2273,0,5,37.4,37.4,37.4,0.2273,37.4
9.0,7,11,コットンフラワー,55.0,木幡育也,1:14.5,3.1/2,170.1,13.0,[東] 松永康利,2022101365,202404020103,2歳新馬｜2024年7月27日 | 競馬データベース - netkeiba,2026-05-20T11:49:26.027282,牝,2,418.0,0.0,0,0,2.8,4.0,39.72,0.2632,0,4,39.72,39.72,39.72,0.2632,39.72
10.0,6,10,タイガーグレート,55.0,和田竜二,1:15.8,8,29.0,8.0,[西] 大橋勇樹,2022102163,202404020103,2歳新馬｜2024年7月27日 | 競馬データベース - netkeiba,2026-05-20T11:49:26.027282,牡,2,494.0,0.0,0,0,7.2,8.33,39.6,0.122,0,11,39.6,39.6,39.6,0.122,39.6
11.0,1,1,エイトビートレター,55.0,嶋田純次,1:16.1,1.1/2,83.2,12.0,[東] 佐藤吉勝,2022107018,202404020103,2歳新馬｜2024年7月27日 | 競馬データベース - netkeiba,2026-05-20T11:49:26.027282,牝,2,418.0,0.0,0,0,2.0,2.67,40.4,0.3333,0,2,40.4,40.4,40.4,0.3333,40.4
12.0,5,8,カンタベリーノブシ,53.0,小林脩斗,1:16.4,1.3/4,171.2,14.0,[東] 石栗龍彦,2022105946,202404020103,2歳新馬｜2024年7月27日 | 競馬データベース - netkeiba,2026-05-20T11:49:26.027282,牡,2,464.0,0.0,0,0,9.0,9.0,41.64,0.1,0,10,41.64,41.64,41.64,0.1,41.64
13.0,4,6,リケアコンパンナ,55.0,菊沢一樹,1:16.6,1.1/4,64.1,11.0,[東] 小野次郎,2022102621,202404020103,2歳新馬｜2024年7月27日 | 競馬データベース - netkeiba,2026-05-20T11:49:26.027282,牡,2,460.0,0.0,0,0,6.8,9.33,36.88,0.1282,0,12,36.88,36.88,36.88,0.1282,36.88
14.0,5,7,リップブリス,53.0,永島まな,1:17.4,5,49.8,10.0,[西] 谷潔,2022102581,202404020103,2歳新馬｜2024年7月27日 | 競馬データベース - netkeiba,2026-05-20T11:49:26.027282,牝,2,422.0,0.0,0,0,10.8,9.33,39.84,0.0847,0,11,39.84,39.84,39.84,0.0847,39.84
1.0,5,9,ルージュカエラ,55.0,ルメール,1:45.4,,7.0,3.0,[東] 加藤征弘,2021104931,202404020104,3歳未勝利｜2024年7月27日 | 競馬データベース - netkeiba,2026-05-20T11:50:11.327151,牝,3,438.0,2.0,1,1,8.8,10.0,36.48,0.102,0,11,36.48,36.48,36.48,0.102,36.48
2.0,8,16,コキーヌ,55.0,松山弘平,1:45.8,2.1/2,11.1,4.0,[東] 堀宣行,2021105162,202404020104,3歳未勝利｜2024年7月27日 | 競馬データベース - netkeiba,2026-05-20T11:50:11.327151,牝,3,440.0,0.0,0,1,2.5,2.67,34.7,0.2857,0,4,34.7,34.7,34.7,0.2857,34.7
3.0,7,13,エイシンポリシー,55.0,石橋脩,1:46.0,1,30.4,8.0,[東] 勢司和浩,2021102841,202404020104,3歳未勝利｜2024年7月27日 | 競馬データベース - netkeiba,2026-05-20T11:50:11.327151,牝,3,472.0,4.0,0,1,10.6,10.0,41.08,0.0862,0,11,41.08,41.08,41.08,0.0862,41.08
4.0,7,14,ウエストチェリー,55.0,西村淳也,1:46.0,ハナ,15.6,5.0,[西] 小椋研介,2021103505,202404020104,3歳未勝利｜2024年7月27日 | 競馬データベース - netkeiba,2026-05-20T11:50:11.327151,牝,3,442.0,-4.0,0,0,9.0,10.67,40.38,0.1,0,12,40.38,40.38,40.38,0.1,40.38
5.0,3,6,サンセットビーチ,55.0,内田博幸,1:46.0,アタマ,200.1,13.0,[東] 稲垣幸雄,2021106331,202404020104,3歳未勝利｜2024年7月27日 | 競馬データベース - netkeiba,2026-05-20T11:50:11.327151,牝,3,430.0,2.0,0,0,5.0,4.33,39.82,0.1667,0,2,39.82,39.82,39.82,0.1667,39.82
6.0,7,15,ノーマジック,51.0,大江原比,1:46.2,1.1/4,306.8,16.0,[東] 戸田博文,2021101166,202404020104,3歳未勝利｜2024年7月27日 | 競馬データベース - netkeiba,2026-05-20T11:50:11.327151,牝,3,454.0,-4.0,0,0,11.0,10.0,37.58,0.0833,0,9,37.58,37.58,37.58,0.0833,37.58
7.0,5,10,エイユーキュート,55.0,団野大成,1:46.3,3/4,18.1,6.0,[西] 森田直行,2021105960,202404020104,3歳未勝利｜2024年7月27日 | 競馬データベース - netkeiba,2026-05-20T11:50:11.327151,牝,3,438.0,-8.0,0,0,6.4,6.67,41.12,0.1351,0,8,41.12,41.12,41.12,0.1351,41.12
8.0,1,1,ユッカラン,55.0,木幡巧也,1:46.5,1,192.1,12.0,[東] 松山将樹,2021102339,202404020104,3歳未勝利｜2024年7月27日 | 競馬データベース - netkeiba,2026-05-20T11:50:11.327151,牝,3,456.0,0.0,0,0,5.8,4.0,39.46,0.1471,0,8,39.46,39.46,39.46,0.1471,39.46
9.0,8,17,ウインカルディア,55.0,荻野極,1:46.6,1,232.8,14.0,[東] 鹿戸雄一,2021106197,202404020104,3歳未勝利｜2024年7月27日 | 競馬データベース - netkeiba,2026-05-20T11:50:11.327151,牝,3,408.0,8.0,0,0,5.2,6.33,41.02,0.1613,0,6,41.02,41.02,41.02,0.1613,41.02
10.0,4,8,ブギーナイツ,55.0,松若風馬,1:46.7,クビ,26.4,7.0,[西] 鮫島一歩,2021103240,202404020104,3歳未勝利｜2024年7月27日 | 競馬データベース - netkeiba,2026-05-20T11:50:11.327151,牝,3,448.0,-10.0,0,0,4.0,5.67,39.9,0.2,0,8,39.9,39.9,39.9,0.2,39.9
11.0,4,7,キョウエイスピール,54.0,原優介,1:46.7,クビ,49.0,9.0,[東] 伊藤伸一,2021104372,202404020104,3歳未勝利｜2024年7月27日 | 競馬データベース - netkeiba,2026-05-20T11:50:11.327151,牝,3,434.0,-2.0,0,0,6.4,6.67,37.02,0.1351,0,3,37.02,37.02,37.02,0.1351,37.02
12.0,1,2,クールクラバート,54.0,吉村誠之,1:46.8,1/2,272.6,15.0,[西] 清水久詞,2021105177,202404020104,3歳未勝利｜2024年7月27日 | 競馬データベース - netkeiba,2026-05-20T11:50:11.327151,牡,3,466.0,2.0,0,0,7.4,8.33,40.06,0.119,0,7,40.06,40.06,40.06,0.119,40.06
13.0,6,11,ヴィーナスウインズ,54.0,西塚洸二,1:46.9,3/4,448.3,18.0,[西] 鮫島一歩,2021102688,202404020104,3歳未勝利｜2024年7月27日 | 競馬データベース - netkeiba,2026-05-20T11:50:11.327151,牝,3,400.0,0.0,0,0,7.6,8.0,41.0,0.1163,0,9,41.0,41.0,41.0,0.1163,41.0
14.0,6,12,レトロタイプ,54.0,石田拓郎,1:47.2,2,58.4,10.0,[東] 加藤士津,2021104843,202404020104,3歳未勝利｜2024年7月27日 | 競馬データベース - netkeiba,2026-05-20T11:50:11.327151,牡,3,506.0,-6.0,0,0,9.25,10.0,38.85,0.0976,0,10,38.85,38.85,38.85,0.0976,38.85
15.0,8,18,ウインベルレーヌ,55.0,松岡正海,1:47.3,アタマ,138.8,11.0,[東] 宗像義忠,2021106198,202404020104,3歳未勝利｜2024年7月27日 | 競馬データベース - netkeiba,2026-05-20T11:50:11.327151,牝,3,454.0,14.0,0,0,7.2,3.67,38.28,0.122,0,3,38.28,38.28,38.28,0.122,38.28
16.0,2,3,ティファニーユー,52.0,石神深道,1:47.8,3,369.4,17.0,[東] 岩戸孝樹,2021100749,202404020104,3歳未勝利｜2024年7月27日 | 競馬データベース - netkeiba,2026-05-20T11:50:11.327151,牝,3,428.0,0.0,0,0,6.6,7.33,42.16,0.1316,0,9,42.16,42.16,42.16,0.1316,42.16
17.0,2,4,フォティーゾ,57.0,戸崎圭太,1:49.6,大,2.3,1.0,[東] 宮田敬介,2021105083,202404020104,3歳未勝利｜2024年7月27日 | 競馬データベース - netkeiba,2026-05-20T11:50:11.327151,牡,3,488.0,0.0,0,0,6.8,5.0,35.06,0.1282,0,5,35.06,35.06,35.06,0.1282,35.06
,3,5,シュヴェルトリリエ,57.0,坂井瑠星,,,3.0,2.0,[西] 矢作芳人,2021105855,202404020104,3歳未勝利｜2024年7月27日 | 競馬データベース - netkeiba,2026-05-20T11:50:11.327151,牡,3,446.0,0.0,0,0,4.75,3.5,35.58,0.1739,0,5,35.58,35.58,35.58,0.1739,35.58
1.0,1,1,アストラッド,55.0,石川裕紀,1:20.6,,63.9,10.0,[東] 和田正一,2021100454,202404020105,3歳未勝利｜2024年7月27日 | 競馬データベース - netkeiba,2026-05-20T11:51:00.489192,牝,3,414.0,8.0,1,1,13.2,13.33,35.62,0.0704,0,16,35.62,35.62,35.62,0.0704,35.62
2.0,4,7,ベランジェール,55.0,ルメール,1:20.6,アタマ,3.3,1.0,[東] 木村哲也,2021105484,202404020105,3歳未勝利｜2024年7月27日 | 競馬データベース - netkeiba,2026-05-20T11:51:00.489192,牝,3,460.0,10.0,0,1,11.6,11.67,37.26,0.0794,0,15,37.26,37.26,37.26,0.0794,37.26
3.0,2,4,ジョブックノワ,53.0,藤田菜七,1:20.9,1.3/4,118.4,12.0,[東] 根本康広,2021103422,202404020105,3歳未勝利｜2024年7月27日 | 競馬データベース - netkeiba,2026-05-20T11:51:00.489192,牝,3,416.0,2.0,0,1,4.6,3.33,39.76,0.1786,0,2,39.76,39.76,39.76,0.1786,39.76
4.0,3,5,グレートスピリット,57.0,菊沢一樹,1:21.0,1/2,13.9,6.0,[東] 菊沢隆徳,2021103981,202404020105,3歳未勝利｜2024年7月27日 | 競馬データベース - netkeiba,2026-05-20T11:51:00.489192,牡,3,508.0,4.0,0,0,5.6,6.33,41.0,0.1515,0,12,41.0,41.0,41.0,0.1515,41.0
5.0,2,3,デヴォート,54.0,西塚洸二,1:21.0,クビ,351.9,17.0,[西] 橋口慎介,2021106608,202404020105,3歳未勝利｜2024年7月27日 | 競馬データベース - netkeiba,2026-05-20T11:51:00.489192,牝,3,434.0,10.0,0,0,9.2,7.33,36.84,0.098,0,12,36.84,36.84,36.84,0.098,36.84
6.0,1,2,ジャンバラヤ,57.0,松山弘平,1:21.1,クビ,23.3,9.0,[東] 中舘英二,2021100559,202404020105,3歳未勝利｜2024年7月27日 | 競馬データベース - netkeiba,2026-05-20T11:51:00.489192,牡,3,426.0,2.0,0,0,5.33,4.5,39.93,0.158,0,5,39.93,39.93,39.93,0.158,39.93
7.0,5,10,ホットサマーナイト,55.0,川田将雅,1:21.1,クビ,6.1,4.0,[西] 藤原英昭,2021110036,202404020105,3歳未勝利｜2024年7月27日 | 競馬データベース - netkeiba,2026-05-20T11:51:00.489192,牝,3,434.0,4.0,0,0,6.4,5.67,37.86,0.1351,0,5,37.86,37.86,37.86,0.1351,37.86
8.0,7,14,フリーダムレイン,57.0,坂井瑠星,1:21.3,1.1/4,4.5,2.0,[西] 友道康夫,2021105792,202404020105,3歳未勝利｜2024年7月27日 | 競馬データベース - netkeiba,2026-05-20T11:51:00.489192,牡,3,472.0,-2.0,0,0,5.0,5.0,0.0,0.1667,0,12,0.0,0.0,0.0,0.1667,0.0
9.0,8,17,サウンドガネーシャ,57.0,松若風馬,1:21.4,1/2,21.4,8.0,[西] 安達昭夫,2021110145,202404020105,3歳未勝利｜2024年7月27日 | 競馬データベース - netkeiba,2026-05-20T11:51:00.489192,牡,3,490.0,-2.0,0,0,9.0,10.0,34.74,0.1,0,13,34.74,34.74,34.74,0.1,34.74
10.0,7,13,サクラサンティエ,54.0,原優介,1:21.6,1,180.5,13.0,[東] 高柳瑞樹,2021104066,202404020105,3歳未勝利｜2024年7月27日 | 競馬データベース - netkeiba,2026-05-20T11:51:00.489192,牝,3,406.0,0.0,0,0,8.0,8.67,38.68,0.1111,0,12,38.68,38.68,38.68,0.1111,38.68
11.0,7,15,アートワーク,57.0,団野大成,1:21.6,クビ,5.1,3.0,[西] 斉藤崇史,2021105804,202404020105,3歳未勝利｜2024年7月27日 | 競馬データベース - netkeiba,2026-05-20T11:51:00.489192,牡,3,498.0,0.0,0,0,11.0,11.0,35.1,0.0833,0,11,35.1,35.1,35.1,0.0833,35.1
12.0,3,6,ルージュリリカル,52.0,吉村誠之,1:21.7,クビ,20.9,7.0,[西] 杉山晴紀,2021101455,202404020105,3歳未勝利｜2024年7月27日 | 競馬データベース - netkeiba,2026-05-20T11:51:00.489192,牝,3,418.0,2.0,0,0,8.2,9.67,35.64,0.1087,0,12,35.64,35.64,35.64,0.1087,35.64
13.0,4,8,ペイシャキク,55.0,江田照男,1:21.9,1.1/4,307.7,15.0,[東] 蛯名利弘,2021102638,202404020105,3歳未勝利｜2024年7月27日 | 競馬データベース - netkeiba,2026-05-20T11:51:00.489192,牝,3,422.0,-10.0,0,0,6.0,5.33,41.08,0.1429,0,9,41.08,41.08,41.08,0.1429,41.08
14.0,6,12,メイザーキック,51.0,河原田菜,1:22.6,4,9.4,5.0,[東] 竹内正洋,2021105060,202404020105,3歳未勝利｜2024年7月27日 | 競馬データベース - netkeiba,2026-05-20T11:51:00.489192,牝,3,416.0,-2.0,0,0,6.6,7.33,40.66,0.1316,0,8,40.66,40.66,40.66,0.1316,40.66
15.0,8,16,ブルーアルドール,54.0,横山琉人,1:22.6,ハナ,313.1,16.0,[東] 相沢郁,2021102104,202404020105,3歳未勝利｜2024年7月27日 | 競馬データベース - netkeiba,2026-05-20T11:51:00.489192,牝,3,402.0,18.0,0,0,14.67,14.67,37.2,0.0638,0,15,37.2,37.2,37.2,0.0638,37.2
16.0,5,9,コイララ,57.0,加藤祥太,1:22.9,1.1/2,535.7,18.0,[西] 庄野靖志,2021102537,202404020105,3歳未勝利｜2024年7月27日 | 競馬データベース - netkeiba,2026-05-20T11:51:00.489192,牡,3,412.0,4.0,0,0,5.2,4.67,42.56,0.1613,0,4,42.56,42.56,42.56,0.1613,42.56
17.0,8,18,パープルシャイン,53.0,永島まな,1:23.6,4,78.2,11.0,[東] 加藤士津,2021102381,202404020105,3歳未勝利｜2024年7月27日 | 競馬データベース - netkeiba,2026-05-20T11:51:00.489192,牝,3,454.0,-4.0,0,0,10.33,10.33,37.53,0.0883,0,17,37.53,37.53,37.53,0.0883,37.53
18.0,6,11,ジェームズテソーロ,55.0,木幡巧也,1:24.0,2.1/2,235.3,14.0,[東] 畠山吉宏,2021102287,202404020105,3歳未勝利｜2024年7月27日 | 競馬データベース - netkeiba,2026-05-20T11:51:00.489192,牝,3,392.0,4.0,0,0,7.4,5.33,41.38,0.119,0,8,41.38,41.38,41.38,0.119,41.38
1.0,5,10,トラマンダーレ,58.0,ルメール,1:32.1,,4.4,2.0,[東] 鹿戸雄一,2020103486,202404020106,豊栄特別｜2024年7月27日 | 競馬データベース - netkeiba,2026-05-20T11:51:35.611834,牡,4,512.0,2.0,1,1,10.4,11.0,34.22,0.0877,0,12,34.22,34.22,34.22,0.0877,34.22
2.0,3,6,エポックヴィーナス,53.0,和田竜二,1:32.2,3/4,7.8,3.0,[西] 新谷功一,2021104153,202404020106,豊栄特別｜2024年7月27日 | 競馬データベース - netkeiba,2026-05-20T11:51:35.611834,牝,3,434.0,-2.0,0,1,6.4,6.67,33.38,0.1351,0,6,33.38,33.38,33.38,0.1351,33.38
3.0,1,2,ワンダイレクト,58.0,Ｍ．デム,1:32.4,1,16.5,8.0,[西] 藤岡健一,2020103129,202404020106,豊栄特別｜2024年7月27日 | 競馬データベース - netkeiba,2026-05-20T11:51:35.611834,牡,4,452.0,0.0,0,1,5.4,4.33,34.48,0.1562,0,9,34.48,34.48,34.48,0.1562,34.48
4.0,7,13,アンリーロード,56.0,西村淳也,1:32.7,1.3/4,11.9,6.0,[西] 茶木太樹,2020103304,202404020106,豊栄特別｜2024年7月27日 | 競馬データベース - netkeiba,2026-05-20T11:51:35.611834,牝,4,470.0,-6.0,0,0,12.6,11.0,34.3,0.0735,0,10,34.3,34.3,34.3,0.0735,34.3
5.0,8,18,ケイデンシーマーク,56.0,川田将雅,1:32.8,1,8.4,5.0,[西] 福永祐一,2020103241,202404020106,豊栄特別｜2024年7月27日 | 競馬データベース - netkeiba,2026-05-20T11:51:35.611834,牝,4,450.0,8.0,0,0,6.4,9.0,34.26,0.1351,0,11,34.26,34.26,34.26,0.1351,34.26
6.0,3,5,ルージュスエルテ,53.0,坂井瑠星,1:32.9,クビ,3.7,1.0,[東] 国枝栄,2021105863,202404020106,豊栄特別｜2024年7月27日 | 競馬データベース - netkeiba,2026-05-20T11:51:35.611834,牝,3,476.0,8.0,0,0,8.2,9.0,33.92,0.1087,0,9,33.92,33.92,33.92,0.1087,33.92
7.0,1,1,ベレザニーニャ,56.0,小崎綾也,1:32.9,アタマ,202.0,18.0,[西] 小崎憲,2020106746,202404020106,豊栄特別｜2024年7月27日 | 競馬データベース - netkeiba,2026-05-20T11:51:35.611834,牝,4,474.0,-6.0,0,0,9.4,10.0,36.34,0.0962,0,11,36.34,36.34,36.34,0.0962,36.34
7.0,2,4,アルゲンテウス,58.0,横山琉人,1:32.9,同着,94.1,12.0,[東] 小島茂之,2019105497,202404020106,豊栄特別｜2024年7月27日 | 競馬データベース - netkeiba,2026-05-20T11:51:35.611834,セ,5,466.0,-4.0,0,0,5.0,6.0,33.62,0.1667,0,5,33.62,33.62,33.62,0.1667,33.62
7.0,8,16,ダノンキラウェア,55.0,石橋脩,1:32.9,同着,20.7,10.0,[西] 中内田充,2021100171,202404020106,豊栄特別｜2024年7月27日 | 競馬データベース - netkeiba,2026-05-20T11:51:35.611834,牡,3,458.0,-4.0,0,0,4.2,5.0,34.76,0.1923,0,3,34.76,34.76,34.76,0.1923,34.76
10.0,4,7,グラニット,58.0,嶋田純次,1:32.9,アタマ,20.6,9.0,[東] 大和田成,2020100810,202404020106,豊栄特別｜2024年7月27日 | 競馬データベース - netkeiba,2026-05-20T11:51:35.611834,牡,4,460.0,2.0,0,0,7.6,6.0,35.24,0.1163,0,7,35.24,35.24,35.24,0.1163,35.24
11.0,2,3,イズンシーラブリー,56.0,石川裕紀,1:33.1,1.1/4,152.0,13.0,[東] 加藤征弘,2018104765,202404020106,豊栄特別｜2024年7月27日 | 競馬データベース - netkeiba,2026-05-20T11:51:35.611834,牝,6,434.0,4.0,0,0,8.4,9.0,34.9,0.1064,0,11,34.9,34.9,34.9,0.1064,34.9
12.0,7,14,ルカン,56.0,団野大成,1:33.2,1/2,162.8,15.0,[西] 藤野健太,2020102563,202404020106,豊栄特別｜2024年7月27日 | 競馬データベース - netkeiba,2026-05-20T11:51:35.611834,牝,4,414.0,0.0,0,0,10.6,10.33,35.62,0.0862,0,11,35.62,35.62,35.62,0.0862,35.62
13.0,4,8,スイープアワーズ,58.0,戸崎圭太,1:33.3,3/4,7.9,4.0,[西] 友道康夫,2020103428,202404020106,豊栄特別｜2024年7月27日 | 競馬データベース - netkeiba,2026-05-20T11:51:35.611834,牡,4,446.0,-2.0,0,0,6.0,1.67,33.62,0.1429,0,1,33.62,33.62,33.62,0.1429,33.62
14.0,5,9,クロニクルノヴァ,58.0,小沢大仁,1:33.5,1.1/4,195.2,17.0,[西] 小栗実,2019105084,202404020106,豊栄特別｜2024年7月27日 | 競馬データベース - netkeiba,2026-05-20T11:51:35.611834,セ,5,476.0,2.0,0,0,9.2,11.33,34.82,0.098,0,10,34.82,34.82,34.82,0.098,34.82
15.0,6,11,サトノスカイターフ,58.0,松山弘平,1:33.5,クビ,38.8,11.0,[西] 池江泰寿,2018105073,202404020106,豊栄特別｜2024年7月27日 | 競馬データベース - netkeiba,2026-05-20T11:51:35.611834,牡,6,506.0,4.0,0,0,5.6,6.0,34.92,0.1515,0,4,34.92,34.92,34.92,0.1515,34.92
16.0,6,12,スペクトログラム,58.0,荻野極,1:34.0,3,153.7,14.0,[西] 池江泰寿,2019105186,202404020106,豊栄特別｜2024年7月27日 | 競馬データベース - netkeiba,2026-05-20T11:51:35.611834,牡,5,506.0,2.0,0,0,5.4,6.33,0.0,0.1562,0,7,0.0,0.0,0.0,0.1562,0.0
17.0,7,15,トーセンサウダージ,58.0,佐藤翔馬,1:34.0,ハナ,171.0,16.0,[東] 杉浦宏昭,2020102468,202404020106,豊栄特別｜2024年7月27日 | 競馬データベース - netkeiba,2026-05-20T11:51:35.611834,牡,4,516.0,-4.0,0,0,11.0,11.33,37.76,0.0833,0,10,37.76,37.76,37.76,0.0833,37.76
18.0,8,17,カズミクラーシュ,55.0,幸英明,1:34.2,3/4,12.4,7.0,[西] 吉岡辰弥,2021105564,202404020106,豊栄特別｜2024年7月27日 | 競馬データベース - netkeiba,2026-05-20T11:51:35.611834,牡,3,488.0,-4.0,0,0,5.8,3.33,35.02,0.1471,0,1,35.02,35.02,35.02,0.1471,35.02
1.0,3,4,クルゼイロドスル,57.0,川田将雅,1:44.0,,5.4,3.0,[西] 高橋義忠,2020101813,202404020107,関越ステークス｜2024年7月27日 | 競馬データベース - netkeiba,2026-05-20T11:52:25.028077,牡,4,490.0,0.0,1,1,9.2,9.33,33.18,0.098,0,14,33.18,33.18,33.18,0.098,33.18
2.0,7,13,トゥデイイズザデイ,57.0,坂井瑠星,1:44.1,3/4,6.7,5.0,[西] 池江泰寿,2019100628,202404020107,関越ステークス｜2024年7月27日 | 競馬データベース - netkeiba,2026-05-20T11:52:25.028077,牡,5,474.0,6.0,0,1,8.8,11.0,34.82,0.102,0,13,34.82,34.82,34.82,0.102,34.82
3.0,4,7,セレシオン,57.0,荻野極,1:44.1,ハナ,5.0,2.0,[西] 友道康夫,2019105168,202404020107,関越ステークス｜2024年7月27日 | 競馬データベース - netkeiba,2026-05-20T11:52:25.028077,牡,5,474.0,0.0,0,1,6.0,8.0,34.4,0.1429,0,4,34.4,34.4,34.4,0.1429,34.4
4.0,1,1,アルビージャ,57.0,嶋田純次,1:44.3,1,127.8,9.0,[東] 手塚貴久,2018104913,202404020107,関越ステークス｜2024年7月27日 | 競馬データベース - netkeiba,2026-05-20T11:52:25.028077,牡,6,526.0,10.0,0,0,7.2,9.0,34.86,0.122,0,8,34.86,34.86,34.86,0.122,34.86
5.0,6,10,グランスラムアスク,55.0,西村淳也,1:44.4,クビ,19.7,6.0,[西] 矢作芳人,2019101629,202404020107,関越ステークス｜2024年7月27日 | 競馬データベース - netkeiba,2026-05-20T11:52:25.028077,牝,5,468.0,2.0,0,0,10.4,10.67,35.3,0.0877,0,12,35.3,35.3,35.3,0.0877,35.3
6.0,2,2,フライライクバード,57.0,戸崎圭太,1:44.7,2,19.9,7.0,[西] 福永祐一,2017105109,202404020107,関越ステークス｜2024年7月27日 | 競馬データベース - netkeiba,2026-05-20T11:52:25.028077,セ,7,452.0,2.0,0,0,9.8,12.67,36.76,0.0926,0,16,36.76,36.76,36.76,0.0926,36.76
7.0,5,8,ガストリック,57.0,幸英明,1:44.8,3/4,47.4,8.0,[東] 上原博之,2020106274,202404020107,関越ステークス｜2024年7月27日 | 競馬データベース - netkeiba,2026-05-20T11:52:25.028077,牡,4,540.0,22.0,0,0,6.8,10.67,34.44,0.1282,0,9,34.44,34.44,34.44,0.1282,34.44
8.0,8,15,カルリーノ,57.0,原優介,1:45.0,1.1/4,506.7,14.0,[東] 矢嶋大樹,2016101865,202404020107,関越ステークス｜2024年7月27日 | 競馬データベース - netkeiba,2026-05-20T11:52:25.028077,牡,8,508.0,-12.0,0,0,4.0,4.33,39.44,0.2,0,5,39.44,39.44,39.44,0.2,39.44
9.0,5,9,アスコルティアーモ,55.0,ルメール,1:45.0,ハナ,2.5,1.0,[東] 林徹,2020103195,202404020107,関越ステークス｜2024年7月27日 | 競馬データベース - netkeiba,2026-05-20T11:52:25.028077,牝,4,462.0,16.0,0,0,11.0,10.67,35.42,0.0833,0,14,35.42,35.42,35.42,0.0833,35.42
10.0,3,5,ホウオウリアリティ,57.0,和田竜二,1:45.2,1.1/4,211.9,12.0,[東] 高木登,2018103489,202404020107,関越ステークス｜2024年7月27日 | 競馬データベース - netkeiba,2026-05-20T11:52:25.028077,牡,6,488.0,-2.0,0,0,10.2,9.67,34.58,0.0893,0,18,34.58,34.58,34.58,0.0893,34.58
11.0,6,11,コスモカレンドゥラ,58.0,柴田大知,1:45.4,1.1/4,523.4,15.0,[東] 粕谷昌央,2016100763,202404020107,関越ステークス｜2024年7月27日 | 競馬データベース - netkeiba,2026-05-20T11:52:25.028077,牡,8,472.0,0.0,0,0,7.0,7.0,41.23,0.125,0,6,41.23,41.23,41.23,0.125,41.23
12.0,2,3,スパイラルノヴァ,57.0,内田博幸,1:45.6,1,135.5,10.0,[西] 藤岡健一,2018106795,202404020107,関越ステークス｜2024年7月27日 | 競馬データベース - netkeiba,2026-05-20T11:52:25.028077,牡,6,478.0,-12.0,0,0,8.0,8.0,40.52,0.1111,0,9,40.52,40.52,40.52,0.1111,40.52
13.0,7,12,シルトホルン,57.0,吉田豊,1:45.8,1,5.9,4.0,[東] 新開幸一,2020105424,202404020107,関越ステークス｜2024年7月27日 | 競馬データベース - netkeiba,2026-05-20T11:52:25.028077,牡,4,472.0,2.0,0,0,5.6,5.0,34.76,0.1515,0,7,34.76,34.76,34.76,0.1515,34.76
14.0,8,14,ブラックマジック,57.0,松岡正海,1:45.8,クビ,253.8,13.0,[東] 戸田博文,2017105460,202404020107,関越ステークス｜2024年7月27日 | 競馬データベース - netkeiba,2026-05-20T11:52:25.028077,牡,7,460.0,-6.0,0,0,10.0,9.33,34.84,0.0909,0,8,34.84,34.84,34.84,0.0909,34.84
15.0,4,6,ハーランズハーツ,57.0,Ｍ．デム,1:46.1,2,141.5,11.0,[西] 橋口慎介,2017103992,202404020107,関越ステークス｜2024年7月27日 | 競馬データベース - netkeiba,2026-05-20T11:52:25.028077,牡,7,444.0,2.0,0,0,10.8,13.33,35.54,0.0847,0,18,35.54,35.54,35.54,0.0847,35.54
1.0,3,5,ダノンピレネー,55.0,松若風馬,1:51.9,,37.0,8.0,[西] 高柳大輔,2021104122,202404020108,3歳以上1勝クラス｜2024年7月27日 | 競馬データベース - netkeiba,2026-05-20T11:53:10.494678,牡,3,540.0,16.0,1,1,3.5,4.33,37.58,0.2222,0,2,37.58,37.58,37.58,0.2222,37.58
2.0,2,3,ホルトバージ,54.0,西塚洸二,1:52.9,6,40.2,10.0,[西] 寺島良,2021102905,202404020108,3歳以上1勝クラス｜2024年7月27日 | 競馬データベース - netkeiba,2026-05-20T11:53:10.494678,牡,3,462.0,2.0,0,1,9.2,9.33,37.62,0.098,0,8,37.62,37.62,37.62,0.098,37.62
3.0,3,4,ソレルビュレット,55.0,川田将雅,1:53.0,クビ,1.5,1.0,[東] 宮田敬介,2021110061,202404020108,3歳以上1勝クラス｜2024年7月27日 | 競馬データベース - netkeiba,2026-05-20T11:53:10.494678,牡,3,522.0,-4.0,0,1,9.6,8.67,38.4,0.0943,0,4,38.4,38.4,38.4,0.0943,38.4
4.0,7,13,バナマンテソーロ,55.0,木幡巧也,1:53.1,1/2,15.0,3.0,[東] 加藤士津,2021102281,202404020108,3歳以上1勝クラス｜2024年7月27日 | 競馬データベース - netkeiba,2026-05-20T11:53:10.494678,牡,3,496.0,0.0,0,0,5.8,6.67,39.4,0.1471,0,4,39.4,39.4,39.4,0.1471,39.4
5.0,4,6,ハンデンカイザー,55.0,野中悠太,1:53.1,クビ,19.2,5.0,[東] 牧光二,2021102456,202404020108,3歳以上1勝クラス｜2024年7月27日 | 競馬データベース - netkeiba,2026-05-20T11:53:10.494678,牡,3,508.0,2.0,0,0,7.0,8.33,40.24,0.125,0,2,40.24,40.24,40.24,0.125,40.24
6.0,8,15,ショーヘーフェイス,58.0,団野大成,1:53.6,3,20.4,6.0,[西] 荒川義之,2020106022,202404020108,3歳以上1勝クラス｜2024年7月27日 | 競馬データベース - netkeiba,2026-05-20T11:53:10.494678,牡,4,542.0,-8.0,0,0,4.8,5.67,38.26,0.1724,0,7,38.26,38.26,38.26,0.1724,38.26
7.0,1,1,セブンマイスター,55.0,ルメール,1:54.2,3.1/2,18.2,4.0,[東] 木村哲也,2021105688,202404020108,3歳以上1勝クラス｜2024年7月27日 | 競馬データベース - netkeiba,2026-05-20T11:53:10.494678,牡,3,536.0,-4.0,0,0,2.4,1.67,36.26,0.2941,0,1,36.26,36.26,36.26,0.2941,36.26
8.0,8,14,ポリクシニーズ,55.0,吉村誠之,1:55.3,7,165.5,13.0,[東] 黒岩陽一,2019100913,202404020108,3歳以上1勝クラス｜2024年7月27日 | 競馬データベース - netkeiba,2026-05-20T11:53:10.494678,牡,5,494.0,-12.0,0,0,7.4,7.0,41.08,0.119,0,7,41.08,41.08,41.08,0.119,41.08
9.0,2,2,ウィープディライト,54.0,小沢大仁,1:55.4,クビ,68.9,11.0,[西] 池添学,2021105412,202404020108,3歳以上1勝クラス｜2024年7月27日 | 競馬データベース - netkeiba,2026-05-20T11:53:10.494678,セ,3,500.0,-6.0,0,0,8.6,7.0,36.06,0.1042,0,6,36.06,36.06,36.06,0.1042,36.06
10.0,4,7,ジーベック,55.0,坂井瑠星,1:55.7,2,4.5,2.0,[西] 矢作芳人,2021103242,202404020108,3歳以上1勝クラス｜2024年7月27日 | 競馬データベース - netkeiba,2026-05-20T11:53:10.494678,牡,3,456.0,4.0,0,0,8.2,7.67,36.72,0.1087,0,5,36.72,36.72,36.72,0.1087,36.72
11.0,7,12,アヘッド,53.0,柴田裕一,1:56.0,2,353.9,14.0,[西] 中竹和也,2020110092,202404020108,3歳以上1勝クラス｜2024年7月27日 | 競馬データベース - netkeiba,2026-05-20T11:53:10.494678,牝,4,474.0,6.0,0,0,8.6,9.33,39.14,0.1042,0,11,39.14,39.14,39.14,0.1042,39.14
12.0,6,10,ケイアイエルナト,55.0,松山弘平,1:57.3,8,37.8,9.0,[西] 村山明,2021103121,202404020108,3歳以上1勝クラス｜2024年7月27日 | 競馬データベース - netkeiba,2026-05-20T11:53:10.494678,牡,3,484.0,8.0,0,0,4.2,4.67,39.3,0.1923,0,9,39.3,39.3,39.3,0.1923,39.3
13.0,5,9,リュクススティール,58.0,石橋脩,1:59.5,大,83.8,12.0,[東] 高柳瑞樹,2020102944,202404020108,3歳以上1勝クラス｜2024年7月27日 | 競馬データベース - netkeiba,2026-05-20T11:53:10.494678,牡,4,488.0,-2.0,0,0,11.4,11.33,38.76,0.0806,0,12,38.76,38.76,38.76,0.0806,38.76
14.0,6,11,ジュリエンヌ,56.0,岩部純二,2:03.5,大,617.1,15.0,[東] 天間昭一,2019101151,202404020108,3歳以上1勝クラス｜2024年7月27日 | 競馬データベース - netkeiba,2026-05-20T11:53:10.494678,牝,5,432.0,-30.0,0,0,11.8,12.0,40.0,0.0781,0,14,40.0,40.0,40.0,0.0781,40.0
15.0,5,8,ティンク,53.0,西村淳也,2:04.3,5,20.6,7.0,[東] 久保田貴,2021104994,202404020108,3歳以上1勝クラス｜2024年7月27日 | 競馬データベース - netkeiba,2026-05-20T11:53:10.494678,牝,3,488.0,0.0,0,0,6.6,9.0,33.98,0.1316,0,9,33.98,33.98,33.98,0.1316,33.98
1.0,4,5,ホッコーメヴィウス,60.0,小牧加矢,3:32.3,,3.9,2.0,[西] 清水久詞,2016102442,202404020109,新潟ジャンプS｜2024年7月27日 | 競馬データベース - netkeiba,2026-05-20T11:53:42.776356,セ,8,472.0,4.0,1,1,5.5,10.0,0.0,0.1538,0,10,0.0,0.0,0.0,0.1538,0.0
2.0,7,11,サクセッション,60.0,石神深一,3:32.4,1/2,3.1,1.0,[東] 国枝栄,2017105181,202404020109,新潟ジャンプS｜2024年7月27日 | 競馬データベース - netkeiba,2026-05-20T11:53:42.776356,セ,7,528.0,10.0,0,1,3.2,4.67,0.0,0.2381,0,2,0.0,0.0,0.0,0.2381,0.0
3.0,5,6,パトリック,60.0,森一馬,3:32.5,1/2,6.7,4.0,[西] 岡田稲男,2016102133,202404020109,新潟ジャンプS｜2024年7月27日 | 競馬データベース - netkeiba,2026-05-20T11:53:42.776356,牡,8,482.0,0.0,0,1,3.6,3.33,0.0,0.2174,0,5,0.0,0.0,0.0,0.2174,0.0
4.0,1,1,リレーションシップ,60.0,高田潤,3:32.8,1.3/4,30.9,10.0,[西] 斉藤崇史,2017105272,202404020109,新潟ジャンプS｜2024年7月27日 | 競馬データベース - netkeiba,2026-05-20T11:53:42.776356,牡,7,520.0,2.0,0,0,6.0,6.67,0.0,0.1429,0,5,0.0,0.0,0.0,0.1429,0.0
5.0,6,8,ニューツーリズム,60.0,伴啓太,3:32.8,ハナ,8.8,5.0,[東] 黒岩陽一,2016104252,202404020109,新潟ジャンプS｜2024年7月27日 | 競馬データベース - netkeiba,2026-05-20T11:53:42.776356,セ,8,518.0,-2.0,0,0,3.75,3.5,0.0,0.2105,0,2,0.0,0.0,0.0,0.2105,0.0
6.0,8,13,トライフォーリアル,60.0,五十嵐雄,3:32.9,3/4,24.5,7.0,[東] 萩原清,2017105257,202404020109,新潟ジャンプS｜2024年7月27日 | 競馬データベース - netkeiba,2026-05-20T11:53:42.776356,セ,7,486.0,-6.0,0,0,6.8,5.67,0.0,0.1282,0,6,0.0,0.0,0.0,0.1282,0.0
7.0,4,4,ウインチェレステ,60.0,金子光希,3:32.9,クビ,26.9,9.0,[東] 畠山吉宏,2018101630,202404020109,新潟ジャンプS｜2024年7月27日 | 競馬データベース - netkeiba,2026-05-20T11:53:42.776356,牡,6,516.0,-4.0,0,0,5.6,5.67,0.0,0.1515,0,5,0.0,0.0,0.0,0.1515,0.0
8.0,5,7,サペラヴィ,60.0,江田勇亮,3:33.1,1.1/4,5.9,3.0,[東] 南田美知,2017100316,202404020109,新潟ジャンプS｜2024年7月27日 | 競馬データベース - netkeiba,2026-05-20T11:53:42.776356,牡,7,474.0,-10.0,0,0,2.8,1.67,0.0,0.2632,0,3,0.0,0.0,0.0,0.2632,0.0
9.0,7,10,エンデュミオン,60.0,小野寺祐,3:34.0,5,13.7,6.0,[西] 清水久詞,2017106153,202404020109,新潟ジャンプS｜2024年7月27日 | 競馬データベース - netkeiba,2026-05-20T11:53:42.776356,牡,7,460.0,4.0,0,0,6.6,7.67,0.0,0.1316,0,10,0.0,0.0,0.0,0.1316,0.0
10.0,8,12,サイード,60.0,黒岩悠,3:34.4,2.1/2,25.6,8.0,[西] 角田晃一,2019103152,202404020109,新潟ジャンプS｜2024年7月27日 | 競馬データベース - netkeiba,2026-05-20T11:53:42.776356,セ,5,502.0,4.0,0,0,2.0,2.33,0.0,0.3333,0,3,0.0,0.0,0.0,0.3333,0.0
11.0,6,9,ロンギングバース,60.0,大江原圭,3:35.8,9,76.6,11.0,[東] 竹内正洋,2018102216,202404020109,新潟ジャンプS｜2024年7月27日 | 競馬データベース - netkeiba,2026-05-20T11:53:42.776356,セ,6,462.0,2.0,0,0,8.8,11.33,39.8,0.102,0,12,39.8,39.8,39.8,0.102,39.8
12.0,2,2,ダイシンクローバー,61.0,中村将之,3:35.9,クビ,107.7,12.0,[西] 高橋一哉,2016100158,202404020109,新潟ジャンプS｜2024年7月27日 | 競馬データベース - netkeiba,2026-05-20T11:53:42.776356,セ,8,492.0,-4.0,0,0,9.5,10.5,0.0,0.0952,0,10,0.0,0.0,0.0,0.0952,0.0
13.0,3,3,マイネルヴァッサー,60.0,草野太郎,3:36.6,4,183.5,13.0,[東] 土田稔,2013101904,202404020109,新潟ジャンプS｜2024年7月27日 | 競馬データベース - netkeiba,2026-05-20T11:53:42.776356,牡,11,432.0,2.0,0,0,11.0,10.0,0.0,0.0833,0,13,0.0,0.0,0.0,0.0833,0.0
1.0,2,3,ハイグッドワールド,54.0,柴田裕一,1:54.9,,5.8,2.0,[西] 谷潔,2021104474,202404020110,3歳未勝利｜2024年7月27日 | 競馬データベース - netkeiba,2026-05-20T11:54:21.511358,牡,3,494.0,-4.0,1,1,5.8,5.67,37.5,0.1471,0,5,37.5,37.5,37.5,0.1471,37.5
2.0,4,6,ユウトザキンパツ,57.0,小崎綾也,1:54.9,アタマ,100.9,12.0,[西] 小崎憲,2021104597,202404020110,3歳未勝利｜2024年7月27日 | 競馬データベース - netkeiba,2026-05-20T11:54:21.511358,牡,3,478.0,-9.0,0,1,2.0,2.0,41.1,0.3333,0,2,41.1,41.1,41.1,0.3333,41.1
3.0,7,12,インターシア,57.0,Ｍ．デム,1:55.3,2.1/2,40.5,8.0,[東] 牧光二,2021100644,202404020110,3歳未勝利｜2024年7月27日 | 競馬データベース - netkeiba,2026-05-20T11:54:21.511358,牡,3,410.0,-2.0,0,1,5.6,5.0,40.72,0.1515,0,8,40.72,40.72,40.72,0.1515,40.72
4.0,6,10,グレイトマジック,57.0,菊沢一樹,1:55.6,1.3/4,23.4,7.0,[東] 武市康男,2021104157,202404020110,3歳未勝利｜2024年7月27日 | 競馬データベース - netkeiba,2026-05-20T11:54:21.511358,牡,3,486.0,4.0,0,0,4.75,3.5,39.15,0.1739,0,4,39.15,39.15,39.15,0.1739,39.15
5.0,3,4,チーチャン,55.0,杉原誠人,1:55.7,3/4,16.9,5.0,[東] 勢司和浩,2021102825,202404020110,3歳未勝利｜2024年7月27日 | 競馬データベース - netkeiba,2026-05-20T11:54:21.511358,牝,3,488.0,2.0,0,0,5.6,6.67,40.32,0.1515,0,7,40.32,40.32,40.32,0.1515,40.32
6.0,5,8,パリッドキャリア,54.0,吉村誠之,1:55.8,クビ,13.4,4.0,[西] 清水久詞,2021107230,202404020110,3歳未勝利｜2024年7月27日 | 競馬データベース - netkeiba,2026-05-20T11:54:21.511358,牡,3,506.0,10.0,0,0,2.6,3.67,39.16,0.2778,0,6,39.16,39.16,39.16,0.2778,39.16
7.0,8,15,ドゥータップ,57.0,松山弘平,1:55.8,アタマ,1.6,1.0,[西] 藤原英昭,2021110156,202404020110,3歳未勝利｜2024年7月27日 | 競馬データベース - netkeiba,2026-05-20T11:54:21.511358,牡,3,502.0,6.0,0,0,5.0,7.33,36.84,0.1667,0,15,36.84,36.84,36.84,0.1667,36.84
8.0,2,2,ゼットシルヴィア,54.0,小沢大仁,1:56.5,4,19.3,6.0,[西] 川村禎彦,2021104414,202404020110,3歳未勝利｜2024年7月27日 | 競馬データベース - netkeiba,2026-05-20T11:54:21.511358,牝,3,446.0,-2.0,0,0,3.0,3.0,39.4,0.25,0,4,39.4,39.4,39.4,0.25,39.4
9.0,1,1,アクロポリス,57.0,団野大成,1:56.7,1,41.4,10.0,[西] 中村直也,2021103247,202404020110,3歳未勝利｜2024年7月27日 | 競馬データベース - netkeiba,2026-05-20T11:54:21.511358,牡,3,466.0,4.0,0,0,8.0,7.33,40.38,0.1111,0,5,40.38,40.38,40.38,0.1111,40.38
10.0,5,9,テクネチウム,57.0,田中健,1:56.8,1,276.8,14.0,[西] 木原一良,2021104280,202404020110,3歳未勝利｜2024年7月27日 | 競馬データベース - netkeiba,2026-05-20T11:54:21.511358,牡,3,496.0,10.0,0,0,8.8,9.0,0.0,0.102,0,10,0.0,0.0,0.0,0.102,0.0
11.0,4,7,チョウゲンキ,57.0,森裕太朗,1:57.1,1.1/2,178.3,13.0,[西] 羽月友彦,2021106139,202404020110,3歳未勝利｜2024年7月27日 | 競馬データベース - netkeiba,2026-05-20T11:54:21.511358,牡,3,446.0,-10.0,0,0,6.4,6.33,41.18,0.1351,0,4,41.18,41.18,41.18,0.1351,41.18
12.0,3,5,クレバーナイト,57.0,丸田恭介,1:58.8,10,41.2,9.0,[東] 宗像義忠,2021104126,202404020110,3歳未勝利｜2024年7月27日 | 競馬データベース - netkeiba,2026-05-20T11:54:21.511358,牡,3,552.0,0.0,0,0,5.75,3.67,39.98,0.1481,0,7,39.98,39.98,39.98,0.1481,39.98
13.0,7,13,セイウンウィズミー,55.0,野中悠太,1:59.0,1.1/4,63.9,11.0,[東] 堀内岳志,2021102941,202404020110,3歳未勝利｜2024年7月27日 | 競馬データベース - netkeiba,2026-05-20T11:54:21.511358,牝,3,486.0,8.0,0,0,5.0,4.0,40.78,0.1667,0,2,40.78,40.78,40.78,0.1667,40.78
14.0,8,14,ナイトアウェイ,57.0,坂井瑠星,2:03.0,大,7.8,3.0,[東] 手塚貴久,2021104957,202404020110,3歳未勝利｜2024年7月27日 | 競馬データベース - netkeiba,2026-05-20T11:54:21.511358,牡,3,466.0,10.0,0,0,4.6,4.67,41.84,0.1786,0,2,41.84,41.84,41.84,0.1786,41.84
,6,11,カシノカンピオーネ,57.0,岩部純二,,,,,[東] 天間昭一,2021100516,202404020110,3歳未勝利｜2024年7月27日 | 競馬データベース - netkeiba,2026-05-20T11:54:21.511358,牡,3,484.0,-2.0,0,0,7.4,9.33,40.36,0.119,0,11,40.36,40.36,40.36,0.119,40.36
1.0,7,15,ニシノコニャック,58.0,菊沢一樹,0:55.5,,13.3,7.0,[東] 伊藤大士,2019100937,202404020111,3歳以上1勝クラス｜2024年7月27日 | 競馬データベース - netkeiba,2026-05-20T11:55:04.816623,牡,5,448.0,-16.0,1,1,9.6,11.0,34.44,0.0943,0,15,34.44,34.44,34.44,0.0943,34.44
2.0,2,4,ドナヴィーナス,51.0,永島まな,0:55.5,クビ,5.1,2.0,[西] 庄野靖志,2021100782,202404020111,3歳以上1勝クラス｜2024年7月27日 | 競馬データベース - netkeiba,2026-05-20T11:55:04.816623,牝,3,452.0,6.0,0,1,10.6,10.0,41.96,0.0862,0,8,41.96,41.96,41.96,0.0862,41.96
3.0,7,14,マルモリディライト,56.0,柴田大知,0:55.8,2,21.7,9.0,[東] 和田雄二,2020100997,202404020111,3歳以上1勝クラス｜2024年7月27日 | 競馬データベース - netkeiba,2026-05-20T11:55:04.816623,牝,4,470.0,4.0,0,1,8.6,4.67,34.82,0.1042,0,8,34.82,34.82,34.82,0.1042,34.82
4.0,1,1,ネイルンノ,55.0,杉原誠人,0:55.9,1/2,18.8,8.0,[東] 尾関知人,2021103338,202404020111,3歳以上1勝クラス｜2024年7月27日 | 競馬データベース - netkeiba,2026-05-20T11:55:04.816623,牡,3,452.0,-4.0,0,0,0.0,0.0,0.0,0.0,0,0,0.0,0.0,0.0,0.0,0.0
5.0,7,13,オコジュ,56.0,内田博幸,0:55.9,ハナ,11.7,6.0,[東] 矢嶋大樹,2020101265,202404020111,3歳以上1勝クラス｜2024年7月27日 | 競馬データベース - netkeiba,2026-05-20T11:55:04.816623,牝,4,460.0,4.0,0,0,10.2,12.33,37.94,0.0893,0,13,37.94,37.94,37.94,0.0893,37.94
6.0,2,3,アイノセンシ,58.0,石橋脩,0:56.0,クビ,90.9,15.0,[東] 牧光二,2020100632,202404020111,3歳以上1勝クラス｜2024年7月27日 | 競馬データベース - netkeiba,2026-05-20T11:55:04.816623,牡,4,514.0,0.0,0,0,10.6,12.0,41.76,0.0862,0,12,41.76,41.76,41.76,0.0862,41.76
7.0,3,5,ファンユー,50.0,河原田菜,0:56.0,クビ,6.7,3.0,[東] 加藤和宏,2021103894,202404020111,3歳以上1勝クラス｜2024年7月27日 | 競馬データベース - netkeiba,2026-05-20T11:55:04.816623,牝,3,494.0,14.0,0,0,2.2,2.67,37.76,0.3125,0,5,37.76,37.76,37.76,0.3125,37.76
8.0,5,9,マジカルガール,56.0,嶋田純次,0:56.1,3/4,66.5,13.0,[東] 本間忍,2020104250,202404020111,3歳以上1勝クラス｜2024年7月27日 | 競馬データベース - netkeiba,2026-05-20T11:55:04.816623,牝,4,412.0,-6.0,0,0,8.4,7.33,34.82,0.1064,0,15,34.82,34.82,34.82,0.1064,34.82
9.0,8,16,ポケッティーノ,54.0,大江原比,0:56.2,クビ,74.7,14.0,[東] 石栗龍彦,2020100592,202404020111,3歳以上1勝クラス｜2024年7月27日 | 競馬データベース - netkeiba,2026-05-20T11:55:04.816623,牡,4,462.0,-8.0,0,0,0.0,0.0,0.0,0.0,0,0,0.0,0.0,0.0,0.0,0.0
10.0,6,11,フレンドパル,53.0,吉村誠之,0:56.3,1/2,3.6,1.0,[東] 深山雅史,2018103766,202404020111,3歳以上1勝クラス｜2024年7月27日 | 競馬データベース - netkeiba,2026-05-20T11:55:04.816623,牝,6,458.0,0.0,0,0,7.6,11.0,34.74,0.1163,0,13,34.74,34.74,34.74,0.1163,34.74
11.0,8,18,ロータスワンド,50.0,柴田裕一,0:56.3,1/2,8.6,5.0,[西] 中竹和也,2021106655,202404020111,3歳以上1勝クラス｜2024年7月27日 | 競馬データベース - netkeiba,2026-05-20T11:55:04.816623,牝,3,464.0,8.0,0,0,11.2,11.67,34.74,0.082,0,14,34.74,34.74,34.74,0.082,34.74
12.0,4,7,タイガーリリー,56.0,岩部純二,0:56.5,1,48.3,11.0,[東] 石毛善彦,2018100593,202404020111,3歳以上1勝クラス｜2024年7月27日 | 競馬データベース - netkeiba,2026-05-20T11:55:04.816623,牝,6,468.0,-2.0,0,0,7.8,8.67,33.74,0.1136,0,4,33.74,33.74,33.74,0.1136,33.74
13.0,5,10,ユイノダンディズム,58.0,木幡初也,0:56.8,2,8.2,4.0,[東] 竹内正洋,2018109046,202404020111,3歳以上1勝クラス｜2024年7月27日 | 競馬データベース - netkeiba,2026-05-20T11:55:04.816623,牡,6,486.0,-4.0,0,0,0.0,0.0,0.0,0.0,0,0,0.0,0.0,0.0,0.0,0.0
14.0,6,12,ミスサン,50.0,佐藤翔馬,0:56.8,ハナ,26.6,10.0,[東] 伊藤伸一,2021107068,202404020111,3歳以上1勝クラス｜2024年7月27日 | 競馬データベース - netkeiba,2026-05-20T11:55:04.816623,牝,3,430.0,-5.0,0,0,8.0,7.67,39.22,0.1111,0,7,39.22,39.22,39.22,0.1111,39.22
15.0,1,2,ハローメリールー,56.0,松岡正海,0:56.8,ハナ,256.3,18.0,[東] 伊藤伸一,2019101273,202404020111,3歳以上1勝クラス｜2024年7月27日 | 競馬データベース - netkeiba,2026-05-20T11:55:04.816623,牝,5,478.0,6.0,0,0,13.8,15.33,36.68,0.0676,0,14,36.68,36.68,36.68,0.0676,36.68
16.0,8,17,ラインアンジェラ,55.0,小沢大仁,0:57.0,1.1/4,105.7,17.0,[東] 水野貴広,2020103999,202404020111,3歳以上1勝クラス｜2024年7月27日 | 競馬データベース - netkeiba,2026-05-20T11:55:04.816623,牝,4,462.0,-6.0,0,0,7.0,10.0,40.16,0.125,0,8,40.16,40.16,40.16,0.125,40.16
17.0,4,8,イエローベリル,53.0,石神深道,0:57.6,3.1/2,48.9,12.0,[東] 林徹,2019110124,202404020111,3歳以上1勝クラス｜2024年7月27日 | 競馬データベース - netkeiba,2026-05-20T11:55:04.816623,牝,5,438.0,4.0,0,0,8.2,7.67,39.04,0.1087,0,7,39.04,39.04,39.04,0.1087,39.04
18.0,3,6,ハヌル,51.0,小林脩斗,0:57.6,クビ,100.8,16.0,[東] 岩戸孝樹,2021103343,202404020111,3歳以上1勝クラス｜2024年7月27日 | 競馬データベース - netkeiba,2026-05-20T11:55:04.816623,牝,3,466.0,-6.0,0,0,9.0,8.33,38.2,0.1,0,13,38.2,38.2,38.2,0.1,38.2
1.0,3,4,エランティス,56.0,松若風馬,1:10.9,,6.7,3.0,[西] 杉山晴紀,2020104429,202404020112,出雲崎特別｜2024年7月27日 | 競馬データベース - netkeiba,2026-05-20T11:55:50.224972,牝,4,484.0,4.0,1,1,13.5,12.0,36.62,0.069,0,15,36.62,36.62,36.62,0.069,36.62
2.0,7,13,ストリンジェンド,58.0,戸崎圭太,1:11.2,1.3/4,3.5,1.0,[西] 音無秀孝,2020102702,202404020112,出雲崎特別｜2024年7月27日 | 競馬データベース - netkeiba,2026-05-20T11:55:50.224972,牡,4,476.0,8.0,0,1,7.0,8.33,37.38,0.125,0,6,37.38,37.38,37.38,0.125,37.38
3.0,3,5,クリノアルバトロス,58.0,原優介,1:11.3,1,8.0,4.0,[東] 伊藤伸一,2020101983,202404020112,出雲崎特別｜2024年7月27日 | 競馬データベース - netkeiba,2026-05-20T11:55:50.224972,牡,4,512.0,4.0,0,1,3.0,2.67,36.22,0.25,0,1,36.22,36.22,36.22,0.25,36.22
4.0,8,14,ヒビキ,58.0,和田竜二,1:11.6,1.1/2,12.0,8.0,[西] 辻野泰之,2020105517,202404020112,出雲崎特別｜2024年7月27日 | 競馬データベース - netkeiba,2026-05-20T11:55:50.224972,牡,4,506.0,16.0,0,0,5.2,7.67,37.8,0.1613,0,4,37.8,37.8,37.8,0.1613,37.8
5.0,5,9,スペキオサレジーナ,56.0,松山弘平,1:11.6,クビ,10.0,6.0,[東] 森一誠,2020103316,202404020112,出雲崎特別｜2024年7月27日 | 競馬データベース - netkeiba,2026-05-20T11:55:50.224972,牝,4,470.0,8.0,0,0,8.0,7.0,36.28,0.1111,0,9,36.28,36.28,36.28,0.1111,36.28
6.0,6,11,ジャミーレ,56.0,団野大成,1:11.7,クビ,5.0,2.0,[西] 斉藤崇史,2020103412,202404020112,出雲崎特別｜2024年7月27日 | 競馬データベース - netkeiba,2026-05-20T11:55:50.224972,牝,4,498.0,4.0,0,0,3.6,4.33,36.84,0.2174,0,6,36.84,36.84,36.84,0.2174,36.84
7.0,2,2,トモジャミ,56.0,石橋脩,1:11.8,3/4,35.2,10.0,[東] 鈴木伸尋,2020105246,202404020112,出雲崎特別｜2024年7月27日 | 競馬データベース - netkeiba,2026-05-20T11:55:50.224972,牝,4,518.0,6.0,0,0,10.6,13.0,37.52,0.0862,0,13,37.52,37.52,37.52,0.0862,37.52
8.0,6,10,シュバルツガイスト,58.0,坂井瑠星,1:11.8,クビ,8.0,5.0,[東] 国枝栄,2020103575,202404020112,出雲崎特別｜2024年7月27日 | 競馬データベース - netkeiba,2026-05-20T11:55:50.224972,牡,4,504.0,10.0,0,0,11.4,10.67,38.3,0.0806,0,13,38.3,38.3,38.3,0.0806,38.3
9.0,1,1,メラーキ,58.0,松岡正海,1:11.9,クビ,229.0,14.0,[東] 稲垣幸雄,2017105634,202404020112,出雲崎特別｜2024年7月27日 | 競馬データベース - netkeiba,2026-05-20T11:55:50.224972,牡,7,488.0,8.0,0,0,12.0,11.67,37.67,0.0769,0,11,37.67,37.67,37.67,0.0769,37.67
10.0,2,3,バンドールロゼ,58.0,木幡巧也,1:11.9,クビ,38.4,11.0,[東] 清水英克,2019105819,202404020112,出雲崎特別｜2024年7月27日 | 競馬データベース - netkeiba,2026-05-20T11:55:50.224972,牡,5,480.0,12.0,0,0,11.2,10.67,40.88,0.082,0,9,40.88,40.88,40.88,0.082,40.88
11.0,5,8,アラカザーム,56.0,木幡育也,1:12.0,クビ,270.2,15.0,[東] 松永康利,2018102338,202404020112,出雲崎特別｜2024年7月27日 | 競馬データベース - netkeiba,2026-05-20T11:55:50.224972,牝,6,460.0,10.0,0,0,8.4,7.67,36.18,0.1064,0,7,36.18,36.18,36.18,0.1064,36.18
12.0,4,7,ダークンストーミー,58.0,江田照男,1:12.4,2,162.9,13.0,[東] 小笠倫弘,2020100656,202404020112,出雲崎特別｜2024年7月27日 | 競馬データベース - netkeiba,2026-05-20T11:55:50.224972,牡,4,446.0,-2.0,0,0,10.25,11.0,40.78,0.0889,0,10,40.78,40.78,40.78,0.0889,40.78
13.0,7,12,リッキーヤスオカ,58.0,幸英明,1:12.7,2,31.0,9.0,[西] 高橋一哉,2019101673,202404020112,出雲崎特別｜2024年7月27日 | 競馬データベース - netkeiba,2026-05-20T11:55:50.224972,牡,5,498.0,-8.0,0,0,14.0,16.0,37.23,0.0667,0,16,37.23,37.23,37.23,0.0667,37.23
14.0,8,15,アタカンテ,56.0,小沢大仁,1:12.9,1.1/2,119.2,12.0,[西] 藤原英昭,2019106608,202404020112,出雲崎特別｜2024年7月27日 | 競馬データベース - netkeiba,2026-05-20T11:55:50.224972,牝,5,496.0,2.0,0,0,5.4,5.67,39.88,0.1562,0,12,39.88,39.88,39.88,0.1562,39.88
15.0,4,6,クインズプリーズ,56.0,中井裕二,1:13.3,2.1/2,11.6,7.0,[西] 藤野健太,2019100578,202404020112,出雲崎特別｜2024年7月27日 | 競馬データベース - netkeiba,2026-05-20T11:55:50.224972,牝,5,450.0,2.0,0,0,6.0,8.67,37.08,0.1429,0,12,37.08,37.08,37.08,0.1429,37.08
1.0,6,9,インマイポケット,55.0,ルメール,1:30.1,,2.4,1.0,[西] 武幸四郎,2021105466,202401010401,3歳未勝利｜2024年7月28日 | 競馬データベース - netkeiba,2026-05-20T11:56:30.041939,牝,3,428.0,-2.0,1,1,4.6,5.67,36.08,0.1786,0,4,36.08,36.08,36.08,0.1786,36.08
2.0,7,11,シャーリーゴールド,55.0,浜中俊,1:30.4,1.3/4,12.7,5.0,[西] 須貝尚介,2021104918,202401010401,3歳未勝利｜2024年7月28日 | 競馬データベース - netkeiba,2026-05-20T11:56:30.041939,牝,3,444.0,0.0,0,1,8.6,7.67,34.62,0.1042,0,6,34.62,34.62,34.62,0.1042,34.62
3.0,8,14,ココシャンパーニュ,55.0,北村友一,1:30.4,アタマ,22.0,7.0,[西] 音無秀孝,2021105902,202401010401,3歳未勝利｜2024年7月28日 | 競馬データベース - netkeiba,2026-05-20T11:56:30.041939,牝,3,454.0,-10.0,0,1,8.0,9.67,40.38,0.1111,0,9,40.38,40.38,40.38,0.1111,40.38
4.0,4,5,ブライティアダイヤ,55.0,永野猛蔵,1:30.5,3/4,23.7,8.0,[東] 稲垣幸雄,2021102468,202401010401,3歳未勝利｜2024年7月28日 | 競馬データベース - netkeiba,2026-05-20T11:56:30.041939,牝,3,464.0,6.0,0,0,8.2,10.33,34.6,0.1087,0,11,34.6,34.6,34.6,0.1087,34.6
5.0,5,7,スウィートリワード,55.0,武豊,1:30.5,ハナ,3.8,2.0,[西] 宮本博,2021100415,202401010401,3歳未勝利｜2024年7月28日 | 競馬データベース - netkeiba,2026-05-20T11:56:30.041939,牝,3,454.0,-2.0,0,0,9.2,10.0,35.54,0.098,0,6,35.54,35.54,35.54,0.098,35.54
6.0,6,10,スコア,54.0,高杉吏麒,1:30.5,クビ,7.6,4.0,[東] 栗田徹,2021100453,202401010401,3歳未勝利｜2024年7月28日 | 競馬データベース - netkeiba,2026-05-20T11:56:30.041939,牡,3,458.0,4.0,0,0,5.0,4.0,40.6,0.1667,0,3,40.6,40.6,40.6,0.1667,40.6
7.0,8,13,ヴァイタルピース,57.0,菱田裕二,1:30.7,1.1/4,31.6,9.0,[西] 鈴木孝志,2021110079,202401010401,3歳未勝利｜2024年7月28日 | 競馬データベース - netkeiba,2026-05-20T11:56:30.041939,セ,3,452.0,-4.0,0,0,9.6,9.33,35.08,0.0943,0,12,35.08,35.08,35.08,0.0943,35.08
8.0,3,4,レジーナチェリ,57.0,丹内祐次,1:30.9,1.1/4,7.2,3.0,[東] 伊藤伸一,2021106790,202401010401,3歳未勝利｜2024年7月28日 | 競馬データベース - netkeiba,2026-05-20T11:56:30.041939,牡,3,434.0,0.0,0,0,7.8,8.0,39.74,0.1136,0,9,39.74,39.74,39.74,0.1136,39.74
9.0,1,1,エナジーポケット,57.0,佐々木大,1:31.0,クビ,177.8,14.0,[西] 森田直行,2021103298,202401010401,3歳未勝利｜2024年7月28日 | 競馬データベース - netkeiba,2026-05-20T11:56:30.041939,牡,3,418.0,-6.0,0,0,10.8,11.33,41.62,0.0847,0,12,41.62,41.62,41.62,0.0847,41.62
10.0,3,3,ツキガキレイデスネ,55.0,黛弘人,1:31.1,1/2,41.8,10.0,[東] 小島茂之,2021103328,202401010401,3歳未勝利｜2024年7月28日 | 競馬データベース - netkeiba,2026-05-20T11:56:30.041939,牝,3,462.0,6.0,0,0,5.6,7.0,41.48,0.1515,0,4,41.48,41.48,41.48,0.1515,41.48
11.0,7,12,ローマンレイク,55.0,鮫島克駿,1:31.4,2,18.2,6.0,[西] 松永幹夫,2021105976,202401010401,3歳未勝利｜2024年7月28日 | 競馬データベース - netkeiba,2026-05-20T11:56:30.041939,牝,3,432.0,18.0,0,0,7.6,6.67,38.54,0.1163,0,1,38.54,38.54,38.54,0.1163,38.54
12.0,4,6,スリータイガー,55.0,西村淳也,1:31.8,2.1/2,130.6,12.0,[西] 高橋義忠,2021110074,202401010401,3歳未勝利｜2024年7月28日 | 競馬データベース - netkeiba,2026-05-20T11:56:30.041939,牝,3,428.0,-2.0,0,0,3.0,3.67,41.7,0.25,0,5,41.7,41.7,41.7,0.25,41.7
13.0,5,8,オメガサミット,56.0,角田大河,1:31.9,3/4,51.8,11.0,[西] 今野貞一,2021105218,202401010401,3歳未勝利｜2024年7月28日 | 競馬データベース - netkeiba,2026-05-20T11:56:30.041939,牡,3,450.0,-16.0,0,0,2.75,2.5,40.05,0.2667,0,2,40.05,40.05,40.05,0.2667,40.05
14.0,2,2,キーシンガー,52.0,長浜鴻緒,1:32.9,6,143.1,13.0,[東] 青木孝文,2021102566,202401010401,3歳未勝利｜2024年7月28日 | 競馬データベース - netkeiba,2026-05-20T11:56:30.041939,牝,3,442.0,6.0,0,0,8.0,9.0,41.66,0.1111,0,8,41.66,41.66,41.66,0.1111,41.66
1.0,8,11,テイエムタリスマ,53.0,古川奈穂,0:58.9,,4.0,1.0,[西] 木原一良,2021109043,202401010402,3歳未勝利｜2024年7月28日 | 競馬データベース - netkeiba,2026-05-20T11:56:56.891262,牡,3,468.0,-2.0,1,1,10.0,9.0,36.18,0.0909,0,2,36.18,36.18,36.18,0.0909,36.18
2.0,3,3,スキーサンダー,55.0,ルメール,0:59.0,3/4,4.4,2.0,[東] 辻哲英,2021101653,202401010402,3歳未勝利｜2024年7月28日 | 競馬データベース - netkeiba,2026-05-20T11:56:56.891262,牝,3,476.0,2.0,0,1,6.8,6.33,39.58,0.1282,0,6,39.58,39.58,39.58,0.1282,39.58
3.0,7,10,ミスターディジェイ,57.0,丹内祐次,0:59.2,3/4,4.4,3.0,[東] 清水英克,2021104617,202401010402,3歳未勝利｜2024年7月28日 | 競馬データベース - netkeiba,2026-05-20T11:56:56.891262,牡,3,540.0,2.0,0,1,9.4,10.67,36.62,0.0962,0,13,36.62,36.62,36.62,0.0962,36.62
4.0,8,12,キャンドルマス,57.0,北村友一,0:59.3,1/2,10.0,5.0,[西] 小崎憲,2021101624,202401010402,3歳未勝利｜2024年7月28日 | 競馬データベース - netkeiba,2026-05-20T11:56:56.891262,牡,3,478.0,-10.0,0,0,5.6,6.67,36.42,0.1515,0,10,36.42,36.42,36.42,0.1515,36.42
5.0,4,4,ラントゥリーダンス,52.0,川端海翼,0:59.3,ハナ,10.7,6.0,[東] 石栗龍彦,2021102598,202401010402,3歳未勝利｜2024年7月28日 | 競馬データベース - netkeiba,2026-05-20T11:56:56.891262,牝,3,460.0,0.0,0,0,5.6,4.0,38.0,0.1515,0,3,38.0,38.0,38.0,0.1515,38.0
6.0,5,6,ユニヴェールアン,55.0,鮫島克駿,0:59.5,1,27.7,10.0,[東] 加藤士津,2021102617,202401010402,3歳未勝利｜2024年7月28日 | 競馬データベース - netkeiba,2026-05-20T11:56:56.891262,牝,3,482.0,6.0,0,0,9.8,9.67,40.62,0.0926,0,9,40.62,40.62,40.62,0.0926,40.62
7.0,5,5,ウィスピースノー,54.0,角田大河,0:59.6,1,23.6,9.0,[西] 今野貞一,2021100648,202401010402,3歳未勝利｜2024年7月28日 | 競馬データベース - netkeiba,2026-05-20T11:56:56.891262,牝,3,440.0,6.0,0,0,4.4,5.0,40.56,0.1852,0,4,40.56,40.56,40.56,0.1852,40.56
8.0,1,1,リンクスクードボル,57.0,西村淳也,0:59.8,1,15.1,7.0,[東] 加藤士津,2021104004,202401010402,3歳未勝利｜2024年7月28日 | 競馬データベース - netkeiba,2026-05-20T11:56:56.891262,牡,3,474.0,4.0,0,0,7.8,8.67,40.02,0.1136,0,10,40.02,40.02,40.02,0.1136,40.02
9.0,7,9,モリエヌス,52.0,高杉吏麒,1:00.1,2,48.6,11.0,[西] 荒川義之,2021103218,202401010402,3歳未勝利｜2024年7月28日 | 競馬データベース - netkeiba,2026-05-20T11:56:56.891262,牝,3,392.0,2.0,0,0,6.8,8.67,39.14,0.1282,0,3,39.14,39.14,39.14,0.1282,39.14
10.0,6,8,ドルフィンスクエア,52.0,長浜鴻緒,1:00.4,1.1/2,16.7,8.0,[西] 清水久詞,2021107265,202401010402,3歳未勝利｜2024年7月28日 | 競馬データベース - netkeiba,2026-05-20T11:56:56.891262,牝,3,448.0,0.0,0,0,10.8,10.67,36.14,0.0847,0,10,36.14,36.14,36.14,0.0847,36.14
11.0,6,7,タカラバディウス,53.0,小林勝太,1:00.8,2.1/2,8.0,4.0,[東] 堀内岳志,2021106376,202401010402,3歳未勝利｜2024年7月28日 | 競馬データベース - netkeiba,2026-05-20T11:56:56.891262,牝,3,420.0,0.0,0,0,5.2,6.67,39.4,0.1613,0,9,39.4,39.4,39.4,0.1613,39.4
12.0,2,2,ズーキャンベラ,54.0,佐々木大,1:02.7,大,126.8,12.0,[東] 上原佑紀,2021110167,202401010402,3歳未勝利｜2024年7月28日 | 競馬データベース - netkeiba,2026-05-20T11:56:56.891262,牝,3,460.0,-6.0,0,0,12.5,12.5,35.55,0.0741,0,12,35.55,35.55,35.55,0.0741,35.55
1.0,7,11,ウインアルドーレ,57.0,佐々木大,1:46.1,,2.6,1.0,[西] 西園翔太,2021106192,202401010403,3歳未勝利｜2024年7月28日 | 競馬データベース - netkeiba,2026-05-20T11:57:14.958548,牡,3,476.0,-6.0,1,1,8.2,9.0,38.06,0.1087,0,9,38.06,38.06,38.06,0.1087,38.06
2.0,6,9,ノーブルブランカ,55.0,ルメール,1:46.2,1/2,3.8,2.0,[西] 牧浦充徳,2021100052,202401010403,3歳未勝利｜2024年7月28日 | 競馬データベース - netkeiba,2026-05-20T11:57:14.958548,牝,3,440.0,2.0,0,1,6.0,5.67,40.34,0.1429,0,8,40.34,40.34,40.34,0.1429,40.34
3.0,2,2,ダイクロアイト,57.0,丹内祐次,1:46.4,1.1/4,7.6,4.0,[東] 萩原清,2021105524,202401010403,3歳未勝利｜2024年7月28日 | 競馬データベース - netkeiba,2026-05-20T11:57:14.958548,牡,3,452.0,-8.0,0,1,3.8,5.0,38.96,0.2083,0,3,38.96,38.96,38.96,0.2083,38.96
4.0,3,3,アイウィル,57.0,北村友一,1:46.4,クビ,107.9,11.0,[東] 高木登,2021103502,202401010403,3歳未勝利｜2024年7月28日 | 競馬データベース - netkeiba,2026-05-20T11:57:14.958548,牡,3,506.0,-4.0,0,0,5.0,4.67,37.62,0.1667,0,5,37.62,37.62,37.62,0.1667,37.62
5.0,4,5,プルメリアクヒオ,54.0,長浜鴻緒,1:46.4,アタマ,4.1,3.0,[東] 深山雅史,2021103208,202401010403,3歳未勝利｜2024年7月28日 | 競馬データベース - netkeiba,2026-05-20T11:57:14.958548,牡,3,454.0,10.0,0,0,7.8,9.0,40.08,0.1136,0,8,40.08,40.08,40.08,0.1136,40.08
6.0,8,14,メイショウカンムリ,57.0,富田暁,1:46.5,1/2,48.5,9.0,[西] 木原一良,2021103003,202401010403,3歳未勝利｜2024年7月28日 | 競馬データベース - netkeiba,2026-05-20T11:57:14.958548,牡,3,458.0,-2.0,0,0,5.4,5.0,40.08,0.1562,0,6,40.08,40.08,40.08,0.1562,40.08
7.0,5,7,ユイノサンバンカン,57.0,荻野琢真,1:46.6,3/4,216.0,13.0,[東] 深山雅史,2021102819,202401010403,3歳未勝利｜2024年7月28日 | 競馬データベース - netkeiba,2026-05-20T11:57:14.958548,牡,3,462.0,0.0,0,0,5.2,5.0,40.02,0.1613,0,5,40.02,40.02,40.02,0.1613,40.02
8.0,5,8,ハヤブサキンチャン,53.0,小林勝太,1:47.9,8,17.1,6.0,[東] 稲垣幸雄,2021106579,202401010403,3歳未勝利｜2024年7月28日 | 競馬データベース - netkeiba,2026-05-20T11:57:14.958548,牝,3,474.0,0.0,0,0,4.6,4.0,39.44,0.1786,0,5,39.44,39.44,39.44,0.1786,39.44
9.0,4,6,メネラオス,57.0,西村淳也,1:48.2,2,29.5,7.0,[西] 奥村豊,2021105840,202401010403,3歳未勝利｜2024年7月28日 | 競馬データベース - netkeiba,2026-05-20T11:57:14.958548,牡,3,558.0,0.0,0,0,8.8,6.33,38.0,0.102,0,5,38.0,38.0,38.0,0.102,38.0
10.0,6,10,エクセルブラック,54.0,川端海翼,1:49.0,5,149.5,12.0,[東] 高橋文雅,2021104491,202401010403,3歳未勝利｜2024年7月28日 | 競馬データベース - netkeiba,2026-05-20T11:57:14.958548,牡,3,426.0,-10.0,0,0,6.8,5.0,40.94,0.1282,0,1,40.94,40.94,40.94,0.1282,40.94
11.0,8,13,ワイワイサンデー,57.0,菱田裕二,1:49.1,1/2,35.6,8.0,[東] 岩戸孝樹,2021100746,202401010403,3歳未勝利｜2024年7月28日 | 競馬データベース - netkeiba,2026-05-20T11:57:14.958548,牡,3,470.0,-2.0,0,0,4.6,4.33,39.52,0.1786,0,2,39.52,39.52,39.52,0.1786,39.52
12.0,3,4,ライヴロッキー,57.0,小林凌大,1:49.7,3.1/2,267.1,14.0,[東] 尾形和幸,2021104000,202401010403,3歳未勝利｜2024年7月28日 | 競馬データベース - netkeiba,2026-05-20T11:57:14.958548,牡,3,486.0,-4.0,0,0,4.6,3.33,38.94,0.1786,0,8,38.94,38.94,38.94,0.1786,38.94
13.0,7,12,リュクスレオン,57.0,永野猛蔵,1:53.2,大,14.1,5.0,[東] 高柳瑞樹,2021103285,202401010403,3歳未勝利｜2024年7月28日 | 競馬データベース - netkeiba,2026-05-20T11:57:14.958548,牡,3,470.0,-4.0,0,0,5.4,5.0,40.32,0.1562,0,4,40.32,40.32,40.32,0.1562,40.32
,1,1,メイショウムラゲ,57.0,鮫島克駿,,,101.7,10.0,[西] 鮫島一歩,2021100992,202401010403,3歳未勝利｜2024年7月28日 | 競馬データベース - netkeiba,2026-05-20T11:57:14.958548,牡,3,464.0,4.0,0,0,3.6,5.33,38.8,0.2174,0,6,38.8,38.8,38.8,0.2174,38.8
1.0,6,11,フォルテフィオーレ,57.0,佐々木大,2:02.0,,14.4,7.0,[東] 上原佑紀,2021100165,202401010404,3歳未勝利｜2024年7月28日 | 競馬データベース - netkeiba,2026-05-20T11:57:36.523734,牡,3,430.0,-12.0,1,1,3.2,3.67,34.98,0.2381,0,1,34.98,34.98,34.98,0.2381,34.98
2.0,4,7,モカラルビー,55.0,藤岡佑介,2:02.6,3.1/2,10.2,5.0,[西] 四位洋文,2021103031,202401010404,3歳未勝利｜2024年7月28日 | 競馬データベース - netkeiba,2026-05-20T11:57:36.523734,牝,3,404.0,-6.0,0,1,9.6,8.33,38.6,0.0943,0,9,38.6,38.6,38.6,0.0943,38.6
3.0,8,14,タナバタ,57.0,丹内祐次,2:02.9,2,16.8,8.0,[東] 武井亮,2021105969,202401010404,3歳未勝利｜2024年7月28日 | 競馬データベース - netkeiba,2026-05-20T11:57:36.523734,牡,3,516.0,30.0,0,1,3.4,4.67,39.9,0.2273,0,1,39.9,39.9,39.9,0.2273,39.9
4.0,7,12,ハートライト,55.0,北村友一,2:03.0,3/4,12.1,6.0,[東] 田中博康,2021102901,202401010404,3歳未勝利｜2024年7月28日 | 競馬データベース - netkeiba,2026-05-20T11:57:36.523734,牝,3,472.0,-4.0,0,0,7.0,9.0,38.56,0.125,0,7,38.56,38.56,38.56,0.125,38.56
5.0,5,8,ルクスチェリー,54.0,角田大河,2:03.1,1/2,8.2,4.0,[西] 石橋守,2021103925,202401010404,3歳未勝利｜2024年7月28日 | 競馬データベース - netkeiba,2026-05-20T11:57:36.523734,牝,3,476.0,-4.0,0,0,5.0,4.67,39.18,0.1667,0,5,39.18,39.18,39.18,0.1667,39.18
6.0,8,15,エバーアリエル,55.0,西村淳也,2:03.2,クビ,60.1,12.0,[東] 小島茂之,2021105822,202401010404,3歳未勝利｜2024年7月28日 | 競馬データベース - netkeiba,2026-05-20T11:57:36.523734,牝,3,426.0,-6.0,0,0,0.0,0.0,0.0,0.0,0,0,0.0,0.0,0.0,0.0,0.0
7.0,7,13,エグザルテーション,55.0,菱田裕二,2:03.2,ハナ,99.7,14.0,[西] 渡辺薫彦,2021104749,202401010404,3歳未勝利｜2024年7月28日 | 競馬データベース - netkeiba,2026-05-20T11:57:36.523734,牝,3,446.0,4.0,0,0,9.75,9.5,39.15,0.093,0,12,39.15,39.15,39.15,0.093,39.15
8.0,3,5,マイネルオデーサ,57.0,武藤雅,2:03.2,ハナ,24.4,9.0,[西] 宮徹,2021106844,202401010404,3歳未勝利｜2024年7月28日 | 競馬データベース - netkeiba,2026-05-20T11:57:36.523734,牡,3,456.0,10.0,0,0,5.6,7.0,40.2,0.1515,0,8,40.2,40.2,40.2,0.1515,40.2
9.0,2,2,ローレルロイズ,55.0,小林勝太,2:03.2,クビ,208.0,15.0,[西] 北出成人,2021106571,202401010404,3歳未勝利｜2024年7月28日 | 競馬データベース - netkeiba,2026-05-20T11:57:36.523734,牡,3,440.0,8.0,0,0,10.6,9.67,37.7,0.0862,0,11,37.7,37.7,37.7,0.0862,37.7
10.0,6,10,マイファミリー,57.0,黛弘人,2:03.2,ハナ,6.8,3.0,[東] 深山雅史,2021103345,202401010404,3歳未勝利｜2024年7月28日 | 競馬データベース - netkeiba,2026-05-20T11:57:36.523734,牡,3,444.0,12.0,0,0,3.4,4.67,35.58,0.2273,0,4,35.58,35.58,35.58,0.2273,35.58
11.0,5,9,ダノンロッキー,57.0,横山武史,2:03.3,クビ,3.0,1.0,[東] 萩原清,2021105654,202401010404,3歳未勝利｜2024年7月28日 | 競馬データベース - netkeiba,2026-05-20T11:57:36.523734,牡,3,494.0,2.0,0,0,3.4,3.0,0.0,0.2273,0,6,0.0,0.0,0.0,0.2273,0.0
12.0,2,3,レッドアウェイク,57.0,大野拓弥,2:03.8,3,63.8,13.0,[西] 福永祐一,2021102785,202401010404,3歳未勝利｜2024年7月28日 | 競馬データベース - netkeiba,2026-05-20T11:57:36.523734,牡,3,472.0,-4.0,0,0,8.8,10.0,36.74,0.102,0,12,36.74,36.74,36.74,0.102,36.74
13.0,1,1,ファイアンス,52.0,高杉吏麒,2:03.8,クビ,36.7,11.0,[東] 武市康男,2021106454,202401010404,3歳未勝利｜2024年7月28日 | 競馬データベース - netkeiba,2026-05-20T11:57:36.523734,牝,3,460.0,-4.0,0,0,7.6,8.0,38.7,0.1163,0,8,38.7,38.7,38.7,0.1163,38.7
14.0,4,6,ラストスピリッツ,57.0,横山和生,2:04.0,1.1/4,28.7,10.0,[西] 緒方努,2021107174,202401010404,3歳未勝利｜2024年7月28日 | 競馬データベース - netkeiba,2026-05-20T11:57:36.523734,牡,3,498.0,-2.0,0,0,8.4,10.33,41.64,0.1064,0,12,41.64,41.64,41.64,0.1064,41.64
15.0,3,4,グッドヴァイブス,57.0,ルメール,2:07.5,大,5.1,2.0,[東] 高柳瑞樹,2021101521,202401010404,3歳未勝利｜2024年7月28日 | 競馬データベース - netkeiba,2026-05-20T11:57:36.523734,牡,3,472.0,0.0,0,0,10.0,8.33,37.75,0.0909,0,7,37.75,37.75,37.75,0.0909,37.75
1.0,5,5,ファイアンクランツ,55.0,佐々木大,1:50.5,,5.0,3.0,[東] 堀宣行,2022104720,202401010405,2歳新馬｜2024年7月28日 | 競馬データベース - netkeiba,2026-05-20T11:58:08.274480,牡,2,442.0,0.0,1,1,5.6,7.67,34.78,0.1515,0,2,34.78,34.78,34.78,0.1515,34.78
2.0,7,10,ロパシック,55.0,ルメール,1:50.7,1,3.1,2.0,[東] 大竹正博,2022104906,202401010405,2歳新馬｜2024年7月28日 | 競馬データベース - netkeiba,2026-05-20T11:58:08.274480,牝,2,430.0,0.0,0,1,4.8,6.33,36.82,0.1724,0,16,36.82,36.82,36.82,0.1724,36.82
3.0,8,12,ウインベラーノ,55.0,丹内祐次,1:51.3,4,42.8,8.0,[西] 宮徹,2022106231,202401010405,2歳新馬｜2024年7月28日 | 競馬データベース - netkeiba,2026-05-20T11:58:08.274480,牡,2,436.0,0.0,0,1,5.8,8.33,36.46,0.1471,0,10,36.46,36.46,36.46,0.1471,36.46
4.0,4,4,プロフェータ,55.0,永野猛蔵,1:51.6,1.3/4,90.8,11.0,[東] 斎藤誠,2022101061,202401010405,2歳新馬｜2024年7月28日 | 競馬データベース - netkeiba,2026-05-20T11:58:08.274480,牡,2,448.0,0.0,0,0,3.6,5.0,37.06,0.2174,0,4,37.06,37.06,37.06,0.2174,37.06
5.0,6,7,マイユニバース,55.0,横山典弘,1:51.7,1/2,12.8,6.0,[西] 武幸四郎,2022104902,202401010405,2歳新馬｜2024年7月28日 | 競馬データベース - netkeiba,2026-05-20T11:58:08.274480,牡,2,458.0,0.0,0,0,3.6,1.33,35.12,0.2174,0,1,35.12,35.12,35.12,0.2174,35.12
6.0,2,2,ブルクトーア,55.0,鮫島克駿,1:51.8,1/2,3.0,1.0,[西] 長谷川浩,2022104694,202401010405,2歳新馬｜2024年7月28日 | 競馬データベース - netkeiba,2026-05-20T11:58:08.274480,牡,2,476.0,0.0,0,0,5.4,4.67,34.48,0.1562,0,11,34.48,34.48,34.48,0.1562,34.48
7.0,3,3,ウィングコマンダー,55.0,横山武史,1:52.0,1.1/2,9.3,5.0,[東] 鹿戸雄一,2022104135,202401010405,2歳新馬｜2024年7月28日 | 競馬データベース - netkeiba,2026-05-20T11:58:08.274480,牡,2,472.0,0.0,0,0,4.2,5.0,41.8,0.1923,0,4,41.8,41.8,41.8,0.1923,41.8
8.0,8,11,ウィズマスタング,53.0,小林勝太,1:52.3,1.1/2,72.3,10.0,[西] 西園翔太,2022106045,202401010405,2歳新馬｜2024年7月28日 | 競馬データベース - netkeiba,2026-05-20T11:58:08.274480,牡,2,436.0,0.0,0,0,4.6,5.33,38.46,0.1786,0,6,38.46,38.46,38.46,0.1786,38.46
9.0,1,1,レベッカレインボー,55.0,西村淳也,1:52.4,1/2,121.8,12.0,[西] 高橋義忠,2022101069,202401010405,2歳新馬｜2024年7月28日 | 競馬データベース - netkeiba,2026-05-20T11:58:08.274480,牝,2,424.0,0.0,0,0,2.4,2.67,41.2,0.2941,0,4,41.2,41.2,41.2,0.2941,41.2
10.0,6,8,シャインローザ,52.0,高杉吏麒,1:52.5,3/4,37.1,7.0,[西] 中村直也,2022100646,202401010405,2歳新馬｜2024年7月28日 | 競馬データベース - netkeiba,2026-05-20T11:58:08.274480,牝,2,458.0,0.0,0,0,5.75,5.5,40.98,0.1481,0,3,40.98,40.98,40.98,0.1481,40.98
11.0,5,6,ブラゾンロワイヤル,55.0,菱田裕二,1:54.2,10,49.0,9.0,[西] 石坂公一,2022105586,202401010405,2歳新馬｜2024年7月28日 | 競馬データベース - netkeiba,2026-05-20T11:58:08.274480,牡,2,506.0,0.0,0,0,10.8,11.0,40.6,0.0847,0,12,40.6,40.6,40.6,0.0847,40.6
12.0,7,9,エレガンシア,55.0,武豊,1:55.8,10,8.1,4.0,[西] 高柳大輔,2022103705,202401010405,2歳新馬｜2024年7月28日 | 競馬データベース - netkeiba,2026-05-20T11:58:08.274480,牝,2,438.0,0.0,0,0,6.0,7.0,35.06,0.1429,0,10,35.06,35.06,35.06,0.1429,35.06
1.0,5,8,ミッキーラッキー,55.0,ルメール,1:44.1,,2.6,1.0,[東] 堀宣行,2021105561,202401010406,3歳以上1勝クラス｜2024年7月28日 | 競馬データベース - netkeiba,2026-05-20T11:58:45.278362,牡,3,552.0,-16.0,1,1,8.4,10.0,38.62,0.1064,0,13,38.62,38.62,38.62,0.1064,38.62
2.0,5,7,フクノブルジュ,58.0,横山和生,1:44.4,1.3/4,7.3,4.0,[東] 竹内正洋,2020101465,202401010406,3歳以上1勝クラス｜2024年7月28日 | 競馬データベース - netkeiba,2026-05-20T11:58:45.278362,牡,4,454.0,4.0,0,1,5.75,4.5,39.58,0.1481,0,4,39.58,39.58,39.58,0.1481,39.58
3.0,3,3,カムランベイ,58.0,丹内祐次,1:44.7,1.3/4,11.0,5.0,[東] 岩戸孝樹,2020101803,202401010406,3歳以上1勝クラス｜2024年7月28日 | 競馬データベース - netkeiba,2026-05-20T11:58:45.278362,牡,4,502.0,-2.0,0,1,4.6,5.67,39.34,0.1786,0,5,39.34,39.34,39.34,0.1786,39.34
4.0,3,4,ヒデシンイメル,55.0,富田暁,1:44.9,1.1/4,18.0,7.0,[西] 武英智,2021100678,202401010406,3歳以上1勝クラス｜2024年7月28日 | 競馬データベース - netkeiba,2026-05-20T11:58:45.278362,牡,3,454.0,-4.0,0,0,5.4,3.33,40.2,0.1562,0,2,40.2,40.2,40.2,0.1562,40.2
5.0,7,11,ポワンキュルミナン,58.0,菱田裕二,1:44.9,ハナ,5.4,3.0,[西] 岡田稲男,2020102955,202401010406,3歳以上1勝クラス｜2024年7月28日 | 競馬データベース - netkeiba,2026-05-20T11:58:45.278362,牡,4,422.0,-4.0,0,0,9.6,8.0,38.1,0.0943,0,4,38.1,38.1,38.1,0.0943,38.1
6.0,4,6,ワイドブリザード,52.0,高杉吏麒,1:45.2,1.1/2,4.1,2.0,[東] 武井亮,2021104416,202401010406,3歳以上1勝クラス｜2024年7月28日 | 競馬データベース - netkeiba,2026-05-20T11:58:45.278362,セ,3,420.0,-12.0,0,0,4.8,5.0,37.62,0.1724,0,10,37.62,37.62,37.62,0.1724,37.62
7.0,7,12,ベイビールビオ,58.0,佐々木大,1:45.4,1.1/2,13.7,6.0,[東] 田村康仁,2019103592,202401010406,3歳以上1勝クラス｜2024年7月28日 | 競馬データベース - netkeiba,2026-05-20T11:58:45.278362,牡,5,494.0,-4.0,0,0,9.0,9.67,38.64,0.1,0,12,38.64,38.64,38.64,0.1,38.64
8.0,6,10,マンダリンボレロ,58.0,水口優也,1:45.4,ハナ,136.1,13.0,[東] 伊藤伸一,2020101655,202401010406,3歳以上1勝クラス｜2024年7月28日 | 競馬データベース - netkeiba,2026-05-20T11:58:45.278362,牡,4,486.0,2.0,0,0,6.2,6.0,39.2,0.1389,0,9,39.2,39.2,39.2,0.1389,39.2
9.0,6,9,タマモネモフィラ,54.0,小林勝太,1:45.9,3,63.5,10.0,[西] 大橋勇樹,2020103991,202401010406,3歳以上1勝クラス｜2024年7月28日 | 競馬データベース - netkeiba,2026-05-20T11:58:45.278362,牝,4,478.0,-2.0,0,0,8.4,8.33,37.94,0.1064,0,9,37.94,37.94,37.94,0.1064,37.94
10.0,4,5,ブレットフライ,55.0,長浜鴻緒,1:46.0,クビ,184.6,14.0,[東] 萱野浩二,2019104005,202401010406,3歳以上1勝クラス｜2024年7月28日 | 競馬データベース - netkeiba,2026-05-20T11:58:45.278362,牡,5,504.0,-4.0,0,0,9.8,9.67,41.74,0.0926,0,11,41.74,41.74,41.74,0.0926,41.74
11.0,8,14,チャールストン,54.0,古川奈穂,1:46.0,アタマ,98.5,12.0,[東] 小手川準,2019101814,202401010406,3歳以上1勝クラス｜2024年7月28日 | 競馬データベース - netkeiba,2026-05-20T11:58:45.278362,セ,5,478.0,0.0,0,0,4.0,3.67,39.06,0.2,0,1,39.06,39.06,39.06,0.2,39.06
12.0,8,13,スティーロポリス,58.0,鮫島克駿,1:46.2,1,52.5,9.0,[西] 西村真幸,2020103619,202401010406,3歳以上1勝クラス｜2024年7月28日 | 競馬データベース - netkeiba,2026-05-20T11:58:45.278362,牡,4,514.0,-10.0,0,0,7.0,8.0,39.92,0.125,0,10,39.92,39.92,39.92,0.125,39.92
13.0,1,1,リキサンハート,56.0,黛弘人,1:46.9,4,89.9,11.0,[東] 奥平雅士,2018102813,202401010406,3歳以上1勝クラス｜2024年7月28日 | 競馬データベース - netkeiba,2026-05-20T11:58:45.278362,牝,6,504.0,-2.0,0,0,8.8,8.0,38.62,0.102,0,13,38.62,38.62,38.62,0.102,38.62
14.0,2,2,キングヴァージル,55.0,永野猛蔵,1:47.0,1/2,50.4,8.0,[西] 矢作芳人,2021104878,202401010406,3歳以上1勝クラス｜2024年7月28日 | 競馬データベース - netkeiba,2026-05-20T11:58:45.278362,牡,3,496.0,-10.0,0,0,10.2,7.33,38.52,0.0893,0,4,38.52,38.52,38.52,0.0893,38.52
1.0,7,7,リラボニート,53.0,浜中俊,1:48.1,,7.2,4.0,[西] 須貝尚介,2021103519,202401010407,3歳以上1勝クラス｜2024年7月28日 | 競馬データベース - netkeiba,2026-05-20T11:58:58.865313,牝,3,470.0,12.0,1,1,6.2,7.0,33.76,0.1389,0,9,33.76,33.76,33.76,0.1389,33.76
2.0,2,2,トレミニョン,53.0,佐々木大,1:48.2,クビ,6.9,3.0,[東] 和田勇介,2021105144,202401010407,3歳以上1勝クラス｜2024年7月28日 | 競馬データベース - netkeiba,2026-05-20T11:58:58.865313,牝,3,458.0,-2.0,0,1,6.2,9.33,35.8,0.1389,0,12,35.8,35.8,35.8,0.1389,35.8
3.0,4,4,ウインルピナス,56.0,横山武史,1:48.4,1.1/2,15.4,6.0,[東] 鈴木伸尋,2020105183,202401010407,3歳以上1勝クラス｜2024年7月28日 | 競馬データベース - netkeiba,2026-05-20T11:58:58.865313,牝,4,432.0,-4.0,0,1,6.4,7.67,34.36,0.1351,0,5,34.36,34.36,34.36,0.1351,34.36
4.0,5,5,パルクリチュード,56.0,西村淳也,1:48.6,1.1/4,12.8,5.0,[西] 松永幹夫,2020103361,202401010407,3歳以上1勝クラス｜2024年7月28日 | 競馬データベース - netkeiba,2026-05-20T11:58:58.865313,牝,4,448.0,10.0,0,0,6.4,9.67,36.98,0.1351,0,10,36.98,36.98,36.98,0.1351,36.98
5.0,1,1,ピクシレーション,54.0,小林勝太,1:48.7,1/2,28.9,7.0,[東] 菊沢隆徳,2020102868,202401010407,3歳以上1勝クラス｜2024年7月28日 | 競馬データベース - netkeiba,2026-05-20T11:58:58.865313,牝,4,478.0,16.0,0,0,4.2,3.67,37.24,0.1923,0,6,37.24,37.24,37.24,0.1923,37.24
6.0,8,9,ミッキースピネル,53.0,藤岡佑介,1:48.8,クビ,1.8,1.0,[西] 中内田充,2021103259,202401010407,3歳以上1勝クラス｜2024年7月28日 | 競馬データベース - netkeiba,2026-05-20T11:58:58.865313,牝,3,482.0,-4.0,0,0,2.8,2.33,34.18,0.2632,0,3,34.18,34.18,34.18,0.2632,34.18
7.0,8,10,バロックダンス,56.0,大野拓弥,1:48.9,1/2,89.3,9.0,[東] 小手川準,2020103094,202401010407,3歳以上1勝クラス｜2024年7月28日 | 競馬データベース - netkeiba,2026-05-20T11:58:58.865313,牝,4,464.0,-8.0,0,0,9.6,11.33,35.76,0.0943,0,10,35.76,35.76,35.76,0.0943,35.76
8.0,7,8,コスモエスメラルダ,53.0,丹内祐次,1:49.3,2.1/2,59.0,8.0,[東] 畠山吉宏,2021106785,202401010407,3歳以上1勝クラス｜2024年7月28日 | 競馬データベース - netkeiba,2026-05-20T11:58:58.865313,牝,3,516.0,16.0,0,0,6.6,6.33,40.8,0.1316,0,3,40.8,40.8,40.8,0.1316,40.8
9.0,6,6,エリカエスティーム,53.0,横山和生,1:50.1,5,4.8,2.0,[東] 宮田敬介,2021105814,202401010407,3歳以上1勝クラス｜2024年7月28日 | 競馬データベース - netkeiba,2026-05-20T11:58:58.865313,牝,3,508.0,-4.0,0,0,10.0,13.67,36.8,0.0909,0,16,36.8,36.8,36.8,0.0909,36.8
10.0,3,3,コートリーバウ,50.0,川端海翼,1:51.3,7,104.9,10.0,[西] 池添学,2021105543,202401010407,3歳以上1勝クラス｜2024年7月28日 | 競馬データベース - netkeiba,2026-05-20T11:58:58.865313,牝,3,408.0,2.0,0,0,12.4,13.33,37.08,0.0746,0,15,37.08,37.08,37.08,0.0746,37.08
1.0,3,3,ロードトレイル,52.0,高杉吏麒,1:09.6,,5.5,2.0,[西] 藤岡健一,2021100157,202401010408,3歳以上1勝クラス｜2024年7月28日 | 競馬データベース - netkeiba,2026-05-20T11:59:20.706971,牡,3,480.0,4.0,1,1,8.0,7.67,34.72,0.1111,0,2,34.72,34.72,34.72,0.1111,34.72
2.0,4,5,アポロルタ,56.0,横山和生,1:09.6,アタマ,18.9,6.0,[東] 村田一誠,2019106637,202401010408,3歳以上1勝クラス｜2024年7月28日 | 競馬データベース - netkeiba,2026-05-20T11:59:20.706971,牝,5,448.0,-2.0,0,1,11.4,11.0,35.26,0.0806,0,12,35.26,35.26,35.26,0.0806,35.26
3.0,6,9,イイデスカイハイ,53.0,永野猛蔵,1:09.7,1/2,84.7,13.0,[地] 村上正和,2021109022,202401010408,3歳以上1勝クラス｜2024年7月28日 | 競馬データベース - netkeiba,2026-05-20T11:59:20.706971,牝,3,444.0,2.0,0,1,7.4,5.67,39.16,0.119,0,9,39.16,39.16,39.16,0.119,39.16
4.0,8,13,サニイアール,53.0,丹内祐次,1:09.8,クビ,58.8,11.0,[東] 田村康仁,2021103052,202401010408,3歳以上1勝クラス｜2024年7月28日 | 競馬データベース - netkeiba,2026-05-20T11:59:20.706971,牝,3,446.0,4.0,0,0,5.0,5.0,41.44,0.1667,0,4,41.44,41.44,41.44,0.1667,41.44
5.0,5,8,シンデレラスマイル,56.0,武藤雅,1:09.8,アタマ,13.1,4.0,[東] 武藤善則,2020104824,202401010408,3歳以上1勝クラス｜2024年7月28日 | 競馬データベース - netkeiba,2026-05-20T11:59:20.706971,牝,4,444.0,-2.0,0,0,3.4,3.33,39.14,0.2273,0,1,39.14,39.14,39.14,0.2273,39.14
6.0,6,10,パクスロマーナ,56.0,荻野琢真,1:09.8,ハナ,45.4,10.0,[西] 藤沢則雄,2020104616,202401010408,3歳以上1勝クラス｜2024年7月28日 | 競馬データベース - netkeiba,2026-05-20T11:59:20.706971,牝,4,422.0,-2.0,0,0,9.8,13.0,34.36,0.0926,0,15,34.36,34.36,34.36,0.0926,34.36
7.0,3,4,セントキルダ,55.0,富田暁,1:10.0,1.1/4,30.9,9.0,[西] 音無秀孝,2021105175,202401010408,3歳以上1勝クラス｜2024年7月28日 | 競馬データベース - netkeiba,2026-05-20T11:59:20.706971,牡,3,460.0,-4.0,0,0,10.4,8.67,38.66,0.0877,0,7,38.66,38.66,38.66,0.0877,38.66
8.0,4,6,ジョーメッドヴィン,55.0,佐々木大,1:10.0,クビ,1.7,1.0,[西] 清水久詞,2021100522,202401010408,3歳以上1勝クラス｜2024年7月28日 | 競馬データベース - netkeiba,2026-05-20T11:59:20.706971,牡,3,502.0,4.0,0,0,6.4,7.33,33.9,0.1351,0,3,33.9,33.9,33.9,0.1351,33.9
9.0,5,7,レディーエンジェル,53.0,菱田裕二,1:10.0,アタマ,26.0,7.0,[西] 岡田稲男,2021103289,202401010408,3歳以上1勝クラス｜2024年7月28日 | 競馬データベース - netkeiba,2026-05-20T11:59:20.706971,牝,3,476.0,4.0,0,0,12.8,15.0,35.74,0.0725,0,15,35.74,35.74,35.74,0.0725,35.74
10.0,7,12,ハピアーザンエバー,55.0,黛弘人,1:10.1,1/2,15.2,5.0,[西] 羽月友彦,2021106854,202401010408,3歳以上1勝クラス｜2024年7月28日 | 競馬データベース - netkeiba,2026-05-20T11:59:20.706971,牡,3,440.0,-8.0,0,0,10.4,10.33,34.78,0.0877,0,11,34.78,34.78,34.78,0.0877,34.78
11.0,7,11,ポリトナリティー,50.0,古川奈穂,1:10.3,1.1/4,162.6,14.0,[東] 和田雄二,2021100016,202401010408,3歳以上1勝クラス｜2024年7月28日 | 競馬データベース - netkeiba,2026-05-20T11:59:20.706971,牝,3,406.0,-6.0,0,0,11.0,10.33,0.0,0.0833,0,10,0.0,0.0,0.0,0.0833,0.0
12.0,2,2,インクルードダイヤ,55.0,角田大河,1:10.3,ハナ,78.6,12.0,[西] 藤野健太,2020103418,202401010408,3歳以上1勝クラス｜2024年7月28日 | 競馬データベース - netkeiba,2026-05-20T11:59:20.706971,牝,4,466.0,-6.0,0,0,12.4,13.0,39.46,0.0746,0,12,39.46,39.46,39.46,0.0746,39.46
13.0,1,1,オオゾラヒバリ,50.0,長浜鴻緒,1:10.7,2,6.9,3.0,[東] 根本康広,2021101793,202401010408,3歳以上1勝クラス｜2024年7月28日 | 競馬データベース - netkeiba,2026-05-20T11:59:20.706971,牝,3,442.0,-8.0,0,0,9.2,11.0,36.3,0.098,0,15,36.3,36.3,36.3,0.098,36.3
14.0,8,14,ニシノクラウン,53.0,小林勝太,1:11.2,3,30.0,8.0,[東] 相沢郁,2021100187,202401010408,3歳以上1勝クラス｜2024年7月28日 | 競馬データベース - netkeiba,2026-05-20T11:59:20.706971,セ,3,470.0,14.0,0,0,11.8,12.67,36.66,0.0781,0,16,36.66,36.66,36.66,0.0781,36.66
1.0,8,11,アスターブジエ,58.0,西村淳也,2:40.9,,5.2,2.0,[西] 中竹和也,2020103111,202401010409,阿寒湖特別｜2024年7月28日 | 競馬データベース - netkeiba,2026-05-20T11:59:35.050803,牡,4,468.0,6.0,1,1,6.6,8.0,34.78,0.1316,0,12,34.78,34.78,34.78,0.1316,34.78
2.0,6,7,アドマイヤテラ,55.0,ルメール,2:41.0,クビ,1.5,1.0,[西] 友道康夫,2021105369,202401010409,阿寒湖特別｜2024年7月28日 | 競馬データベース - netkeiba,2026-05-20T11:59:35.050803,牡,3,480.0,-10.0,0,1,4.75,5.0,34.92,0.1739,0,3,34.92,34.92,34.92,0.1739,34.92
3.0,5,5,ノーブルクライ,58.0,佐々木大,2:41.2,1.1/4,14.5,5.0,[東] 田村康仁,2020102976,202401010409,阿寒湖特別｜2024年7月28日 | 競馬データベース - netkeiba,2026-05-20T11:59:35.050803,牡,4,498.0,-6.0,0,1,6.6,5.67,34.35,0.1316,0,2,34.35,34.35,34.35,0.1316,34.35
4.0,7,9,ウェイビー,56.0,鮫島克駿,2:41.4,1.1/4,69.2,10.0,[西] 西村真幸,2020104764,202401010409,阿寒湖特別｜2024年7月28日 | 競馬データベース - netkeiba,2026-05-20T11:59:35.050803,牝,4,536.0,-14.0,0,0,7.0,7.67,38.3,0.125,0,8,38.3,38.3,38.3,0.125,38.3
5.0,7,10,ナムアミダブツ,58.0,菱田裕二,2:41.7,2,62.5,9.0,[西] 石坂公一,2017104681,202401010409,阿寒湖特別｜2024年7月28日 | 競馬データベース - netkeiba,2026-05-20T11:59:35.050803,牡,7,474.0,8.0,0,0,9.4,11.33,35.76,0.0962,0,10,35.76,35.76,35.76,0.0962,35.76
6.0,5,6,ボーンイングランデ,58.0,池添謙一,2:41.9,1.1/4,141.1,11.0,[西] 吉田直弘,2020106439,202401010409,阿寒湖特別｜2024年7月28日 | 競馬データベース - netkeiba,2026-05-20T11:59:35.050803,牡,4,476.0,10.0,0,0,8.4,9.67,36.32,0.1064,0,15,36.32,36.32,36.32,0.1064,36.32
7.0,3,3,レイデラルース,55.0,横山武史,2:41.9,クビ,7.6,3.0,[東] 手塚貴久,2021105475,202401010409,阿寒湖特別｜2024年7月28日 | 競馬データベース - netkeiba,2026-05-20T11:59:35.050803,牡,3,496.0,10.0,0,0,5.4,6.67,35.98,0.1562,0,7,35.98,35.98,35.98,0.1562,35.98
8.0,4,4,アップトゥミー,56.0,浜中俊,2:42.4,2.1/2,28.0,7.0,[東] 国枝栄,2020103641,202401010409,阿寒湖特別｜2024年7月28日 | 競馬データベース - netkeiba,2026-05-20T11:59:35.050803,牝,4,490.0,-10.0,0,0,6.4,6.0,34.44,0.1351,0,7,34.44,34.44,34.44,0.1351,34.44
9.0,2,2,ワレハウミノコ,56.0,武豊,2:42.5,3/4,12.8,4.0,[西] 武英智,2020102831,202401010409,阿寒湖特別｜2024年7月28日 | 競馬データベース - netkeiba,2026-05-20T11:59:35.050803,牝,4,452.0,-12.0,0,0,13.4,11.33,37.28,0.0694,0,15,37.28,37.28,37.28,0.0694,37.28
10.0,8,12,マイネルメサイア,58.0,丹内祐次,2:43.7,7,48.4,8.0,[東] 水野貴広,2019100788,202401010409,阿寒湖特別｜2024年7月28日 | 競馬データベース - netkeiba,2026-05-20T11:59:35.050803,牡,5,472.0,-12.0,0,0,6.2,7.67,0.0,0.1389,0,7,0.0,0.0,0.0,0.1389,0.0
11.0,6,8,カナオールウェイズ,58.0,藤岡佑介,2:43.7,ハナ,27.5,6.0,[西] 藤岡健一,2020103321,202401010409,阿寒湖特別｜2024年7月28日 | 競馬データベース - netkeiba,2026-05-20T11:59:35.050803,牡,4,500.0,-8.0,0,0,2.4,2.67,38.56,0.2941,0,4,38.56,38.56,38.56,0.2941,38.56
12.0,1,1,マコトヴィクラント,58.0,古川吉洋,2:44.7,6,184.1,12.0,[西] 鮫島一歩,2020104940,202401010409,阿寒湖特別｜2024年7月28日 | 競馬データベース - netkeiba,2026-05-20T11:59:35.050803,牡,4,472.0,4.0,0,0,10.0,10.67,38.76,0.0909,0,13,38.76,38.76,38.76,0.0909,38.76
1.0,8,10,シダー,56.0,角田大河,1:43.0,,7.2,4.0,[西] 本田優,2019100177,202401010410,ポプラステークス｜2024年7月28日 | 競馬データベース - netkeiba,2026-05-20T11:59:54.595390,牝,5,496.0,-16.0,1,1,7.5,6.5,38.88,0.1176,0,8,38.88,38.88,38.88,0.1176,38.88
2.0,7,8,フォーチュンテラー,58.0,鮫島克駿,1:43.3,1.3/4,8.0,5.0,[西] 浜田多実,2019100631,202401010410,ポプラステークス｜2024年7月28日 | 競馬データベース - netkeiba,2026-05-20T11:59:54.595390,牡,5,472.0,-16.0,0,1,8.8,8.67,38.16,0.102,0,5,38.16,38.16,38.16,0.102,38.16
3.0,2,2,インヴァリアンス,58.0,丹内祐次,1:43.7,2.1/2,70.3,8.0,[東] 尾関知人,2018105423,202401010410,ポプラステークス｜2024年7月28日 | 競馬データベース - netkeiba,2026-05-20T11:59:54.595390,セ,6,482.0,0.0,0,1,6.8,5.0,40.33,0.1282,0,5,40.33,40.33,40.33,0.1282,40.33
4.0,6,6,ヴァンドゥラン,58.0,佐々木大,1:43.8,クビ,12.8,6.0,[西] 高柳大輔,2020105991,202401010410,ポプラステークス｜2024年7月28日 | 競馬データベース - netkeiba,2026-05-20T11:59:54.595390,牡,4,484.0,-12.0,0,0,6.2,8.33,37.58,0.1389,0,4,37.58,37.58,37.58,0.1389,37.58
5.0,1,1,レッドラグラス,58.0,西村淳也,1:43.9,3/4,3.2,1.0,[西] 中内田充,2020103183,202401010410,ポプラステークス｜2024年7月28日 | 競馬データベース - netkeiba,2026-05-20T11:59:54.595390,牡,4,482.0,-12.0,0,0,7.2,10.0,37.6,0.122,0,12,37.6,37.6,37.6,0.122,37.6
6.0,5,5,ピースオブザライフ,56.0,藤岡佑介,1:44.0,3/4,4.3,3.0,[西] 野中賢二,2020101024,202401010410,ポプラステークス｜2024年7月28日 | 競馬データベース - netkeiba,2026-05-20T11:59:54.595390,牝,4,490.0,12.0,0,0,10.0,8.67,37.1,0.0909,0,14,37.1,37.1,37.1,0.0909,37.1
7.0,4,4,ストライク,58.0,横山武史,1:44.7,4,3.4,2.0,[東] 加藤士津,2020105869,202401010410,ポプラステークス｜2024年7月28日 | 競馬データベース - netkeiba,2026-05-20T11:59:54.595390,牡,4,496.0,-6.0,0,0,0.0,0.0,0.0,0.0,0,0,0.0,0.0,0.0,0.0,0.0
8.0,3,3,ビキニボーイ,58.0,荻野琢真,1:44.9,1.1/4,90.3,9.0,[西] 梅田智之,2020104426,202401010410,ポプラステークス｜2024年7月28日 | 競馬データベース - netkeiba,2026-05-20T11:59:54.595390,牡,4,500.0,0.0,0,0,3.8,3.33,38.56,0.2083,0,1,38.56,38.56,38.56,0.2083,38.56
9.0,7,7,ゲンパチハマジ,58.0,小林凌大,1:45.3,2.1/2,145.3,10.0,[西] 佐々木晶,2018106031,202401010410,ポプラステークス｜2024年7月28日 | 競馬データベース - netkeiba,2026-05-20T11:59:54.595390,牡,6,516.0,2.0,0,0,7.8,8.0,40.12,0.1136,0,11,40.12,40.12,40.12,0.1136,40.12
10.0,8,9,プレミアムスマイル,56.0,大野拓弥,1:46.5,7,19.5,7.0,[西] 福永祐一,2019105256,202401010410,ポプラステークス｜2024年7月28日 | 競馬データベース - netkeiba,2026-05-20T11:59:54.595390,牝,5,510.0,4.0,0,0,13.0,12.0,39.56,0.0714,0,11,39.56,39.56,39.56,0.0714,39.56
1.0,7,12,コガネノソラ,51.0,丹内祐次,1:47.4,,9.6,5.0,[東] 菊沢隆徳,2021106823,202401010411,クイーンステークス｜2024年7月28日 | 競馬データベース - netkeiba,2026-05-20T12:00:19.817219,牝,3,454.0,6.0,1,1,6.4,5.0,35.02,0.1351,0,1,35.02,35.02,35.02,0.1351,35.02
2.0,1,1,ボンドガール,51.0,武豊,1:47.4,アタマ,4.4,2.0,[東] 手塚貴久,2021107179,202401010411,クイーンステークス｜2024年7月28日 | 競馬データベース - netkeiba,2026-05-20T12:00:19.817219,牝,3,458.0,6.0,0,1,9.0,7.67,34.28,0.1,0,11,34.28,34.28,34.28,0.1,34.28
3.0,5,7,アルジーヌ,55.0,藤岡佑介,1:47.5,クビ,13.3,7.0,[西] 中内田充,2020100148,202401010411,クイーンステークス｜2024年7月28日 | 競馬データベース - netkeiba,2026-05-20T12:00:19.817219,牝,4,456.0,-6.0,0,1,2.8,3.67,34.1,0.2632,0,6,34.1,34.1,34.1,0.2632,34.1
4.0,8,13,ドゥアイズ,55.0,鮫島克駿,1:47.5,ハナ,5.3,3.0,[西] 庄野靖志,2020103732,202401010411,クイーンステークス｜2024年7月28日 | 競馬データベース - netkeiba,2026-05-20T12:00:19.817219,牝,4,474.0,2.0,0,0,11.6,12.67,35.08,0.0794,0,13,35.08,35.08,35.08,0.0794,35.08
5.0,4,6,コンクシェル,56.0,横山武史,1:47.5,ハナ,13.2,6.0,[西] 清水久詞,2020105626,202401010411,クイーンステークス｜2024年7月28日 | 競馬データベース - netkeiba,2026-05-20T12:00:19.817219,牝,4,476.0,0.0,0,0,13.4,14.33,38.76,0.0694,0,16,38.76,38.76,38.76,0.0694,38.76
6.0,6,9,スタニングローズ,57.0,北村友一,1:47.6,3/4,13.8,9.0,[西] 高野友和,2019105565,202401010411,クイーンステークス｜2024年7月28日 | 競馬データベース - netkeiba,2026-05-20T12:00:19.817219,牝,5,492.0,2.0,0,0,6.4,5.0,35.16,0.1351,0,8,35.16,35.16,35.16,0.1351,35.16
7.0,3,3,イフェイオン,52.0,西村淳也,1:47.7,3/4,9.3,4.0,[西] 杉山佳明,2021104955,202401010411,クイーンステークス｜2024年7月28日 | 競馬データベース - netkeiba,2026-05-20T12:00:19.817219,牝,3,484.0,4.0,0,0,11.75,9.0,34.83,0.0784,0,10,34.83,34.83,34.83,0.0784,34.83
8.0,4,5,モズゴールドバレル,55.0,高杉吏麒,1:47.7,アタマ,102.8,12.0,[西] 藤岡健一,2019110060,202401010411,クイーンステークス｜2024年7月28日 | 競馬データベース - netkeiba,2026-05-20T12:00:19.817219,牝,5,466.0,0.0,0,0,10.4,9.67,35.04,0.0877,0,13,35.04,35.04,35.04,0.0877,35.04
9.0,3,4,ラリュエル,55.0,佐々木大,1:47.8,1/2,94.3,11.0,[西] 矢作芳人,2019104700,202401010411,クイーンステークス｜2024年7月28日 | 競馬データベース - netkeiba,2026-05-20T12:00:19.817219,牝,5,434.0,6.0,0,0,7.0,8.0,34.98,0.125,0,10,34.98,34.98,34.98,0.125,34.98
10.0,2,2,ウンブライル,55.0,ルメール,1:47.9,1/2,3.9,1.0,[東] 木村哲也,2020103674,202401010411,クイーンステークス｜2024年7月28日 | 競馬データベース - netkeiba,2026-05-20T12:00:19.817219,牝,4,478.0,4.0,0,0,5.8,8.0,33.52,0.1471,0,7,33.52,33.52,33.52,0.1471,33.52
11.0,7,11,エリカヴィータ,56.0,池添謙一,1:48.1,1,106.6,13.0,[東] 国枝栄,2019105448,202401010411,クイーンステークス｜2024年7月28日 | 競馬データベース - netkeiba,2026-05-20T12:00:19.817219,牝,5,454.0,-10.0,0,0,9.4,9.0,35.54,0.0962,0,14,35.54,35.54,35.54,0.0962,35.54
12.0,8,14,モリアーナ,57.0,武藤雅,1:48.1,ハナ,13.4,8.0,[東] 武藤善則,2020103322,202401010411,クイーンステークス｜2024年7月28日 | 競馬データベース - netkeiba,2026-05-20T12:00:19.817219,牝,4,488.0,0.0,0,0,8.8,11.33,33.92,0.102,0,14,33.92,33.92,33.92,0.102,33.92
13.0,6,10,キタウイング,55.0,黛弘人,1:49.0,5,167.8,14.0,[東] 小島茂之,2020106967,202401010411,クイーンステークス｜2024年7月28日 | 競馬データベース - netkeiba,2026-05-20T12:00:19.817219,牝,4,440.0,-4.0,0,0,13.8,15.0,34.56,0.0676,0,16,34.56,34.56,34.56,0.0676,34.56
14.0,5,8,ウインピクシス,55.0,横山和生,1:49.7,4,24.5,10.0,[東] 上原博之,2019100205,202401010411,クイーンステークス｜2024年7月28日 | 競馬データベース - netkeiba,2026-05-20T12:00:19.817219,牝,5,448.0,4.0,0,0,10.0,10.0,36.58,0.0909,0,14,36.58,36.58,36.58,0.0909,36.58
1.0,8,10,エリカサファイア,53.0,佐々木大,1:42.8,,1.5,1.0,[東] 堀宣行,2021103732,202401010412,3歳以上2勝クラス｜2024年7月28日 | 競馬データベース - netkeiba,2026-05-20T12:01:00.200664,牝,3,476.0,-14.0,1,1,5.8,6.33,38.38,0.1471,0,5,38.38,38.38,38.38,0.1471,38.38
2.0,5,5,カプラローラ,56.0,横山和生,1:43.4,3.1/2,5.4,2.0,[東] 菊沢隆徳,2019104592,202401010412,3歳以上2勝クラス｜2024年7月28日 | 競馬データベース - netkeiba,2026-05-20T12:01:00.200664,牝,5,486.0,6.0,0,1,4.0,4.33,36.72,0.2,0,2,36.72,36.72,36.72,0.2,36.72
3.0,7,8,シグナルファイアー,56.0,永野猛蔵,1:43.5,1,71.2,9.0,[東] 水野貴広,2020101228,202401010412,3歳以上2勝クラス｜2024年7月28日 | 競馬データベース - netkeiba,2026-05-20T12:01:00.200664,牝,4,484.0,-2.0,0,1,8.4,7.33,38.92,0.1064,0,11,38.92,38.92,38.92,0.1064,38.92
4.0,8,9,アーレンダール,56.0,岩田康誠,1:43.7,1,22.6,6.0,[東] 宮田敬介,2019105063,202401010412,3歳以上2勝クラス｜2024年7月28日 | 競馬データベース - netkeiba,2026-05-20T12:01:00.200664,牝,5,502.0,2.0,0,0,7.0,9.67,37.68,0.125,0,10,37.68,37.68,37.68,0.125,37.68
5.0,6,6,タガノチョコラータ,55.0,角田大河,1:44.2,3,24.6,7.0,[西] 角田晃一,2020105533,202401010412,3歳以上2勝クラス｜2024年7月28日 | 競馬データベース - netkeiba,2026-05-20T12:01:00.200664,牝,4,502.0,-6.0,0,0,6.4,9.67,38.36,0.1351,0,7,38.36,38.36,38.36,0.1351,38.36
6.0,2,2,アルタビスタ,56.0,西村淳也,1:44.2,アタマ,14.5,5.0,[西] 松永幹夫,2020103579,202401010412,3歳以上2勝クラス｜2024年7月28日 | 競馬データベース - netkeiba,2026-05-20T12:01:00.200664,牝,4,472.0,26.0,0,0,9.8,10.33,39.42,0.0926,0,7,39.42,39.42,39.42,0.0926,39.42
7.0,4,4,ミッキーマカロン,56.0,菱田裕二,1:44.3,クビ,12.0,4.0,[西] 大久保龍,2020103403,202401010412,3歳以上2勝クラス｜2024年7月28日 | 競馬データベース - netkeiba,2026-05-20T12:01:00.200664,牝,4,450.0,8.0,0,0,8.8,11.33,38.84,0.102,0,7,38.84,38.84,38.84,0.102,38.84
8.0,1,1,デュードメール,56.0,丹内祐次,1:45.4,7,33.5,8.0,[東] 辻哲英,2019105399,202401010412,3歳以上2勝クラス｜2024年7月28日 | 競馬データベース - netkeiba,2026-05-20T12:01:00.200664,牝,5,474.0,8.0,0,0,4.4,5.67,36.82,0.1852,0,5,36.82,36.82,36.82,0.1852,36.82
9.0,7,7,フローラルビアンカ,56.0,藤岡佑介,1:45.7,1.1/2,7.9,3.0,[西] 田中克典,2019105358,202401010412,3歳以上2勝クラス｜2024年7月28日 | 競馬データベース - netkeiba,2026-05-20T12:01:00.200664,牝,5,478.0,-4.0,0,0,5.8,5.33,38.14,0.1471,0,9,38.14,38.14,38.14,0.1471,38.14
10.0,3,3,シャドウレディー,56.0,北村友一,1:46.4,4,88.7,10.0,[東] 金成貴史,2020102990,202401010412,3歳以上2勝クラス｜2024年7月28日 | 競馬データベース - netkeiba,2026-05-20T12:01:00.200664,牝,4,434.0,0.0,0,0,10.0,11.33,38.08,0.0909,0,13,38.08,38.08,38.08,0.0909,38.08
1.0,7,8,アーリントンロウ,55.0,坂井瑠星,1:20.6,,4.0,2.0,[西] 松下武士,2022105921,202404020201,2歳未勝利｜2024年7月28日 | 競馬データベース - netkeiba,2026-05-20T12:01:23.264092,牡,2,506.0,2.0,1,1,6.4,9.33,35.94,0.1351,0,6,35.94,35.94,35.94,0.1351,35.94
2.0,3,3,ネーヴェフレスカ,55.0,和田竜二,1:20.9,1.3/4,12.3,4.0,[西] 石坂公一,2022105783,202404020201,2歳未勝利｜2024年7月28日 | 競馬データベース - netkeiba,2026-05-20T12:01:23.264092,牝,2,426.0,-20.0,0,1,6.4,7.0,34.06,0.1351,0,6,34.06,34.06,34.06,0.1351,34.06
3.0,8,10,ダノンブランニュー,55.0,戸崎圭太,1:21.0,3/4,1.6,1.0,[西] 福永祐一,2022105334,202404020201,2歳未勝利｜2024年7月28日 | 競馬データベース - netkeiba,2026-05-20T12:01:23.264092,牡,2,476.0,-8.0,0,1,4.8,4.33,34.02,0.1724,0,7,34.02,34.02,34.02,0.1724,34.02
4.0,6,7,イキガイ,55.0,松山弘平,1:21.1,1/2,23.2,6.0,[西] 高橋亮,2022100067,202404020201,2歳未勝利｜2024年7月28日 | 競馬データベース - netkeiba,2026-05-20T12:01:23.264092,牝,2,490.0,2.0,0,0,4.0,4.0,34.8,0.2,0,4,34.8,34.8,34.8,0.2,34.8
5.0,4,4,ウインイザナミ,55.0,川田将雅,1:21.3,1.1/2,6.2,3.0,[東] 上原博之,2022106229,202404020201,2歳未勝利｜2024年7月28日 | 競馬データベース - netkeiba,2026-05-20T12:01:23.264092,牝,2,478.0,0.0,0,0,7.8,7.67,36.4,0.1136,0,1,36.4,36.4,36.4,0.1136,36.4
6.0,2,2,ハイタッチマドンナ,54.0,原優介,1:21.6,1.3/4,40.7,8.0,[東] 矢嶋大樹,2022102811,202404020201,2歳未勝利｜2024年7月28日 | 競馬データベース - netkeiba,2026-05-20T12:01:23.264092,牝,2,420.0,-6.0,0,0,7.4,6.67,40.06,0.119,0,9,40.06,40.06,40.06,0.119,40.06
7.0,1,1,レイオーバー,55.0,嶋田純次,1:21.6,ハナ,16.9,5.0,[東] 本間忍,2022103311,202404020201,2歳未勝利｜2024年7月28日 | 競馬データベース - netkeiba,2026-05-20T12:01:23.264092,牡,2,448.0,2.0,0,0,5.6,2.67,39.06,0.1515,0,2,39.06,39.06,39.06,0.1515,39.06
8.0,8,11,コスモシンテイ,52.0,吉村誠之,1:21.7,1/2,207.5,10.0,[東] 金成貴史,2022106782,202404020201,2歳未勝利｜2024年7月28日 | 競馬データベース - netkeiba,2026-05-20T12:01:23.264092,牝,2,490.0,6.0,0,0,10.0,9.67,42.92,0.0909,0,9,42.92,42.92,42.92,0.0909,42.92
9.0,6,6,ジュエリーメモリー,52.0,石神深道,1:22.1,2.1/2,286.5,11.0,[東] 粕谷昌央,2022104098,202404020201,2歳未勝利｜2024年7月28日 | 競馬データベース - netkeiba,2026-05-20T12:01:23.264092,牝,2,362.0,0.0,0,0,4.75,4.5,42.38,0.1739,0,1,42.38,42.38,42.38,0.1739,42.38
10.0,5,5,レディエンス,55.0,松若風馬,1:22.3,1.1/4,36.6,7.0,[西] 藤野健太,2022100583,202404020201,2歳未勝利｜2024年7月28日 | 競馬データベース - netkeiba,2026-05-20T12:01:23.264092,牝,2,448.0,8.0,0,0,12.6,14.0,36.1,0.0735,0,15,36.1,36.1,36.1,0.0735,36.1
11.0,7,9,チョングク,55.0,岩部純二,1:22.9,3.1/2,164.4,9.0,[東] 南田美知,2022104533,202404020201,2歳未勝利｜2024年7月28日 | 競馬データベース - netkeiba,2026-05-20T12:01:23.264092,牡,2,458.0,-2.0,0,0,10.0,9.33,35.22,0.0909,0,9,35.22,35.22,35.22,0.0909,35.22
1.0,8,9,スカイブルー,55.0,戸崎圭太,1:12.2,,3.2,3.0,[西] 杉山晴紀,2022100136,202404020202,2歳未勝利｜2024年7月28日 | 競馬データベース - netkeiba,2026-05-20T12:01:43.625702,牡,2,500.0,0.0,1,1,9.6,10.0,37.3,0.0943,0,13,37.3,37.3,37.3,0.0943,37.3
2.0,5,5,ジャスパーソレイユ,55.0,笹川翼,1:12.4,1,2.6,1.0,[西] 森秀行,2022110111,202404020202,2歳未勝利｜2024年7月28日 | 競馬データベース - netkeiba,2026-05-20T12:01:43.625702,牡,2,468.0,0.0,0,1,7.4,11.0,37.26,0.119,0,15,37.26,37.26,37.26,0.119,37.26
3.0,1,1,トリリオンボーイ,52.0,石神深道,1:13.3,5,20.3,5.0,[東] 武井亮,2022102493,202404020202,2歳未勝利｜2024年7月28日 | 競馬データベース - netkeiba,2026-05-20T12:01:43.625702,牡,2,450.0,2.0,0,1,9.6,9.33,36.16,0.0943,0,8,36.16,36.16,36.16,0.0943,36.16
4.0,6,6,ハルノアラシ,54.0,横山琉人,1:13.8,3,2.8,2.0,[東] 相沢郁,2022106099,202404020202,2歳未勝利｜2024年7月28日 | 競馬データベース - netkeiba,2026-05-20T12:01:43.625702,牡,2,518.0,8.0,0,0,8.8,9.33,38.3,0.102,0,6,38.3,38.3,38.3,0.102,38.3
5.0,3,3,モルフェヴォロンテ,55.0,内田博幸,1:14.0,1,31.2,7.0,[東] 小手川準,2022103836,202404020202,2歳未勝利｜2024年7月28日 | 競馬データベース - netkeiba,2026-05-20T12:01:43.625702,牝,2,456.0,0.0,0,0,6.0,5.67,41.52,0.1429,0,7,41.52,41.52,41.52,0.1429,41.52
6.0,7,7,リバームーンリーナ,55.0,丸田恭介,1:14.2,1.1/4,13.6,4.0,[東] 伊坂重信,2022102155,202404020202,2歳未勝利｜2024年7月28日 | 競馬データベース - netkeiba,2026-05-20T12:01:43.625702,牝,2,460.0,0.0,0,0,6.67,6.67,37.27,0.1304,0,8,37.27,37.27,37.27,0.1304,37.27
7.0,4,4,シナモンショコラ,51.0,河原田菜,1:15.6,8,28.2,6.0,[西] 村山明,2022104461,202404020202,2歳未勝利｜2024年7月28日 | 競馬データベース - netkeiba,2026-05-20T12:01:43.625702,牡,2,480.0,8.0,0,0,8.6,8.33,39.98,0.1042,0,5,39.98,39.98,39.98,0.1042,39.98
8.0,8,8,ドラゴンムスメ,55.0,柴田大知,1:15.9,1.3/4,70.9,8.0,[東] 和田雄二,2022103568,202404020202,2歳未勝利｜2024年7月28日 | 競馬データベース - netkeiba,2026-05-20T12:01:43.625702,牝,2,416.0,-2.0,0,0,0.0,0.0,0.0,0.0,0,0,0.0,0.0,0.0,0.0,0.0
9.0,2,2,ユイットムーラン,55.0,木幡初也,1:16.4,3,144.5,9.0,[東] 深山雅史,2022106100,202404020202,2歳未勝利｜2024年7月28日 | 競馬データベース - netkeiba,2026-05-20T12:01:43.625702,牡,2,468.0,-2.0,0,0,4.4,5.33,39.74,0.1852,0,3,39.74,39.74,39.74,0.1852,39.74
1.0,6,6,ディアナザール,55.0,団野大成,1:48.6,,2.4,1.0,[西] 斉藤崇史,2022104933,202404020203,2歳新馬｜2024年7月28日 | 競馬データベース - netkeiba,2026-05-20T12:01:55.596664,牡,2,472.0,0.0,1,1,2.0,2.67,34.3,0.3333,0,3,34.3,34.3,34.3,0.3333,34.3
2.0,2,2,モルティフレーバー,55.0,戸崎圭太,1:48.7,3/4,6.6,3.0,[西] 清水久詞,2022104901,202404020203,2歳新馬｜2024年7月28日 | 競馬データベース - netkeiba,2026-05-20T12:01:55.596664,牝,2,452.0,0.0,0,1,11.4,11.0,35.7,0.0806,0,14,35.7,35.7,35.7,0.0806,35.7
3.0,3,3,カラマティアノス,55.0,川田将雅,1:48.8,3/4,3.6,2.0,[東] 奥村武,2022104896,202404020203,2歳新馬｜2024年7月28日 | 競馬データベース - netkeiba,2026-05-20T12:01:55.596664,牡,2,458.0,0.0,0,1,6.2,3.0,34.64,0.1389,0,6,34.64,34.64,34.64,0.1389,34.64
4.0,4,4,オンザムーブ,55.0,坂井瑠星,1:49.1,1.1/2,10.1,5.0,[西] 矢作芳人,2022105971,202404020203,2歳新馬｜2024年7月28日 | 競馬データベース - netkeiba,2026-05-20T12:01:55.596664,牡,2,496.0,0.0,0,0,4.0,4.0,36.26,0.2,0,8,36.26,36.26,36.26,0.2,36.26
5.0,8,8,ネオクイーン,55.0,松山弘平,1:49.2,1/2,11.4,6.0,[西] 藤原英昭,2022104866,202404020203,2歳新馬｜2024年7月28日 | 競馬データベース - netkeiba,2026-05-20T12:01:55.596664,牝,2,460.0,0.0,0,0,10.4,13.33,41.5,0.0877,0,11,41.5,41.5,41.5,0.0877,41.5
6.0,7,7,ガーンディーヴァ,55.0,丸山元気,1:49.3,1/2,73.9,8.0,[東] 菊沢隆徳,2022106787,202404020203,2歳新馬｜2024年7月28日 | 競馬データベース - netkeiba,2026-05-20T12:01:55.596664,牝,2,414.0,0.0,0,0,5.0,5.67,40.26,0.1667,0,12,40.26,40.26,40.26,0.1667,40.26
7.0,8,9,ムーンナイト,55.0,石川裕紀,1:49.8,3,16.9,7.0,[東] 黒岩陽一,2022102164,202404020203,2歳新馬｜2024年7月28日 | 競馬データベース - netkeiba,2026-05-20T12:01:55.596664,牡,2,520.0,0.0,0,0,12.2,9.33,37.66,0.0758,0,8,37.66,37.66,37.66,0.0758,37.66
8.0,1,1,ラージギャラリー,55.0,Ｍ．デム,1:49.9,1/2,6.9,4.0,[西] 高橋亮,2022110066,202404020203,2歳新馬｜2024年7月28日 | 競馬データベース - netkeiba,2026-05-20T12:01:55.596664,牝,2,462.0,0.0,0,0,7.8,7.33,36.12,0.1136,0,13,36.12,36.12,36.12,0.1136,36.12
9.0,5,5,ジェイルブレイク,55.0,菅原隆一,1:52.9,大,181.4,9.0,[東] 蛯名利弘,2022100831,202404020203,2歳新馬｜2024年7月28日 | 競馬データベース - netkeiba,2026-05-20T12:01:55.596664,牡,2,436.0,0.0,0,0,2.6,2.33,39.14,0.2778,0,3,39.14,39.14,39.14,0.2778,39.14
1.0,8,11,プロクレイア,55.0,坂井瑠星,1:35.5,,6.0,2.0,[西] 小林真也,2022105027,202404020204,2歳新馬｜2024年7月28日 | 競馬データベース - netkeiba,2026-05-20T12:02:20.272728,牝,2,456.0,0.0,1,1,13.6,16.0,35.92,0.0685,0,14,35.92,35.92,35.92,0.0685,35.92
2.0,5,5,ダンケルド,55.0,川田将雅,1:35.6,3/4,2.1,1.0,[東] 森一誠,2022104722,202404020204,2歳新馬｜2024年7月28日 | 競馬データベース - netkeiba,2026-05-20T12:02:20.272728,牡,2,502.0,0.0,0,1,6.0,7.33,37.2,0.1429,0,12,37.2,37.2,37.2,0.1429,37.2
3.0,6,7,マグネシアブリック,55.0,団野大成,1:36.0,2.1/2,8.4,5.0,[東] 中舘英二,2022101920,202404020204,2歳新馬｜2024年7月28日 | 競馬データベース - netkeiba,2026-05-20T12:02:20.272728,牡,2,440.0,0.0,0,1,6.8,9.67,33.88,0.1282,0,9,33.88,33.88,33.88,0.1282,33.88
4.0,7,10,ルージュレアリーズ,55.0,戸崎圭太,1:36.2,1,6.4,3.0,[西] 福永祐一,2022105114,202404020204,2歳新馬｜2024年7月28日 | 競馬データベース - netkeiba,2026-05-20T12:02:20.272728,牝,2,420.0,0.0,0,0,7.6,10.0,35.72,0.1163,0,11,35.72,35.72,35.72,0.1163,35.72
5.0,6,8,サムシャイン,55.0,笹川翼,1:36.3,3/4,61.1,8.0,[東] 鈴木慎太,2022105823,202404020204,2歳新馬｜2024年7月28日 | 競馬データベース - netkeiba,2026-05-20T12:02:20.272728,牡,2,478.0,0.0,0,0,3.6,4.67,37.52,0.2174,0,1,37.52,37.52,37.52,0.2174,37.52
6.0,4,4,アンダーザライト,55.0,野中悠太,1:36.3,クビ,9.6,6.0,[東] 宮田敬介,2022102962,202404020204,2歳新馬｜2024年7月28日 | 競馬データベース - netkeiba,2026-05-20T12:02:20.272728,牡,2,500.0,0.0,0,0,3.0,2.67,34.48,0.25,0,1,34.48,34.48,34.48,0.25,34.48
7.0,1,1,メイショウセツゲツ,55.0,和田竜二,1:36.4,1/2,15.2,7.0,[西] 高橋義忠,2022103189,202404020204,2歳新馬｜2024年7月28日 | 競馬データベース - netkeiba,2026-05-20T12:02:20.272728,牝,2,480.0,0.0,0,0,9.2,8.67,41.68,0.098,0,9,41.68,41.68,41.68,0.098,41.68
8.0,2,2,マイネルステラート,55.0,松山弘平,1:36.5,3/4,7.9,4.0,[東] 高木登,2022106818,202404020204,2歳新馬｜2024年7月28日 | 競馬データベース - netkeiba,2026-05-20T12:02:20.272728,牡,2,454.0,0.0,0,0,6.0,5.67,35.68,0.1429,0,8,35.68,35.68,35.68,0.1429,35.68
9.0,7,9,ボル,55.0,幸英明,1:36.6,クビ,87.0,9.0,[西] 河内洋,2022103897,202404020204,2歳新馬｜2024年7月28日 | 競馬データベース - netkeiba,2026-05-20T12:02:20.272728,牡,2,432.0,0.0,0,0,1.6,1.33,39.16,0.3846,0,1,39.16,39.16,39.16,0.3846,39.16
10.0,5,6,キーベスト,55.0,石川裕紀,1:36.8,1.1/2,93.5,10.0,[東] 黒岩陽一,2022106512,202404020204,2歳新馬｜2024年7月28日 | 競馬データベース - netkeiba,2026-05-20T12:02:20.272728,牡,2,478.0,0.0,0,0,7.6,9.0,39.22,0.1163,0,8,39.22,39.22,39.22,0.1163,39.22
11.0,8,12,ブルーフラット,54.0,秋山稔樹,1:37.2,2.1/2,227.8,12.0,[東] 蛯名利弘,2022100318,202404020204,2歳新馬｜2024年7月28日 | 競馬データベース - netkeiba,2026-05-20T12:02:20.272728,牝,2,438.0,0.0,0,0,5.0,4.0,40.24,0.1667,0,4,40.24,40.24,40.24,0.1667,40.24
12.0,3,3,アオイハナミチ,55.0,吉田豊,1:38.4,7,185.6,11.0,[東] 高橋文雅,2022102937,202404020204,2歳新馬｜2024年7月28日 | 競馬データベース - netkeiba,2026-05-20T12:02:20.272728,牝,2,426.0,0.0,0,0,5.4,6.67,38.6,0.1562,0,4,38.6,38.6,38.6,0.1562,38.6
1.0,4,7,ビーコング,54.0,吉村誠之,1:12.0,,5.8,3.0,[西] 新谷功一,2021103595,202404020205,3歳未勝利｜2024年7月28日 | 競馬データベース - netkeiba,2026-05-20T12:02:55.678947,牡,3,482.0,0.0,1,1,6.6,6.33,37.5,0.1316,0,15,37.5,37.5,37.5,0.1316,37.5
2.0,4,6,ウインオーブ,57.0,幸英明,1:12.1,クビ,16.7,6.0,[西] 宮本博,2021106200,202404020205,3歳未勝利｜2024年7月28日 | 競馬データベース - netkeiba,2026-05-20T12:02:55.678947,牡,3,446.0,0.0,0,1,3.2,2.33,40.08,0.2381,0,5,40.08,40.08,40.08,0.2381,40.08
3.0,3,4,アンモード,57.0,坂井瑠星,1:12.8,4,4.3,2.0,[西] 西村真幸,2021105448,202404020205,3歳未勝利｜2024年7月28日 | 競馬データベース - netkeiba,2026-05-20T12:02:55.678947,牡,3,492.0,4.0,0,1,4.0,5.33,40.04,0.2,0,6,40.04,40.04,40.04,0.2,40.04
4.0,5,9,インサイダー,57.0,丸山元気,1:12.9,3/4,10.3,5.0,[東] 大和田成,2021104954,202404020205,3歳未勝利｜2024年7月28日 | 競馬データベース - netkeiba,2026-05-20T12:02:55.678947,牡,3,478.0,-4.0,0,0,9.2,8.67,38.4,0.098,0,7,38.4,38.4,38.4,0.098,38.4
5.0,6,10,アルヴァレス,57.0,団野大成,1:12.9,クビ,39.7,9.0,[東] 奥村武,2021103041,202404020205,3歳未勝利｜2024年7月28日 | 競馬データベース - netkeiba,2026-05-20T12:02:55.678947,牡,3,444.0,4.0,0,0,6.4,3.0,37.46,0.1351,0,1,37.46,37.46,37.46,0.1351,37.46
6.0,3,5,ケープアグラス,53.0,永島まな,1:13.0,1/2,8.8,4.0,[東] 金成貴史,2021100382,202404020205,3歳未勝利｜2024年7月28日 | 競馬データベース - netkeiba,2026-05-20T12:02:55.678947,牝,3,462.0,-10.0,0,0,8.4,10.33,36.92,0.1064,0,14,36.92,36.92,36.92,0.1064,36.92
7.0,7,13,チーフルガール,52.0,佐藤翔馬,1:13.1,1/2,88.6,11.0,[東] 伊藤伸一,2021100563,202404020205,3歳未勝利｜2024年7月28日 | 競馬データベース - netkeiba,2026-05-20T12:02:55.678947,牝,3,416.0,2.0,0,0,6.2,5.67,39.48,0.1389,0,3,39.48,39.48,39.48,0.1389,39.48
8.0,5,8,メイショウヴァイゼ,57.0,松山弘平,1:13.2,クビ,2.3,1.0,[西] 安達昭夫,2021102981,202404020205,3歳未勝利｜2024年7月28日 | 競馬データベース - netkeiba,2026-05-20T12:02:55.678947,牡,3,508.0,-6.0,0,0,5.6,3.67,38.78,0.1515,0,4,38.78,38.78,38.78,0.1515,38.78
9.0,8,15,イッツマイトリート,55.0,荻野極,1:14.1,5,26.0,8.0,[西] 野中賢二,2021102358,202404020205,3歳未勝利｜2024年7月28日 | 競馬データベース - netkeiba,2026-05-20T12:02:55.678947,牝,3,446.0,0.0,0,0,7.2,8.33,41.96,0.122,0,11,41.96,41.96,41.96,0.122,41.96
10.0,7,12,ヘヴィリピーテッド,57.0,Ｍ．デム,1:14.2,1/2,24.8,7.0,[東] 小島茂之,2021104990,202404020205,3歳未勝利｜2024年7月28日 | 競馬データベース - netkeiba,2026-05-20T12:02:55.678947,牡,3,492.0,2.0,0,0,5.6,6.67,37.6,0.1515,0,8,37.6,37.6,37.6,0.1515,37.6
11.0,8,14,フォージドブリック,56.0,原優介,1:14.3,1,154.9,12.0,[西] 森田直行,2021104800,202404020205,3歳未勝利｜2024年7月28日 | 競馬データベース - netkeiba,2026-05-20T12:02:55.678947,牡,3,532.0,-6.0,0,0,3.0,2.33,0.0,0.25,0,3,0.0,0.0,0.0,0.25,0.0
12.0,6,11,クリノルイーズ,55.0,国分優作,1:14.7,2.1/2,49.7,10.0,[西] 大橋勇樹,2021103313,202404020205,3歳未勝利｜2024年7月28日 | 競馬データベース - netkeiba,2026-05-20T12:02:55.678947,牝,3,508.0,2.0,0,0,8.8,8.67,40.3,0.102,0,10,40.3,40.3,40.3,0.102,40.3
13.0,2,2,ダイノハイド,52.0,石田拓郎,1:14.7,アタマ,203.0,13.0,[東] 清水英克,2021107267,202404020205,3歳未勝利｜2024年7月28日 | 競馬データベース - netkeiba,2026-05-20T12:02:55.678947,牝,3,464.0,4.0,0,0,6.0,5.33,38.9,0.1429,0,5,38.9,38.9,38.9,0.1429,38.9
14.0,2,3,ドレスウェル,54.0,小沢大仁,1:15.1,2,226.0,14.0,[西] 平田修,2021102588,202404020205,3歳未勝利｜2024年7月28日 | 競馬データベース - netkeiba,2026-05-20T12:02:55.678947,牝,3,414.0,2.0,0,0,0.0,0.0,0.0,0.0,0,0,0.0,0.0,0.0,0.0,0.0
15.0,1,1,イチザアン,55.0,的場勇人,1:15.7,4,382.6,15.0,[東] 的場均,2021103702,202404020205,3歳未勝利｜2024年7月28日 | 競馬データベース - netkeiba,2026-05-20T12:02:55.678947,牝,3,412.0,-2.0,0,0,7.6,10.33,40.94,0.1163,0,12,40.94,40.94,40.94,0.1163,40.94
1.0,6,11,マルディランダ,56.0,戸崎圭太,1:19.2,,8.1,4.0,[東] 金成貴史,2020103063,202404020206,佐渡ステークス｜2024年7月28日 | 競馬データベース - netkeiba,2026-05-20T12:03:30.761480,牡,4,484.0,0.0,1,1,11.8,12.67,36.94,0.0781,0,16,36.94,36.94,36.94,0.0781,36.94
2.0,3,5,オメガキャプテン,56.0,坂井瑠星,1:19.5,1.3/4,6.9,3.0,[東] 大和田成,2020103960,202404020206,佐渡ステークス｜2024年7月28日 | 競馬データベース - netkeiba,2026-05-20T12:03:30.761480,牡,4,466.0,-4.0,0,1,5.8,5.67,34.0,0.1471,0,12,34.0,34.0,34.0,0.1471,34.0
3.0,2,3,カナテープ,56.0,松山弘平,1:19.6,1/2,3.0,1.0,[東] 堀宣行,2019105293,202404020206,佐渡ステークス｜2024年7月28日 | 競馬データベース - netkeiba,2026-05-20T12:03:30.761480,牝,5,472.0,-4.0,0,1,7.0,10.33,33.54,0.125,0,10,33.54,33.54,33.54,0.125,33.54
4.0,7,14,チュウワノキセキ,55.0,西塚洸二,1:19.7,1/2,230.3,17.0,[西] 大久保龍,2017105574,202404020206,佐渡ステークス｜2024年7月28日 | 競馬データベース - netkeiba,2026-05-20T12:03:30.761480,セ,7,470.0,-6.0,0,0,2.6,3.67,39.72,0.2778,0,4,39.72,39.72,39.72,0.2778,39.72
5.0,8,17,プリモカリーナ,55.0,川田将雅,1:19.8,クビ,4.2,2.0,[西] 福永祐一,2019105412,202404020206,佐渡ステークス｜2024年7月28日 | 競馬データベース - netkeiba,2026-05-20T12:03:30.761480,牝,5,442.0,-2.0,0,0,7.6,10.33,34.6,0.1163,0,9,34.6,34.6,34.6,0.1163,34.6
6.0,4,8,メイショウフンケイ,55.0,小沢大仁,1:19.8,クビ,100.9,15.0,[西] 高橋亮,2018106552,202404020206,佐渡ステークス｜2024年7月28日 | 競馬データベース - netkeiba,2026-05-20T12:03:30.761480,牡,6,528.0,-4.0,0,0,6.6,8.67,34.72,0.1316,0,11,34.72,34.72,34.72,0.1316,34.72
7.0,4,7,エピプランセス,53.0,幸英明,1:19.8,ハナ,96.0,14.0,[西] 池添学,2019105209,202404020206,佐渡ステークス｜2024年7月28日 | 競馬データベース - netkeiba,2026-05-20T12:03:30.761480,牝,5,448.0,2.0,0,0,6.6,8.0,34.72,0.1316,0,13,34.72,34.72,34.72,0.1316,34.72
8.0,5,10,シロン,54.0,酒井学,1:19.8,ハナ,11.4,6.0,[西] 小栗実,2019102137,202404020206,佐渡ステークス｜2024年7月28日 | 競馬データベース - netkeiba,2026-05-20T12:03:30.761480,牝,5,528.0,6.0,0,0,12.0,13.33,36.16,0.0769,0,10,36.16,36.16,36.16,0.0769,36.16
9.0,7,13,タイゲン,56.0,和田竜二,1:20.0,1,59.1,12.0,[西] 平田修,2019105413,202404020206,佐渡ステークス｜2024年7月28日 | 競馬データベース - netkeiba,2026-05-20T12:03:30.761480,牡,5,474.0,-6.0,0,0,10.0,11.67,36.2,0.0909,0,14,36.2,36.2,36.2,0.0909,36.2
10.0,7,15,サンカルパ,53.0,団野大成,1:20.0,ハナ,79.0,13.0,[東] 上原佑紀,2019105329,202404020206,佐渡ステークス｜2024年7月28日 | 競馬データベース - netkeiba,2026-05-20T12:03:30.761480,牝,5,500.0,6.0,0,0,8.2,7.0,35.8,0.1087,0,7,35.8,35.8,35.8,0.1087,35.8
11.0,1,2,サニーオーシャン,53.0,笹川翼,1:20.1,1/2,280.3,18.0,[東] 杉浦宏昭,2018103296,202404020206,佐渡ステークス｜2024年7月28日 | 競馬データベース - netkeiba,2026-05-20T12:03:30.761480,セ,6,442.0,-10.0,0,0,4.5,3.33,0.0,0.1818,0,4,0.0,0.0,0.0,0.1818,0.0
12.0,2,4,ベガリス,54.0,藤懸貴志,1:20.1,クビ,8.5,5.0,[西] 高橋義忠,2020100497,202404020206,佐渡ステークス｜2024年7月28日 | 競馬データベース - netkeiba,2026-05-20T12:03:30.761480,牝,4,432.0,-2.0,0,0,6.0,9.0,34.82,0.1429,0,10,34.82,34.82,34.82,0.1429,34.82
13.0,6,12,タイセイキューティ,53.0,原優介,1:20.3,1.1/2,30.8,8.0,[東] 奥村武,2020106954,202404020206,佐渡ステークス｜2024年7月28日 | 競馬データベース - netkeiba,2026-05-20T12:03:30.761480,牝,4,468.0,16.0,0,0,11.6,11.67,34.62,0.0794,0,14,34.62,34.62,34.62,0.0794,34.62
14.0,5,9,ウナギノボリ,54.0,吉村誠之,1:20.5,1,121.3,16.0,[西] 音無秀孝,2019107016,202404020206,佐渡ステークス｜2024年7月28日 | 競馬データベース - netkeiba,2026-05-20T12:03:30.761480,牡,5,476.0,0.0,0,0,9.2,7.0,34.74,0.098,0,14,34.74,34.74,34.74,0.098,34.74
15.0,3,6,ドグマ,56.0,石橋脩,1:20.5,クビ,34.7,9.0,[東] 上原佑紀,2019102522,202404020206,佐渡ステークス｜2024年7月28日 | 競馬データベース - netkeiba,2026-05-20T12:03:30.761480,牡,5,500.0,0.0,0,0,6.8,9.33,41.0,0.1282,0,11,41.0,41.0,41.0,0.1282,41.0
16.0,1,1,レガトゥス,56.0,杉原誠人,1:20.6,クビ,23.9,7.0,[東] 木村哲也,2018104896,202404020206,佐渡ステークス｜2024年7月28日 | 競馬データベース - netkeiba,2026-05-20T12:03:30.761480,セ,6,530.0,-14.0,0,0,9.8,8.0,35.74,0.0926,0,11,35.74,35.74,35.74,0.0926,35.74
17.0,8,16,イティネラートル,53.0,Ｍ．デム,1:20.8,1.1/2,39.5,10.0,[西] 長谷川浩,2020102890,202404020206,佐渡ステークス｜2024年7月28日 | 競馬データベース - netkeiba,2026-05-20T12:03:30.761480,牝,4,420.0,6.0,0,0,12.0,12.0,35.32,0.0769,0,18,35.32,35.32,35.32,0.0769,35.32
18.0,8,18,ウォータールグラン,53.0,松若風馬,1:21.4,3.1/2,55.7,11.0,[西] 河内洋,2019102786,202404020206,佐渡ステークス｜2024年7月28日 | 競馬データベース - netkeiba,2026-05-20T12:03:30.761480,牝,5,508.0,10.0,0,0,10.2,15.0,36.02,0.0893,0,13,36.02,36.02,36.02,0.0893,36.02
1.0,7,15,モズメイメイ,55.0,国分恭介,0:55.3,,7.6,3.0,[西] 音無秀孝,2020102764,202404020207,アイビスサマーD｜2024年7月28日 | 競馬データベース - netkeiba,2026-05-20T12:04:22.858406,牝,4,464.0,-4.0,1,1,11.8,12.67,34.24,0.0781,0,14,34.24,34.24,34.24,0.0781,34.24
2.0,6,12,ウイングレイテスト,59.0,松岡正海,0:55.4,クビ,6.5,2.0,[東] 畠山吉宏,2017101423,202404020207,アイビスサマーD｜2024年7月28日 | 競馬データベース - netkeiba,2026-05-20T12:04:22.858406,牡,7,504.0,0.0,0,1,7.0,4.33,34.2,0.125,0,7,34.2,34.2,34.2,0.125,34.2
3.0,8,17,テイエムスパーダ,57.0,酒井学,0:55.4,クビ,16.0,8.0,[西] 木原一良,2019103422,202404020207,アイビスサマーD｜2024年7月28日 | 競馬データベース - netkeiba,2026-05-20T12:04:22.858406,牝,5,490.0,0.0,0,1,8.6,12.33,34.6,0.1042,0,6,34.6,34.6,34.6,0.1042,34.6
4.0,8,16,ディヴィナシオン,57.0,松山弘平,0:55.5,1/2,10.3,5.0,[西] 森秀行,2017100583,202404020207,アイビスサマーD｜2024年7月28日 | 競馬データベース - netkeiba,2026-05-20T12:04:22.858406,牡,7,472.0,-8.0,0,0,9.8,10.67,34.28,0.0926,0,15,34.28,34.28,34.28,0.0926,34.28
5.0,8,18,メディーヴァル,57.0,小崎綾也,0:55.5,ハナ,48.3,13.0,[西] 寺島良,2018102360,202404020207,アイビスサマーD｜2024年7月28日 | 競馬データベース - netkeiba,2026-05-20T12:04:22.858406,牡,6,472.0,2.0,0,0,7.2,7.67,37.1,0.122,0,10,37.1,37.1,37.1,0.122,37.1
6.0,6,11,アビッグチア,55.0,丸山元気,0:55.6,1/2,154.1,16.0,[東] 水野貴広,2018100040,202404020207,アイビスサマーD｜2024年7月28日 | 競馬データベース - netkeiba,2026-05-20T12:04:22.858406,牝,6,512.0,6.0,0,0,12.6,11.33,34.66,0.0735,0,16,34.66,34.66,34.66,0.0735,34.66
7.0,3,6,クムシラコ,57.0,内田博幸,0:55.6,アタマ,141.8,15.0,[東] 石毛善彦,2018103205,202404020207,アイビスサマーD｜2024年7月28日 | 競馬データベース - netkeiba,2026-05-20T12:04:22.858406,牡,6,468.0,0.0,0,0,11.2,11.0,33.28,0.082,0,14,33.28,33.28,33.28,0.082,33.28
8.0,2,3,ロードベイリーフ,57.0,和田竜二,0:55.7,1/2,95.5,14.0,[西] 森田直行,2017103005,202404020207,アイビスサマーD｜2024年7月28日 | 競馬データベース - netkeiba,2026-05-20T12:04:22.858406,牡,7,500.0,2.0,0,0,8.75,7.33,34.48,0.1026,0,5,34.48,34.48,34.48,0.1026,34.48
9.0,7,13,チェイスザドリーム,55.0,坂井瑠星,0:55.7,ハナ,3.0,1.0,[西] 矢作芳人,2019105968,202404020207,アイビスサマーD｜2024年7月28日 | 競馬データベース - netkeiba,2026-05-20T12:04:22.858406,牝,5,490.0,20.0,0,0,9.6,10.67,36.2,0.0943,0,14,36.2,36.2,36.2,0.0943,36.2
10.0,2,4,ジャスパークローネ,58.0,団野大成,0:55.9,1.1/4,15.3,7.0,[西] 森秀行,2019110107,202404020207,アイビスサマーD｜2024年7月28日 | 競馬データベース - netkeiba,2026-05-20T12:04:22.858406,牡,5,486.0,-2.0,0,0,7.0,9.0,33.6,0.125,0,9,33.6,33.6,33.6,0.125,33.6
11.0,3,5,マウンテンムスメ,55.0,藤田菜七,0:56.0,クビ,19.1,9.0,[東] 天間昭一,2018104041,202404020207,アイビスサマーD｜2024年7月28日 | 競馬データベース - netkeiba,2026-05-20T12:04:22.858406,牝,6,482.0,2.0,0,0,10.6,13.33,34.34,0.0862,0,13,34.34,34.34,34.34,0.0862,34.34
12.0,1,2,ショウナンマッハ,57.0,石橋脩,0:56.2,1.1/2,34.1,11.0,[西] 茶木太樹,2019104697,202404020207,アイビスサマーD｜2024年7月28日 | 競馬データベース - netkeiba,2026-05-20T12:04:22.858406,セ,5,488.0,-8.0,0,0,13.0,13.67,34.92,0.0714,0,17,34.92,34.92,34.92,0.0714,34.92
13.0,4,7,ハギノメーテル,55.0,藤懸貴志,0:56.3,クビ,281.3,18.0,[西] 寺島良,2019100653,202404020207,アイビスサマーD｜2024年7月28日 | 競馬データベース - netkeiba,2026-05-20T12:04:22.858406,牝,5,476.0,-8.0,0,0,11.6,11.67,35.68,0.0794,0,14,35.68,35.68,35.68,0.0794,35.68
14.0,7,14,デュアリスト,57.0,小沢大仁,0:56.3,クビ,19.6,10.0,[西] 福永祐一,2018105158,202404020207,アイビスサマーD｜2024年7月28日 | 競馬データベース - netkeiba,2026-05-20T12:04:22.858406,牡,6,514.0,2.0,0,0,7.8,11.33,37.92,0.1136,0,10,37.92,37.92,37.92,0.1136,37.92
15.0,5,9,グレイトゲイナー,57.0,笹川翼,0:56.4,クビ,40.8,12.0,[西] 森秀行,2017106137,202404020207,アイビスサマーD｜2024年7月28日 | 競馬データベース - netkeiba,2026-05-20T12:04:22.858406,牡,7,474.0,0.0,0,0,10.5,9.0,34.48,0.087,0,9,34.48,34.48,34.48,0.087,34.48
16.0,5,10,ファイアダンサー,55.0,戸崎圭太,0:56.4,クビ,7.8,4.0,[東] 鈴木慎太,2018100652,202404020207,アイビスサマーD｜2024年7月28日 | 競馬データベース - netkeiba,2026-05-20T12:04:22.858406,牝,6,466.0,-2.0,0,0,10.8,10.33,33.5,0.0847,0,12,33.5,33.5,33.5,0.0847,33.5
17.0,4,8,マイヨアポア,55.0,石川裕紀,0:56.4,クビ,12.8,6.0,[東] 和田正一,2018101728,202404020207,アイビスサマーD｜2024年7月28日 | 競馬データベース - netkeiba,2026-05-20T12:04:22.858406,牝,6,488.0,-6.0,0,0,8.0,8.33,33.16,0.1111,0,7,33.16,33.16,33.16,0.1111,33.16
18.0,1,1,リプレーザ,58.0,幸英明,0:56.8,2,225.0,17.0,[西] 大根田裕,2018103238,202404020207,アイビスサマーD｜2024年7月28日 | 競馬データベース - netkeiba,2026-05-20T12:04:22.858406,牡,6,492.0,0.0,0,0,9.2,6.33,36.92,0.098,0,1,36.92,36.92,36.92,0.098,36.92
1.0,2,2,グッジョブ,58.0,坂井瑠星,1:11.4,,6.9,4.0,[西] 牧浦充徳,2020101182,202404020208,3歳以上1勝クラス｜2024年7月28日 | 競馬データベース - netkeiba,2026-05-20T12:05:01.459909,牡,4,444.0,-12.0,1,1,10.0,11.67,36.5,0.0909,0,9,36.5,36.5,36.5,0.0909,36.5
2.0,8,15,フレイミングパイ,50.0,柴田裕一,1:11.4,ハナ,3.4,1.0,[西] 中竹和也,2021106936,202404020208,3歳以上1勝クラス｜2024年7月28日 | 競馬データベース - netkeiba,2026-05-20T12:05:01.459909,牝,3,446.0,8.0,0,1,7.6,8.33,36.54,0.1163,0,13,36.54,36.54,36.54,0.1163,36.54
3.0,2,3,ブループリマドンナ,53.0,酒井学,1:11.6,1.1/4,42.1,11.0,[西] 小林真也,2021100703,202404020208,3歳以上1勝クラス｜2024年7月28日 | 競馬データベース - netkeiba,2026-05-20T12:05:01.459909,牝,3,458.0,4.0,0,1,10.0,8.67,38.0,0.0909,0,7,38.0,38.0,38.0,0.0909,38.0
4.0,7,12,ラブコメディ,52.0,西塚洸二,1:11.6,クビ,22.1,8.0,[西] 寺島良,2021110087,202404020208,3歳以上1勝クラス｜2024年7月28日 | 競馬データベース - netkeiba,2026-05-20T12:05:01.459909,牝,3,452.0,16.0,0,0,13.2,12.67,38.5,0.0704,0,16,38.5,38.5,38.5,0.0704,38.5
5.0,5,8,ビバップ,52.0,吉村誠之,1:11.9,1.1/2,3.9,2.0,[西] 清水久詞,2021102700,202404020208,3歳以上1勝クラス｜2024年7月28日 | 競馬データベース - netkeiba,2026-05-20T12:05:01.459909,牡,3,478.0,6.0,0,0,8.8,11.67,37.38,0.102,0,16,37.38,37.38,37.38,0.102,37.38
6.0,6,11,パイアイヤー,56.0,団野大成,1:11.9,クビ,37.7,9.0,[東] 鈴木伸尋,2020105327,202404020208,3歳以上1勝クラス｜2024年7月28日 | 競馬データベース - netkeiba,2026-05-20T12:05:01.459909,牝,4,480.0,18.0,0,0,3.8,5.0,39.06,0.2083,0,7,39.06,39.06,39.06,0.2083,39.06
7.0,7,13,ライジン,58.0,Ｍ．デム,1:12.0,クビ,39.0,10.0,[西] 池添学,2020107082,202404020208,3歳以上1勝クラス｜2024年7月28日 | 競馬データベース - netkeiba,2026-05-20T12:05:01.459909,牡,4,496.0,28.0,0,0,7.2,4.33,36.1,0.122,0,4,36.1,36.1,36.1,0.122,36.1
8.0,8,14,エスペラード,55.0,野中悠太,1:12.2,1,93.0,13.0,[東] 青木孝文,2021101776,202404020208,3歳以上1勝クラス｜2024年7月28日 | 競馬データベース - netkeiba,2026-05-20T12:05:01.459909,牡,3,516.0,5.0,0,0,3.0,2.67,38.15,0.25,0,6,38.15,38.15,38.15,0.25,38.15
9.0,4,6,ソーニャシュニク,53.0,笹川翼,1:12.3,1,14.8,6.0,[東] 武井亮,2021106923,202404020208,3歳以上1勝クラス｜2024年7月28日 | 競馬データベース - netkeiba,2026-05-20T12:05:01.459909,牝,3,470.0,18.0,0,0,9.4,13.67,36.82,0.0962,0,15,36.82,36.82,36.82,0.0962,36.82
10.0,6,10,エンジェルスノー,51.0,永島まな,1:12.8,2.1/2,5.9,3.0,[西] 岡田稲男,2021101637,202404020208,3歳以上1勝クラス｜2024年7月28日 | 競馬データベース - netkeiba,2026-05-20T12:05:01.459909,牝,3,470.0,10.0,0,0,8.25,7.67,41.35,0.1081,0,8,41.35,41.35,41.35,0.1081,41.35
11.0,3,5,レッドカメリア,53.0,石田拓郎,1:13.0,1.1/2,172.3,14.0,[東] 佐藤吉勝,2020100084,202404020208,3歳以上1勝クラス｜2024年7月28日 | 競馬データベース - netkeiba,2026-05-20T12:05:01.459909,牝,4,440.0,8.0,0,0,7.6,9.33,34.38,0.1163,0,14,34.38,34.38,34.38,0.1163,34.38
12.0,3,4,オルガンザ,55.0,鷲頭虎太,1:13.5,3,320.1,15.0,[東] 堀内岳志,2017104773,202404020208,3歳以上1勝クラス｜2024年7月28日 | 競馬データベース - netkeiba,2026-05-20T12:05:01.459909,牡,7,530.0,0.0,0,0,6.0,4.67,40.48,0.1429,0,3,40.48,40.48,40.48,0.1429,40.48
13.0,1,1,アシャカデュメ,52.0,石神深道,1:13.9,2.1/2,66.7,12.0,[東] 小笠倫弘,2021102066,202404020208,3歳以上1勝クラス｜2024年7月28日 | 競馬データベース - netkeiba,2026-05-20T12:05:01.459909,牡,3,482.0,6.0,0,0,2.4,3.33,39.04,0.2941,0,2,39.04,39.04,39.04,0.2941,39.04
14.0,5,9,ビーストアタック,56.0,松山弘平,1:14.0,1/2,7.8,5.0,[東] 森一誠,2019105631,202404020208,3歳以上1勝クラス｜2024年7月28日 | 競馬データベース - netkeiba,2026-05-20T12:05:01.459909,牝,5,484.0,4.0,0,0,6.8,9.0,37.38,0.1282,0,11,37.38,37.38,37.38,0.1282,37.38
15.0,4,7,サトノアルペジオ,58.0,戸崎圭太,1:15.0,6,20.7,7.0,[東] 大和田成,2020103477,202404020208,3歳以上1勝クラス｜2024年7月28日 | 競馬データベース - netkeiba,2026-05-20T12:05:01.459909,セ,4,476.0,-10.0,0,0,7.6,11.33,36.64,0.1163,0,10,36.64,36.64,36.64,0.1163,36.64
1.0,6,11,ゲインサポート,57.0,団野大成,1:55.9,,8.2,4.0,[西] 斉藤崇史,2021104590,202404020209,3歳未勝利｜2024年7月28日 | 競馬データベース - netkeiba,2026-05-20T12:05:36.040799,牡,3,452.0,4.0,1,1,5.2,7.0,0.0,0.1613,0,8,0.0,0.0,0.0,0.1613,0.0
2.0,2,3,ブルズアイ,57.0,原田和真,1:56.2,1.1/2,66.7,12.0,[東] 松山将樹,2021100466,202404020209,3歳未勝利｜2024年7月28日 | 競馬データベース - netkeiba,2026-05-20T12:05:36.040799,牡,3,556.0,2.0,0,1,2.8,4.0,38.86,0.2632,0,3,38.86,38.86,38.86,0.2632,38.86
3.0,4,7,リベルテ,55.0,永島まな,1:56.8,4,17.8,5.0,[東] 高木登,2021101110,202404020209,3歳未勝利｜2024年7月28日 | 競馬データベース - netkeiba,2026-05-20T12:05:36.040799,牡,3,472.0,0.0,0,1,4.0,5.67,38.2,0.2,0,4,38.2,38.2,38.2,0.2,38.2
4.0,6,10,キャルベイクルーズ,57.0,荻野極,1:56.8,ハナ,4.8,2.0,[東] 鹿戸雄一,2021104154,202404020209,3歳未勝利｜2024年7月28日 | 競馬データベース - netkeiba,2026-05-20T12:05:36.040799,牡,3,414.0,0.0,0,0,5.0,4.67,40.06,0.1667,0,3,40.06,40.06,40.06,0.1667,40.06
5.0,7,13,ミツカネトーラス,57.0,坂井瑠星,1:57.0,1.1/4,2.2,1.0,[東] 鈴木伸尋,2021106900,202404020209,3歳未勝利｜2024年7月28日 | 競馬データベース - netkeiba,2026-05-20T12:05:36.040799,牡,3,494.0,-2.0,0,0,3.2,3.33,38.52,0.2381,0,4,38.52,38.52,38.52,0.2381,38.52
6.0,7,12,タマモポロネーズ,55.0,菊沢一樹,1:57.6,3.1/2,5.4,3.0,[東] 伊藤圭三,2021104523,202404020209,3歳未勝利｜2024年7月28日 | 競馬データベース - netkeiba,2026-05-20T12:05:36.040799,牝,3,460.0,6.0,0,0,5.8,5.67,39.76,0.1471,0,4,39.76,39.76,39.76,0.1471,39.76
7.0,1,1,シセイダイキ,56.0,秋山稔樹,1:57.9,1.3/4,64.4,11.0,[西] 北出成人,2021106728,202404020209,3歳未勝利｜2024年7月28日 | 競馬データベース - netkeiba,2026-05-20T12:05:36.040799,牡,3,496.0,0.0,0,0,9.6,9.0,39.86,0.0943,0,7,39.86,39.86,39.86,0.0943,39.86
8.0,4,6,オイデレオ,57.0,城戸義政,1:58.1,1.1/4,23.1,7.0,[西] 荒川義之,2021104580,202404020209,3歳未勝利｜2024年7月28日 | 競馬データベース - netkeiba,2026-05-20T12:05:36.040799,牡,3,508.0,14.0,0,0,7.0,5.67,42.08,0.125,0,5,42.08,42.08,42.08,0.125,42.08
9.0,3,4,レッドコート,57.0,田中健,1:59.1,6,82.3,13.0,[西] 中村直也,2021102678,202404020209,3歳未勝利｜2024年7月28日 | 競馬データベース - netkeiba,2026-05-20T12:05:36.040799,牡,3,482.0,8.0,0,0,7.0,7.33,40.7,0.125,0,10,40.7,40.7,40.7,0.125,40.7
10.0,8,15,グラスフラッグ,57.0,江田照男,1:59.6,2.1/2,25.5,8.0,[東] 小笠倫弘,2021106444,202404020209,3歳未勝利｜2024年7月28日 | 競馬データベース - netkeiba,2026-05-20T12:05:36.040799,牡,3,428.0,4.0,0,0,5.2,5.0,39.86,0.1613,0,5,39.86,39.86,39.86,0.1613,39.86
11.0,3,5,ロッサヴィール,57.0,丸山元気,1:59.6,クビ,20.7,6.0,[東] 新開幸一,2021104919,202404020209,3歳未勝利｜2024年7月28日 | 競馬データベース - netkeiba,2026-05-20T12:05:36.040799,牡,3,534.0,0.0,0,0,5.0,5.33,40.6,0.1667,0,9,40.6,40.6,40.6,0.1667,40.6
12.0,5,9,ミュークインディ,56.0,横山琉人,2:00.1,3,133.8,15.0,[東] 鈴木慎太,2021102922,202404020209,3歳未勝利｜2024年7月28日 | 競馬データベース - netkeiba,2026-05-20T12:05:36.040799,牡,3,552.0,-20.0,0,0,8.6,10.33,40.53,0.1042,0,12,40.53,40.53,40.53,0.1042,40.53
13.0,2,2,キタノローマン,54.0,原優介,2:01.5,8,83.7,14.0,[東] 石栗龍彦,2021102873,202404020209,3歳未勝利｜2024年7月28日 | 競馬データベース - netkeiba,2026-05-20T12:05:36.040799,牝,3,420.0,2.0,0,0,10.25,11.0,41.67,0.0889,0,11,41.67,41.67,41.67,0.0889,41.67
14.0,8,14,ハッピーイメージ,55.0,石川裕紀,2:02.8,8,46.2,10.0,[東] 武市康男,2021106788,202404020209,3歳未勝利｜2024年7月28日 | 競馬データベース - netkeiba,2026-05-20T12:05:36.040799,牝,3,498.0,6.0,0,0,9.5,9.67,41.62,0.0952,0,14,41.62,41.62,41.62,0.0952,41.62
15.0,5,8,グレイワークス,57.0,木幡巧也,2:03.3,3.1/2,30.8,9.0,[東] 牧光二,2021101710,202404020209,3歳未勝利｜2024年7月28日 | 競馬データベース - netkeiba,2026-05-20T12:05:36.040799,牡,3,534.0,8.0,0,0,9.0,10.0,40.42,0.1,0,9,40.42,40.42,40.42,0.1,40.42
1.0,2,3,コンフェルマ,57.0,松山弘平,2:14.7,,3.0,2.0,[西] 寺島良,2021105970,202404020210,3歳未勝利｜2024年7月28日 | 競馬データベース - netkeiba,2026-05-20T12:06:12.881306,牡,3,490.0,-10.0,1,1,5.0,7.33,35.88,0.1667,0,12,35.88,35.88,35.88,0.1667,35.88
2.0,6,12,パフュームセント,55.0,川田将雅,2:14.9,1.1/2,1.7,1.0,[西] 斉藤崇史,2021106100,202404020210,3歳未勝利｜2024年7月28日 | 競馬データベース - netkeiba,2026-05-20T12:06:12.881306,牝,3,442.0,6.0,0,1,2.0,2.0,34.1,0.3333,0,2,34.1,34.1,34.1,0.3333,34.1
3.0,6,11,スターズウィーク,56.0,小沢大仁,2:15.7,5,136.2,13.0,[西] 武英智,2021100407,202404020210,3歳未勝利｜2024年7月28日 | 競馬データベース - netkeiba,2026-05-20T12:06:12.881306,牡,3,490.0,2.0,0,1,7.0,10.67,42.16,0.125,0,13,42.16,42.16,42.16,0.125,42.16
4.0,7,14,チビノシエラザード,55.0,石橋脩,2:15.7,クビ,30.4,7.0,[東] 和田勇介,2021105209,202404020210,3歳未勝利｜2024年7月28日 | 競馬データベース - netkeiba,2026-05-20T12:06:12.881306,牝,3,440.0,-2.0,0,0,8.8,10.0,41.6,0.102,0,6,41.6,41.6,41.6,0.102,41.6
5.0,4,7,ゴーディアンノット,57.0,団野大成,2:15.9,3/4,85.4,10.0,[西] 斉藤崇史,2021104826,202404020210,3歳未勝利｜2024年7月28日 | 競馬データベース - netkeiba,2026-05-20T12:06:12.881306,セ,3,452.0,14.0,0,0,5.0,6.0,37.74,0.1667,0,4,37.74,37.74,37.74,0.1667,37.74
6.0,2,4,ワープエンジン,53.0,小林脩斗,2:15.9,ハナ,77.8,8.0,[東] 青木孝文,2021102579,202404020210,3歳未勝利｜2024年7月28日 | 競馬データベース - netkeiba,2026-05-20T12:06:12.881306,牝,3,470.0,4.0,0,0,7.6,8.33,41.0,0.1163,0,6,41.0,41.0,41.0,0.1163,41.0
7.0,1,1,エイカイゴールド,53.0,永島まな,2:15.9,ハナ,20.4,4.0,[西] 梅田智之,2021102354,202404020210,3歳未勝利｜2024年7月28日 | 競馬データベース - netkeiba,2026-05-20T12:06:12.881306,牝,3,404.0,2.0,0,0,5.8,6.67,39.48,0.1471,0,6,39.48,39.48,39.48,0.1471,39.48
8.0,8,16,ヤマトフェイス,56.0,西塚洸二,2:15.9,クビ,25.9,5.0,[西] 新谷功一,2021105013,202404020210,3歳未勝利｜2024年7月28日 | 競馬データベース - netkeiba,2026-05-20T12:06:12.881306,牡,3,484.0,0.0,0,0,0.0,0.0,0.0,0.0,0,0,0.0,0.0,0.0,0.0,0.0
9.0,3,5,ブラックライズ,54.0,吉村誠之,2:16.1,1.1/2,186.8,15.0,[西] 清水久詞,2021101758,202404020210,3歳未勝利｜2024年7月28日 | 競馬データベース - netkeiba,2026-05-20T12:06:12.881306,牡,3,472.0,20.0,0,0,7.0,7.67,39.7,0.125,0,10,39.7,39.7,39.7,0.125,39.7
10.0,7,13,ルージュアリエル,54.0,横山琉人,2:16.3,1.1/4,184.8,14.0,[東] 矢嶋大樹,2021105987,202404020210,3歳未勝利｜2024年7月28日 | 競馬データベース - netkeiba,2026-05-20T12:06:12.881306,牝,3,438.0,-8.0,0,0,11.5,11.5,36.15,0.08,0,10,36.15,36.15,36.15,0.08,36.15
11.0,5,9,トレポンティ,55.0,松若風馬,2:16.4,1/2,8.4,3.0,[西] 石坂公一,2021101487,202404020210,3歳未勝利｜2024年7月28日 | 競馬データベース - netkeiba,2026-05-20T12:06:12.881306,牝,3,442.0,-4.0,0,0,3.2,4.33,39.52,0.2381,0,3,39.52,39.52,39.52,0.2381,39.52
12.0,3,6,メイショウガイフウ,54.0,柴田裕一,2:16.5,1/2,83.5,9.0,[西] 角田晃一,2021106247,202404020210,3歳未勝利｜2024年7月28日 | 競馬データベース - netkeiba,2026-05-20T12:06:12.881306,牡,3,444.0,4.0,0,0,6.8,7.67,40.08,0.1282,0,8,40.08,40.08,40.08,0.1282,40.08
13.0,8,17,フォレストゲート,56.0,原優介,2:16.6,1/2,108.2,11.0,[東] 小手川準,2021101950,202404020210,3歳未勝利｜2024年7月28日 | 競馬データベース - netkeiba,2026-05-20T12:06:12.881306,牡,3,460.0,0.0,0,0,11.4,13.0,39.68,0.0806,0,16,39.68,39.68,39.68,0.0806,39.68
14.0,4,8,ヤマニンエジェリー,55.0,笹川翼,2:16.8,1.1/2,119.8,12.0,[西] 中村直也,2021106597,202404020210,3歳未勝利｜2024年7月28日 | 競馬データベース - netkeiba,2026-05-20T12:06:12.881306,牝,3,518.0,12.0,0,0,6.6,7.0,38.54,0.1316,0,10,38.54,38.54,38.54,0.1316,38.54
15.0,5,10,マエストロライト,56.0,角田大和,2:16.9,1/2,27.0,6.0,[西] 大久保龍,2021106646,202404020210,3歳未勝利｜2024年7月28日 | 競馬データベース - netkeiba,2026-05-20T12:06:12.881306,牡,3,502.0,2.0,0,0,5.0,5.33,40.27,0.1667,0,6,40.27,40.27,40.27,0.1667,40.27
16.0,1,2,バイユーラン,51.0,大江原比,2:17.2,1.1/2,209.8,16.0,[東] 武市康男,2021104848,202404020210,3歳未勝利｜2024年7月28日 | 競馬データベース - netkeiba,2026-05-20T12:06:12.881306,牝,3,436.0,4.0,0,0,0.0,0.0,0.0,0.0,0,0,0.0,0.0,0.0,0.0,0.0
17.0,8,15,ロンギングドクター,57.0,丸田恭介,2:17.3,1/2,227.7,17.0,[東] 大竹正博,2021102955,202404020210,3歳未勝利｜2024年7月28日 | 競馬データベース - netkeiba,2026-05-20T12:06:12.881306,牡,3,500.0,-6.0,0,0,7.75,8.5,40.5,0.1143,0,8,40.5,40.5,40.5,0.1143,40.5
1.0,3,5,エマロア,53.0,和田竜二,1:45.8,,4.7,2.0,[西] 平田修,2021105441,202404020211,3歳以上1勝クラス｜2024年7月28日 | 競馬データベース - netkeiba,2026-05-20T12:06:41.509085,牝,3,494.0,2.0,1,1,5.6,6.0,36.86,0.1515,0,1,36.86,36.86,36.86,0.1515,36.86
2.0,2,4,オルノア,53.0,吉村誠之,1:46.2,2.1/2,17.4,7.0,[西] 新谷功一,2020103929,202404020211,3歳以上1勝クラス｜2024年7月28日 | 競馬データベース - netkeiba,2026-05-20T12:06:41.509085,牝,4,496.0,12.0,0,1,6.5,9.5,35.88,0.1333,0,7,35.88,35.88,35.88,0.1333,35.88
3.0,7,14,ピースヒロフェイス,53.0,野中悠太,1:46.2,クビ,69.9,14.0,[東] 牧光二,2021105769,202404020211,3歳以上1勝クラス｜2024年7月28日 | 競馬データベース - netkeiba,2026-05-20T12:06:41.509085,牝,3,460.0,0.0,0,1,6.8,7.67,34.82,0.1282,0,12,34.82,34.82,34.82,0.1282,34.82
4.0,8,15,クスクス,52.0,松本大輝,1:46.3,クビ,7.7,4.0,[西] 松下武士,2021103665,202404020211,3歳以上1勝クラス｜2024年7月28日 | 競馬データベース - netkeiba,2026-05-20T12:06:41.509085,牝,3,484.0,2.0,0,0,6.6,6.0,34.8,0.1316,0,3,34.8,34.8,34.8,0.1316,34.8
5.0,4,8,クワイエットホーク,58.0,坂井瑠星,1:46.3,クビ,17.4,8.0,[西] 藤原英昭,2019105078,202404020211,3歳以上1勝クラス｜2024年7月28日 | 競馬データベース - netkeiba,2026-05-20T12:06:41.509085,牡,5,538.0,10.0,0,0,4.2,5.33,35.4,0.1923,0,3,35.4,35.4,35.4,0.1923,35.4
6.0,2,3,メアヴィア,53.0,戸崎圭太,1:46.5,1,16.5,6.0,[東] 金成貴史,2021104820,202404020211,3歳以上1勝クラス｜2024年7月28日 | 競馬データベース - netkeiba,2026-05-20T12:06:41.509085,牝,3,456.0,0.0,0,0,7.6,9.67,36.02,0.1163,0,10,36.02,36.02,36.02,0.1163,36.02
7.0,7,13,グレイトクラウン,53.0,木幡巧也,1:46.5,アタマ,55.2,11.0,[東] 松山将樹,2021107220,202404020211,3歳以上1勝クラス｜2024年7月28日 | 競馬データベース - netkeiba,2026-05-20T12:06:41.509085,牝,3,456.0,0.0,0,0,7.0,7.0,34.42,0.125,0,4,34.42,34.42,34.42,0.125,34.42
8.0,5,9,アッシュバーグ,52.0,横山琉人,1:46.6,1,3.4,1.0,[東] 斎藤誠,2021101383,202404020211,3歳以上1勝クラス｜2024年7月28日 | 競馬データベース - netkeiba,2026-05-20T12:06:41.509085,牝,3,504.0,0.0,0,0,8.8,10.33,34.72,0.102,0,14,34.72,34.72,34.72,0.102,34.72
8.0,5,10,シルヴァーデューク,58.0,松山弘平,1:46.6,同着,8.2,5.0,[西] 西村真幸,2020100052,202404020211,3歳以上1勝クラス｜2024年7月28日 | 競馬データベース - netkeiba,2026-05-20T12:06:41.509085,牡,4,460.0,6.0,0,0,3.2,1.67,0.0,0.2381,0,1,0.0,0.0,0.0,0.2381,0.0
10.0,4,7,グラヴィテ,55.0,秋山稔樹,1:46.6,ハナ,61.2,13.0,[西] 鮫島一歩,2018103603,202404020211,3歳以上1勝クラス｜2024年7月28日 | 競馬データベース - netkeiba,2026-05-20T12:06:41.509085,牝,6,492.0,-4.0,0,0,5.4,6.0,0.0,0.1562,0,7,0.0,0.0,0.0,0.1562,0.0
11.0,6,11,ドリーミングアップ,55.0,吉田豊,1:46.6,ハナ,5.1,3.0,[東] 高橋文雅,2021103303,202404020211,3歳以上1勝クラス｜2024年7月28日 | 競馬データベース - netkeiba,2026-05-20T12:06:41.509085,牡,3,450.0,-6.0,0,0,4.2,4.0,35.56,0.1923,0,5,35.56,35.56,35.56,0.1923,35.56
12.0,3,6,クイーンオブソウル,54.0,永島まな,1:47.0,2,38.5,9.0,[東] 林徹,2020102995,202404020211,3歳以上1勝クラス｜2024年7月28日 | 競馬データベース - netkeiba,2026-05-20T12:06:41.509085,牝,4,466.0,4.0,0,0,8.0,5.0,38.68,0.1111,0,1,38.68,38.68,38.68,0.1111,38.68
13.0,1,2,ノリピー,53.0,国分恭介,1:47.4,2.1/2,42.1,10.0,[西] 西園翔太,2021101742,202404020211,3歳以上1勝クラス｜2024年7月28日 | 競馬データベース - netkeiba,2026-05-20T12:06:41.509085,牝,3,448.0,2.0,0,0,8.4,6.67,38.36,0.1064,0,8,38.36,38.36,38.36,0.1064,38.36
14.0,8,16,アリーチェ,52.0,大江原比,1:47.8,2.1/2,108.9,15.0,[東] 戸田博文,2020103305,202404020211,3歳以上1勝クラス｜2024年7月28日 | 競馬データベース - netkeiba,2026-05-20T12:06:41.509085,牝,4,444.0,-4.0,0,0,12.6,12.67,36.88,0.0735,0,13,36.88,36.88,36.88,0.0735,36.88
15.0,6,12,フルラインナップ,58.0,Ｍ．デム,1:47.9,1,56.0,12.0,[東] 小島茂之,2020104797,202404020211,3歳以上1勝クラス｜2024年7月28日 | 競馬データベース - netkeiba,2026-05-20T12:06:41.509085,セ,4,448.0,20.0,0,0,12.2,12.33,35.97,0.0758,0,12,35.97,35.97,35.97,0.0758,35.97
16.0,1,1,トワイライトウェイ,55.0,笹川翼,1:48.7,5,117.6,16.0,[地] 佐藤裕太,2021105237,202404020211,3歳以上1勝クラス｜2024年7月28日 | 競馬データベース - netkeiba,2026-05-20T12:06:41.509085,牡,3,470.0,-4.0,0,0,5.6,5.0,38.44,0.1515,0,11,38.44,38.44,38.44,0.1515,38.44
1.0,5,8,ヒューゴ,58.0,笹川翼,1:52.9,,8.9,5.0,[東] 加藤征弘,2020102345,202404020212,麒麟山特別｜2024年7月28日 | 競馬データベース - netkeiba,2026-05-20T12:07:25.356099,牡,4,454.0,-2.0,1,1,6.0,4.0,39.98,0.1429,0,1,39.98,39.98,39.98,0.1429,39.98
2.0,2,3,マルチャレアル,55.0,団野大成,1:52.9,ハナ,3.3,1.0,[西] 斉藤崇史,2021105430,202404020212,麒麟山特別｜2024年7月28日 | 競馬データベース - netkeiba,2026-05-20T12:07:25.356099,牡,3,496.0,10.0,0,1,6.6,6.0,38.32,0.1316,0,13,38.32,38.32,38.32,0.1316,38.32
3.0,3,4,コルデアニル,56.0,野中悠太,1:53.4,3,190.1,15.0,[東] 金成貴史,2020103154,202404020212,麒麟山特別｜2024年7月28日 | 競馬データベース - netkeiba,2026-05-20T12:07:25.356099,牝,4,472.0,8.0,0,1,8.6,5.67,38.55,0.1042,0,4,38.55,38.55,38.55,0.1042,38.55
4.0,8,15,ユイノマチブセ,58.0,木幡初也,1:53.5,1/2,19.1,7.0,[東] 竹内正洋,2020105147,202404020212,麒麟山特別｜2024年7月28日 | 競馬データベース - netkeiba,2026-05-20T12:07:25.356099,牡,4,448.0,2.0,0,0,9.2,9.33,39.48,0.098,0,12,39.48,39.48,39.48,0.098,39.48
5.0,6,10,イージーオンミー,56.0,石橋脩,1:53.5,クビ,6.6,3.0,[東] 中舘英二,2020101143,202404020212,麒麟山特別｜2024年7月28日 | 競馬データベース - netkeiba,2026-05-20T12:07:25.356099,牝,4,436.0,-6.0,0,0,5.4,6.33,37.6,0.1562,0,2,37.6,37.6,37.6,0.1562,37.6
6.0,4,6,マンノステータス,58.0,吉田豊,1:53.8,1.3/4,7.6,4.0,[東] 小野次郎,2020105471,202404020212,麒麟山特別｜2024年7月28日 | 競馬データベース - netkeiba,2026-05-20T12:07:25.356099,牡,4,516.0,-8.0,0,0,10.4,10.0,38.76,0.0877,0,1,38.76,38.76,38.76,0.0877,38.76
7.0,2,2,フォーランマリア,56.0,横山琉人,1:54.4,4,114.0,14.0,[西] 森田直行,2019104726,202404020212,麒麟山特別｜2024年7月28日 | 競馬データベース - netkeiba,2026-05-20T12:07:25.356099,牝,5,412.0,-8.0,0,0,9.8,8.33,38.04,0.0926,0,11,38.04,38.04,38.04,0.0926,38.04
8.0,7,13,アパイシュナール,53.0,戸崎圭太,1:54.8,2.1/2,3.8,2.0,[東] 田村康仁,2021100005,202404020212,麒麟山特別｜2024年7月28日 | 競馬データベース - netkeiba,2026-05-20T12:07:25.356099,牝,3,452.0,2.0,0,0,7.6,9.67,38.82,0.1163,0,5,38.82,38.82,38.82,0.1163,38.82
9.0,1,1,ミアステラ,58.0,幸英明,1:54.9,クビ,56.7,11.0,[西] 大根田裕,2019104126,202404020212,麒麟山特別｜2024年7月28日 | 競馬データベース - netkeiba,2026-05-20T12:07:25.356099,牡,5,494.0,-8.0,0,0,5.0,2.33,37.48,0.1667,0,2,37.48,37.48,37.48,0.1667,37.48
10.0,8,14,ナウズザタイム,56.0,小沢大仁,1:55.0,1/2,72.4,12.0,[西] 高橋一哉,2020103323,202404020212,麒麟山特別｜2024年7月28日 | 競馬データベース - netkeiba,2026-05-20T12:07:25.356099,牝,4,474.0,18.0,0,0,7.4,9.33,40.58,0.119,0,8,40.58,40.58,40.58,0.119,40.58
11.0,7,12,マコトゴコタイ,58.0,川須栄彦,1:55.2,3/4,48.6,10.0,[西] 鮫島一歩,2018100991,202404020212,麒麟山特別｜2024年7月28日 | 競馬データベース - netkeiba,2026-05-20T12:07:25.356099,牡,6,502.0,0.0,0,0,6.4,8.67,40.86,0.1351,0,10,40.86,40.86,40.86,0.1351,40.86
12.0,3,5,アンジュフィールド,56.0,国分優作,1:55.2,ハナ,11.1,6.0,[西] 矢作芳人,2020101582,202404020212,麒麟山特別｜2024年7月28日 | 競馬データベース - netkeiba,2026-05-20T12:07:25.356099,牝,4,482.0,18.0,0,0,6.6,5.0,38.58,0.1316,0,2,38.58,38.58,38.58,0.1316,38.58
13.0,5,9,カフェカルマ,58.0,内田博幸,1:55.6,2.1/2,106.4,13.0,[東] 古賀慎明,2019103309,202404020212,麒麟山特別｜2024年7月28日 | 競馬データベース - netkeiba,2026-05-20T12:07:25.356099,牡,5,530.0,-10.0,0,0,12.6,12.67,39.34,0.0735,0,12,39.34,39.34,39.34,0.0735,39.34
14.0,4,7,アイファーグローブ,58.0,藤田菜七,1:56.1,2.1/2,22.3,8.0,[東] 蛯名利弘,2019101330,202404020212,麒麟山特別｜2024年7月28日 | 競馬データベース - netkeiba,2026-05-20T12:07:25.356099,牡,5,470.0,0.0,0,0,7.8,9.0,38.84,0.1136,0,7,38.84,38.84,38.84,0.1136,38.84
15.0,6,11,ウインアウォード,58.0,松岡正海,1:56.8,4,34.7,9.0,[西] 西園翔太,2019101479,202404020212,麒麟山特別｜2024年7月28日 | 競馬データベース - netkeiba,2026-05-20T12:07:25.356099,牡,5,510.0,6.0,0,0,3.8,4.33,39.66,0.2083,0,5,39.66,39.66,39.66,0.2083,39.66
